Account_ID,Customer_ID,Branch_ID,Account_Type,Opening_Date,Current_Balance,Account_Status
ACC00001,CUST06225,BR040,Salary,2023-11-05,18914.8,Dormant
ACC00002,CUST00749,BR027,Savings,2019-05-08,19449.22,Dormant
ACC00003,CUST06761,BR031,Savings,2022-08-30,39455.14,Active
ACC00004,CUST02708,BR031,Salary,2019-05-11,38797.88,Active
ACC00005,CUST05021,BR014,Savings,2024-01-18,17841.13,Active
ACC00006,CUST03972,BR058,Savings,2021-02-01,17841.4,Active
ACC00007,CUST00431,BR043,Salary,2022-09-03,40354.13,Closed
ACC00008,CUST02989,BR001,Current,2020-03-20,78232.05,Closed
ACC00009,CUST04453,BR029,Fixed Deposit,2025-06-29,45175.73,Active
ACC00010,CUST07435,BR004,Current,2021-02-05,62477.39,Closed
ACC00011,CUST04963,BR050,Savings,2021-07-10,14514.8,Active
ACC00012,CUST02911,BR023,Current,2021-04-07,22794.4,Closed
ACC00013,CUST01613,BR017,Current,2021-05-12,46256.73,Active
ACC00014,CUST05284,BR051,Savings,2020-12-09,3936.5,Closed
ACC00015,CUST02477,BR013,Salary,2020-07-31,3994.04,Dormant
ACC00016,CUST04222,BR043,Current,2021-04-10,20696.35,Active
ACC00017,CUST05672,BR002,Savings,2019-10-27,8852.47,Active
ACC00018,CUST01107,BR009,Fixed Deposit,2023-09-27,72297.76,Closed
ACC00019,CUST04749,BR001,Salary,2024-06-03,7075.43,Closed
ACC00020,CUST02160,BR020,Savings,2021-07-30,6179.09,Active
ACC00021,CUST04957,BR041,Salary,2020-02-22,37270.38,Active
ACC00022,CUST06871,BR002,Salary,2023-12-28,11406.7,Closed
ACC00023,CUST05908,BR036,Savings,2025-04-06,23406.65,Dormant
ACC00024,CUST03435,BR053,Savings,2024-12-01,6110.27,Dormant
ACC00025,CUST02782,BR014,Fixed Deposit,2021-03-22,43190.26,Dormant
ACC00026,CUST05226,BR042,Savings,2021-09-19,24338.88,Dormant
ACC00027,CUST05556,BR050,Savings,2022-05-02,7817.39,Active
ACC00028,CUST03733,BR003,Salary,2019-10-29,17378.49,Closed
ACC00029,CUST06225,BR044,Savings,2021-03-21,12828.51,Closed
ACC00030,CUST03267,BR056,Savings,2023-05-24,16940.72,Active
ACC00031,CUST03939,BR046,Fixed Deposit,2019-04-09,41730.02,Dormant
ACC00032,CUST00180,BR021,Savings,2021-09-23,116663.66,Closed
ACC00033,CUST07614,BR024,Savings,2020-04-06,21760.52,Dormant
ACC00034,CUST01936,BR052,Fixed Deposit,2024-05-14,31741.28,Closed
ACC00035,CUST06182,BR058,Salary,2022-12-20,23760.54,Closed
ACC00036,CUST07533,BR029,Current,2021-08-20,10712.39,Dormant
ACC00037,CUST06655,BR056,Savings,2021-09-14,26581.67,Active
ACC00038,CUST02008,BR018,Current,2020-05-29,5117.03,Dormant
ACC00039,CUST06426,BR056,Savings,2023-12-10,6665.05,Active
ACC00040,CUST01529,BR060,Savings,2025-12-02,26296.08,Closed
ACC00041,CUST01070,BR057,Savings,2024-10-20,42813.98,Dormant
ACC00042,CUST00214,BR009,Savings,2022-05-23,25699.62,Closed
ACC00043,CUST00116,BR002,Current,2024-06-26,32349.43,Dormant
ACC00044,CUST00666,BR055,Salary,2019-01-16,10820.82,Active
ACC00045,CUST04658,BR016,Current,2021-12-19,8279.0,Active
ACC00046,CUST04709,BR050,Salary,2023-08-19,8071.62,Dormant
ACC00047,CUST03425,BR030,Salary,2025-04-02,9677.44,Closed
ACC00048,CUST07529,BR023,Current,2022-01-29,104518.8,Closed
ACC00049,CUST02908,BR039,Fixed Deposit,2024-11-16,73583.12,Closed
ACC00050,CUST00750,BR049,Salary,2019-09-20,3888.86,Active
ACC00051,CUST07179,BR057,Savings,2020-10-21,29486.14,Closed
ACC00052,CUST01189,BR051,Current,2022-05-06,24708.87,Active
ACC00053,CUST05900,BR011,Savings,2025-02-09,11977.32,Dormant
ACC00054,CUST06033,BR014,Savings,2020-01-18,38196.86,Active
ACC00055,CUST07196,BR054,Savings,2019-06-02,55709.14,Active
ACC00056,CUST05297,BR004,Savings,2020-11-09,50927.18,Closed
ACC00057,CUST02711,BR025,Savings,2019-04-29,10349.61,Active
ACC00058,CUST04885,BR013,Current,2025-07-09,26656.48,Dormant
ACC00059,CUST07134,BR033,Savings,2021-01-18,29677.28,Active
ACC00060,CUST01391,BR002,Salary,2022-12-27,26446.57,Active
ACC00061,CUST00412,BR002,Salary,2020-12-06,9552.69,Dormant
ACC00062,CUST02927,BR026,Current,2019-12-10,30162.09,Closed
ACC00063,CUST03542,BR001,Savings,2020-10-25,8137.99,Active
ACC00064,CUST06685,BR041,Salary,2021-12-24,5782.87,Active
ACC00065,CUST04316,BR031,Savings,2021-08-04,45764.92,Dormant
ACC00066,CUST06975,BR016,Savings,2021-07-22,74653.75,Dormant
ACC00067,CUST05046,BR027,Savings,2024-06-21,20644.22,Dormant
ACC00068,CUST01936,BR001,Savings,2025-07-31,54348.9,Dormant
ACC00069,CUST03129,BR049,Savings,2021-02-02,30499.71,Dormant
ACC00070,CUST01124,BR030,Current,2025-10-23,19051.1,Dormant
ACC00071,CUST07406,BR025,Savings,2021-11-25,30493.11,Closed
ACC00072,CUST04492,BR006,Savings,2025-06-26,87924.42,Active
ACC00073,CUST02247,BR010,Salary,2021-08-04,13028.85,Dormant
ACC00074,CUST02970,BR050,Savings,2022-06-24,90055.31,Active
ACC00075,CUST06515,BR020,Savings,2022-05-02,2084.39,Active
ACC00076,CUST00833,BR016,Current,2025-04-16,82611.36,Dormant
ACC00077,CUST05726,BR036,Savings,2025-11-12,23821.47,Dormant
ACC00078,CUST01974,BR046,Salary,2024-03-07,10836.71,Active
ACC00079,CUST04215,BR060,Current,2021-02-06,39805.52,Closed
ACC00080,CUST07260,BR019,Savings,2025-01-07,3681.91,Closed
ACC00081,CUST05143,BR035,Salary,2024-09-05,11455.55,Dormant
ACC00082,CUST03372,BR044,Savings,2019-02-03,30375.79,Active
ACC00083,CUST05397,BR035,Salary,2020-08-31,37591.22,Active
ACC00084,CUST01245,BR049,Savings,2022-03-20,13815.64,Closed
ACC00085,CUST00743,BR026,Savings,2025-03-20,10639.79,Closed
ACC00086,CUST02947,BR046,Savings,2023-02-15,14022.5,Dormant
ACC00087,CUST04649,BR055,Savings,2025-01-22,50204.6,Dormant
ACC00088,CUST06779,BR003,Savings,2020-07-08,29610.25,Active
ACC00089,CUST04242,BR030,Savings,2025-11-18,13673.51,Dormant
ACC00090,CUST05961,BR003,Salary,2025-02-22,19135.25,Closed
ACC00091,CUST04486,BR034,Savings,2021-08-07,24037.49,Closed
ACC00092,CUST06977,BR024,Current,2019-02-05,95668.56,Active
ACC00093,CUST06011,BR052,Savings,2025-06-14,11709.46,Closed
ACC00094,CUST05687,BR003,Fixed Deposit,2025-03-10,49187.89,Active
ACC00095,CUST01864,BR022,Current,2021-04-15,24535.88,Closed
ACC00096,CUST05832,BR025,Salary,2020-08-08,4796.01,Dormant
ACC00097,CUST05612,BR019,Savings,2021-01-22,28753.31,Dormant
ACC00098,CUST02733,BR024,Savings,2023-02-03,27860.07,Closed
ACC00099,CUST04023,BR043,Savings,2021-07-27,22128.07,Dormant
ACC00100,CUST05401,BR023,Salary,2024-05-19,11336.57,Active
ACC00101,CUST03780,BR018,Fixed Deposit,2025-02-28,25611.01,Dormant
ACC00102,CUST03731,BR060,Current,2021-01-30,23845.59,Dormant
ACC00103,CUST00352,BR057,Savings,2025-09-18,16180.42,Dormant
ACC00104,CUST07572,BR057,Fixed Deposit,2023-03-28,36998.54,Active
ACC00105,CUST03685,BR015,Savings,2023-07-03,19050.39,Active
ACC00106,CUST03433,BR046,Savings,2022-04-05,31686.49,Dormant
ACC00107,CUST06012,BR044,Savings,2024-06-27,120278.76,Dormant
ACC00108,CUST00039,BR039,Salary,2020-10-04,15096.29,Dormant
ACC00109,CUST00245,BR010,Current,2024-02-08,46983.44,Closed
ACC00110,CUST00448,BR002,Salary,2024-01-07,12681.35,Active
ACC00111,CUST00882,BR002,Savings,2022-04-28,3917.1,Closed
ACC00112,CUST00435,BR058,Salary,2021-03-07,13114.06,Active
ACC00113,CUST07757,BR023,Current,2024-09-13,38570.01,Dormant
ACC00114,CUST04614,BR040,Salary,2024-09-19,74926.99,Active
ACC00115,CUST00508,BR050,Savings,2020-02-09,18524.98,Dormant
ACC00116,CUST04302,BR020,Savings,2025-10-10,28894.1,Dormant
ACC00117,CUST03174,BR044,Fixed Deposit,2022-09-09,58640.04,Dormant
ACC00118,CUST00604,BR045,Savings,2022-02-09,7693.95,Closed
ACC00119,CUST01430,BR010,Current,2019-08-31,113871.15,Dormant
ACC00120,CUST06275,BR040,Savings,2025-03-28,43336.03,Active
ACC00121,CUST06424,BR047,Savings,2020-10-11,44888.13,Closed
ACC00122,CUST06336,BR040,Savings,2020-08-13,9716.21,Closed
ACC00123,CUST00635,BR036,Savings,2023-12-22,77848.11,Closed
ACC00124,CUST06964,BR010,Savings,2025-07-05,6237.5,Dormant
ACC00125,CUST03957,BR021,Savings,2024-02-04,37353.11,Dormant
ACC00126,CUST05802,BR024,Current,2025-03-29,324634.63,Dormant
ACC00127,CUST01837,BR029,Current,2024-12-08,13486.76,Dormant
ACC00128,CUST02737,BR038,Salary,2020-03-26,8987.51,Active
ACC00129,CUST06309,BR034,Current,2024-05-25,40120.85,Closed
ACC00130,CUST01073,BR019,Salary,2020-04-10,9391.56,Closed
ACC00131,CUST05996,BR029,Savings,2023-11-11,5455.63,Active
ACC00132,CUST01784,BR031,Current,2024-02-10,38892.74,Dormant
ACC00133,CUST07789,BR029,Savings,2023-08-14,8466.96,Dormant
ACC00134,CUST05910,BR014,Savings,2023-04-28,33733.04,Closed
ACC00135,CUST04251,BR008,Savings,2019-09-26,9628.84,Dormant
ACC00136,CUST07831,BR043,Salary,2021-06-29,39535.49,Dormant
ACC00137,CUST02528,BR004,Savings,2023-05-24,10884.25,Active
ACC00138,CUST00377,BR045,Fixed Deposit,2020-12-22,49353.46,Closed
ACC00139,CUST04413,BR010,Fixed Deposit,2019-04-29,97549.02,Dormant
ACC00140,CUST02519,BR041,Fixed Deposit,2022-08-11,28609.14,Closed
ACC00141,CUST05056,BR027,Savings,2022-02-15,27030.31,Active
ACC00142,CUST05250,BR016,Fixed Deposit,2020-08-08,131174.75,Dormant
ACC00143,CUST02815,BR039,Fixed Deposit,2020-03-20,22822.68,Closed
ACC00144,CUST01057,BR016,Current,2019-10-26,43679.49,Dormant
ACC00145,CUST05410,BR044,Savings,2020-11-24,27830.69,Active
ACC00146,CUST06649,BR023,Savings,2022-11-04,44517.63,Dormant
ACC00147,CUST07845,BR050,Savings,2020-04-25,7235.42,Dormant
ACC00148,CUST01795,BR020,Savings,2020-08-30,6711.58,Dormant
ACC00149,CUST00500,BR004,Savings,2023-04-15,35233.32,Closed
ACC00150,CUST04950,BR058,Salary,2020-06-03,16446.85,Active
ACC00151,CUST02857,BR005,Savings,2021-10-25,27596.48,Closed
ACC00152,CUST06357,BR005,Savings,2022-05-27,30085.64,Closed
ACC00153,CUST06398,BR051,Current,2020-07-14,18397.6,Closed
ACC00154,CUST04452,BR013,Savings,2022-03-06,27147.18,Active
ACC00155,CUST04237,BR016,Savings,2020-07-08,28674.55,Dormant
ACC00156,CUST00498,BR027,Savings,2024-05-29,11580.57,Closed
ACC00157,CUST05959,BR042,Savings,2025-09-25,118089.38,Dormant
ACC00158,CUST03245,BR019,Savings,2023-06-09,33740.35,Closed
ACC00159,CUST00876,BR032,Salary,2019-07-10,5802.75,Active
ACC00160,CUST06397,BR056,Savings,2020-12-10,39771.2,Active
ACC00161,CUST01858,BR019,Savings,2024-02-26,9161.7,Closed
ACC00162,CUST03745,BR038,Fixed Deposit,2020-09-14,96014.14,Closed
ACC00163,CUST06124,BR006,Fixed Deposit,2020-03-07,119989.24,Dormant
ACC00164,CUST00487,BR003,Savings,2022-03-24,10523.71,Dormant
ACC00165,CUST07043,BR040,Savings,2025-12-19,52419.74,Active
ACC00166,CUST00775,BR011,Salary,2020-05-10,17835.51,Dormant
ACC00167,CUST01393,BR054,Savings,2025-01-12,46159.32,Dormant
ACC00168,CUST07430,BR002,Savings,2019-05-22,121432.48,Closed
ACC00169,CUST07369,BR037,Savings,2020-01-08,17661.65,Dormant
ACC00170,CUST01394,BR008,Savings,2025-10-25,11177.27,Closed
ACC00171,CUST06789,BR032,Savings,2024-11-11,9891.56,Dormant
ACC00172,CUST05908,BR012,Savings,2023-07-06,10569.95,Closed
ACC00173,CUST06927,BR006,Savings,2021-09-13,20549.84,Dormant
ACC00174,CUST04550,BR035,Fixed Deposit,2022-01-21,73474.32,Closed
ACC00175,CUST03162,BR041,Current,2019-03-14,47891.38,Dormant
ACC00176,CUST06221,BR021,Savings,2023-05-05,46372.64,Active
ACC00177,CUST06273,BR048,Savings,2020-10-17,22285.73,Closed
ACC00178,CUST02870,BR015,Savings,2024-06-21,81485.52,Dormant
ACC00179,CUST04954,BR011,Current,2019-10-03,27871.03,Closed
ACC00180,CUST07855,BR031,Fixed Deposit,2019-10-29,306232.99,Closed
ACC00181,CUST01653,BR059,Salary,2021-08-14,20701.62,Dormant
ACC00182,CUST06311,BR019,Savings,2020-04-25,10183.85,Active
ACC00183,CUST01996,BR008,Savings,2020-08-02,8401.76,Closed
ACC00184,CUST07630,BR032,Salary,2023-11-25,18727.17,Closed
ACC00185,CUST06475,BR019,Savings,2024-05-20,18013.62,Closed
ACC00186,CUST06466,BR060,Savings,2025-05-28,41881.54,Closed
ACC00187,CUST05372,BR037,Salary,2022-02-17,18606.5,Closed
ACC00188,CUST03883,BR039,Salary,2019-03-16,12695.71,Active
ACC00189,CUST00328,BR047,Savings,2024-04-28,10279.28,Closed
ACC00190,CUST04992,BR008,Savings,2024-10-03,5634.35,Dormant
ACC00191,CUST05867,BR001,Savings,2024-03-10,14737.29,Dormant
ACC00192,CUST03597,BR004,Salary,2021-11-20,24330.33,Dormant
ACC00193,CUST06939,BR001,Current,2019-05-02,44985.42,Closed
ACC00194,CUST06179,BR021,Savings,2023-10-10,7178.42,Closed
ACC00195,CUST05314,BR006,Savings,2019-02-20,25741.58,Dormant
ACC00196,CUST04800,BR048,Savings,2019-04-01,31156.73,Active
ACC00197,CUST02820,BR019,Savings,2023-08-24,9942.05,Active
ACC00198,CUST02848,BR032,Savings,2025-04-02,25294.76,Closed
ACC00199,CUST07056,BR043,Savings,2023-12-21,23211.15,Dormant
ACC00200,CUST02176,BR020,Savings,2019-11-03,7874.04,Active
ACC00201,CUST06243,BR034,Fixed Deposit,2020-06-15,74211.35,Dormant
ACC00202,CUST04432,BR042,Savings,2021-10-02,36486.81,Closed
ACC00203,CUST02879,BR022,Savings,2021-07-23,58381.02,Dormant
ACC00204,CUST01685,BR016,Savings,2019-08-30,56864.23,Dormant
ACC00205,CUST06261,BR007,Savings,2025-12-05,6374.73,Closed
ACC00206,CUST04199,BR037,Savings,2021-05-05,9470.69,Closed
ACC00207,CUST05682,BR006,Fixed Deposit,2019-02-12,81554.04,Dormant
ACC00208,CUST01768,BR007,Savings,2025-09-07,34975.65,Closed
ACC00209,CUST06042,BR053,Salary,2019-04-25,19159.11,Dormant
ACC00210,CUST06407,BR026,Savings,2019-01-20,706062.01,Closed
ACC00211,CUST02154,BR033,Savings,2024-03-29,36820.18,Active
ACC00212,CUST07059,BR043,Savings,2019-09-01,61206.52,Dormant
ACC00213,CUST07698,BR051,Savings,2021-07-12,51979.34,Closed
ACC00214,CUST01198,BR052,Savings,2025-09-24,39586.84,Active
ACC00215,CUST00437,BR003,Current,2020-04-22,26495.52,Dormant
ACC00216,CUST04940,BR047,Savings,2020-07-18,43611.33,Active
ACC00217,CUST05622,BR025,Current,2019-04-03,16767.11,Closed
ACC00218,CUST07934,BR058,Fixed Deposit,2024-09-26,51943.34,Closed
ACC00219,CUST02290,BR030,Current,2025-11-19,22351.23,Closed
ACC00220,CUST06858,BR042,Savings,2023-04-26,23710.82,Dormant
ACC00221,CUST07407,BR026,Current,2023-09-23,367566.14,Closed
ACC00222,CUST00926,BR001,Current,2019-05-26,5612.41,Active
ACC00223,CUST07341,BR015,Savings,2020-09-27,40848.86,Active
ACC00224,CUST05599,BR055,Savings,2020-11-10,5159.3,Active
ACC00225,CUST01964,BR024,Savings,2022-07-21,14404.0,Dormant
ACC00226,CUST05564,BR032,Fixed Deposit,2024-03-19,115078.57,Closed
ACC00227,CUST00305,BR022,Current,2022-07-22,38726.52,Active
ACC00228,CUST05331,BR005,Fixed Deposit,2025-01-01,31362.03,Dormant
ACC00229,CUST01243,BR003,Savings,2023-07-03,11570.65,Dormant
ACC00230,CUST07091,BR050,Salary,2023-12-13,21498.07,Dormant
ACC00231,CUST03328,BR032,Fixed Deposit,2024-03-20,38629.83,Closed
ACC00232,CUST07484,BR051,Savings,2020-05-18,26763.99,Active
ACC00233,CUST06993,BR001,Savings,2021-11-07,22948.66,Closed
ACC00234,CUST01728,BR039,Savings,2019-01-07,12253.41,Active
ACC00235,CUST03210,BR046,Savings,2020-06-16,151683.24,Closed
ACC00236,CUST02742,BR028,Savings,2025-01-24,38969.21,Dormant
ACC00237,CUST02899,BR029,Savings,2025-07-28,3559.49,Active
ACC00238,CUST03283,BR030,Salary,2019-03-16,15222.32,Dormant
ACC00239,CUST06139,BR005,Current,2024-07-17,18736.21,Dormant
ACC00240,CUST00068,BR001,Savings,2019-11-11,47438.53,Closed
ACC00241,CUST07221,BR020,Current,2021-11-20,16440.11,Active
ACC00242,CUST07169,BR036,Savings,2019-12-28,19865.45,Dormant
ACC00243,CUST06968,BR014,Savings,2019-01-26,34699.78,Active
ACC00244,CUST06162,BR024,Current,2021-05-10,86314.7,Dormant
ACC00245,CUST05492,BR013,Savings,2025-01-28,7478.09,Dormant
ACC00246,CUST05347,BR058,Current,2021-01-23,25990.82,Dormant
ACC00247,CUST02690,BR026,Savings,2019-09-17,14364.99,Closed
ACC00248,CUST03617,BR034,Savings,2024-01-23,12234.36,Dormant
ACC00249,CUST00231,BR007,Salary,2021-03-22,45973.39,Active
ACC00250,CUST06382,BR023,Savings,2025-05-26,31713.05,Closed
ACC00251,CUST07943,BR008,Fixed Deposit,2023-04-24,28098.45,Closed
ACC00252,CUST02909,BR045,Current,2021-08-05,90931.52,Closed
ACC00253,CUST06686,BR024,Savings,2023-07-26,148737.84,Closed
ACC00254,CUST01558,BR049,Current,2019-07-31,101973.19,Dormant
ACC00255,CUST06225,BR046,Savings,2025-06-03,5611.46,Closed
ACC00256,CUST00175,BR017,Salary,2019-01-30,9518.91,Active
ACC00257,CUST05034,BR060,Savings,2025-06-06,68886.81,Dormant
ACC00258,CUST05955,BR052,Current,2024-09-18,17895.96,Active
ACC00259,CUST05791,BR048,Savings,2022-04-06,32841.15,Active
ACC00260,CUST05859,BR012,Savings,2022-06-13,44230.53,Dormant
ACC00261,CUST04066,BR046,Savings,2021-08-16,9564.01,Dormant
ACC00262,CUST05319,BR012,Savings,2022-12-24,20877.5,Closed
ACC00263,CUST00619,BR011,Fixed Deposit,2025-03-31,8563.29,Dormant
ACC00264,CUST06216,BR038,Savings,2025-07-21,8760.88,Closed
ACC00265,CUST01820,BR056,Salary,2024-08-15,11194.77,Active
ACC00266,CUST00845,BR004,Savings,2025-01-15,7165.23,Dormant
ACC00267,CUST04527,BR051,Savings,2020-02-08,95718.82,Closed
ACC00268,CUST00352,BR003,Salary,2021-07-06,4909.37,Dormant
ACC00269,CUST04887,BR003,Savings,2021-01-21,14823.37,Closed
ACC00270,CUST06700,BR041,Savings,2024-03-05,24776.89,Active
ACC00271,CUST05294,BR049,Savings,2019-12-13,80591.3,Dormant
ACC00272,CUST04176,BR010,Savings,2021-05-07,6049.46,Active
ACC00273,CUST01502,BR057,Savings,2022-08-21,62745.83,Closed
ACC00274,CUST04278,BR036,Savings,2022-08-27,22230.26,Dormant
ACC00275,CUST01712,BR039,Salary,2025-10-16,6720.68,Dormant
ACC00276,CUST02192,BR011,Current,2023-06-21,57647.58,Active
ACC00277,CUST04453,BR023,Savings,2020-07-09,26348.16,Closed
ACC00278,CUST03222,BR011,Salary,2023-03-15,8776.63,Closed
ACC00279,CUST05012,BR008,Savings,2021-08-31,23454.6,Dormant
ACC00280,CUST01784,BR051,Current,2023-01-17,24703.16,Closed
ACC00281,CUST06577,BR021,Savings,2020-05-13,24395.78,Dormant
ACC00282,CUST08002,BR011,Fixed Deposit,2024-04-14,89078.96,Active
ACC00283,CUST02026,BR028,Salary,2025-12-07,40546.78,Closed
ACC00284,CUST06730,BR051,Savings,2021-04-13,7229.8,Dormant
ACC00285,CUST01588,BR025,Savings,2019-07-16,150201.05,Active
ACC00286,CUST02827,BR058,Current,2024-04-16,5155.98,Dormant
ACC00287,CUST08003,BR013,Savings,2025-01-30,19213.98,Active
ACC00288,CUST01007,BR035,Savings,2025-02-15,37402.23,Dormant
ACC00289,CUST04374,BR038,Salary,2023-01-03,16263.76,Active
ACC00290,CUST04706,BR007,Savings,2022-03-09,12576.31,Dormant
ACC00291,CUST00412,BR037,Savings,2020-11-18,18264.05,Dormant
ACC00292,CUST06593,BR021,Fixed Deposit,2024-02-15,44542.52,Closed
ACC00293,CUST01250,BR021,Salary,2021-03-26,8843.56,Active
ACC00294,CUST01735,BR002,Savings,2019-05-08,47317.8,Active
ACC00295,CUST03709,BR049,Salary,2022-11-18,17152.7,Dormant
ACC00296,CUST00346,BR055,Salary,2021-08-11,8225.24,Active
ACC00297,CUST05623,BR044,Savings,2019-01-01,49495.64,Active
ACC00298,CUST03421,BR018,Fixed Deposit,2024-02-28,71997.0,Closed
ACC00299,CUST06016,BR024,Current,2023-09-02,81867.89,Active
ACC00300,CUST05115,BR058,Salary,2021-03-21,20759.1,Dormant
ACC00301,CUST00566,BR040,Savings,2022-12-17,10445.27,Closed
ACC00302,CUST07544,BR021,Savings,2020-06-19,13304.23,Closed
ACC00303,CUST07237,BR045,Fixed Deposit,2019-10-13,93748.99,Closed
ACC00304,CUST02367,BR026,Savings,2025-01-11,38151.99,Active
ACC00305,CUST04620,BR052,Salary,2021-04-22,13165.68,Active
ACC00306,CUST07919,BR052,Savings,2019-04-01,24479.58,Dormant
ACC00307,CUST07653,BR005,Savings,2022-07-20,69556.76,Active
ACC00308,CUST00653,BR039,Salary,2023-11-28,8829.91,Dormant
ACC00309,CUST04932,BR060,Savings,2023-12-17,36040.11,Closed
ACC00310,CUST02570,BR002,Salary,2022-05-09,11596.58,Dormant
ACC00311,CUST05242,BR045,Savings,2023-06-28,18107.6,Active
ACC00312,CUST01151,BR021,Salary,2019-06-30,28829.19,Active
ACC00313,CUST07678,BR029,Salary,2022-09-26,23808.35,Closed
ACC00314,CUST00637,BR030,Current,2025-02-16,81920.92,Closed
ACC00315,CUST04862,BR003,Fixed Deposit,2020-12-29,131043.85,Active
ACC00316,CUST06940,BR037,Salary,2021-06-24,13557.6,Dormant
ACC00317,CUST07217,BR002,Salary,2022-02-23,21533.54,Dormant
ACC00318,CUST00147,BR030,Fixed Deposit,2019-03-19,49703.96,Dormant
ACC00319,CUST03549,BR004,Salary,2024-07-12,16762.78,Closed
ACC00320,CUST03115,BR058,Savings,2024-04-19,19591.9,Active
ACC00321,CUST04732,BR055,Salary,2025-04-02,14298.32,Active
ACC00322,CUST07933,BR005,Salary,2020-10-15,20264.18,Closed
ACC00323,CUST06930,BR021,Current,2020-10-12,16022.98,Active
ACC00324,CUST07500,BR053,Savings,2025-09-14,144805.76,Closed
ACC00325,CUST03678,BR051,Savings,2023-11-04,8906.93,Active
ACC00326,CUST05599,BR019,Current,2022-01-05,10783.92,Dormant
ACC00327,CUST00578,BR026,Current,2023-08-13,115625.39,Active
ACC00328,CUST01763,BR032,Savings,2021-12-07,44913.62,Active
ACC00329,CUST06762,BR035,Current,2025-10-16,67786.6,Dormant
ACC00330,CUST04268,BR021,Savings,2022-07-25,38774.22,Closed
ACC00331,CUST00364,BR052,Salary,2024-02-09,13245.69,Closed
ACC00332,CUST02387,BR016,Current,2025-10-16,14805.38,Closed
ACC00333,CUST07192,BR008,Salary,2020-02-19,14087.78,Closed
ACC00334,CUST06066,BR025,Savings,2022-07-14,11974.74,Closed
ACC00335,CUST02303,BR059,Savings,2023-08-08,52976.72,Active
ACC00336,CUST00449,BR037,Current,2020-06-21,31349.16,Closed
ACC00337,CUST06176,BR032,Current,2024-08-11,15906.81,Closed
ACC00338,CUST06710,BR026,Savings,2020-10-05,16494.01,Dormant
ACC00339,CUST00498,BR054,Salary,2025-09-03,17837.39,Active
ACC00340,CUST01558,BR041,Fixed Deposit,2021-06-18,42691.93,Active
ACC00341,CUST01216,BR004,Salary,2025-02-18,7513.42,Active
ACC00342,CUST06538,BR010,Savings,2021-05-29,27427.97,Closed
ACC00343,CUST02315,BR022,Salary,2025-03-26,15858.75,Active
ACC00344,CUST01693,BR017,Current,2024-10-08,21874.06,Dormant
ACC00345,CUST06743,BR053,Savings,2022-07-29,14415.59,Active
ACC00346,CUST06883,BR055,Fixed Deposit,2020-08-16,68818.64,Dormant
ACC00347,CUST03085,BR006,Fixed Deposit,2021-05-09,25113.21,Closed
ACC00348,CUST01274,BR008,Savings,2023-08-19,6206.07,Active
ACC00349,CUST00062,BR049,Savings,2019-06-26,11537.99,Closed
ACC00350,CUST01051,BR024,Salary,2022-07-30,11505.58,Active
ACC00351,CUST01985,BR004,Salary,2025-07-31,16607.93,Closed
ACC00352,CUST03213,BR053,Savings,2022-05-02,83101.71,Active
ACC00353,CUST06414,BR051,Current,2023-07-27,85618.75,Dormant
ACC00354,CUST05267,BR040,Savings,2024-07-05,19073.5,Active
ACC00355,CUST03891,BR002,Savings,2022-10-15,21652.7,Dormant
ACC00356,CUST01430,BR005,Savings,2022-09-15,8934.93,Active
ACC00357,CUST03974,BR058,Savings,2020-03-26,21662.51,Dormant
ACC00358,CUST04667,BR060,Savings,2023-01-01,16987.06,Dormant
ACC00359,CUST02911,BR053,Current,2022-06-01,50147.23,Active
ACC00360,CUST05431,BR037,Salary,2021-10-24,7487.11,Dormant
ACC00361,CUST02165,BR055,Current,2023-11-16,61043.78,Dormant
ACC00362,CUST02467,BR047,Salary,2024-11-24,39062.46,Closed
ACC00363,CUST06811,BR010,Current,2022-05-16,32573.03,Active
ACC00364,CUST05369,BR040,Savings,2023-05-05,31619.86,Dormant
ACC00365,CUST03303,BR005,Fixed Deposit,2020-03-18,90588.85,Closed
ACC00366,CUST07115,BR055,Savings,2019-08-24,15350.47,Active
ACC00367,CUST03591,BR018,Current,2025-03-20,45437.47,Closed
ACC00368,CUST06634,BR001,Savings,2020-01-10,22277.52,Closed
ACC00369,CUST00324,BR010,Salary,2021-02-15,14305.13,Active
ACC00370,CUST03061,BR024,Savings,2024-03-18,10985.06,Dormant
ACC00371,CUST07048,BR052,Savings,2020-04-16,22517.75,Dormant
ACC00372,CUST01601,BR024,Current,2020-10-06,59754.41,Closed
ACC00373,CUST02103,BR047,Savings,2022-12-26,81310.4,Active
ACC00374,CUST03692,BR028,Fixed Deposit,2022-06-09,106464.03,Dormant
ACC00375,CUST04325,BR058,Savings,2020-02-04,152949.67,Dormant
ACC00376,CUST06497,BR024,Current,2025-12-25,16859.21,Closed
ACC00377,CUST04792,BR030,Savings,2023-01-25,48295.25,Closed
ACC00378,CUST07337,BR043,Savings,2022-06-13,25978.06,Active
ACC00379,CUST02615,BR060,Salary,2019-03-28,61874.42,Dormant
ACC00380,CUST06093,BR019,Savings,2020-04-12,10641.66,Active
ACC00381,CUST00011,BR050,Savings,2024-04-05,10344.91,Closed
ACC00382,CUST01749,BR052,Savings,2019-02-15,12842.9,Active
ACC00383,CUST02474,BR021,Savings,2021-09-18,3256.78,Active
ACC00384,CUST02001,BR009,Salary,2020-03-23,9246.23,Dormant
ACC00385,CUST01096,BR041,Fixed Deposit,2021-12-17,37968.81,Active
ACC00386,CUST03994,BR038,Savings,2025-06-03,25219.04,Dormant
ACC00387,CUST01800,BR033,Savings,2019-03-03,29958.86,Dormant
ACC00388,CUST00580,BR045,Savings,2023-08-09,119199.49,Dormant
ACC00389,CUST00096,BR039,Savings,2022-09-15,51812.23,Active
ACC00390,CUST05318,BR018,Current,2021-05-03,20396.05,Active
ACC00391,CUST07564,BR015,Fixed Deposit,2021-10-09,34924.76,Closed
ACC00392,CUST01599,BR057,Savings,2019-05-26,34294.05,Dormant
ACC00393,CUST05716,BR031,Savings,2019-08-04,6712.93,Closed
ACC00394,CUST03692,BR013,Savings,2023-01-19,114498.03,Closed
ACC00395,CUST06243,BR046,Savings,2023-08-17,63671.74,Closed
ACC00396,CUST01435,BR060,Savings,2023-10-17,14439.78,Dormant
ACC00397,CUST04358,BR009,Savings,2019-04-18,4713.47,Active
ACC00398,CUST05798,BR025,Salary,2024-08-25,34465.38,Active
ACC00399,CUST01548,BR003,Fixed Deposit,2021-05-31,55897.56,Closed
ACC00400,CUST03587,BR052,Current,2022-01-29,125218.6,Active
ACC00401,CUST03260,BR014,Current,2022-03-03,7372.94,Active
ACC00402,CUST05997,BR023,Savings,2024-07-12,12843.11,Dormant
ACC00403,CUST03052,BR005,Savings,2023-07-05,22130.66,Closed
ACC00404,CUST04261,BR015,Fixed Deposit,2020-10-03,61585.91,Active
ACC00405,CUST04990,BR053,Current,2025-02-20,23154.27,Active
ACC00406,CUST01335,BR033,Salary,2019-01-29,20660.83,Closed
ACC00407,CUST07943,BR005,Salary,2025-04-27,6327.53,Active
ACC00408,CUST03837,BR031,Current,2019-11-25,31496.15,Closed
ACC00409,CUST06909,BR045,Savings,2024-06-19,24545.06,Dormant
ACC00410,CUST05296,BR051,Savings,2025-08-16,34996.21,Dormant
ACC00411,CUST03313,BR032,Savings,2025-04-16,41791.71,Dormant
ACC00412,CUST06691,BR026,Savings,2020-09-25,8005.0,Active
ACC00413,CUST05827,BR029,Savings,2022-03-04,5537.49,Closed
ACC00414,CUST02116,BR020,Savings,2023-03-27,69557.51,Dormant
ACC00415,CUST03685,BR019,Savings,2024-05-25,29705.35,Dormant
ACC00416,CUST07934,BR056,Current,2021-01-22,17180.21,Dormant
ACC00417,CUST07699,BR035,Savings,2020-08-18,88968.42,Closed
ACC00418,CUST06459,BR008,Savings,2019-02-27,24443.2,Active
ACC00419,CUST07869,BR012,Current,2023-02-08,118101.2,Dormant
ACC00420,CUST04113,BR018,Current,2022-07-21,38852.14,Dormant
ACC00421,CUST07606,BR013,Savings,2023-05-19,140740.51,Dormant
ACC00422,CUST00286,BR052,Savings,2022-06-01,106916.86,Closed
ACC00423,CUST07604,BR037,Savings,2020-03-16,17604.89,Active
ACC00424,CUST02169,BR028,Fixed Deposit,2023-03-03,107252.65,Active
ACC00425,CUST04083,BR020,Savings,2021-12-10,39373.11,Dormant
ACC00426,CUST03538,BR017,Savings,2021-05-14,75490.98,Active
ACC00427,CUST05191,BR012,Current,2021-09-01,13836.66,Closed
ACC00428,CUST06666,BR012,Savings,2020-02-11,40841.19,Active
ACC00429,CUST06199,BR038,Savings,2021-01-29,57101.29,Closed
ACC00430,CUST04770,BR009,Savings,2021-07-06,4523.92,Active
ACC00431,CUST03683,BR003,Fixed Deposit,2019-05-18,29438.1,Closed
ACC00432,CUST02858,BR008,Savings,2025-10-20,3514.64,Active
ACC00433,CUST05564,BR052,Savings,2020-08-19,17283.95,Active
ACC00434,CUST03606,BR047,Fixed Deposit,2023-11-10,92090.34,Active
ACC00435,CUST02877,BR036,Savings,2020-09-11,85145.88,Dormant
ACC00436,CUST05719,BR006,Savings,2025-01-26,23545.39,Dormant
ACC00437,CUST05677,BR019,Fixed Deposit,2020-10-06,159081.09,Active
ACC00438,CUST00984,BR036,Savings,2021-06-03,6360.8,Active
ACC00439,CUST07747,BR045,Salary,2020-12-02,4054.7,Closed
ACC00440,CUST03954,BR023,Savings,2021-03-29,20952.37,Dormant
ACC00441,CUST07544,BR057,Savings,2023-12-18,31121.65,Active
ACC00442,CUST05975,BR056,Savings,2022-01-01,21387.77,Closed
ACC00443,CUST03027,BR020,Savings,2023-07-05,3426.53,Active
ACC00444,CUST05231,BR050,Savings,2021-12-28,20328.76,Closed
ACC00445,CUST06918,BR047,Savings,2024-03-17,6808.84,Active
ACC00446,CUST00951,BR031,Salary,2022-07-11,21349.23,Active
ACC00447,CUST04854,BR031,Savings,2020-10-26,30636.23,Closed
ACC00448,CUST02074,BR042,Salary,2023-05-18,6919.4,Closed
ACC00449,CUST02599,BR008,Current,2023-07-08,21723.13,Active
ACC00450,CUST03994,BR045,Fixed Deposit,2022-12-13,31712.68,Closed
ACC00451,CUST04423,BR053,Salary,2025-09-24,12786.24,Active
ACC00452,CUST03691,BR045,Salary,2020-10-20,26071.54,Closed
ACC00453,CUST05014,BR004,Salary,2019-08-06,6700.86,Active
ACC00454,CUST05079,BR055,Savings,2020-05-12,34670.41,Active
ACC00455,CUST01131,BR033,Savings,2020-03-10,13667.39,Active
ACC00456,CUST04014,BR003,Savings,2022-04-01,10790.43,Closed
ACC00457,CUST07334,BR032,Savings,2024-04-06,20003.7,Active
ACC00458,CUST03900,BR020,Savings,2023-03-11,8675.71,Active
ACC00459,CUST00967,BR047,Current,2019-01-16,20875.9,Active
ACC00460,CUST00381,BR032,Fixed Deposit,2025-05-03,29181.01,Dormant
ACC00461,CUST06292,BR004,Current,2023-09-01,259036.73,Closed
ACC00462,CUST01864,BR008,Savings,2025-06-29,22736.74,Dormant
ACC00463,CUST04215,BR005,Fixed Deposit,2024-01-24,39346.59,Dormant
ACC00464,CUST00917,BR038,Savings,2024-07-23,26704.35,Dormant
ACC00465,CUST04016,BR056,Salary,2021-11-15,12349.49,Active
ACC00466,CUST05621,BR026,Savings,2019-07-28,18054.09,Dormant
ACC00467,CUST02184,BR036,Savings,2025-02-28,38282.57,Closed
ACC00468,CUST06715,BR048,Salary,2025-01-24,22703.07,Closed
ACC00469,CUST02351,BR051,Current,2022-07-02,21364.78,Dormant
ACC00470,CUST05454,BR009,Savings,2019-08-27,13118.3,Dormant
ACC00471,CUST06007,BR040,Salary,2024-09-24,11019.96,Dormant
ACC00472,CUST02388,BR055,Savings,2024-08-18,2774.63,Dormant
ACC00473,CUST04580,BR048,Savings,2020-03-12,5632.61,Active
ACC00474,CUST03416,BR022,Salary,2024-07-14,34780.49,Dormant
ACC00475,CUST03454,BR029,Fixed Deposit,2021-08-30,160649.56,Active
ACC00476,CUST02811,BR024,Savings,2022-01-10,17603.76,Active
ACC00477,CUST05696,BR030,Salary,2021-05-21,20002.05,Active
ACC00478,CUST00726,BR006,Savings,2025-01-16,29147.52,Active
ACC00479,CUST04529,BR027,Savings,2019-04-08,351861.44,Dormant
ACC00480,CUST01758,BR020,Savings,2024-11-29,60331.97,Closed
ACC00481,CUST02793,BR027,Salary,2025-08-13,12215.46,Dormant
ACC00482,CUST07526,BR032,Savings,2022-03-29,9320.89,Dormant
ACC00483,CUST05348,BR025,Savings,2025-03-21,5188.49,Active
ACC00484,CUST03558,BR059,Current,2022-05-24,44509.75,Active
ACC00485,CUST06692,BR020,Savings,2023-01-12,11151.0,Closed
ACC00486,CUST01514,BR034,Salary,2024-04-27,4936.55,Active
ACC00487,CUST07464,BR002,Savings,2022-12-01,12308.98,Active
ACC00488,CUST06525,BR014,Savings,2024-05-04,8321.57,Active
ACC00489,CUST02683,BR035,Fixed Deposit,2023-07-09,164766.56,Active
ACC00490,CUST04152,BR012,Savings,2021-11-18,48702.02,Active
ACC00491,CUST05810,BR036,Savings,2024-08-16,21868.98,Dormant
ACC00492,CUST02120,BR010,Savings,2022-11-22,83445.56,Closed
ACC00493,CUST06416,BR020,Savings,2020-11-28,23614.86,Active
ACC00494,CUST06291,BR047,Savings,2020-05-29,10146.1,Dormant
ACC00495,CUST03066,BR030,Current,2021-09-14,166562.2,Closed
ACC00496,CUST01508,BR003,Savings,2020-01-25,35775.52,Active
ACC00497,CUST07089,BR042,Current,2021-07-03,12871.28,Dormant
ACC00498,CUST04536,BR040,Savings,2020-09-28,18558.72,Closed
ACC00499,CUST05691,BR043,Salary,2022-03-07,7237.76,Closed
ACC00500,CUST00081,BR011,Salary,2021-03-06,5074.79,Active
ACC00501,CUST05202,BR054,Savings,2021-09-09,50693.85,Dormant
ACC00502,CUST07080,BR034,Current,2023-03-11,245098.79,Closed
ACC00503,CUST03549,BR016,Salary,2021-05-28,5019.08,Closed
ACC00504,CUST05368,BR034,Savings,2019-09-13,36558.62,Dormant
ACC00505,CUST02363,BR038,Fixed Deposit,2023-05-30,40522.57,Closed
ACC00506,CUST07944,BR040,Savings,2020-05-22,14208.38,Dormant
ACC00507,CUST02678,BR021,Savings,2021-03-03,12924.05,Closed
ACC00508,CUST03511,BR049,Current,2022-06-27,15306.14,Dormant
ACC00509,CUST05293,BR021,Fixed Deposit,2020-04-21,61642.88,Closed
ACC00510,CUST00056,BR019,Savings,2020-07-15,10426.91,Dormant
ACC00511,CUST07874,BR036,Savings,2023-03-14,28096.8,Closed
ACC00512,CUST07759,BR038,Current,2021-03-30,34536.15,Active
ACC00513,CUST06489,BR052,Savings,2020-01-14,17764.31,Dormant
ACC00514,CUST07583,BR028,Savings,2023-01-15,9732.18,Active
ACC00515,CUST04160,BR053,Salary,2022-01-15,8921.86,Closed
ACC00516,CUST05045,BR051,Savings,2024-11-13,43471.12,Closed
ACC00517,CUST07063,BR018,Salary,2024-03-18,18970.53,Active
ACC00518,CUST03841,BR040,Fixed Deposit,2020-09-23,33305.13,Closed
ACC00519,CUST00199,BR040,Salary,2024-07-30,14321.72,Dormant
ACC00520,CUST06104,BR005,Savings,2019-04-10,43314.75,Closed
ACC00521,CUST02335,BR051,Savings,2021-11-16,4902.67,Active
ACC00522,CUST04324,BR032,Current,2020-02-15,62527.4,Dormant
ACC00523,CUST01933,BR028,Savings,2024-11-20,12132.45,Dormant
ACC00524,CUST03687,BR048,Savings,2022-01-13,36810.51,Dormant
ACC00525,CUST01322,BR059,Savings,2022-04-12,11081.88,Active
ACC00526,CUST05314,BR003,Current,2020-01-18,5973.68,Active
ACC00527,CUST06023,BR034,Savings,2020-11-22,5090.91,Closed
ACC00528,CUST06814,BR042,Current,2021-10-29,38104.4,Closed
ACC00529,CUST04604,BR042,Savings,2019-12-10,27826.67,Closed
ACC00530,CUST07714,BR059,Savings,2020-07-15,9760.66,Active
ACC00531,CUST07884,BR052,Current,2025-06-19,68774.78,Dormant
ACC00532,CUST06444,BR028,Savings,2021-10-09,4937.59,Closed
ACC00533,CUST00879,BR049,Fixed Deposit,2024-04-21,57546.7,Closed
ACC00534,CUST05491,BR035,Savings,2023-11-29,7406.29,Dormant
ACC00535,CUST07437,BR038,Fixed Deposit,2020-02-19,40493.56,Dormant
ACC00536,CUST03828,BR002,Salary,2025-12-21,13810.43,Closed
ACC00537,CUST00425,BR045,Salary,2021-07-26,7315.21,Active
ACC00538,CUST03830,BR004,Current,2025-09-21,24721.89,Closed
ACC00539,CUST01936,BR025,Savings,2025-11-04,54484.06,Closed
ACC00540,CUST06606,BR051,Current,2022-10-21,20396.29,Active
ACC00541,CUST07312,BR017,Current,2021-06-06,83758.43,Dormant
ACC00542,CUST02055,BR028,Savings,2023-04-10,7968.6,Closed
ACC00543,CUST05727,BR037,Savings,2022-07-02,35483.52,Closed
ACC00544,CUST02791,BR012,Savings,2019-06-14,80612.72,Closed
ACC00545,CUST01363,BR026,Savings,2021-02-03,2381.58,Dormant
ACC00546,CUST04400,BR051,Salary,2022-01-30,7647.8,Active
ACC00547,CUST02418,BR052,Savings,2019-08-27,37025.6,Closed
ACC00548,CUST07964,BR043,Savings,2019-04-21,18347.69,Dormant
ACC00549,CUST02023,BR022,Fixed Deposit,2023-09-18,74808.55,Active
ACC00550,CUST00127,BR048,Savings,2024-02-28,12789.93,Closed
ACC00551,CUST02083,BR004,Current,2024-04-14,39600.21,Dormant
ACC00552,CUST04228,BR023,Salary,2022-01-09,11980.38,Dormant
ACC00553,CUST06855,BR049,Current,2020-09-14,116749.05,Dormant
ACC00554,CUST06508,BR022,Fixed Deposit,2021-08-03,69748.59,Active
ACC00555,CUST02076,BR035,Salary,2023-04-10,16921.19,Closed
ACC00556,CUST02615,BR020,Savings,2019-09-05,15203.95,Active
ACC00557,CUST01028,BR012,Fixed Deposit,2025-11-13,44686.93,Dormant
ACC00558,CUST03457,BR018,Savings,2021-04-04,14923.58,Active
ACC00559,CUST05801,BR047,Savings,2023-03-12,31413.94,Closed
ACC00560,CUST07284,BR040,Savings,2023-09-12,15079.84,Active
ACC00561,CUST05624,BR043,Current,2021-12-18,48522.11,Active
ACC00562,CUST06755,BR014,Savings,2020-05-15,142608.83,Active
ACC00563,CUST04471,BR045,Savings,2021-09-02,48243.3,Closed
ACC00564,CUST07122,BR031,Savings,2024-03-04,16425.31,Dormant
ACC00565,CUST01532,BR026,Salary,2023-09-04,30972.34,Closed
ACC00566,CUST03068,BR031,Savings,2025-09-11,15256.06,Active
ACC00567,CUST03136,BR042,Current,2021-02-12,4730.92,Closed
ACC00568,CUST02154,BR025,Current,2025-10-31,13252.13,Active
ACC00569,CUST01927,BR009,Savings,2023-06-14,4089.95,Active
ACC00570,CUST03083,BR014,Current,2022-02-25,25552.4,Closed
ACC00571,CUST00853,BR051,Savings,2020-09-13,22394.63,Active
ACC00572,CUST02771,BR008,Savings,2022-08-24,99587.66,Dormant
ACC00573,CUST02498,BR034,Savings,2022-12-01,29561.69,Active
ACC00574,CUST01472,BR020,Savings,2019-08-01,18084.48,Closed
ACC00575,CUST03089,BR055,Savings,2024-10-05,46465.48,Active
ACC00576,CUST05128,BR034,Savings,2022-09-17,3010.85,Dormant
ACC00577,CUST02227,BR012,Savings,2023-05-23,27229.42,Active
ACC00578,CUST05001,BR041,Current,2021-10-20,78500.89,Closed
ACC00579,CUST06551,BR041,Salary,2019-08-06,4745.68,Active
ACC00580,CUST05779,BR032,Savings,2021-11-22,61659.26,Closed
ACC00581,CUST06288,BR049,Savings,2019-01-27,29871.1,Dormant
ACC00582,CUST00803,BR057,Savings,2021-01-10,15157.35,Active
ACC00583,CUST07343,BR033,Savings,2024-02-11,38929.35,Dormant
ACC00584,CUST00593,BR008,Savings,2025-04-10,170011.88,Dormant
ACC00585,CUST02782,BR029,Current,2025-03-31,43558.77,Active
ACC00586,CUST00099,BR016,Savings,2020-07-16,27540.1,Active
ACC00587,CUST02123,BR001,Savings,2021-06-29,14567.89,Closed
ACC00588,CUST01313,BR036,Savings,2025-11-14,10251.1,Closed
ACC00589,CUST07166,BR041,Fixed Deposit,2022-06-16,98538.39,Active
ACC00590,CUST07694,BR005,Savings,2023-07-30,10193.69,Dormant
ACC00591,CUST02050,BR001,Current,2025-12-06,39009.72,Dormant
ACC00592,CUST00053,BR020,Savings,2025-02-25,14329.97,Active
ACC00593,CUST07111,BR019,Savings,2025-07-19,33897.0,Dormant
ACC00594,CUST04332,BR030,Salary,2021-07-07,16874.58,Dormant
ACC00595,CUST07331,BR004,Salary,2023-08-16,27619.52,Closed
ACC00596,CUST07067,BR015,Savings,2023-03-01,13918.65,Active
ACC00597,CUST07280,BR013,Savings,2022-12-02,17276.67,Dormant
ACC00598,CUST01525,BR015,Current,2021-04-23,13646.47,Active
ACC00599,CUST03705,BR037,Savings,2020-11-29,14766.79,Active
ACC00600,CUST01807,BR053,Savings,2024-06-14,30932.74,Active
ACC00601,CUST03430,BR009,Current,2025-07-03,77419.09,Dormant
ACC00602,CUST07993,BR048,Fixed Deposit,2025-03-04,34430.59,Active
ACC00603,CUST05400,BR030,Salary,2022-06-14,24556.31,Closed
ACC00604,CUST07957,BR006,Savings,2020-06-13,74613.3,Closed
ACC00605,CUST05864,BR016,Savings,2020-09-29,31955.24,Closed
ACC00606,CUST00808,BR021,Savings,2020-07-30,119266.56,Active
ACC00607,CUST05500,BR041,Fixed Deposit,2022-05-17,37636.38,Dormant
ACC00608,CUST02512,BR059,Savings,2024-11-28,7185.43,Dormant
ACC00609,CUST07951,BR037,Savings,2024-07-15,4443.3,Active
ACC00610,CUST04513,BR023,Savings,2019-10-20,84663.5,Active
ACC00611,CUST03827,BR004,Savings,2022-12-10,39692.96,Closed
ACC00612,CUST06614,BR048,Current,2025-09-21,34351.99,Dormant
ACC00613,CUST07104,BR054,Savings,2019-03-08,28338.36,Closed
ACC00614,CUST04049,BR033,Current,2022-04-02,11784.15,Active
ACC00615,CUST03752,BR033,Fixed Deposit,2024-04-14,259743.84,Closed
ACC00616,CUST05321,BR051,Savings,2021-06-02,24743.03,Dormant
ACC00617,CUST04884,BR015,Current,2025-09-02,40513.67,Closed
ACC00618,CUST05436,BR022,Salary,2021-01-28,22204.2,Active
ACC00619,CUST01075,BR004,Savings,2022-07-20,33958.97,Active
ACC00620,CUST00994,BR004,Savings,2020-01-30,26943.45,Active
ACC00621,CUST06808,BR053,Savings,2023-09-06,10813.74,Closed
ACC00622,CUST05181,BR006,Savings,2024-12-26,33668.62,Closed
ACC00623,CUST05952,BR015,Savings,2021-05-16,119829.12,Closed
ACC00624,CUST03527,BR013,Current,2022-03-29,139444.23,Closed
ACC00625,CUST01112,BR014,Salary,2020-07-04,40750.8,Closed
ACC00626,CUST02284,BR039,Savings,2020-04-02,13903.64,Active
ACC00627,CUST07451,BR018,Savings,2023-06-18,9039.47,Active
ACC00628,CUST06601,BR059,Current,2022-09-23,32023.11,Closed
ACC00629,CUST07298,BR007,Salary,2021-10-20,13891.15,Closed
ACC00630,CUST00056,BR060,Salary,2019-10-17,28736.81,Dormant
ACC00631,CUST02248,BR054,Savings,2021-12-30,4801.97,Active
ACC00632,CUST01867,BR040,Current,2023-06-28,167636.01,Active
ACC00633,CUST00946,BR008,Savings,2025-03-26,19106.67,Active
ACC00634,CUST03578,BR040,Savings,2021-09-28,15000.02,Closed
ACC00635,CUST04818,BR006,Savings,2024-09-30,8858.26,Active
ACC00636,CUST00573,BR039,Fixed Deposit,2020-04-04,22183.1,Active
ACC00637,CUST00001,BR025,Savings,2021-11-05,46205.47,Dormant
ACC00638,CUST00523,BR034,Savings,2019-03-27,23528.93,Active
ACC00639,CUST05475,BR058,Savings,2023-09-15,6898.33,Closed
ACC00640,CUST02390,BR043,Savings,2019-03-16,6866.63,Closed
ACC00641,CUST05018,BR024,Fixed Deposit,2022-09-14,48948.75,Dormant
ACC00642,CUST04317,BR053,Savings,2021-07-25,98925.21,Dormant
ACC00643,CUST01820,BR005,Savings,2021-01-23,17437.32,Closed
ACC00644,CUST01821,BR054,Savings,2025-07-23,5694.02,Active
ACC00645,CUST04953,BR009,Salary,2024-10-19,11248.39,Closed
ACC00646,CUST01268,BR050,Savings,2023-02-12,17232.44,Closed
ACC00647,CUST04995,BR055,Savings,2022-02-09,1944.58,Closed
ACC00648,CUST03919,BR053,Fixed Deposit,2023-10-24,57955.06,Active
ACC00649,CUST05984,BR018,Salary,2020-03-02,11365.59,Closed
ACC00650,CUST06250,BR048,Savings,2020-01-23,41216.16,Dormant
ACC00651,CUST02604,BR058,Fixed Deposit,2023-12-23,181565.85,Closed
ACC00652,CUST07330,BR059,Fixed Deposit,2021-03-26,117705.26,Active
ACC00653,CUST04458,BR031,Salary,2021-10-29,11067.61,Active
ACC00654,CUST01915,BR026,Savings,2019-06-15,8136.59,Active
ACC00655,CUST07250,BR045,Savings,2022-12-25,223244.71,Closed
ACC00656,CUST02354,BR001,Savings,2022-01-07,23232.25,Closed
ACC00657,CUST07831,BR041,Fixed Deposit,2023-04-13,60376.64,Closed
ACC00658,CUST07574,BR030,Savings,2019-09-22,21553.37,Dormant
ACC00659,CUST01196,BR031,Salary,2022-07-07,15346.76,Active
ACC00660,CUST01287,BR037,Savings,2020-06-23,19342.8,Active
ACC00661,CUST05212,BR025,Savings,2022-09-22,13143.78,Dormant
ACC00662,CUST02398,BR017,Savings,2025-07-30,13464.7,Active
ACC00663,CUST00037,BR002,Savings,2023-02-16,21386.65,Closed
ACC00664,CUST00010,BR014,Fixed Deposit,2021-01-17,43215.1,Dormant
ACC00665,CUST07776,BR001,Savings,2025-07-21,11596.27,Active
ACC00666,CUST01132,BR044,Savings,2022-06-21,24240.67,Active
ACC00667,CUST03164,BR018,Fixed Deposit,2023-02-22,51380.48,Dormant
ACC00668,CUST03479,BR013,Savings,2019-07-02,85271.34,Dormant
ACC00669,CUST03494,BR037,Savings,2019-08-06,2026.63,Closed
ACC00670,CUST02351,BR050,Current,2019-03-19,108175.14,Dormant
ACC00671,CUST07888,BR027,Salary,2022-05-19,31960.61,Dormant
ACC00672,CUST03343,BR055,Savings,2022-09-19,3408.23,Dormant
ACC00673,CUST00771,BR032,Current,2020-09-15,25778.92,Closed
ACC00674,CUST01900,BR004,Savings,2020-07-15,15767.45,Closed
ACC00675,CUST04124,BR013,Fixed Deposit,2022-02-11,25732.06,Closed
ACC00676,CUST05392,BR009,Fixed Deposit,2021-12-28,37545.54,Dormant
ACC00677,CUST02718,BR021,Salary,2019-06-19,6140.1,Dormant
ACC00678,CUST02541,BR054,Current,2020-12-03,209456.31,Closed
ACC00679,CUST05556,BR033,Savings,2025-02-09,51129.18,Active
ACC00680,CUST01608,BR046,Savings,2025-07-05,69175.33,Closed
ACC00681,CUST02244,BR018,Savings,2019-08-03,42171.71,Active
ACC00682,CUST00531,BR001,Salary,2022-09-09,6061.2,Dormant
ACC00683,CUST04346,BR058,Current,2024-06-04,21492.94,Dormant
ACC00684,CUST04893,BR004,Savings,2023-11-06,34215.6,Dormant
ACC00685,CUST07406,BR059,Current,2022-05-29,10698.64,Dormant
ACC00686,CUST01101,BR043,Savings,2020-04-16,41843.79,Dormant
ACC00687,CUST04771,BR027,Salary,2024-11-13,11291.12,Closed
ACC00688,CUST06520,BR011,Current,2023-11-07,24963.73,Closed
ACC00689,CUST03987,BR038,Salary,2025-07-06,21975.25,Active
ACC00690,CUST06889,BR019,Savings,2022-08-02,32854.27,Closed
ACC00691,CUST03543,BR057,Savings,2023-01-18,15916.8,Dormant
ACC00692,CUST01026,BR009,Salary,2021-03-28,30077.45,Closed
ACC00693,CUST00696,BR021,Savings,2023-07-08,8325.21,Active
ACC00694,CUST02951,BR045,Fixed Deposit,2025-08-28,86643.85,Dormant
ACC00695,CUST04481,BR005,Savings,2022-07-30,37563.61,Closed
ACC00696,CUST00980,BR002,Savings,2023-02-20,16670.7,Dormant
ACC00697,CUST02527,BR030,Savings,2021-01-05,29540.57,Dormant
ACC00698,CUST03042,BR032,Savings,2025-05-24,7143.78,Closed
ACC00699,CUST04432,BR018,Savings,2019-06-05,50595.82,Closed
ACC00700,CUST00468,BR010,Salary,2021-07-01,11737.79,Active
ACC00701,CUST07004,BR034,Savings,2019-07-31,13760.39,Dormant
ACC00702,CUST07761,BR034,Salary,2023-04-24,27842.15,Closed
ACC00703,CUST00556,BR031,Savings,2021-08-18,11685.34,Active
ACC00704,CUST05432,BR057,Salary,2023-03-09,4984.44,Closed
ACC00705,CUST00476,BR039,Salary,2023-02-17,4493.38,Closed
ACC00706,CUST06738,BR024,Savings,2020-10-12,38002.57,Active
ACC00707,CUST07714,BR010,Savings,2020-07-06,6957.77,Dormant
ACC00708,CUST07244,BR003,Savings,2023-01-10,106864.27,Dormant
ACC00709,CUST01179,BR026,Current,2024-12-14,4528.16,Closed
ACC00710,CUST06385,BR014,Savings,2025-11-19,101398.21,Closed
ACC00711,CUST06761,BR041,Savings,2022-01-21,26633.25,Active
ACC00712,CUST01707,BR020,Current,2025-12-18,32967.81,Closed
ACC00713,CUST06207,BR054,Savings,2023-09-09,13488.23,Active
ACC00714,CUST05765,BR034,Savings,2022-09-21,31546.64,Dormant
ACC00715,CUST05697,BR046,Savings,2023-12-01,21292.9,Closed
ACC00716,CUST02869,BR031,Savings,2020-07-02,59454.8,Closed
ACC00717,CUST07673,BR046,Savings,2025-08-21,24411.38,Dormant
ACC00718,CUST04568,BR019,Savings,2023-12-16,25216.95,Active
ACC00719,CUST02201,BR026,Savings,2021-04-23,15878.94,Closed
ACC00720,CUST04826,BR047,Salary,2025-12-25,12837.66,Active
ACC00721,CUST01001,BR016,Salary,2019-06-12,16571.86,Active
ACC00722,CUST04277,BR014,Salary,2024-06-12,4035.49,Dormant
ACC00723,CUST00092,BR059,Fixed Deposit,2021-03-04,26664.51,Active
ACC00724,CUST03580,BR038,Savings,2024-05-11,42999.24,Dormant
ACC00725,CUST01981,BR017,Savings,2024-12-13,25687.99,Active
ACC00726,CUST07859,BR049,Salary,2024-01-04,11745.34,Closed
ACC00727,CUST03513,BR054,Current,2023-03-01,36991.15,Active
ACC00728,CUST03063,BR058,Savings,2020-02-01,30116.35,Closed
ACC00729,CUST03288,BR017,Fixed Deposit,2025-10-27,43310.23,Closed
ACC00730,CUST01138,BR006,Current,2020-04-24,16675.49,Dormant
ACC00731,CUST00692,BR031,Savings,2021-10-04,26272.05,Closed
ACC00732,CUST03347,BR006,Current,2025-11-04,13651.81,Active
ACC00733,CUST04495,BR023,Savings,2019-02-02,31806.55,Closed
ACC00734,CUST06517,BR015,Salary,2021-03-08,4056.97,Active
ACC00735,CUST08003,BR023,Savings,2022-08-14,55616.77,Dormant
ACC00736,CUST04834,BR039,Salary,2021-03-13,18598.17,Closed
ACC00737,CUST03679,BR012,Savings,2022-08-22,27734.34,Dormant
ACC00738,CUST00130,BR001,Current,2022-04-18,97021.8,Active
ACC00739,CUST00019,BR039,Savings,2020-08-05,98609.91,Dormant
ACC00740,CUST04652,BR032,Salary,2025-12-06,27175.17,Dormant
ACC00741,CUST03800,BR052,Savings,2019-12-21,4201.57,Active
ACC00742,CUST03188,BR046,Salary,2020-02-13,5455.04,Closed
ACC00743,CUST06193,BR006,Salary,2019-01-18,8626.78,Active
ACC00744,CUST01113,BR011,Savings,2020-10-15,22549.81,Active
ACC00745,CUST02907,BR046,Savings,2021-03-25,35097.78,Closed
ACC00746,CUST04047,BR047,Fixed Deposit,2022-07-29,38737.12,Active
ACC00747,CUST06705,BR028,Salary,2022-10-04,15225.65,Dormant
ACC00748,CUST00309,BR051,Savings,2024-05-01,11160.72,Closed
ACC00749,CUST02555,BR057,Savings,2020-12-06,12703.51,Active
ACC00750,CUST06952,BR026,Savings,2024-09-12,6210.55,Active
ACC00751,CUST02056,BR021,Current,2023-04-17,14425.7,Active
ACC00752,CUST01374,BR015,Fixed Deposit,2024-06-20,26608.59,Active
ACC00753,CUST02281,BR045,Fixed Deposit,2021-12-11,33338.76,Active
ACC00754,CUST04688,BR028,Salary,2019-07-22,27932.59,Closed
ACC00755,CUST07397,BR038,Savings,2019-08-11,9372.55,Dormant
ACC00756,CUST04771,BR013,Current,2019-11-21,505034.52,Active
ACC00757,CUST02867,BR007,Savings,2019-05-07,34337.25,Closed
ACC00758,CUST03767,BR005,Current,2019-09-02,43688.32,Closed
ACC00759,CUST06782,BR005,Savings,2023-02-26,10172.85,Active
ACC00760,CUST05664,BR056,Savings,2024-12-22,41368.66,Dormant
ACC00761,CUST05989,BR043,Savings,2023-02-04,13120.43,Closed
ACC00762,CUST07689,BR013,Current,2020-09-26,41027.99,Active
ACC00763,CUST05855,BR040,Savings,2021-07-24,220593.32,Closed
ACC00764,CUST03049,BR016,Savings,2022-01-31,20202.19,Closed
ACC00765,CUST04945,BR022,Savings,2019-11-24,61966.3,Dormant
ACC00766,CUST07817,BR011,Salary,2024-12-20,8166.34,Active
ACC00767,CUST00433,BR047,Salary,2021-12-13,13036.5,Closed
ACC00768,CUST07549,BR027,Savings,2022-07-08,108414.87,Dormant
ACC00769,CUST05391,BR030,Salary,2025-07-11,8613.82,Active
ACC00770,CUST07415,BR055,Current,2022-01-03,222447.98,Dormant
ACC00771,CUST05807,BR040,Current,2021-12-25,73699.55,Closed
ACC00772,CUST07065,BR011,Fixed Deposit,2025-08-10,42724.16,Dormant
ACC00773,CUST01648,BR050,Savings,2025-04-23,38916.24,Closed
ACC00774,CUST03373,BR033,Savings,2021-01-26,52854.55,Closed
ACC00775,CUST03452,BR025,Current,2025-11-15,67630.2,Active
ACC00776,CUST06814,BR004,Savings,2022-06-29,5360.42,Dormant
ACC00777,CUST03300,BR018,Fixed Deposit,2020-11-22,38704.75,Closed
ACC00778,CUST02359,BR040,Savings,2020-08-04,17627.81,Closed
ACC00779,CUST04607,BR012,Salary,2020-01-06,12681.46,Closed
ACC00780,CUST07301,BR013,Savings,2023-01-28,38507.37,Active
ACC00781,CUST06736,BR011,Savings,2025-08-30,25846.51,Active
ACC00782,CUST03968,BR042,Savings,2023-12-03,6622.25,Active
ACC00783,CUST04962,BR030,Salary,2020-04-05,17433.32,Active
ACC00784,CUST03554,BR040,Current,2025-03-31,66875.35,Dormant
ACC00785,CUST03507,BR002,Savings,2020-06-12,36454.18,Closed
ACC00786,CUST03296,BR015,Savings,2022-12-27,58261.84,Active
ACC00787,CUST00960,BR046,Savings,2019-09-02,46654.75,Dormant
ACC00788,CUST05446,BR001,Salary,2021-05-05,18424.31,Dormant
ACC00789,CUST07364,BR007,Salary,2023-09-07,12719.4,Active
ACC00790,CUST05447,BR044,Current,2020-04-12,6898.36,Active
ACC00791,CUST07515,BR032,Savings,2025-12-28,32424.07,Active
ACC00792,CUST04258,BR025,Savings,2021-12-08,26553.56,Dormant
ACC00793,CUST06729,BR002,Savings,2020-09-12,28125.19,Active
ACC00794,CUST05410,BR035,Fixed Deposit,2023-10-02,27832.25,Dormant
ACC00795,CUST05907,BR020,Savings,2024-12-15,8325.26,Dormant
ACC00796,CUST01545,BR024,Current,2022-01-03,104104.75,Active
ACC00797,CUST00113,BR045,Current,2020-08-31,34907.08,Active
ACC00798,CUST03176,BR039,Savings,2022-08-21,40674.26,Active
ACC00799,CUST05391,BR021,Savings,2021-03-22,22595.06,Active
ACC00800,CUST04133,BR031,Salary,2019-02-22,13640.92,Closed
ACC00801,CUST07842,BR042,Savings,2019-06-14,51249.21,Closed
ACC00802,CUST04503,BR053,Savings,2020-08-23,13843.34,Active
ACC00803,CUST06178,BR027,Salary,2023-03-16,14289.56,Closed
ACC00804,CUST07095,BR015,Savings,2021-01-10,14529.73,Dormant
ACC00805,CUST00072,BR046,Salary,2024-11-02,9856.17,Dormant
ACC00806,CUST05200,BR002,Salary,2024-08-01,10759.88,Dormant
ACC00807,CUST04704,BR013,Savings,2021-12-21,26901.04,Active
ACC00808,CUST03335,BR009,Salary,2020-08-19,9555.54,Dormant
ACC00809,CUST05297,BR049,Savings,2024-08-08,68198.68,Dormant
ACC00810,CUST02526,BR057,Savings,2025-05-21,9846.32,Active
ACC00811,CUST07768,BR013,Savings,2020-09-13,18616.72,Dormant
ACC00812,CUST03466,BR055,Savings,2021-04-27,14827.55,Closed
ACC00813,CUST07841,BR012,Salary,2025-04-23,36786.44,Active
ACC00814,CUST07585,BR027,Salary,2024-08-12,15330.33,Active
ACC00815,CUST03183,BR017,Fixed Deposit,2024-09-27,111202.34,Dormant
ACC00816,CUST06471,BR022,Salary,2020-07-22,4722.57,Closed
ACC00817,CUST04767,BR033,Savings,2021-08-24,28010.79,Active
ACC00818,CUST04234,BR044,Savings,2024-09-13,49053.54,Active
ACC00819,CUST06566,BR055,Savings,2024-01-24,23719.57,Dormant
ACC00820,CUST04789,BR002,Salary,2022-04-28,28165.03,Dormant
ACC00821,CUST01640,BR054,Savings,2024-08-01,13827.86,Dormant
ACC00822,CUST01906,BR048,Savings,2025-01-05,78308.6,Dormant
ACC00823,CUST07278,BR040,Savings,2024-03-31,174382.83,Dormant
ACC00824,CUST02964,BR016,Savings,2025-09-03,15890.0,Closed
ACC00825,CUST05686,BR017,Current,2025-05-23,23260.16,Dormant
ACC00826,CUST07499,BR042,Fixed Deposit,2021-09-26,143204.75,Active
ACC00827,CUST07456,BR011,Current,2021-10-11,176234.74,Active
ACC00828,CUST06975,BR047,Savings,2019-03-20,13758.69,Dormant
ACC00829,CUST04718,BR049,Savings,2022-04-03,15090.67,Dormant
ACC00830,CUST01993,BR014,Salary,2025-12-11,10968.15,Active
ACC00831,CUST01316,BR021,Fixed Deposit,2024-08-05,26724.33,Closed
ACC00832,CUST00733,BR043,Fixed Deposit,2024-04-22,34503.25,Closed
ACC00833,CUST00040,BR053,Salary,2023-03-27,6615.04,Dormant
ACC00834,CUST06176,BR020,Current,2023-07-24,16851.63,Dormant
ACC00835,CUST06488,BR036,Current,2023-03-24,35077.5,Closed
ACC00836,CUST04896,BR011,Savings,2024-08-11,27195.13,Dormant
ACC00837,CUST05860,BR021,Savings,2024-05-21,88916.27,Active
ACC00838,CUST06062,BR007,Savings,2021-04-14,8968.57,Dormant
ACC00839,CUST00459,BR026,Fixed Deposit,2021-07-16,108076.38,Closed
ACC00840,CUST04070,BR001,Salary,2022-08-05,11501.21,Dormant
ACC00841,CUST02522,BR023,Savings,2022-10-11,21067.41,Active
ACC00842,CUST02739,BR018,Current,2022-02-13,71311.97,Active
ACC00843,CUST07551,BR015,Current,2025-01-13,11816.81,Dormant
ACC00844,CUST00623,BR020,Savings,2025-10-25,31075.31,Dormant
ACC00845,CUST01024,BR015,Current,2025-03-23,42892.5,Active
ACC00846,CUST01274,BR052,Savings,2024-10-09,34310.48,Active
ACC00847,CUST02190,BR046,Savings,2019-02-07,28573.98,Active
ACC00848,CUST05500,BR008,Current,2022-11-11,423073.05,Active
ACC00849,CUST05440,BR020,Salary,2020-11-30,8549.11,Closed
ACC00850,CUST04447,BR007,Savings,2022-07-23,13658.3,Closed
ACC00851,CUST05637,BR047,Fixed Deposit,2024-12-01,41196.79,Active
ACC00852,CUST00282,BR041,Salary,2021-07-16,9055.85,Dormant
ACC00853,CUST02921,BR007,Current,2020-08-09,19198.99,Dormant
ACC00854,CUST01560,BR019,Salary,2023-01-03,30709.02,Dormant
ACC00855,CUST03411,BR024,Salary,2020-10-11,36111.01,Dormant
ACC00856,CUST04048,BR027,Current,2022-07-19,20522.02,Closed
ACC00857,CUST07019,BR017,Savings,2024-08-05,10413.73,Active
ACC00858,CUST01221,BR004,Savings,2020-05-10,33667.02,Closed
ACC00859,CUST00704,BR025,Savings,2020-07-27,13399.86,Dormant
ACC00860,CUST04247,BR020,Current,2023-11-23,68386.58,Dormant
ACC00861,CUST03755,BR057,Savings,2020-05-12,26439.93,Closed
ACC00862,CUST01449,BR004,Savings,2024-03-23,5629.81,Dormant
ACC00863,CUST02029,BR029,Savings,2022-11-23,88676.9,Dormant
ACC00864,CUST05436,BR050,Savings,2022-05-02,110889.55,Closed
ACC00865,CUST01903,BR007,Current,2025-09-09,19677.11,Active
ACC00866,CUST06976,BR025,Fixed Deposit,2023-12-27,47447.5,Active
ACC00867,CUST00751,BR026,Savings,2023-01-07,28489.16,Active
ACC00868,CUST02747,BR012,Savings,2025-10-21,29762.7,Active
ACC00869,CUST07965,BR049,Current,2020-11-14,70160.75,Closed
ACC00870,CUST05328,BR006,Savings,2025-07-23,134481.79,Active
ACC00871,CUST07237,BR043,Salary,2024-03-27,11803.33,Dormant
ACC00872,CUST04968,BR050,Savings,2024-02-03,10737.87,Closed
ACC00873,CUST01075,BR031,Savings,2020-02-09,6365.27,Active
ACC00874,CUST00638,BR050,Salary,2022-09-01,8009.22,Closed
ACC00875,CUST06069,BR025,Savings,2019-04-06,21379.46,Dormant
ACC00876,CUST00594,BR014,Salary,2025-05-31,46919.59,Dormant
ACC00877,CUST03900,BR043,Savings,2025-03-18,13823.84,Dormant
ACC00878,CUST02454,BR041,Current,2023-12-24,45423.64,Closed
ACC00879,CUST02132,BR059,Savings,2025-11-24,21703.3,Active
ACC00880,CUST02242,BR006,Savings,2021-06-13,64186.87,Dormant
ACC00881,CUST02456,BR053,Savings,2021-01-11,214108.72,Closed
ACC00882,CUST06698,BR035,Savings,2023-03-18,13659.88,Closed
ACC00883,CUST03270,BR030,Current,2019-01-26,22260.31,Dormant
ACC00884,CUST07829,BR049,Salary,2024-03-01,27747.82,Dormant
ACC00885,CUST00045,BR046,Savings,2019-03-08,40688.56,Active
ACC00886,CUST03898,BR021,Savings,2023-08-04,116080.2,Active
ACC00887,CUST02646,BR024,Savings,2019-06-27,37254.77,Dormant
ACC00888,CUST06974,BR031,Savings,2024-01-01,15940.8,Closed
ACC00889,CUST00517,BR059,Fixed Deposit,2021-08-08,85339.52,Dormant
ACC00890,CUST05979,BR048,Savings,2024-04-04,59744.55,Closed
ACC00891,CUST01944,BR024,Savings,2024-10-25,46093.81,Dormant
ACC00892,CUST03555,BR017,Savings,2023-08-20,34771.27,Dormant
ACC00893,CUST01737,BR049,Salary,2025-07-02,28188.58,Closed
ACC00894,CUST04843,BR004,Current,2022-03-08,116925.89,Dormant
ACC00895,CUST00669,BR032,Current,2021-11-05,144662.54,Closed
ACC00896,CUST00789,BR028,Savings,2024-06-21,39491.43,Dormant
ACC00897,CUST05644,BR018,Savings,2025-12-12,18950.65,Dormant
ACC00898,CUST00975,BR045,Fixed Deposit,2022-10-09,65383.7,Active
ACC00899,CUST05385,BR042,Savings,2019-03-13,65241.96,Closed
ACC00900,CUST00097,BR017,Savings,2021-04-14,10559.25,Dormant
ACC00901,CUST06033,BR035,Savings,2022-11-07,30693.49,Closed
ACC00902,CUST06235,BR007,Savings,2023-09-04,15459.75,Closed
ACC00903,CUST06878,BR031,Savings,2024-01-03,22603.73,Closed
ACC00904,CUST03537,BR002,Savings,2021-12-22,69606.04,Dormant
ACC00905,CUST01820,BR002,Savings,2024-02-20,26160.06,Closed
ACC00906,CUST01551,BR018,Savings,2020-09-26,22966.52,Dormant
ACC00907,CUST02264,BR049,Current,2019-12-15,9322.11,Active
ACC00908,CUST04403,BR008,Savings,2019-08-31,43115.08,Closed
ACC00909,CUST07871,BR019,Savings,2024-11-23,39376.94,Active
ACC00910,CUST00982,BR049,Savings,2019-08-13,154342.47,Closed
ACC00911,CUST04027,BR056,Salary,2021-02-12,10770.38,Dormant
ACC00912,CUST07971,BR020,Savings,2020-12-13,26828.91,Closed
ACC00913,CUST03423,BR002,Savings,2020-10-23,27568.95,Dormant
ACC00914,CUST05183,BR056,Salary,2021-12-27,40304.46,Dormant
ACC00915,CUST05601,BR049,Savings,2019-10-29,20216.09,Closed
ACC00916,CUST04668,BR041,Current,2021-11-21,48003.13,Active
ACC00917,CUST06198,BR002,Savings,2022-04-20,38067.15,Closed
ACC00918,CUST04381,BR030,Savings,2019-05-07,26054.56,Active
ACC00919,CUST06148,BR036,Savings,2021-03-09,14738.37,Dormant
ACC00920,CUST02849,BR051,Savings,2020-09-27,26230.57,Active
ACC00921,CUST02570,BR013,Salary,2022-03-21,28326.19,Closed
ACC00922,CUST00510,BR015,Savings,2022-12-16,8744.12,Active
ACC00923,CUST02819,BR030,Salary,2023-05-23,14662.94,Active
ACC00924,CUST04935,BR022,Salary,2023-08-07,8183.83,Dormant
ACC00925,CUST01241,BR013,Current,2022-03-28,119975.96,Dormant
ACC00926,CUST00871,BR035,Savings,2019-06-02,5592.22,Dormant
ACC00927,CUST00574,BR054,Salary,2021-04-29,9034.04,Closed
ACC00928,CUST07963,BR013,Salary,2022-11-13,17396.92,Active
ACC00929,CUST02132,BR028,Savings,2022-04-05,90126.69,Dormant
ACC00930,CUST03275,BR024,Savings,2025-01-07,20760.86,Closed
ACC00931,CUST05941,BR048,Current,2022-08-15,20843.56,Dormant
ACC00932,CUST06314,BR046,Salary,2023-08-03,49851.8,Active
ACC00933,CUST00016,BR028,Fixed Deposit,2021-08-05,25114.27,Closed
ACC00934,CUST05301,BR059,Savings,2024-09-21,3044.45,Dormant
ACC00935,CUST07656,BR032,Savings,2019-03-11,32728.88,Closed
ACC00936,CUST01516,BR007,Salary,2024-05-09,9400.91,Dormant
ACC00937,CUST06514,BR008,Savings,2021-11-29,8785.79,Active
ACC00938,CUST01135,BR051,Savings,2019-12-09,41669.34,Dormant
ACC00939,CUST01309,BR052,Current,2023-01-14,46341.85,Dormant
ACC00940,CUST00983,BR019,Savings,2024-09-13,13257.64,Dormant
ACC00941,CUST00183,BR008,Savings,2025-07-25,6958.55,Closed
ACC00942,CUST04672,BR001,Current,2019-02-10,86895.14,Active
ACC00943,CUST00460,BR011,Savings,2025-07-15,39544.47,Closed
ACC00944,CUST00324,BR001,Current,2020-02-23,32886.72,Closed
ACC00945,CUST04773,BR002,Savings,2021-08-12,116072.85,Closed
ACC00946,CUST07779,BR018,Current,2025-03-30,12455.47,Active
ACC00947,CUST02501,BR001,Salary,2025-09-26,4592.28,Active
ACC00948,CUST03469,BR044,Savings,2024-04-29,11816.86,Active
ACC00949,CUST07411,BR035,Fixed Deposit,2024-03-06,58258.68,Active
ACC00950,CUST06646,BR057,Current,2019-07-15,46320.48,Active
ACC00951,CUST02129,BR021,Savings,2023-03-06,17727.77,Closed
ACC00952,CUST07750,BR054,Salary,2024-08-25,17093.25,Closed
ACC00953,CUST01388,BR043,Savings,2021-10-21,7141.05,Dormant
ACC00954,CUST07429,BR026,Current,2025-08-11,153854.8,Dormant
ACC00955,CUST05145,BR054,Salary,2025-11-17,12613.14,Closed
ACC00956,CUST06226,BR058,Salary,2022-04-04,29205.35,Active
ACC00957,CUST01220,BR021,Savings,2025-08-28,29985.01,Closed
ACC00958,CUST04183,BR015,Savings,2020-06-20,33225.66,Active
ACC00959,CUST02249,BR021,Savings,2020-10-18,36782.98,Active
ACC00960,CUST01966,BR011,Savings,2019-05-30,32956.3,Active
ACC00961,CUST06915,BR038,Savings,2023-04-22,39279.2,Closed
ACC00962,CUST04210,BR050,Savings,2023-06-16,72855.79,Dormant
ACC00963,CUST07909,BR012,Savings,2023-09-17,26288.03,Active
ACC00964,CUST00524,BR039,Salary,2021-02-25,21945.18,Dormant
ACC00965,CUST00805,BR019,Savings,2022-09-03,20317.5,Dormant
ACC00966,CUST01130,BR038,Savings,2025-02-02,80507.49,Active
ACC00967,CUST02025,BR023,Savings,2021-05-07,11983.03,Active
ACC00968,CUST07584,BR035,Fixed Deposit,2021-11-19,176409.67,Dormant
ACC00969,CUST07158,BR020,Salary,2023-05-18,12989.41,Closed
ACC00970,CUST00347,BR020,Savings,2021-04-02,6077.22,Dormant
ACC00971,CUST03211,BR013,Fixed Deposit,2024-06-24,64657.71,Active
ACC00972,CUST06665,BR060,Savings,2024-11-28,11932.89,Active
ACC00973,CUST00872,BR055,Salary,2024-02-18,24063.48,Active
ACC00974,CUST00475,BR035,Salary,2025-08-30,8460.5,Dormant
ACC00975,CUST03005,BR017,Savings,2023-01-23,14741.69,Active
ACC00976,CUST00424,BR010,Savings,2023-07-08,4021.51,Closed
ACC00977,CUST02482,BR050,Savings,2019-05-19,14660.68,Dormant
ACC00978,CUST03716,BR008,Salary,2020-08-09,2448.63,Active
ACC00979,CUST05821,BR002,Savings,2021-09-30,5294.84,Dormant
ACC00980,CUST06089,BR051,Salary,2021-02-22,22749.31,Dormant
ACC00981,CUST00822,BR033,Savings,2021-12-04,44677.27,Closed
ACC00982,CUST05157,BR032,Salary,2025-06-05,17994.48,Active
ACC00983,CUST06453,BR010,Current,2019-08-29,13808.28,Closed
ACC00984,CUST07283,BR035,Salary,2023-12-13,12920.91,Dormant
ACC00985,CUST04439,BR056,Savings,2024-09-08,21955.17,Dormant
ACC00986,CUST04994,BR052,Fixed Deposit,2025-09-19,29881.09,Active
ACC00987,CUST05558,BR040,Savings,2025-08-09,85225.71,Closed
ACC00988,CUST05538,BR010,Savings,2024-03-07,48514.89,Dormant
ACC00989,CUST06841,BR038,Salary,2019-08-26,11445.19,Active
ACC00990,CUST07950,BR035,Salary,2021-12-07,13613.54,Dormant
ACC00991,CUST07916,BR054,Savings,2020-09-02,26570.17,Dormant
ACC00992,CUST02249,BR028,Salary,2023-06-11,3199.61,Active
ACC00993,CUST02719,BR042,Current,2019-10-01,28362.49,Closed
ACC00994,CUST03372,BR002,Savings,2021-08-29,11922.88,Dormant
ACC00995,CUST00281,BR057,Salary,2025-12-28,6626.72,Active
ACC00996,CUST07835,BR042,Savings,2023-07-22,17103.01,Active
ACC00997,CUST07800,BR055,Savings,2021-11-10,111070.22,Active
ACC00998,CUST05614,BR030,Savings,2019-03-25,39212.8,Active
ACC00999,CUST02468,BR043,Savings,2019-05-20,13173.19,Closed
ACC01000,CUST01075,BR026,Fixed Deposit,2024-06-02,84419.16,Dormant
ACC01001,CUST05508,BR027,Salary,2023-03-17,35580.35,Active
ACC01002,CUST01113,BR043,Fixed Deposit,2019-06-27,104274.3,Closed
ACC01003,CUST03668,BR017,Savings,2020-11-18,23240.86,Active
ACC01004,CUST04617,BR036,Salary,2021-09-22,8494.25,Closed
ACC01005,CUST04451,BR048,Savings,2022-07-31,41291.05,Closed
ACC01006,CUST01881,BR001,Savings,2024-09-07,31386.62,Dormant
ACC01007,CUST04631,BR029,Savings,2019-09-28,49299.73,Closed
ACC01008,CUST04809,BR009,Savings,2022-09-01,39013.17,Active
ACC01009,CUST00847,BR030,Savings,2022-04-25,56647.18,Closed
ACC01010,CUST00206,BR056,Savings,2020-12-29,13606.3,Closed
ACC01011,CUST06672,BR030,Savings,2023-07-16,72088.85,Dormant
ACC01012,CUST01650,BR058,Current,2020-03-11,44249.51,Active
ACC01013,CUST01024,BR030,Savings,2019-01-10,142590.87,Active
ACC01014,CUST03606,BR040,Savings,2020-06-27,11845.83,Dormant
ACC01015,CUST00620,BR023,Savings,2025-12-14,105068.46,Closed
ACC01016,CUST07503,BR058,Current,2023-06-30,44263.28,Closed
ACC01017,CUST07129,BR006,Savings,2025-08-13,12255.42,Active
ACC01018,CUST02444,BR036,Savings,2019-08-30,14249.87,Active
ACC01019,CUST01568,BR020,Current,2021-05-10,26361.31,Closed
ACC01020,CUST01548,BR008,Current,2022-06-23,55501.53,Closed
ACC01021,CUST01063,BR010,Savings,2023-01-22,35261.67,Closed
ACC01022,CUST04105,BR007,Savings,2024-05-07,13143.33,Closed
ACC01023,CUST06190,BR006,Fixed Deposit,2023-05-05,59005.58,Closed
ACC01024,CUST03636,BR043,Fixed Deposit,2025-09-18,216503.55,Dormant
ACC01025,CUST02026,BR053,Salary,2023-12-18,44769.4,Closed
ACC01026,CUST01192,BR035,Savings,2021-09-11,32620.34,Closed
ACC01027,CUST07383,BR025,Current,2020-07-01,37722.18,Dormant
ACC01028,CUST04277,BR005,Savings,2021-02-01,24539.23,Closed
ACC01029,CUST04037,BR007,Savings,2020-01-14,38260.23,Closed
ACC01030,CUST02683,BR048,Savings,2020-11-21,8773.46,Dormant
ACC01031,CUST00409,BR035,Savings,2021-05-21,17472.11,Dormant
ACC01032,CUST05451,BR012,Savings,2020-04-25,4906.29,Active
ACC01033,CUST00777,BR045,Savings,2021-01-19,31549.11,Closed
ACC01034,CUST04302,BR048,Salary,2025-08-02,21015.95,Active
ACC01035,CUST02125,BR023,Savings,2024-04-01,14258.84,Active
ACC01036,CUST05285,BR043,Savings,2022-03-02,90815.76,Active
ACC01037,CUST01715,BR012,Savings,2022-08-06,7308.63,Closed
ACC01038,CUST05754,BR023,Current,2022-04-16,8396.96,Active
ACC01039,CUST01153,BR059,Current,2022-04-11,45453.81,Closed
ACC01040,CUST01764,BR048,Current,2020-12-13,103476.34,Active
ACC01041,CUST03822,BR033,Fixed Deposit,2020-03-25,164449.14,Active
ACC01042,CUST02707,BR047,Salary,2025-02-23,9689.33,Closed
ACC01043,CUST04566,BR045,Current,2022-01-10,106796.54,Closed
ACC01044,CUST06029,BR004,Salary,2019-12-05,13004.41,Dormant
ACC01045,CUST05145,BR030,Savings,2021-05-26,18856.92,Dormant
ACC01046,CUST04792,BR016,Savings,2019-06-29,48790.65,Dormant
ACC01047,CUST01778,BR033,Savings,2022-07-23,39620.05,Active
ACC01048,CUST02365,BR041,Savings,2023-10-04,5330.75,Dormant
ACC01049,CUST07283,BR051,Current,2019-10-20,158981.06,Dormant
ACC01050,CUST02358,BR058,Current,2025-11-25,144363.74,Dormant
ACC01051,CUST03432,BR007,Savings,2023-02-13,12543.95,Dormant
ACC01052,CUST03358,BR013,Salary,2025-03-25,17624.8,Active
ACC01053,CUST00987,BR034,Savings,2020-02-03,34359.27,Closed
ACC01054,CUST02672,BR006,Savings,2019-02-05,27850.51,Active
ACC01055,CUST03245,BR013,Savings,2025-08-22,13423.01,Dormant
ACC01056,CUST06550,BR007,Savings,2025-08-02,12034.57,Closed
ACC01057,CUST01347,BR025,Salary,2021-07-22,13122.87,Dormant
ACC01058,CUST00903,BR035,Salary,2023-02-07,30360.88,Dormant
ACC01059,CUST04863,BR030,Savings,2022-03-22,35926.85,Active
ACC01060,CUST01651,BR030,Savings,2024-08-17,15779.19,Dormant
ACC01061,CUST00303,BR029,Fixed Deposit,2019-05-01,95131.86,Closed
ACC01062,CUST05192,BR060,Savings,2023-03-13,1696.48,Dormant
ACC01063,CUST01283,BR013,Salary,2019-02-08,29855.85,Active
ACC01064,CUST06843,BR014,Current,2022-07-05,6375.94,Closed
ACC01065,CUST07206,BR002,Savings,2021-07-21,15895.69,Active
ACC01066,CUST04663,BR001,Salary,2020-02-28,6101.14,Active
ACC01067,CUST05778,BR011,Salary,2025-11-21,5397.67,Active
ACC01068,CUST02295,BR007,Current,2022-12-23,115939.85,Closed
ACC01069,CUST04151,BR059,Fixed Deposit,2020-09-10,45223.82,Active
ACC01070,CUST00686,BR056,Savings,2019-12-10,30087.15,Dormant
ACC01071,CUST00623,BR007,Savings,2025-01-22,21115.69,Active
ACC01072,CUST05741,BR039,Savings,2022-11-08,33837.9,Active
ACC01073,CUST03178,BR027,Salary,2025-09-28,14097.82,Closed
ACC01074,CUST06906,BR015,Savings,2020-01-20,6941.73,Closed
ACC01075,CUST02215,BR056,Savings,2025-02-24,53994.64,Closed
ACC01076,CUST00801,BR020,Current,2020-06-12,22164.42,Closed
ACC01077,CUST07272,BR052,Current,2019-02-16,7657.33,Dormant
ACC01078,CUST04390,BR038,Savings,2019-12-26,14983.37,Dormant
ACC01079,CUST06053,BR020,Savings,2019-03-09,85023.57,Dormant
ACC01080,CUST02061,BR039,Current,2022-09-22,84984.29,Active
ACC01081,CUST01138,BR019,Current,2025-12-09,25625.62,Dormant
ACC01082,CUST05413,BR039,Current,2025-07-01,25610.11,Dormant
ACC01083,CUST03269,BR057,Savings,2020-05-10,16490.31,Dormant
ACC01084,CUST00244,BR004,Savings,2025-05-18,142781.85,Dormant
ACC01085,CUST00676,BR045,Savings,2025-04-04,31062.04,Dormant
ACC01086,CUST00217,BR048,Salary,2022-11-27,18052.31,Active
ACC01087,CUST07587,BR040,Savings,2023-09-07,55673.25,Active
ACC01088,CUST06202,BR056,Savings,2020-03-27,27307.32,Closed
ACC01089,CUST07970,BR053,Salary,2023-11-11,11144.16,Dormant
ACC01090,CUST04308,BR041,Savings,2019-04-18,18458.59,Dormant
ACC01091,CUST02494,BR021,Savings,2022-11-13,20651.82,Closed
ACC01092,CUST04741,BR033,Fixed Deposit,2019-09-16,58551.77,Closed
ACC01093,CUST07707,BR041,Salary,2021-09-25,22233.17,Active
ACC01094,CUST05243,BR020,Salary,2021-05-06,13854.45,Active
ACC01095,CUST02611,BR001,Fixed Deposit,2022-12-15,92928.35,Active
ACC01096,CUST07125,BR008,Savings,2024-03-18,20483.09,Dormant
ACC01097,CUST07420,BR033,Fixed Deposit,2020-02-14,62766.77,Dormant
ACC01098,CUST01169,BR027,Salary,2024-12-11,3298.62,Dormant
ACC01099,CUST01422,BR059,Fixed Deposit,2022-10-23,103755.93,Dormant
ACC01100,CUST05456,BR027,Savings,2025-06-15,30086.73,Closed
ACC01101,CUST04679,BR047,Salary,2020-08-22,26865.74,Closed
ACC01102,CUST00528,BR037,Savings,2022-01-20,1625.17,Dormant
ACC01103,CUST03070,BR026,Savings,2024-12-14,144283.77,Active
ACC01104,CUST03048,BR027,Current,2020-10-06,31584.14,Closed
ACC01105,CUST03636,BR041,Savings,2025-12-21,59716.55,Dormant
ACC01106,CUST05856,BR027,Salary,2020-01-19,6451.49,Active
ACC01107,CUST04149,BR037,Fixed Deposit,2020-04-22,86479.64,Active
ACC01108,CUST01067,BR042,Savings,2024-08-07,8534.96,Closed
ACC01109,CUST02552,BR003,Savings,2024-12-21,12564.21,Closed
ACC01110,CUST04769,BR015,Salary,2022-09-25,51012.29,Closed
ACC01111,CUST05934,BR002,Savings,2021-10-17,18552.98,Active
ACC01112,CUST05000,BR002,Savings,2024-02-14,26787.47,Closed
ACC01113,CUST07395,BR055,Current,2022-07-21,86687.74,Closed
ACC01114,CUST02221,BR056,Savings,2019-03-19,34410.39,Closed
ACC01115,CUST07561,BR041,Savings,2020-05-31,25219.61,Active
ACC01116,CUST03720,BR032,Savings,2024-11-12,30591.12,Dormant
ACC01117,CUST00396,BR012,Savings,2023-07-25,191582.54,Active
ACC01118,CUST03892,BR054,Savings,2020-01-16,20913.35,Active
ACC01119,CUST06811,BR045,Current,2023-05-09,44404.63,Closed
ACC01120,CUST00436,BR044,Current,2020-09-01,103844.97,Dormant
ACC01121,CUST01991,BR012,Current,2023-02-27,109702.34,Dormant
ACC01122,CUST06902,BR050,Savings,2024-03-06,64108.18,Closed
ACC01123,CUST07184,BR031,Savings,2021-11-08,39138.32,Closed
ACC01124,CUST07015,BR001,Savings,2020-11-06,7873.8,Active
ACC01125,CUST04293,BR027,Savings,2025-09-29,95806.75,Closed
ACC01126,CUST01028,BR029,Savings,2019-01-27,7850.16,Dormant
ACC01127,CUST02777,BR031,Savings,2020-10-14,28922.41,Closed
ACC01128,CUST05071,BR059,Current,2023-11-23,17081.04,Dormant
ACC01129,CUST01203,BR034,Savings,2022-06-13,20791.0,Active
ACC01130,CUST06701,BR047,Current,2024-03-03,50451.23,Closed
ACC01131,CUST05971,BR053,Savings,2019-06-27,29413.87,Dormant
ACC01132,CUST01381,BR034,Savings,2024-09-24,32200.22,Closed
ACC01133,CUST04883,BR011,Savings,2025-05-24,94121.35,Closed
ACC01134,CUST03240,BR057,Savings,2020-09-24,33129.55,Closed
ACC01135,CUST02429,BR008,Fixed Deposit,2023-01-04,51715.15,Dormant
ACC01136,CUST07605,BR008,Current,2024-04-20,95233.51,Active
ACC01137,CUST03893,BR028,Savings,2025-05-21,64249.13,Dormant
ACC01138,CUST03792,BR054,Savings,2024-12-28,7296.52,Closed
ACC01139,CUST01123,BR024,Savings,2022-11-26,37709.23,Dormant
ACC01140,CUST07001,BR022,Fixed Deposit,2021-12-14,91190.28,Dormant
ACC01141,CUST07473,BR024,Current,2024-09-01,26968.82,Active
ACC01142,CUST00534,BR018,Savings,2019-08-21,75973.22,Closed
ACC01143,CUST07576,BR039,Fixed Deposit,2021-07-26,54719.02,Active
ACC01144,CUST00843,BR035,Current,2021-08-28,41174.58,Active
ACC01145,CUST07145,BR042,Fixed Deposit,2021-10-15,53968.56,Active
ACC01146,CUST02680,BR043,Savings,2023-04-08,22337.48,Dormant
ACC01147,CUST02155,BR035,Savings,2021-08-04,8212.01,Closed
ACC01148,CUST04123,BR036,Savings,2024-08-07,6026.7,Active
ACC01149,CUST04948,BR007,Savings,2020-12-11,92508.38,Dormant
ACC01150,CUST07741,BR006,Savings,2023-10-12,10277.73,Closed
ACC01151,CUST03820,BR048,Savings,2023-08-12,9024.94,Dormant
ACC01152,CUST05474,BR059,Salary,2020-02-19,2959.06,Dormant
ACC01153,CUST05374,BR024,Salary,2020-05-27,8541.8,Dormant
ACC01154,CUST07009,BR053,Current,2025-11-17,9671.22,Dormant
ACC01155,CUST05731,BR023,Savings,2020-03-18,96549.74,Active
ACC01156,CUST05363,BR050,Salary,2025-04-27,27088.7,Active
ACC01157,CUST02242,BR060,Savings,2025-07-06,11856.89,Dormant
ACC01158,CUST06713,BR057,Savings,2019-07-18,167241.18,Dormant
ACC01159,CUST02506,BR056,Savings,2023-01-06,53294.53,Closed
ACC01160,CUST00459,BR001,Salary,2023-10-24,10642.58,Active
ACC01161,CUST01587,BR001,Fixed Deposit,2025-09-04,13364.49,Closed
ACC01162,CUST02517,BR016,Salary,2021-08-10,66413.78,Dormant
ACC01163,CUST04311,BR026,Savings,2023-10-21,6306.81,Dormant
ACC01164,CUST04468,BR033,Fixed Deposit,2025-10-02,22309.34,Active
ACC01165,CUST02393,BR053,Savings,2021-11-17,55288.12,Closed
ACC01166,CUST03224,BR039,Fixed Deposit,2021-10-13,258810.51,Closed
ACC01167,CUST05820,BR017,Savings,2024-04-28,76561.19,Active
ACC01168,CUST03625,BR034,Savings,2021-07-26,36589.56,Closed
ACC01169,CUST01557,BR053,Savings,2019-12-25,37619.54,Dormant
ACC01170,CUST00543,BR008,Savings,2023-05-07,47480.48,Closed
ACC01171,CUST00463,BR028,Current,2023-05-11,77569.42,Closed
ACC01172,CUST01370,BR060,Salary,2019-11-28,16266.03,Dormant
ACC01173,CUST05073,BR029,Salary,2022-01-24,14370.61,Closed
ACC01174,CUST03272,BR032,Savings,2022-11-05,20819.93,Dormant
ACC01175,CUST06533,BR020,Fixed Deposit,2019-01-01,38086.73,Dormant
ACC01176,CUST00271,BR042,Savings,2019-06-03,17109.56,Active
ACC01177,CUST07841,BR003,Savings,2020-09-14,4799.84,Dormant
ACC01178,CUST07698,BR001,Current,2021-01-28,32914.23,Active
ACC01179,CUST07813,BR008,Savings,2025-10-07,9047.72,Active
ACC01180,CUST06483,BR025,Salary,2025-04-04,6170.21,Dormant
ACC01181,CUST07233,BR001,Salary,2025-10-20,15152.58,Active
ACC01182,CUST04772,BR004,Salary,2020-10-30,35397.68,Active
ACC01183,CUST01227,BR027,Salary,2023-08-22,25408.06,Active
ACC01184,CUST05768,BR018,Savings,2022-06-18,5359.09,Dormant
ACC01185,CUST00293,BR041,Current,2019-05-17,13499.01,Closed
ACC01186,CUST03922,BR038,Current,2020-08-26,93038.73,Closed
ACC01187,CUST02877,BR055,Current,2020-05-30,13595.75,Active
ACC01188,CUST01365,BR005,Fixed Deposit,2022-08-31,52324.51,Active
ACC01189,CUST00213,BR031,Salary,2021-12-09,19634.36,Closed
ACC01190,CUST07146,BR016,Savings,2021-06-04,9214.1,Active
ACC01191,CUST02993,BR027,Fixed Deposit,2024-09-18,63781.94,Active
ACC01192,CUST05642,BR053,Savings,2020-05-24,6630.11,Dormant
ACC01193,CUST03720,BR054,Salary,2022-06-07,8769.57,Dormant
ACC01194,CUST00699,BR041,Savings,2023-10-02,29372.19,Active
ACC01195,CUST00959,BR019,Salary,2025-04-28,4380.44,Closed
ACC01196,CUST02506,BR044,Current,2022-01-07,56414.12,Dormant
ACC01197,CUST05292,BR006,Savings,2025-06-03,21640.59,Closed
ACC01198,CUST01831,BR027,Fixed Deposit,2020-02-05,83407.54,Dormant
ACC01199,CUST05542,BR021,Savings,2020-11-30,26944.18,Closed
ACC01200,CUST06909,BR041,Savings,2019-09-20,75186.46,Dormant
ACC01201,CUST05481,BR008,Fixed Deposit,2022-09-07,64546.08,Closed
ACC01202,CUST00242,BR059,Savings,2022-04-25,14965.98,Dormant
ACC01203,CUST07166,BR030,Savings,2022-02-28,24589.33,Closed
ACC01204,CUST00134,BR056,Savings,2021-02-15,35917.08,Closed
ACC01205,CUST01862,BR030,Savings,2020-01-07,23016.67,Active
ACC01206,CUST05217,BR011,Savings,2023-09-20,22846.03,Closed
ACC01207,CUST00637,BR015,Savings,2024-11-06,11710.11,Closed
ACC01208,CUST01722,BR040,Savings,2024-01-07,12129.42,Active
ACC01209,CUST00741,BR027,Savings,2023-10-16,6233.26,Active
ACC01210,CUST05413,BR040,Current,2023-02-24,208892.85,Closed
ACC01211,CUST02435,BR011,Savings,2021-10-19,7190.55,Dormant
ACC01212,CUST06160,BR009,Salary,2021-08-28,8225.27,Dormant
ACC01213,CUST00113,BR040,Savings,2019-04-28,11538.37,Closed
ACC01214,CUST03180,BR023,Current,2025-07-25,88869.51,Closed
ACC01215,CUST07379,BR021,Current,2022-02-22,27039.4,Dormant
ACC01216,CUST00030,BR036,Fixed Deposit,2025-07-26,126581.96,Closed
ACC01217,CUST02597,BR036,Current,2024-10-24,18518.2,Active
ACC01218,CUST06699,BR008,Current,2022-06-09,48001.82,Closed
ACC01219,CUST06334,BR042,Current,2023-10-12,15750.9,Active
ACC01220,CUST00095,BR033,Savings,2024-05-14,151847.84,Dormant
ACC01221,CUST01121,BR043,Salary,2020-04-09,5817.82,Closed
ACC01222,CUST07462,BR033,Savings,2025-04-15,29110.05,Closed
ACC01223,CUST04833,BR022,Savings,2025-07-29,38964.22,Active
ACC01224,CUST00278,BR012,Salary,2021-07-09,17848.23,Closed
ACC01225,CUST04470,BR048,Savings,2025-08-22,18643.28,Active
ACC01226,CUST03016,BR019,Savings,2025-12-10,19597.58,Closed
ACC01227,CUST03977,BR001,Savings,2022-07-30,22912.33,Dormant
ACC01228,CUST02961,BR013,Savings,2020-11-28,19296.87,Active
ACC01229,CUST01976,BR042,Salary,2019-05-04,26231.48,Closed
ACC01230,CUST00990,BR029,Savings,2024-08-19,161050.09,Closed
ACC01231,CUST04640,BR021,Fixed Deposit,2024-06-10,42851.89,Dormant
ACC01232,CUST07388,BR014,Fixed Deposit,2020-08-13,26320.89,Dormant
ACC01233,CUST04073,BR034,Savings,2020-10-13,20344.1,Dormant
ACC01234,CUST02890,BR038,Fixed Deposit,2024-01-27,281482.51,Dormant
ACC01235,CUST04297,BR057,Savings,2025-06-13,10686.03,Closed
ACC01236,CUST06248,BR005,Savings,2022-12-29,96298.22,Active
ACC01237,CUST05677,BR015,Savings,2023-11-25,99700.97,Closed
ACC01238,CUST06661,BR011,Current,2021-06-16,20877.18,Active
ACC01239,CUST05137,BR033,Savings,2021-06-06,36757.03,Dormant
ACC01240,CUST02934,BR033,Savings,2021-07-07,95373.59,Dormant
ACC01241,CUST06448,BR016,Current,2020-09-06,24856.44,Closed
ACC01242,CUST02713,BR048,Salary,2022-03-23,11585.32,Closed
ACC01243,CUST06525,BR038,Savings,2020-03-09,13049.27,Closed
ACC01244,CUST02114,BR054,Savings,2023-01-18,8837.14,Closed
ACC01245,CUST05893,BR030,Savings,2024-12-17,12279.05,Dormant
ACC01246,CUST07693,BR035,Savings,2023-02-12,7320.65,Active
ACC01247,CUST05675,BR030,Savings,2020-01-30,22712.6,Active
ACC01248,CUST02731,BR012,Savings,2019-11-01,11015.12,Closed
ACC01249,CUST06068,BR029,Salary,2019-03-18,15735.12,Closed
ACC01250,CUST00317,BR002,Salary,2019-01-05,4495.68,Active
ACC01251,CUST02011,BR022,Current,2024-04-28,50558.19,Dormant
ACC01252,CUST07956,BR007,Savings,2020-12-08,46638.24,Closed
ACC01253,CUST03217,BR015,Savings,2022-06-06,3661.54,Closed
ACC01254,CUST04034,BR057,Salary,2024-08-28,17358.54,Active
ACC01255,CUST03475,BR059,Salary,2019-06-03,31551.24,Closed
ACC01256,CUST05515,BR003,Salary,2025-10-25,5728.74,Closed
ACC01257,CUST02481,BR047,Current,2023-02-20,193410.93,Closed
ACC01258,CUST02940,BR047,Savings,2024-08-26,32116.24,Active
ACC01259,CUST02423,BR049,Savings,2020-02-17,11678.32,Dormant
ACC01260,CUST07160,BR048,Savings,2024-04-07,20948.2,Active
ACC01261,CUST00684,BR036,Current,2021-05-08,63470.27,Closed
ACC01262,CUST04569,BR032,Salary,2020-05-27,14089.76,Active
ACC01263,CUST03969,BR044,Savings,2025-01-26,35770.56,Active
ACC01264,CUST03300,BR001,Savings,2023-04-06,9618.02,Dormant
ACC01265,CUST06953,BR035,Fixed Deposit,2022-01-24,66278.21,Dormant
ACC01266,CUST04469,BR032,Current,2025-11-02,8833.31,Active
ACC01267,CUST00713,BR029,Savings,2020-07-02,19928.31,Active
ACC01268,CUST00239,BR027,Salary,2022-02-15,7095.84,Closed
ACC01269,CUST04536,BR002,Savings,2020-10-18,11361.92,Dormant
ACC01270,CUST02329,BR014,Savings,2024-09-19,67002.41,Closed
ACC01271,CUST02977,BR025,Current,2020-06-06,108153.86,Closed
ACC01272,CUST07926,BR032,Salary,2021-12-23,20463.47,Closed
ACC01273,CUST02014,BR058,Fixed Deposit,2022-04-01,31089.09,Active
ACC01274,CUST07131,BR004,Fixed Deposit,2022-09-16,49521.14,Active
ACC01275,CUST01335,BR019,Savings,2025-07-17,65629.98,Active
ACC01276,CUST02892,BR003,Current,2021-05-13,41844.55,Closed
ACC01277,CUST06992,BR045,Savings,2019-08-21,177619.09,Active
ACC01278,CUST07009,BR054,Savings,2021-08-12,31381.88,Dormant
ACC01279,CUST00102,BR039,Savings,2023-04-22,26182.44,Closed
ACC01280,CUST01414,BR022,Current,2020-10-25,26659.04,Dormant
ACC01281,CUST00557,BR031,Savings,2023-02-10,24839.41,Dormant
ACC01282,CUST00712,BR034,Fixed Deposit,2020-07-10,54639.81,Closed
ACC01283,CUST01457,BR060,Current,2024-01-24,73725.84,Active
ACC01284,CUST00452,BR010,Savings,2021-06-10,52105.83,Dormant
ACC01285,CUST06147,BR042,Savings,2025-10-04,10857.48,Closed
ACC01286,CUST04654,BR051,Savings,2020-09-26,6646.8,Active
ACC01287,CUST04806,BR044,Savings,2023-12-25,4219.26,Closed
ACC01288,CUST02295,BR044,Current,2022-09-06,60354.53,Active
ACC01289,CUST07618,BR055,Fixed Deposit,2020-08-22,30883.58,Dormant
ACC01290,CUST03445,BR042,Current,2019-01-11,4217.97,Dormant
ACC01291,CUST06659,BR035,Savings,2019-01-31,31248.32,Dormant
ACC01292,CUST07610,BR045,Savings,2022-03-28,207668.76,Closed
ACC01293,CUST05484,BR009,Salary,2024-02-03,13303.07,Active
ACC01294,CUST04045,BR032,Savings,2023-02-27,46846.97,Closed
ACC01295,CUST04692,BR040,Savings,2021-08-19,23709.86,Active
ACC01296,CUST00722,BR012,Savings,2025-07-17,20150.8,Closed
ACC01297,CUST02592,BR008,Savings,2023-10-27,50370.9,Closed
ACC01298,CUST05551,BR056,Savings,2022-01-06,16962.37,Active
ACC01299,CUST01635,BR005,Salary,2020-11-05,16109.66,Dormant
ACC01300,CUST07478,BR009,Savings,2024-01-18,29422.88,Dormant
ACC01301,CUST07915,BR033,Fixed Deposit,2022-02-24,40100.57,Dormant
ACC01302,CUST03291,BR046,Savings,2023-05-02,53789.74,Closed
ACC01303,CUST02667,BR022,Savings,2024-01-23,18817.38,Dormant
ACC01304,CUST05381,BR005,Current,2021-08-08,17055.96,Dormant
ACC01305,CUST01048,BR022,Savings,2020-07-30,35698.32,Closed
ACC01306,CUST02613,BR043,Savings,2025-01-03,9812.17,Dormant
ACC01307,CUST06079,BR049,Fixed Deposit,2019-11-21,60895.14,Dormant
ACC01308,CUST02510,BR051,Current,2021-12-22,35985.85,Dormant
ACC01309,CUST05662,BR054,Salary,2019-02-04,28570.41,Closed
ACC01310,CUST02427,BR028,Fixed Deposit,2023-02-28,79603.95,Active
ACC01311,CUST02097,BR054,Savings,2022-05-15,21535.88,Closed
ACC01312,CUST01252,BR010,Salary,2025-04-19,23681.19,Active
ACC01313,CUST05360,BR015,Salary,2023-09-22,35353.24,Active
ACC01314,CUST01393,BR037,Savings,2022-03-31,36389.27,Closed
ACC01315,CUST00200,BR053,Savings,2025-08-30,22232.65,Dormant
ACC01316,CUST05667,BR053,Salary,2025-03-21,5333.24,Dormant
ACC01317,CUST05483,BR053,Savings,2021-04-28,8445.57,Dormant
ACC01318,CUST01336,BR003,Savings,2025-03-05,16735.67,Closed
ACC01319,CUST03722,BR026,Salary,2019-12-15,8719.71,Active
ACC01320,CUST05607,BR057,Current,2023-11-09,30122.53,Active
ACC01321,CUST00318,BR011,Salary,2023-09-28,13900.15,Dormant
ACC01322,CUST07138,BR047,Salary,2022-11-09,19356.53,Active
ACC01323,CUST02988,BR045,Current,2019-11-10,33843.47,Closed
ACC01324,CUST06816,BR055,Current,2025-03-01,59071.37,Dormant
ACC01325,CUST06712,BR055,Fixed Deposit,2025-12-10,62235.74,Active
ACC01326,CUST05389,BR029,Savings,2021-12-23,3722.24,Closed
ACC01327,CUST03279,BR036,Savings,2021-08-22,9457.83,Closed
ACC01328,CUST05797,BR051,Savings,2020-05-09,19347.55,Closed
ACC01329,CUST02825,BR007,Savings,2025-07-20,7415.11,Active
ACC01330,CUST07322,BR017,Savings,2023-11-30,37795.14,Active
ACC01331,CUST00401,BR033,Salary,2019-01-27,39008.14,Dormant
ACC01332,CUST04448,BR043,Savings,2020-01-12,65965.4,Active
ACC01333,CUST05987,BR032,Salary,2020-06-09,11505.61,Dormant
ACC01334,CUST05703,BR018,Savings,2019-06-18,84259.24,Active
ACC01335,CUST06181,BR008,Savings,2023-11-18,25179.88,Dormant
ACC01336,CUST01929,BR041,Savings,2019-09-24,16262.59,Active
ACC01337,CUST06009,BR059,Fixed Deposit,2021-12-31,41438.2,Closed
ACC01338,CUST03034,BR022,Savings,2025-10-23,16777.22,Closed
ACC01339,CUST07219,BR013,Salary,2021-07-07,10180.98,Closed
ACC01340,CUST00831,BR057,Savings,2019-03-21,25677.61,Active
ACC01341,CUST06526,BR019,Savings,2023-05-01,25451.16,Closed
ACC01342,CUST03263,BR018,Savings,2023-11-02,22086.93,Active
ACC01343,CUST06786,BR022,Current,2019-04-22,56214.96,Active
ACC01344,CUST02455,BR021,Savings,2025-06-09,64317.15,Dormant
ACC01345,CUST05376,BR052,Savings,2021-04-10,51771.69,Closed
ACC01346,CUST00066,BR018,Savings,2020-02-08,5788.29,Active
ACC01347,CUST01556,BR033,Salary,2022-08-20,2235.58,Active
ACC01348,CUST07435,BR037,Savings,2019-01-12,51066.7,Closed
ACC01349,CUST03365,BR046,Salary,2020-03-05,5131.66,Dormant
ACC01350,CUST01849,BR022,Salary,2025-12-08,11414.78,Closed
ACC01351,CUST04009,BR008,Salary,2024-05-08,5889.47,Dormant
ACC01352,CUST01283,BR056,Savings,2023-04-15,4351.25,Dormant
ACC01353,CUST00484,BR058,Salary,2023-05-12,19516.66,Active
ACC01354,CUST02626,BR037,Savings,2021-11-12,43618.63,Dormant
ACC01355,CUST02208,BR030,Current,2024-04-21,20404.07,Active
ACC01356,CUST04376,BR058,Salary,2019-05-08,2178.24,Closed
ACC01357,CUST06862,BR039,Salary,2021-03-07,9114.56,Dormant
ACC01358,CUST01269,BR021,Current,2023-10-24,53734.15,Active
ACC01359,CUST03210,BR047,Savings,2025-04-21,5819.56,Active
ACC01360,CUST06969,BR032,Current,2019-03-13,43623.88,Active
ACC01361,CUST02506,BR036,Fixed Deposit,2019-07-08,59326.66,Active
ACC01362,CUST04074,BR002,Salary,2021-09-05,20040.37,Dormant
ACC01363,CUST07158,BR018,Salary,2022-12-14,14526.16,Closed
ACC01364,CUST03902,BR026,Savings,2019-06-26,9175.0,Dormant
ACC01365,CUST08006,BR009,Salary,2020-12-09,30871.85,Active
ACC01366,CUST05597,BR058,Savings,2022-11-13,19097.7,Dormant
ACC01367,CUST07490,BR013,Fixed Deposit,2022-06-06,58901.23,Dormant
ACC01368,CUST03951,BR036,Fixed Deposit,2019-08-18,34201.99,Active
ACC01369,CUST02615,BR012,Savings,2019-02-14,14780.23,Dormant
ACC01370,CUST02432,BR035,Savings,2025-12-18,9933.59,Active
ACC01371,CUST02760,BR033,Fixed Deposit,2021-02-08,53972.63,Closed
ACC01372,CUST03972,BR047,Current,2021-12-24,201130.35,Dormant
ACC01373,CUST04908,BR008,Fixed Deposit,2023-07-12,26287.78,Dormant
ACC01374,CUST07842,BR021,Current,2019-11-28,7233.21,Dormant
ACC01375,CUST02469,BR017,Savings,2021-07-16,82789.23,Active
ACC01376,CUST05822,BR013,Savings,2021-12-13,18244.31,Closed
ACC01377,CUST04178,BR042,Salary,2025-05-08,8363.64,Active
ACC01378,CUST06249,BR017,Salary,2024-06-24,27665.27,Dormant
ACC01379,CUST01051,BR058,Current,2024-09-01,19818.76,Closed
ACC01380,CUST00843,BR024,Salary,2023-04-06,47964.04,Dormant
ACC01381,CUST02456,BR022,Salary,2025-01-29,21472.92,Active
ACC01382,CUST06588,BR031,Fixed Deposit,2024-02-23,44678.74,Closed
ACC01383,CUST01512,BR002,Savings,2023-11-22,153518.66,Closed
ACC01384,CUST06602,BR038,Savings,2021-12-28,12770.03,Active
ACC01385,CUST02181,BR008,Savings,2022-08-04,42954.03,Active
ACC01386,CUST02373,BR034,Current,2019-08-30,48986.14,Active
ACC01387,CUST03175,BR002,Savings,2019-02-23,71080.42,Closed
ACC01388,CUST05795,BR032,Fixed Deposit,2020-06-01,152803.29,Dormant
ACC01389,CUST00253,BR033,Fixed Deposit,2025-04-10,61034.98,Active
ACC01390,CUST07732,BR054,Savings,2019-08-03,11180.47,Active
ACC01391,CUST05520,BR037,Savings,2021-06-14,33322.06,Active
ACC01392,CUST04265,BR021,Savings,2025-09-27,11968.77,Active
ACC01393,CUST06932,BR021,Savings,2020-08-05,134867.56,Closed
ACC01394,CUST07791,BR026,Current,2020-10-08,41628.29,Active
ACC01395,CUST04437,BR011,Savings,2019-11-05,15854.53,Dormant
ACC01396,CUST03707,BR032,Savings,2020-05-18,26009.37,Dormant
ACC01397,CUST02694,BR016,Salary,2021-07-18,5203.11,Closed
ACC01398,CUST03644,BR035,Salary,2025-09-01,6767.39,Active
ACC01399,CUST01808,BR026,Savings,2024-11-26,64885.05,Dormant
ACC01400,CUST01965,BR040,Salary,2025-01-03,8435.24,Active
ACC01401,CUST01310,BR052,Current,2021-02-09,12747.48,Active
ACC01402,CUST03373,BR038,Savings,2022-10-08,35702.91,Dormant
ACC01403,CUST00885,BR031,Savings,2021-04-30,64031.71,Active
ACC01404,CUST00420,BR045,Savings,2023-02-16,42068.65,Dormant
ACC01405,CUST02529,BR017,Savings,2025-03-16,53984.0,Closed
ACC01406,CUST03312,BR036,Current,2024-06-10,17038.06,Dormant
ACC01407,CUST04269,BR010,Current,2025-02-15,8762.09,Dormant
ACC01408,CUST02600,BR058,Current,2021-05-05,162971.99,Closed
ACC01409,CUST05598,BR013,Fixed Deposit,2020-02-03,49335.15,Closed
ACC01410,CUST07265,BR054,Current,2025-12-08,28258.99,Active
ACC01411,CUST06109,BR048,Savings,2019-12-22,72792.97,Dormant
ACC01412,CUST05787,BR032,Savings,2020-09-24,36337.55,Active
ACC01413,CUST04378,BR014,Salary,2020-02-13,18381.89,Closed
ACC01414,CUST03093,BR045,Savings,2024-08-23,154585.42,Dormant
ACC01415,CUST04831,BR019,Savings,2019-12-23,12342.87,Active
ACC01416,CUST07038,BR001,Current,2020-06-11,91843.39,Active
ACC01417,CUST07128,BR019,Savings,2020-04-02,23186.18,Dormant
ACC01418,CUST00782,BR005,Savings,2023-10-24,28049.7,Active
ACC01419,CUST04564,BR036,Current,2023-02-21,167454.75,Dormant
ACC01420,CUST06441,BR042,Savings,2023-03-07,34788.85,Closed
ACC01421,CUST06137,BR057,Current,2023-07-28,62211.56,Dormant
ACC01422,CUST00886,BR037,Savings,2020-10-15,57829.63,Closed
ACC01423,CUST03546,BR042,Savings,2019-02-08,15859.79,Active
ACC01424,CUST05495,BR054,Savings,2023-09-20,10349.68,Closed
ACC01425,CUST04305,BR003,Salary,2020-07-21,6429.38,Closed
ACC01426,CUST05534,BR029,Salary,2021-05-06,3372.97,Closed
ACC01427,CUST06105,BR047,Fixed Deposit,2023-07-23,205607.5,Dormant
ACC01428,CUST03149,BR012,Current,2025-06-22,12049.66,Active
ACC01429,CUST01666,BR030,Fixed Deposit,2019-10-03,52430.71,Active
ACC01430,CUST04466,BR051,Savings,2025-07-30,17169.13,Closed
ACC01431,CUST00586,BR043,Savings,2023-03-29,29046.87,Dormant
ACC01432,CUST01749,BR049,Fixed Deposit,2019-07-09,97679.04,Closed
ACC01433,CUST04369,BR012,Savings,2019-02-10,47783.04,Closed
ACC01434,CUST02248,BR032,Current,2021-06-22,20270.51,Active
ACC01435,CUST00780,BR038,Savings,2025-06-16,18950.59,Closed
ACC01436,CUST00227,BR055,Savings,2024-09-19,28405.04,Closed
ACC01437,CUST01447,BR018,Savings,2025-02-19,17609.22,Active
ACC01438,CUST05250,BR053,Savings,2023-09-14,93583.65,Dormant
ACC01439,CUST01206,BR002,Savings,2019-09-16,34264.92,Closed
ACC01440,CUST04820,BR002,Savings,2024-06-04,42675.92,Active
ACC01441,CUST06004,BR018,Salary,2020-07-26,21247.98,Dormant
ACC01442,CUST01418,BR060,Salary,2019-07-23,30376.72,Closed
ACC01443,CUST04673,BR052,Savings,2019-02-12,25923.87,Closed
ACC01444,CUST00212,BR043,Savings,2019-11-03,6855.81,Dormant
ACC01445,CUST06889,BR019,Current,2025-08-26,54159.46,Closed
ACC01446,CUST03357,BR009,Savings,2023-07-27,12256.1,Closed
ACC01447,CUST07749,BR027,Savings,2023-08-07,13687.59,Dormant
ACC01448,CUST01956,BR041,Savings,2021-12-24,37336.54,Active
ACC01449,CUST06299,BR024,Savings,2023-01-05,67134.6,Closed
ACC01450,CUST04266,BR050,Fixed Deposit,2019-09-10,60643.21,Active
ACC01451,CUST06960,BR037,Current,2019-10-15,49455.72,Dormant
ACC01452,CUST05862,BR049,Savings,2020-03-08,101925.09,Dormant
ACC01453,CUST00574,BR030,Savings,2023-12-12,27355.64,Active
ACC01454,CUST01990,BR043,Savings,2023-10-30,229008.59,Dormant
ACC01455,CUST05126,BR027,Savings,2025-12-21,36642.3,Closed
ACC01456,CUST05384,BR051,Current,2023-11-02,6243.13,Dormant
ACC01457,CUST06544,BR042,Savings,2021-09-11,43391.01,Dormant
ACC01458,CUST00157,BR018,Savings,2019-07-12,31040.33,Closed
ACC01459,CUST06844,BR007,Savings,2020-07-04,70317.61,Dormant
ACC01460,CUST06516,BR026,Savings,2023-05-29,40370.85,Active
ACC01461,CUST02019,BR003,Savings,2023-01-21,19445.86,Closed
ACC01462,CUST04106,BR022,Savings,2021-04-07,7318.29,Closed
ACC01463,CUST05097,BR042,Savings,2021-08-12,18249.25,Active
ACC01464,CUST06693,BR053,Savings,2020-05-17,10244.86,Closed
ACC01465,CUST02128,BR047,Current,2024-06-09,20322.35,Dormant
ACC01466,CUST01931,BR042,Fixed Deposit,2021-06-14,85233.26,Active
ACC01467,CUST04901,BR038,Salary,2019-10-12,42999.04,Active
ACC01468,CUST02005,BR027,Savings,2019-06-02,31420.14,Dormant
ACC01469,CUST00964,BR039,Savings,2023-12-28,7507.86,Closed
ACC01470,CUST06919,BR043,Salary,2019-09-10,18237.26,Dormant
ACC01471,CUST00978,BR040,Savings,2024-05-04,64664.54,Closed
ACC01472,CUST05962,BR004,Fixed Deposit,2019-11-26,41528.29,Closed
ACC01473,CUST03816,BR052,Current,2023-08-13,31760.63,Dormant
ACC01474,CUST05363,BR038,Fixed Deposit,2021-04-01,60404.14,Dormant
ACC01475,CUST05324,BR006,Savings,2022-10-27,10868.15,Dormant
ACC01476,CUST03994,BR049,Current,2021-12-17,69444.31,Active
ACC01477,CUST07957,BR029,Salary,2020-06-23,12275.2,Active
ACC01478,CUST07672,BR041,Current,2024-09-30,55244.96,Dormant
ACC01479,CUST01461,BR041,Savings,2024-02-21,9909.58,Closed
ACC01480,CUST00520,BR013,Savings,2022-11-05,14857.91,Dormant
ACC01481,CUST06648,BR020,Current,2023-09-11,74785.65,Dormant
ACC01482,CUST06114,BR049,Savings,2021-06-26,15747.71,Dormant
ACC01483,CUST02265,BR060,Savings,2021-08-04,104220.85,Dormant
ACC01484,CUST00684,BR030,Savings,2025-09-15,15372.38,Active
ACC01485,CUST07232,BR033,Savings,2024-05-09,26962.88,Closed
ACC01486,CUST07946,BR001,Savings,2020-09-29,50987.29,Dormant
ACC01487,CUST00883,BR060,Savings,2020-12-01,6145.47,Closed
ACC01488,CUST00909,BR056,Fixed Deposit,2019-07-05,20816.78,Active
ACC01489,CUST06159,BR021,Fixed Deposit,2021-08-23,23971.15,Dormant
ACC01490,CUST02388,BR005,Salary,2020-04-13,32331.88,Active
ACC01491,CUST01407,BR012,Savings,2021-07-05,13404.26,Closed
ACC01492,CUST01103,BR005,Savings,2025-06-07,220219.35,Active
ACC01493,CUST01219,BR059,Savings,2025-11-09,13255.62,Active
ACC01494,CUST03757,BR001,Salary,2025-09-11,15202.06,Closed
ACC01495,CUST05117,BR056,Savings,2020-12-14,88247.35,Dormant
ACC01496,CUST02005,BR016,Savings,2021-03-12,133985.06,Active
ACC01497,CUST05448,BR058,Savings,2019-02-19,140836.26,Active
ACC01498,CUST06637,BR014,Savings,2022-08-15,65351.1,Active
ACC01499,CUST00983,BR010,Savings,2019-06-17,55362.42,Dormant
ACC01500,CUST06876,BR009,Savings,2020-01-20,37544.2,Dormant
ACC01501,CUST07857,BR020,Salary,2023-07-18,23036.9,Active
ACC01502,CUST00178,BR026,Savings,2025-08-21,13412.37,Closed
ACC01503,CUST04195,BR033,Salary,2021-10-23,7534.6,Dormant
ACC01504,CUST05660,BR028,Current,2020-11-25,36193.16,Closed
ACC01505,CUST00128,BR056,Salary,2024-03-13,11859.34,Dormant
ACC01506,CUST04800,BR046,Current,2019-03-30,23081.16,Dormant
ACC01507,CUST07353,BR021,Savings,2025-04-04,41222.88,Active
ACC01508,CUST00135,BR054,Current,2020-11-26,94400.84,Dormant
ACC01509,CUST05913,BR056,Fixed Deposit,2020-06-26,63135.86,Dormant
ACC01510,CUST04515,BR011,Salary,2025-12-08,37581.65,Dormant
ACC01511,CUST01321,BR056,Salary,2022-09-19,6007.82,Active
ACC01512,CUST04725,BR034,Savings,2024-06-29,18503.34,Dormant
ACC01513,CUST02592,BR015,Savings,2019-08-03,11554.84,Active
ACC01514,CUST06119,BR012,Savings,2021-12-28,4105.64,Closed
ACC01515,CUST00296,BR059,Fixed Deposit,2025-01-05,56976.35,Dormant
ACC01516,CUST03412,BR019,Savings,2019-02-08,19740.49,Dormant
ACC01517,CUST06469,BR060,Savings,2025-12-25,86000.19,Active
ACC01518,CUST00964,BR010,Fixed Deposit,2024-10-24,87420.67,Active
ACC01519,CUST06233,BR050,Savings,2020-12-25,8762.46,Dormant
ACC01520,CUST04987,BR004,Savings,2022-07-19,116854.32,Dormant
ACC01521,CUST02762,BR029,Savings,2025-04-06,66100.42,Closed
ACC01522,CUST02694,BR018,Savings,2020-07-09,37193.45,Active
ACC01523,CUST03572,BR025,Fixed Deposit,2019-10-22,52266.43,Dormant
ACC01524,CUST01502,BR054,Savings,2021-07-03,9288.24,Active
ACC01525,CUST07709,BR043,Salary,2025-03-11,10295.43,Active
ACC01526,CUST04894,BR043,Savings,2021-02-26,58681.15,Closed
ACC01527,CUST05211,BR017,Current,2022-09-26,239087.84,Active
ACC01528,CUST06328,BR001,Savings,2020-08-28,88337.43,Dormant
ACC01529,CUST01193,BR042,Fixed Deposit,2022-12-21,44653.61,Active
ACC01530,CUST03388,BR044,Savings,2024-10-24,8041.29,Closed
ACC01531,CUST06325,BR033,Current,2019-02-20,41809.81,Closed
ACC01532,CUST03700,BR050,Savings,2020-04-10,4484.6,Active
ACC01533,CUST00987,BR041,Current,2024-04-30,50169.76,Closed
ACC01534,CUST03144,BR015,Current,2025-11-02,31332.07,Dormant
ACC01535,CUST02379,BR046,Savings,2020-12-02,14480.63,Active
ACC01536,CUST00072,BR046,Savings,2023-11-14,5243.62,Dormant
ACC01537,CUST04580,BR036,Salary,2025-07-24,19139.7,Dormant
ACC01538,CUST00841,BR011,Savings,2019-01-08,13637.37,Dormant
ACC01539,CUST04007,BR002,Salary,2024-06-01,5890.28,Active
ACC01540,CUST05185,BR002,Salary,2021-08-10,1789.01,Closed
ACC01541,CUST07005,BR012,Fixed Deposit,2019-08-29,58893.8,Active
ACC01542,CUST00070,BR043,Savings,2025-08-03,108556.54,Active
ACC01543,CUST06894,BR006,Savings,2025-04-09,98236.52,Active
ACC01544,CUST00415,BR037,Fixed Deposit,2025-04-09,45512.5,Active
ACC01545,CUST00921,BR050,Fixed Deposit,2019-01-16,41717.37,Active
ACC01546,CUST06981,BR035,Salary,2024-12-10,18548.46,Dormant
ACC01547,CUST04192,BR007,Savings,2022-04-04,8968.32,Active
ACC01548,CUST03814,BR033,Current,2020-10-19,49108.72,Dormant
ACC01549,CUST03007,BR019,Fixed Deposit,2019-11-18,94811.71,Dormant
ACC01550,CUST01444,BR048,Savings,2020-07-25,66452.31,Closed
ACC01551,CUST02909,BR060,Current,2023-02-10,32854.56,Dormant
ACC01552,CUST07507,BR015,Savings,2019-07-22,18337.32,Closed
ACC01553,CUST03918,BR038,Savings,2022-05-24,9994.75,Active
ACC01554,CUST07971,BR012,Fixed Deposit,2019-07-30,36456.38,Dormant
ACC01555,CUST04498,BR043,Savings,2020-07-20,17964.79,Closed
ACC01556,CUST04262,BR015,Savings,2023-03-16,30657.39,Closed
ACC01557,CUST07497,BR031,Savings,2021-11-08,50122.54,Closed
ACC01558,CUST03320,BR014,Savings,2020-09-08,10690.8,Dormant
ACC01559,CUST07565,BR059,Savings,2019-08-26,84408.19,Dormant
ACC01560,CUST03976,BR012,Current,2024-09-22,27691.38,Dormant
ACC01561,CUST01260,BR012,Salary,2025-11-23,13161.39,Active
ACC01562,CUST00120,BR007,Salary,2021-07-05,7918.46,Active
ACC01563,CUST07817,BR003,Fixed Deposit,2023-11-13,13981.02,Closed
ACC01564,CUST00497,BR039,Savings,2019-04-16,48807.58,Closed
ACC01565,CUST03529,BR030,Current,2021-11-08,75875.1,Closed
ACC01566,CUST02002,BR001,Savings,2020-03-23,17099.51,Closed
ACC01567,CUST01765,BR060,Savings,2024-08-24,23395.33,Closed
ACC01568,CUST06653,BR001,Savings,2020-12-17,35043.5,Active
ACC01569,CUST01807,BR050,Savings,2022-03-07,5397.59,Active
ACC01570,CUST02917,BR008,Fixed Deposit,2020-05-18,43589.36,Active
ACC01571,CUST07679,BR053,Savings,2020-12-25,45018.92,Closed
ACC01572,CUST04442,BR041,Savings,2023-01-23,7123.39,Active
ACC01573,CUST05392,BR018,Savings,2021-09-14,28687.08,Closed
ACC01574,CUST06024,BR057,Current,2022-08-27,9352.68,Active
ACC01575,CUST03804,BR038,Fixed Deposit,2025-06-28,79210.01,Closed
ACC01576,CUST00866,BR046,Savings,2022-10-03,21331.13,Dormant
ACC01577,CUST01225,BR036,Salary,2023-05-04,4313.08,Closed
ACC01578,CUST02476,BR042,Salary,2024-11-07,30191.56,Active
ACC01579,CUST03472,BR009,Salary,2021-02-05,7988.72,Dormant
ACC01580,CUST00943,BR052,Salary,2023-06-02,7576.63,Active
ACC01581,CUST02134,BR015,Current,2020-04-30,44381.11,Closed
ACC01582,CUST00694,BR030,Fixed Deposit,2021-03-26,119274.45,Closed
ACC01583,CUST06268,BR037,Savings,2021-07-27,8828.68,Active
ACC01584,CUST04856,BR024,Salary,2021-12-26,13949.18,Closed
ACC01585,CUST07569,BR048,Savings,2022-08-03,32400.69,Dormant
ACC01586,CUST06383,BR041,Savings,2020-07-27,41101.3,Active
ACC01587,CUST04537,BR012,Savings,2019-02-10,25817.23,Dormant
ACC01588,CUST06355,BR053,Fixed Deposit,2020-07-23,48039.71,Dormant
ACC01589,CUST04536,BR054,Savings,2019-06-25,10458.48,Closed
ACC01590,CUST07606,BR050,Salary,2022-05-02,14190.11,Dormant
ACC01591,CUST03431,BR003,Current,2024-07-11,12429.91,Closed
ACC01592,CUST04168,BR054,Current,2024-11-28,1955.99,Closed
ACC01593,CUST03157,BR044,Salary,2024-11-02,18134.87,Dormant
ACC01594,CUST04083,BR019,Savings,2021-03-22,49689.12,Closed
ACC01595,CUST05069,BR042,Fixed Deposit,2025-10-13,14504.88,Closed
ACC01596,CUST06572,BR022,Salary,2020-09-28,6589.21,Dormant
ACC01597,CUST06213,BR051,Current,2019-08-28,67450.84,Dormant
ACC01598,CUST04674,BR042,Savings,2020-10-24,140329.14,Dormant
ACC01599,CUST01366,BR023,Fixed Deposit,2022-08-10,60625.82,Closed
ACC01600,CUST00241,BR056,Savings,2020-04-08,11439.15,Dormant
ACC01601,CUST01810,BR039,Salary,2021-05-31,11754.28,Active
ACC01602,CUST05967,BR013,Savings,2022-12-29,75916.46,Active
ACC01603,CUST00547,BR020,Salary,2022-09-29,8500.03,Closed
ACC01604,CUST03963,BR022,Savings,2021-12-31,10729.23,Active
ACC01605,CUST06308,BR052,Fixed Deposit,2025-10-20,44817.5,Active
ACC01606,CUST07617,BR059,Current,2020-06-11,13998.02,Active
ACC01607,CUST07407,BR038,Fixed Deposit,2021-10-05,64447.24,Active
ACC01608,CUST02446,BR024,Savings,2023-10-17,95054.97,Closed
ACC01609,CUST03011,BR020,Savings,2024-10-07,29459.49,Closed
ACC01610,CUST03476,BR048,Savings,2020-04-25,17551.27,Closed
ACC01611,CUST05622,BR060,Fixed Deposit,2021-12-15,50257.41,Dormant
ACC01612,CUST07355,BR045,Savings,2023-10-02,5394.46,Active
ACC01613,CUST04411,BR008,Salary,2024-06-07,24789.53,Dormant
ACC01614,CUST05463,BR022,Fixed Deposit,2022-12-23,57142.17,Dormant
ACC01615,CUST05238,BR054,Savings,2023-07-14,18724.12,Active
ACC01616,CUST05284,BR055,Salary,2022-09-13,124888.34,Active
ACC01617,CUST07593,BR034,Savings,2020-03-30,28821.52,Active
ACC01618,CUST00402,BR056,Current,2025-01-11,17123.53,Active
ACC01619,CUST07067,BR054,Savings,2023-07-02,15007.09,Closed
ACC01620,CUST00950,BR023,Savings,2020-01-19,61920.16,Active
ACC01621,CUST08006,BR021,Savings,2024-03-20,24390.36,Active
ACC01622,CUST02031,BR041,Savings,2021-04-22,6036.32,Active
ACC01623,CUST00724,BR059,Salary,2022-06-19,25424.29,Closed
ACC01624,CUST01096,BR059,Fixed Deposit,2024-02-11,40099.28,Active
ACC01625,CUST00366,BR004,Savings,2023-04-28,118891.67,Dormant
ACC01626,CUST07516,BR001,Savings,2020-09-14,58223.44,Closed
ACC01627,CUST05759,BR048,Savings,2024-11-15,14726.59,Closed
ACC01628,CUST00535,BR049,Savings,2022-01-22,69766.88,Closed
ACC01629,CUST07323,BR043,Savings,2019-09-09,23413.54,Dormant
ACC01630,CUST04687,BR041,Salary,2022-08-20,24268.67,Closed
ACC01631,CUST05877,BR038,Current,2020-03-16,58966.97,Dormant
ACC01632,CUST01456,BR049,Salary,2021-01-08,7387.54,Dormant
ACC01633,CUST05670,BR021,Current,2025-10-25,19081.03,Active
ACC01634,CUST00834,BR025,Salary,2020-03-02,27473.37,Dormant
ACC01635,CUST01616,BR058,Current,2023-05-22,25983.7,Dormant
ACC01636,CUST02285,BR050,Savings,2019-09-28,15316.97,Dormant
ACC01637,CUST01345,BR015,Savings,2019-04-17,9324.4,Active
ACC01638,CUST00053,BR002,Savings,2022-12-08,32248.9,Closed
ACC01639,CUST01397,BR056,Fixed Deposit,2024-11-27,206388.37,Active
ACC01640,CUST01662,BR021,Savings,2025-12-09,8427.2,Dormant
ACC01641,CUST04202,BR035,Fixed Deposit,2024-09-29,60750.57,Closed
ACC01642,CUST07469,BR036,Salary,2021-08-01,35902.22,Active
ACC01643,CUST00717,BR019,Current,2021-03-22,33535.46,Closed
ACC01644,CUST04169,BR027,Savings,2025-01-28,33094.9,Dormant
ACC01645,CUST07467,BR053,Savings,2019-09-27,8466.27,Closed
ACC01646,CUST06352,BR060,Savings,2025-09-04,32385.83,Active
ACC01647,CUST03957,BR049,Savings,2020-08-28,18612.16,Active
ACC01648,CUST05125,BR008,Savings,2025-07-20,53485.03,Dormant
ACC01649,CUST01036,BR058,Salary,2019-01-16,30673.99,Active
ACC01650,CUST01238,BR001,Savings,2021-05-17,226524.25,Closed
ACC01651,CUST04675,BR002,Savings,2020-04-09,37111.04,Dormant
ACC01652,CUST02536,BR009,Savings,2022-06-29,29531.62,Closed
ACC01653,CUST01249,BR033,Savings,2025-07-24,26237.52,Closed
ACC01654,CUST04569,BR007,Savings,2020-04-16,16028.93,Active
ACC01655,CUST02748,BR038,Savings,2019-02-24,29870.76,Active
ACC01656,CUST01528,BR044,Savings,2022-02-23,16884.29,Active
ACC01657,CUST05758,BR058,Savings,2019-01-30,25632.46,Closed
ACC01658,CUST01165,BR021,Savings,2021-08-21,72102.05,Active
ACC01659,CUST05714,BR011,Current,2024-01-24,13272.61,Active
ACC01660,CUST01345,BR016,Salary,2019-08-04,29670.69,Closed
ACC01661,CUST05896,BR021,Salary,2022-06-08,33589.89,Active
ACC01662,CUST05087,BR013,Savings,2023-03-24,19805.96,Closed
ACC01663,CUST04183,BR041,Salary,2023-09-04,3025.11,Closed
ACC01664,CUST00865,BR018,Current,2021-05-30,19775.08,Active
ACC01665,CUST03214,BR051,Savings,2023-06-13,70777.41,Closed
ACC01666,CUST04736,BR013,Savings,2019-04-21,21577.77,Closed
ACC01667,CUST05193,BR039,Savings,2024-09-12,8960.92,Closed
ACC01668,CUST03941,BR021,Current,2023-08-28,21921.54,Dormant
ACC01669,CUST03150,BR057,Savings,2021-12-25,46936.83,Active
ACC01670,CUST04559,BR009,Savings,2022-01-25,36028.31,Dormant
ACC01671,CUST01928,BR053,Savings,2021-10-25,17764.57,Dormant
ACC01672,CUST00739,BR020,Savings,2020-06-29,15833.1,Closed
ACC01673,CUST06591,BR001,Savings,2021-03-01,15481.76,Closed
ACC01674,CUST02921,BR019,Salary,2022-04-05,7004.53,Closed
ACC01675,CUST07150,BR008,Salary,2020-04-25,41388.69,Closed
ACC01676,CUST05989,BR006,Savings,2024-12-02,16480.14,Dormant
ACC01677,CUST01206,BR021,Fixed Deposit,2023-08-13,124280.34,Closed
ACC01678,CUST00737,BR039,Savings,2020-12-10,86611.2,Active
ACC01679,CUST06277,BR009,Current,2024-12-22,98549.17,Dormant
ACC01680,CUST01168,BR024,Savings,2021-02-28,14936.18,Dormant
ACC01681,CUST03907,BR010,Savings,2025-09-28,31677.35,Active
ACC01682,CUST02911,BR024,Savings,2019-02-15,21552.0,Closed
ACC01683,CUST02309,BR043,Savings,2020-03-16,9766.06,Active
ACC01684,CUST01774,BR055,Savings,2023-08-06,29493.45,Closed
ACC01685,CUST02185,BR014,Savings,2024-01-20,7622.53,Dormant
ACC01686,CUST07670,BR039,Fixed Deposit,2024-08-18,122101.46,Closed
ACC01687,CUST05640,BR012,Savings,2024-04-27,14499.14,Closed
ACC01688,CUST03323,BR033,Savings,2020-08-17,26398.0,Dormant
ACC01689,CUST04200,BR033,Savings,2025-12-07,28423.15,Active
ACC01690,CUST07315,BR049,Savings,2021-01-05,17448.09,Active
ACC01691,CUST03322,BR057,Current,2022-12-17,65296.51,Active
ACC01692,CUST07738,BR057,Current,2023-09-16,22586.24,Active
ACC01693,CUST04968,BR049,Savings,2020-08-06,48250.79,Active
ACC01694,CUST03034,BR012,Salary,2021-04-03,5207.29,Active
ACC01695,CUST03457,BR048,Savings,2024-06-15,24679.83,Active
ACC01696,CUST06484,BR010,Current,2022-12-22,252440.03,Closed
ACC01697,CUST01700,BR014,Fixed Deposit,2022-03-28,32853.09,Closed
ACC01698,CUST00164,BR042,Fixed Deposit,2025-04-13,39868.95,Active
ACC01699,CUST00608,BR013,Fixed Deposit,2019-08-19,81498.89,Dormant
ACC01700,CUST06700,BR037,Savings,2021-11-25,25890.3,Closed
ACC01701,CUST06427,BR056,Salary,2020-06-14,17076.2,Active
ACC01702,CUST02265,BR012,Savings,2025-01-05,34209.83,Active
ACC01703,CUST03717,BR007,Current,2025-08-03,68509.07,Closed
ACC01704,CUST00250,BR019,Savings,2023-06-03,59798.14,Closed
ACC01705,CUST01468,BR011,Current,2020-10-02,54710.92,Dormant
ACC01706,CUST07044,BR036,Current,2022-05-01,28530.88,Dormant
ACC01707,CUST07660,BR041,Fixed Deposit,2024-05-24,89638.86,Closed
ACC01708,CUST01279,BR008,Savings,2023-10-17,121770.54,Closed
ACC01709,CUST07652,BR041,Current,2025-08-04,31804.6,Closed
ACC01710,CUST04852,BR024,Current,2022-12-11,13704.38,Active
ACC01711,CUST00375,BR017,Savings,2021-06-29,59657.35,Active
ACC01712,CUST05265,BR057,Current,2022-05-15,32196.69,Active
ACC01713,CUST03221,BR016,Fixed Deposit,2025-12-13,16258.94,Dormant
ACC01714,CUST05087,BR004,Savings,2019-01-07,47225.04,Active
ACC01715,CUST05115,BR029,Fixed Deposit,2019-09-10,43425.54,Dormant
ACC01716,CUST07206,BR016,Savings,2024-06-20,20302.92,Active
ACC01717,CUST02676,BR008,Salary,2025-07-02,16854.72,Active
ACC01718,CUST07389,BR054,Current,2021-05-11,43936.46,Active
ACC01719,CUST04267,BR027,Current,2021-09-11,73824.93,Closed
ACC01720,CUST04770,BR034,Current,2025-06-14,23494.31,Active
ACC01721,CUST07103,BR017,Current,2025-12-10,60664.0,Active
ACC01722,CUST07088,BR026,Savings,2023-05-13,17438.02,Active
ACC01723,CUST04780,BR005,Current,2025-06-11,76024.47,Active
ACC01724,CUST00346,BR038,Savings,2019-01-03,38323.97,Dormant
ACC01725,CUST01920,BR041,Savings,2020-01-23,9491.06,Closed
ACC01726,CUST04844,BR050,Current,2020-05-22,107579.15,Dormant
ACC01727,CUST05265,BR059,Savings,2024-06-28,13597.39,Closed
ACC01728,CUST01679,BR018,Salary,2024-11-22,23520.8,Dormant
ACC01729,CUST00264,BR029,Current,2019-12-28,52432.78,Dormant
ACC01730,CUST06188,BR047,Savings,2022-04-03,115193.12,Dormant
ACC01731,CUST06341,BR051,Savings,2023-01-27,18013.57,Closed
ACC01732,CUST03241,BR033,Current,2025-02-25,25608.59,Active
ACC01733,CUST02415,BR050,Savings,2025-06-03,21644.84,Active
ACC01734,CUST06398,BR046,Savings,2021-02-17,16766.5,Closed
ACC01735,CUST06479,BR045,Savings,2025-06-18,45249.54,Dormant
ACC01736,CUST05505,BR035,Savings,2019-10-21,5142.63,Closed
ACC01737,CUST07259,BR055,Salary,2021-10-20,6389.57,Closed
ACC01738,CUST01534,BR005,Savings,2024-06-21,8425.16,Active
ACC01739,CUST06075,BR021,Current,2022-04-17,93930.23,Dormant
ACC01740,CUST03084,BR038,Savings,2021-11-24,102698.42,Closed
ACC01741,CUST03885,BR038,Salary,2025-05-06,12417.79,Active
ACC01742,CUST07196,BR033,Current,2023-05-23,30674.23,Closed
ACC01743,CUST02185,BR034,Savings,2021-10-10,23459.88,Closed
ACC01744,CUST03063,BR009,Current,2022-12-25,116061.83,Closed
ACC01745,CUST07033,BR053,Savings,2019-08-25,9560.37,Closed
ACC01746,CUST05420,BR002,Savings,2022-04-04,27297.0,Dormant
ACC01747,CUST01902,BR002,Savings,2020-03-21,52980.43,Dormant
ACC01748,CUST05902,BR059,Salary,2019-12-16,18972.88,Closed
ACC01749,CUST07542,BR027,Salary,2022-11-30,15255.68,Active
ACC01750,CUST04574,BR057,Current,2025-07-28,98819.09,Closed
ACC01751,CUST02085,BR002,Savings,2021-12-05,1933.51,Active
ACC01752,CUST01143,BR038,Savings,2020-01-05,40541.76,Dormant
ACC01753,CUST04146,BR032,Fixed Deposit,2025-04-06,40439.19,Closed
ACC01754,CUST01785,BR014,Savings,2020-10-09,4240.47,Active
ACC01755,CUST00149,BR002,Savings,2025-01-19,34894.42,Dormant
ACC01756,CUST04164,BR040,Savings,2020-06-14,75833.29,Closed
ACC01757,CUST00982,BR054,Savings,2020-02-16,19463.5,Dormant
ACC01758,CUST05446,BR012,Savings,2024-12-07,51926.63,Active
ACC01759,CUST03344,BR045,Savings,2019-04-24,94000.03,Closed
ACC01760,CUST00660,BR050,Current,2020-08-01,135254.63,Closed
ACC01761,CUST03262,BR002,Fixed Deposit,2024-05-25,160168.03,Dormant
ACC01762,CUST00727,BR009,Savings,2019-07-25,42955.28,Dormant
ACC01763,CUST02115,BR005,Savings,2025-01-30,23573.78,Closed
ACC01764,CUST01117,BR055,Salary,2019-09-03,4353.01,Dormant
ACC01765,CUST01266,BR031,Current,2025-09-02,28394.12,Closed
ACC01766,CUST05101,BR041,Current,2025-05-30,15626.97,Closed
ACC01767,CUST05026,BR018,Salary,2019-08-16,61062.91,Active
ACC01768,CUST05844,BR034,Current,2024-11-05,30458.31,Closed
ACC01769,CUST06984,BR012,Savings,2021-01-13,24609.41,Closed
ACC01770,CUST01871,BR049,Salary,2023-04-11,19654.07,Dormant
ACC01771,CUST02064,BR004,Savings,2023-08-29,22908.02,Dormant
ACC01772,CUST03357,BR047,Savings,2020-11-06,101270.04,Closed
ACC01773,CUST01466,BR038,Savings,2024-07-03,12576.88,Active
ACC01774,CUST01829,BR020,Current,2021-02-24,44117.31,Dormant
ACC01775,CUST06121,BR024,Savings,2020-04-26,11291.17,Dormant
ACC01776,CUST03186,BR004,Savings,2024-11-07,6714.2,Dormant
ACC01777,CUST03223,BR031,Current,2021-09-22,19697.18,Dormant
ACC01778,CUST05954,BR036,Salary,2020-05-22,13017.82,Closed
ACC01779,CUST02935,BR012,Savings,2024-12-08,14967.37,Dormant
ACC01780,CUST03083,BR045,Fixed Deposit,2022-03-11,39519.42,Dormant
ACC01781,CUST03645,BR030,Savings,2022-11-21,6212.47,Dormant
ACC01782,CUST06188,BR051,Savings,2021-03-14,20439.1,Closed
ACC01783,CUST06650,BR014,Savings,2022-05-03,5685.94,Closed
ACC01784,CUST01008,BR040,Savings,2020-12-25,43654.01,Closed
ACC01785,CUST00232,BR012,Current,2022-05-28,39436.21,Active
ACC01786,CUST06788,BR037,Savings,2020-08-19,5932.52,Active
ACC01787,CUST07337,BR029,Savings,2019-08-21,16675.77,Active
ACC01788,CUST02750,BR024,Current,2020-11-10,17117.28,Active
ACC01789,CUST02844,BR025,Savings,2020-12-01,29356.14,Dormant
ACC01790,CUST07220,BR006,Current,2023-09-14,138752.97,Closed
ACC01791,CUST04497,BR002,Savings,2019-05-26,4073.85,Closed
ACC01792,CUST00441,BR037,Fixed Deposit,2024-02-17,64152.33,Active
ACC01793,CUST04202,BR016,Salary,2024-11-02,11943.08,Closed
ACC01794,CUST07800,BR046,Fixed Deposit,2019-02-07,89572.54,Dormant
ACC01795,CUST04612,BR052,Savings,2021-08-22,26685.54,Active
ACC01796,CUST04338,BR009,Fixed Deposit,2024-06-01,38132.35,Closed
ACC01797,CUST05630,BR040,Current,2025-12-18,26395.43,Closed
ACC01798,CUST00655,BR044,Fixed Deposit,2023-12-17,37137.57,Active
ACC01799,CUST01616,BR022,Fixed Deposit,2025-04-06,114188.32,Closed
ACC01800,CUST04408,BR007,Savings,2020-01-28,22453.02,Active
ACC01801,CUST03547,BR039,Salary,2020-11-25,50555.83,Closed
ACC01802,CUST04087,BR007,Fixed Deposit,2019-04-12,57734.11,Active
ACC01803,CUST01471,BR014,Salary,2025-06-26,8136.5,Dormant
ACC01804,CUST07012,BR029,Salary,2022-01-06,4630.41,Active
ACC01805,CUST00549,BR014,Savings,2023-02-28,4346.71,Active
ACC01806,CUST03339,BR014,Savings,2024-08-29,5293.73,Active
ACC01807,CUST01462,BR033,Current,2025-11-01,47435.52,Dormant
ACC01808,CUST05561,BR051,Salary,2019-06-16,19074.5,Dormant
ACC01809,CUST03798,BR021,Savings,2025-11-20,5307.78,Closed
ACC01810,CUST06638,BR005,Savings,2024-12-29,49292.86,Active
ACC01811,CUST05042,BR036,Savings,2023-11-23,14260.45,Closed
ACC01812,CUST07172,BR001,Salary,2025-02-12,14805.52,Closed
ACC01813,CUST04511,BR057,Current,2025-10-05,182083.5,Active
ACC01814,CUST05864,BR008,Savings,2020-04-01,49372.82,Dormant
ACC01815,CUST07900,BR031,Savings,2021-08-31,17297.59,Closed
ACC01816,CUST05548,BR019,Fixed Deposit,2020-03-15,35076.43,Active
ACC01817,CUST02778,BR053,Current,2019-04-30,4222.51,Closed
ACC01818,CUST07501,BR050,Fixed Deposit,2021-03-17,38890.61,Dormant
ACC01819,CUST05019,BR028,Salary,2019-08-13,11524.25,Active
ACC01820,CUST07206,BR056,Savings,2022-09-06,9059.22,Dormant
ACC01821,CUST01668,BR002,Current,2020-07-04,31848.42,Closed
ACC01822,CUST04028,BR029,Fixed Deposit,2025-03-13,62699.65,Dormant
ACC01823,CUST04793,BR034,Savings,2021-03-26,17991.05,Active
ACC01824,CUST00912,BR029,Savings,2020-12-24,12271.04,Dormant
ACC01825,CUST00437,BR040,Current,2025-12-26,42987.07,Active
ACC01826,CUST07295,BR046,Fixed Deposit,2022-06-12,78054.64,Dormant
ACC01827,CUST02015,BR031,Current,2023-07-03,12205.0,Closed
ACC01828,CUST06778,BR027,Savings,2023-06-11,78420.38,Closed
ACC01829,CUST00478,BR046,Savings,2020-08-14,20156.27,Closed
ACC01830,CUST06731,BR050,Savings,2020-04-30,22403.32,Dormant
ACC01831,CUST05056,BR041,Savings,2025-01-05,41664.01,Closed
ACC01832,CUST05967,BR059,Savings,2021-08-29,27170.7,Active
ACC01833,CUST02798,BR004,Savings,2021-05-30,51938.88,Dormant
ACC01834,CUST03148,BR026,Savings,2021-01-06,28521.45,Closed
ACC01835,CUST07111,BR021,Savings,2021-05-04,12693.01,Closed
ACC01836,CUST07148,BR018,Current,2019-11-26,52130.4,Active
ACC01837,CUST07997,BR027,Savings,2025-12-17,7868.69,Dormant
ACC01838,CUST01585,BR050,Savings,2024-04-01,24287.18,Active
ACC01839,CUST03533,BR029,Salary,2020-09-02,13052.55,Active
ACC01840,CUST05700,BR006,Savings,2020-05-07,18264.14,Closed
ACC01841,CUST00249,BR040,Savings,2022-12-18,19620.23,Closed
ACC01842,CUST03807,BR023,Current,2021-10-18,5531.15,Active
ACC01843,CUST00894,BR011,Savings,2024-08-06,13442.11,Active
ACC01844,CUST00185,BR054,Savings,2023-03-19,23946.09,Active
ACC01845,CUST07935,BR019,Savings,2019-12-06,25434.73,Active
ACC01846,CUST06250,BR022,Savings,2024-03-09,8734.99,Active
ACC01847,CUST07792,BR053,Salary,2022-09-15,32402.65,Closed
ACC01848,CUST03592,BR051,Salary,2020-12-07,7285.76,Dormant
ACC01849,CUST00684,BR055,Current,2024-12-17,95746.29,Closed
ACC01850,CUST02535,BR050,Savings,2023-05-05,32353.42,Active
ACC01851,CUST05738,BR011,Fixed Deposit,2021-02-17,40630.07,Dormant
ACC01852,CUST04599,BR023,Salary,2020-08-23,46291.68,Dormant
ACC01853,CUST01596,BR020,Savings,2020-09-18,7523.05,Active
ACC01854,CUST04299,BR059,Salary,2024-09-18,25422.96,Dormant
ACC01855,CUST03670,BR025,Fixed Deposit,2020-11-21,109135.92,Closed
ACC01856,CUST07118,BR014,Savings,2021-08-29,12045.44,Closed
ACC01857,CUST00676,BR027,Salary,2021-10-20,35409.16,Closed
ACC01858,CUST02777,BR052,Savings,2022-06-25,17587.75,Closed
ACC01859,CUST07063,BR043,Salary,2022-11-07,16351.67,Dormant
ACC01860,CUST06408,BR049,Savings,2023-05-21,27841.69,Closed
ACC01861,CUST07747,BR029,Fixed Deposit,2019-07-31,55238.46,Closed
ACC01862,CUST04390,BR003,Savings,2021-04-26,45694.24,Dormant
ACC01863,CUST06992,BR054,Fixed Deposit,2020-08-05,96383.78,Closed
ACC01864,CUST04126,BR053,Current,2025-02-28,6319.96,Active
ACC01865,CUST00355,BR051,Savings,2020-01-18,71246.87,Active
ACC01866,CUST03833,BR060,Salary,2020-12-05,4172.44,Closed
ACC01867,CUST01458,BR040,Savings,2023-12-02,55786.75,Active
ACC01868,CUST03273,BR060,Savings,2020-03-28,60720.38,Closed
ACC01869,CUST03296,BR040,Savings,2025-02-24,8251.33,Active
ACC01870,CUST00495,BR051,Savings,2021-12-21,15218.5,Active
ACC01871,CUST06231,BR044,Savings,2023-10-17,8142.61,Active
ACC01872,CUST07152,BR011,Current,2019-09-16,29292.27,Active
ACC01873,CUST01187,BR056,Savings,2020-07-14,16693.41,Dormant
ACC01874,CUST04419,BR057,Salary,2024-07-04,23057.87,Active
ACC01875,CUST01937,BR034,Savings,2022-06-29,71630.62,Closed
ACC01876,CUST07073,BR057,Savings,2025-05-27,77351.51,Closed
ACC01877,CUST07260,BR015,Salary,2023-08-02,9013.53,Closed
ACC01878,CUST07550,BR033,Savings,2020-06-10,18245.98,Active
ACC01879,CUST02753,BR003,Current,2021-06-07,6745.03,Dormant
ACC01880,CUST05414,BR059,Salary,2025-04-20,7599.9,Active
ACC01881,CUST01764,BR031,Current,2021-01-13,95306.34,Active
ACC01882,CUST02494,BR051,Savings,2024-04-10,94280.02,Active
ACC01883,CUST04651,BR039,Savings,2020-05-16,7252.39,Active
ACC01884,CUST06196,BR018,Savings,2019-01-20,12923.24,Dormant
ACC01885,CUST05089,BR035,Current,2020-11-02,35369.11,Dormant
ACC01886,CUST00979,BR008,Savings,2022-05-06,28343.27,Dormant
ACC01887,CUST05972,BR059,Savings,2023-08-17,10629.16,Closed
ACC01888,CUST05739,BR052,Salary,2022-03-17,17976.9,Closed
ACC01889,CUST06390,BR018,Savings,2019-02-23,14379.29,Dormant
ACC01890,CUST00511,BR006,Savings,2023-08-29,21741.82,Closed
ACC01891,CUST00827,BR054,Current,2023-02-27,62710.5,Dormant
ACC01892,CUST06585,BR021,Salary,2023-01-24,13419.92,Active
ACC01893,CUST01803,BR021,Savings,2024-09-30,14872.26,Closed
ACC01894,CUST03826,BR009,Current,2022-07-17,32545.36,Dormant
ACC01895,CUST00026,BR023,Salary,2020-08-25,12558.41,Dormant
ACC01896,CUST00562,BR007,Savings,2024-06-16,15787.76,Closed
ACC01897,CUST07095,BR006,Savings,2019-02-12,17449.8,Closed
ACC01898,CUST04621,BR011,Savings,2021-03-10,92853.89,Dormant
ACC01899,CUST03353,BR026,Savings,2024-01-20,36491.24,Active
ACC01900,CUST03004,BR047,Fixed Deposit,2025-03-17,50146.89,Active
ACC01901,CUST02892,BR018,Salary,2025-10-13,21760.86,Closed
ACC01902,CUST02595,BR030,Savings,2021-04-28,16310.47,Dormant
ACC01903,CUST04255,BR048,Savings,2022-10-07,63310.86,Closed
ACC01904,CUST00065,BR004,Savings,2019-05-05,30720.27,Closed
ACC01905,CUST05946,BR042,Savings,2020-10-11,19998.81,Closed
ACC01906,CUST07519,BR025,Current,2025-01-15,56824.16,Active
ACC01907,CUST04439,BR026,Savings,2025-06-04,5357.28,Closed
ACC01908,CUST01121,BR057,Savings,2025-12-30,7989.71,Active
ACC01909,CUST02204,BR003,Savings,2019-08-06,7521.1,Closed
ACC01910,CUST05233,BR020,Fixed Deposit,2021-06-15,65235.94,Dormant
ACC01911,CUST00944,BR001,Fixed Deposit,2021-08-14,169313.79,Closed
ACC01912,CUST07647,BR049,Fixed Deposit,2020-03-09,228383.17,Closed
ACC01913,CUST01606,BR004,Salary,2019-10-12,20881.85,Active
ACC01914,CUST01137,BR025,Fixed Deposit,2021-10-08,80862.6,Closed
ACC01915,CUST04411,BR036,Savings,2022-05-07,4354.86,Closed
ACC01916,CUST03343,BR028,Savings,2023-07-16,13515.52,Dormant
ACC01917,CUST01646,BR018,Salary,2020-05-26,7696.73,Dormant
ACC01918,CUST05610,BR016,Fixed Deposit,2019-12-20,41253.51,Active
ACC01919,CUST01379,BR058,Fixed Deposit,2025-09-22,54128.37,Active
ACC01920,CUST02082,BR013,Current,2023-06-30,22649.87,Active
ACC01921,CUST07464,BR021,Savings,2019-08-15,3709.42,Dormant
ACC01922,CUST06217,BR016,Savings,2022-05-26,43179.42,Closed
ACC01923,CUST06007,BR017,Savings,2023-04-09,8387.78,Closed
ACC01924,CUST02133,BR020,Savings,2019-09-28,27318.58,Closed
ACC01925,CUST00624,BR001,Savings,2019-02-28,142439.75,Closed
ACC01926,CUST05001,BR041,Savings,2023-01-14,9629.18,Active
ACC01927,CUST05188,BR056,Savings,2020-12-01,2259.14,Dormant
ACC01928,CUST06345,BR057,Salary,2020-01-03,10935.8,Dormant
ACC01929,CUST00770,BR041,Fixed Deposit,2024-03-03,115910.75,Active
ACC01930,CUST00271,BR017,Savings,2022-06-05,128349.55,Dormant
ACC01931,CUST07618,BR028,Savings,2023-06-30,7283.78,Active
ACC01932,CUST04353,BR037,Current,2020-09-12,59676.84,Active
ACC01933,CUST04239,BR020,Savings,2019-09-26,14490.09,Dormant
ACC01934,CUST05966,BR017,Salary,2025-11-28,12404.77,Dormant
ACC01935,CUST04681,BR003,Current,2022-10-19,511111.65,Closed
ACC01936,CUST04045,BR042,Savings,2024-09-05,5694.9,Active
ACC01937,CUST02723,BR018,Savings,2021-09-23,27677.24,Active
ACC01938,CUST04189,BR039,Salary,2023-12-22,18534.43,Dormant
ACC01939,CUST00313,BR049,Savings,2025-05-06,58524.91,Active
ACC01940,CUST00841,BR022,Savings,2019-04-12,24057.09,Closed
ACC01941,CUST07464,BR001,Fixed Deposit,2019-04-07,72029.45,Closed
ACC01942,CUST03413,BR046,Savings,2022-03-14,15483.28,Closed
ACC01943,CUST07587,BR060,Current,2020-05-21,47530.5,Dormant
ACC01944,CUST05031,BR054,Salary,2025-05-15,10506.67,Active
ACC01945,CUST01652,BR044,Current,2019-05-14,67614.1,Active
ACC01946,CUST07224,BR038,Savings,2023-01-04,15793.45,Closed
ACC01947,CUST05451,BR054,Salary,2020-03-06,17395.56,Active
ACC01948,CUST05757,BR001,Current,2020-07-10,35268.21,Active
ACC01949,CUST03764,BR002,Current,2022-03-11,111977.17,Dormant
ACC01950,CUST04823,BR021,Salary,2019-10-14,12887.65,Closed
ACC01951,CUST00536,BR014,Savings,2019-09-08,4466.1,Active
ACC01952,CUST07045,BR039,Savings,2020-04-25,68578.16,Dormant
ACC01953,CUST04648,BR007,Salary,2025-02-03,7086.79,Dormant
ACC01954,CUST01744,BR027,Fixed Deposit,2019-08-22,40446.69,Dormant
ACC01955,CUST04091,BR002,Savings,2023-06-11,12886.1,Closed
ACC01956,CUST03094,BR031,Fixed Deposit,2021-01-28,136579.6,Dormant
ACC01957,CUST05794,BR034,Current,2020-06-13,4291.22,Dormant
ACC01958,CUST06604,BR007,Savings,2021-09-20,371006.06,Active
ACC01959,CUST03260,BR035,Current,2024-07-17,104407.5,Closed
ACC01960,CUST06272,BR056,Savings,2022-11-11,26927.81,Closed
ACC01961,CUST01055,BR033,Current,2019-09-14,34375.73,Dormant
ACC01962,CUST06673,BR043,Current,2023-10-03,48317.74,Active
ACC01963,CUST00604,BR033,Fixed Deposit,2022-12-27,81852.45,Dormant
ACC01964,CUST01039,BR043,Savings,2024-02-20,39367.43,Dormant
ACC01965,CUST05768,BR032,Savings,2025-11-04,36317.1,Closed
ACC01966,CUST07721,BR001,Savings,2022-05-16,23875.85,Active
ACC01967,CUST07458,BR006,Savings,2023-04-09,18442.17,Closed
ACC01968,CUST07342,BR006,Savings,2023-01-05,19222.83,Active
ACC01969,CUST02364,BR002,Fixed Deposit,2022-07-21,53266.08,Active
ACC01970,CUST06287,BR020,Savings,2025-09-30,61107.7,Closed
ACC01971,CUST03372,BR043,Fixed Deposit,2023-11-01,85488.23,Closed
ACC01972,CUST07749,BR058,Savings,2024-10-15,1561.89,Dormant
ACC01973,CUST05042,BR051,Current,2019-02-11,69975.52,Active
ACC01974,CUST03829,BR036,Savings,2020-05-02,26245.83,Dormant
ACC01975,CUST06732,BR001,Savings,2021-09-25,21658.69,Dormant
ACC01976,CUST04836,BR056,Salary,2023-10-03,10178.54,Dormant
ACC01977,CUST05493,BR003,Savings,2025-05-05,60578.87,Dormant
ACC01978,CUST00350,BR014,Current,2022-06-03,93669.36,Active
ACC01979,CUST00024,BR016,Savings,2020-02-18,10986.36,Active
ACC01980,CUST03028,BR023,Savings,2024-05-24,31772.2,Active
ACC01981,CUST00570,BR035,Savings,2024-04-18,9186.67,Closed
ACC01982,CUST02505,BR040,Fixed Deposit,2024-08-26,26166.34,Active
ACC01983,CUST06146,BR017,Fixed Deposit,2023-03-25,41108.48,Active
ACC01984,CUST05603,BR054,Salary,2022-04-01,24432.65,Active
ACC01985,CUST07543,BR010,Savings,2021-03-17,51938.34,Active
ACC01986,CUST01238,BR051,Salary,2020-06-09,19132.81,Active
ACC01987,CUST04671,BR050,Current,2022-11-24,74988.93,Dormant
ACC01988,CUST00422,BR016,Savings,2019-12-02,35051.04,Active
ACC01989,CUST07010,BR013,Salary,2021-12-02,8526.74,Dormant
ACC01990,CUST03984,BR011,Current,2025-03-11,55933.71,Active
ACC01991,CUST01072,BR051,Savings,2023-05-17,45268.58,Closed
ACC01992,CUST05831,BR053,Savings,2024-05-21,43428.11,Active
ACC01993,CUST06744,BR024,Fixed Deposit,2022-08-12,122191.9,Closed
ACC01994,CUST07696,BR019,Fixed Deposit,2023-04-06,91581.29,Active
ACC01995,CUST05507,BR025,Savings,2024-01-08,30221.33,Closed
ACC01996,CUST03561,BR027,Savings,2020-01-05,57707.08,Active
ACC01997,CUST02232,BR014,Savings,2023-07-17,21506.94,Closed
ACC01998,CUST06710,BR053,Current,2021-12-11,15034.84,Closed
ACC01999,CUST02679,BR019,Current,2022-10-28,30851.27,Active
ACC02000,CUST05621,BR022,Salary,2025-09-07,7931.27,Closed
ACC02001,CUST06850,BR003,Savings,2024-09-17,11996.13,Active
ACC02002,CUST01213,BR028,Current,2024-04-14,31428.84,Closed
ACC02003,CUST01952,BR026,Savings,2021-08-07,10794.82,Closed
ACC02004,CUST07381,BR004,Savings,2025-10-22,16694.5,Closed
ACC02005,CUST05174,BR010,Salary,2020-01-06,3549.17,Closed
ACC02006,CUST00336,BR040,Savings,2020-12-28,26687.87,Dormant
ACC02007,CUST04538,BR016,Salary,2021-08-13,13371.0,Active
ACC02008,CUST04371,BR022,Current,2023-03-18,16041.13,Closed
ACC02009,CUST01882,BR058,Savings,2020-04-21,39867.67,Active
ACC02010,CUST03497,BR055,Current,2019-08-16,92741.39,Dormant
ACC02011,CUST02834,BR006,Savings,2020-01-20,5183.29,Active
ACC02012,CUST04221,BR010,Fixed Deposit,2020-12-01,37887.07,Active
ACC02013,CUST03402,BR010,Current,2021-03-17,16828.98,Dormant
ACC02014,CUST06253,BR022,Savings,2021-07-28,9453.0,Dormant
ACC02015,CUST05895,BR057,Current,2025-11-23,83239.3,Dormant
ACC02016,CUST06932,BR004,Savings,2019-05-17,18500.56,Closed
ACC02017,CUST07483,BR020,Savings,2020-08-02,17360.22,Dormant
ACC02018,CUST01192,BR025,Salary,2024-03-26,3285.57,Closed
ACC02019,CUST04927,BR005,Salary,2024-09-02,20843.4,Closed
ACC02020,CUST03065,BR006,Savings,2023-07-02,7220.41,Closed
ACC02021,CUST02336,BR057,Savings,2022-05-08,23247.19,Closed
ACC02022,CUST07112,BR059,Savings,2019-11-13,28272.34,Closed
ACC02023,CUST04350,BR052,Savings,2025-11-07,74951.22,Active
ACC02024,CUST05202,BR030,Savings,2024-07-28,6782.23,Dormant
ACC02025,CUST03436,BR007,Fixed Deposit,2021-11-07,9781.94,Dormant
ACC02026,CUST05765,BR034,Salary,2023-10-17,15194.59,Active
ACC02027,CUST07526,BR034,Savings,2019-04-22,111352.94,Active
ACC02028,CUST01761,BR027,Savings,2020-08-26,67174.68,Active
ACC02029,CUST00069,BR005,Savings,2023-01-18,26600.72,Dormant
ACC02030,CUST03227,BR039,Savings,2023-07-17,14150.81,Dormant
ACC02031,CUST05289,BR029,Savings,2022-09-21,45542.91,Closed
ACC02032,CUST04488,BR053,Savings,2025-02-04,9171.06,Dormant
ACC02033,CUST01449,BR052,Savings,2020-12-04,33817.1,Active
ACC02034,CUST04195,BR058,Fixed Deposit,2024-12-09,81087.34,Dormant
ACC02035,CUST01705,BR050,Savings,2021-10-26,57193.12,Active
ACC02036,CUST02139,BR016,Savings,2025-06-17,263997.27,Dormant
ACC02037,CUST01464,BR026,Salary,2024-03-04,17583.06,Active
ACC02038,CUST03273,BR013,Salary,2022-08-28,9355.55,Active
ACC02039,CUST02903,BR016,Savings,2021-12-12,21525.28,Closed
ACC02040,CUST01836,BR002,Savings,2022-04-07,4482.03,Dormant
ACC02041,CUST01815,BR006,Savings,2019-05-30,11787.07,Active
ACC02042,CUST02655,BR040,Savings,2024-01-12,15239.5,Dormant
ACC02043,CUST02407,BR045,Salary,2023-11-22,9257.03,Closed
ACC02044,CUST00720,BR030,Savings,2021-06-19,25263.59,Dormant
ACC02045,CUST04625,BR021,Savings,2024-09-09,10507.26,Dormant
ACC02046,CUST03381,BR053,Current,2020-02-27,111416.5,Dormant
ACC02047,CUST01229,BR033,Savings,2019-12-17,22030.57,Active
ACC02048,CUST03704,BR008,Current,2025-09-29,35979.32,Active
ACC02049,CUST04008,BR011,Salary,2019-12-18,10619.78,Closed
ACC02050,CUST06764,BR035,Salary,2025-01-13,14892.8,Active
ACC02051,CUST06658,BR016,Savings,2019-08-15,46285.7,Dormant
ACC02052,CUST02982,BR023,Fixed Deposit,2025-12-17,35586.51,Dormant
ACC02053,CUST06317,BR026,Savings,2022-12-28,12181.76,Dormant
ACC02054,CUST01074,BR046,Savings,2020-09-22,16758.26,Active
ACC02055,CUST07539,BR054,Savings,2023-11-14,6559.81,Active
ACC02056,CUST05397,BR032,Savings,2019-04-23,10537.21,Active
ACC02057,CUST00716,BR053,Savings,2019-07-07,14348.51,Closed
ACC02058,CUST02822,BR050,Salary,2022-11-03,24638.67,Closed
ACC02059,CUST00557,BR029,Savings,2025-08-16,27897.86,Dormant
ACC02060,CUST04474,BR036,Salary,2025-03-04,15298.54,Active
ACC02061,CUST01816,BR046,Current,2020-01-12,85041.78,Closed
ACC02062,CUST04184,BR037,Savings,2021-10-04,19464.85,Dormant
ACC02063,CUST02477,BR003,Savings,2022-08-20,31301.41,Closed
ACC02064,CUST03250,BR051,Savings,2023-05-02,20072.39,Active
ACC02065,CUST05180,BR022,Savings,2021-05-03,27968.28,Active
ACC02066,CUST07192,BR039,Savings,2024-09-23,13036.61,Closed
ACC02067,CUST05001,BR022,Fixed Deposit,2025-06-15,13859.27,Active
ACC02068,CUST02737,BR032,Current,2024-08-05,31752.31,Dormant
ACC02069,CUST00026,BR049,Salary,2021-10-10,36167.77,Closed
ACC02070,CUST03384,BR011,Savings,2025-01-07,50695.57,Active
ACC02071,CUST07089,BR050,Savings,2019-02-19,52515.19,Dormant
ACC02072,CUST02002,BR033,Savings,2021-02-19,67004.67,Active
ACC02073,CUST01060,BR013,Savings,2021-12-24,23856.02,Closed
ACC02074,CUST05670,BR017,Savings,2019-09-07,26306.84,Closed
ACC02075,CUST02170,BR006,Savings,2022-04-25,12633.58,Dormant
ACC02076,CUST03534,BR046,Salary,2019-07-01,10708.03,Dormant
ACC02077,CUST07022,BR053,Savings,2022-10-12,38337.89,Closed
ACC02078,CUST04093,BR041,Salary,2024-04-02,31030.29,Active
ACC02079,CUST03670,BR013,Salary,2021-09-19,12117.28,Closed
ACC02080,CUST06991,BR040,Fixed Deposit,2019-12-27,45701.5,Active
ACC02081,CUST05267,BR033,Savings,2020-10-16,22036.93,Closed
ACC02082,CUST04843,BR015,Salary,2025-01-31,20350.17,Active
ACC02083,CUST03751,BR018,Savings,2022-11-07,6006.1,Closed
ACC02084,CUST03756,BR054,Savings,2019-07-04,2789.0,Active
ACC02085,CUST07557,BR009,Fixed Deposit,2023-10-27,43031.08,Dormant
ACC02086,CUST07190,BR008,Fixed Deposit,2022-07-23,28783.93,Dormant
ACC02087,CUST03498,BR041,Salary,2024-02-09,9360.95,Active
ACC02088,CUST06065,BR013,Savings,2019-10-26,19283.36,Active
ACC02089,CUST03724,BR009,Salary,2024-03-31,9727.64,Closed
ACC02090,CUST05987,BR036,Salary,2024-06-08,36928.07,Closed
ACC02091,CUST03423,BR041,Savings,2025-10-19,29556.83,Dormant
ACC02092,CUST01926,BR010,Savings,2019-04-21,28866.21,Dormant
ACC02093,CUST05435,BR031,Salary,2019-05-26,20651.54,Dormant
ACC02094,CUST00143,BR057,Savings,2020-01-06,7903.41,Active
ACC02095,CUST04902,BR009,Savings,2023-02-23,56117.37,Closed
ACC02096,CUST06779,BR056,Current,2021-06-14,33665.73,Dormant
ACC02097,CUST05837,BR034,Salary,2022-09-10,21361.31,Active
ACC02098,CUST03757,BR050,Savings,2020-08-30,8394.47,Dormant
ACC02099,CUST07526,BR042,Fixed Deposit,2022-12-17,23570.35,Closed
ACC02100,CUST05936,BR024,Current,2020-08-27,82280.52,Dormant
ACC02101,CUST07242,BR030,Fixed Deposit,2023-11-18,75045.19,Closed
ACC02102,CUST05570,BR059,Salary,2022-03-15,7105.07,Dormant
ACC02103,CUST01554,BR012,Salary,2020-10-23,7268.0,Closed
ACC02104,CUST01573,BR029,Salary,2019-11-01,29372.21,Active
ACC02105,CUST00066,BR012,Current,2021-05-10,11054.45,Active
ACC02106,CUST01029,BR051,Savings,2022-05-25,96606.92,Closed
ACC02107,CUST02364,BR001,Current,2019-02-19,14755.62,Dormant
ACC02108,CUST02911,BR014,Savings,2022-01-28,39126.4,Dormant
ACC02109,CUST06664,BR060,Savings,2020-11-24,16387.0,Dormant
ACC02110,CUST07884,BR047,Fixed Deposit,2025-10-11,85983.65,Active
ACC02111,CUST04099,BR005,Savings,2024-06-05,13498.01,Active
ACC02112,CUST02262,BR050,Savings,2021-12-10,19024.57,Dormant
ACC02113,CUST03672,BR011,Current,2021-12-23,37832.33,Closed
ACC02114,CUST06495,BR046,Savings,2021-09-08,8937.68,Dormant
ACC02115,CUST03142,BR059,Salary,2025-03-13,22439.48,Active
ACC02116,CUST02757,BR044,Savings,2025-10-10,13878.66,Dormant
ACC02117,CUST06536,BR036,Savings,2020-10-28,17930.53,Closed
ACC02118,CUST06467,BR032,Savings,2023-05-05,9000.95,Dormant
ACC02119,CUST03018,BR039,Current,2023-11-12,2800.82,Closed
ACC02120,CUST06123,BR049,Current,2025-06-25,30000.59,Dormant
ACC02121,CUST07819,BR007,Fixed Deposit,2019-04-11,254630.63,Active
ACC02122,CUST04149,BR052,Salary,2023-12-02,23137.8,Active
ACC02123,CUST00435,BR028,Savings,2022-10-07,21647.94,Closed
ACC02124,CUST05308,BR008,Savings,2021-05-22,17385.61,Active
ACC02125,CUST04137,BR012,Current,2021-12-16,37140.6,Closed
ACC02126,CUST06985,BR052,Fixed Deposit,2023-05-03,83139.19,Closed
ACC02127,CUST02355,BR038,Savings,2023-06-24,7610.38,Closed
ACC02128,CUST03141,BR043,Current,2022-09-29,110671.51,Dormant
ACC02129,CUST05719,BR027,Savings,2019-04-25,41933.62,Dormant
ACC02130,CUST03494,BR042,Savings,2022-07-04,42039.59,Active
ACC02131,CUST07399,BR016,Salary,2025-07-10,18159.21,Dormant
ACC02132,CUST00917,BR055,Salary,2024-02-29,13544.44,Closed
ACC02133,CUST01850,BR019,Salary,2022-09-27,21396.93,Dormant
ACC02134,CUST06598,BR039,Salary,2022-06-20,20216.81,Closed
ACC02135,CUST02446,BR005,Salary,2022-03-29,10427.18,Closed
ACC02136,CUST02444,BR011,Savings,2022-02-09,13144.5,Closed
ACC02137,CUST05220,BR021,Savings,2019-06-14,24141.09,Dormant
ACC02138,CUST03861,BR057,Salary,2022-01-18,39510.2,Closed
ACC02139,CUST02424,BR006,Savings,2024-03-05,7221.4,Dormant
ACC02140,CUST02224,BR039,Savings,2019-02-18,5879.5,Active
ACC02141,CUST01153,BR011,Salary,2022-09-10,14992.91,Active
ACC02142,CUST06065,BR035,Salary,2025-04-21,13844.2,Closed
ACC02143,CUST03593,BR025,Savings,2019-11-03,25745.3,Dormant
ACC02144,CUST05756,BR021,Savings,2024-11-08,27434.53,Closed
ACC02145,CUST00926,BR020,Current,2024-11-17,29050.7,Dormant
ACC02146,CUST03458,BR039,Current,2023-03-01,161113.35,Dormant
ACC02147,CUST02284,BR036,Salary,2019-05-03,4356.25,Active
ACC02148,CUST02476,BR047,Savings,2023-10-11,10449.95,Closed
ACC02149,CUST00360,BR034,Current,2020-09-27,32752.85,Dormant
ACC02150,CUST06710,BR032,Salary,2020-08-13,4229.2,Active
ACC02151,CUST02089,BR037,Savings,2025-10-03,18802.24,Active
ACC02152,CUST02542,BR009,Salary,2024-08-09,42745.92,Dormant
ACC02153,CUST07403,BR039,Savings,2024-08-26,22444.43,Dormant
ACC02154,CUST03746,BR021,Savings,2024-08-27,27109.26,Active
ACC02155,CUST03037,BR022,Savings,2023-07-22,7085.83,Active
ACC02156,CUST06840,BR041,Savings,2025-11-28,12648.26,Active
ACC02157,CUST06059,BR032,Savings,2025-09-28,15714.25,Dormant
ACC02158,CUST06582,BR059,Salary,2020-07-09,10695.73,Active
ACC02159,CUST02233,BR014,Savings,2023-07-17,69806.29,Active
ACC02160,CUST02364,BR009,Salary,2021-08-01,19739.63,Closed
ACC02161,CUST07062,BR032,Savings,2025-09-22,8100.55,Closed
ACC02162,CUST06269,BR048,Savings,2021-01-19,27497.61,Closed
ACC02163,CUST07700,BR033,Savings,2024-10-28,34489.13,Dormant
ACC02164,CUST04168,BR052,Fixed Deposit,2024-02-17,118668.53,Dormant
ACC02165,CUST07887,BR002,Savings,2022-08-12,91353.02,Dormant
ACC02166,CUST02979,BR039,Salary,2025-06-15,6564.52,Dormant
ACC02167,CUST02953,BR046,Savings,2025-12-14,10617.17,Active
ACC02168,CUST06692,BR037,Current,2019-12-05,10326.02,Closed
ACC02169,CUST04329,BR050,Current,2020-03-14,28738.13,Closed
ACC02170,CUST02081,BR003,Savings,2024-08-13,33514.13,Dormant
ACC02171,CUST03389,BR047,Savings,2020-12-07,53562.32,Closed
ACC02172,CUST07585,BR006,Salary,2024-12-28,12668.0,Closed
ACC02173,CUST01599,BR024,Savings,2023-02-05,16516.86,Closed
ACC02174,CUST07365,BR013,Savings,2023-04-28,25250.02,Closed
ACC02175,CUST01121,BR044,Salary,2022-07-27,7445.76,Dormant
ACC02176,CUST07065,BR009,Savings,2020-08-02,144435.0,Dormant
ACC02177,CUST02258,BR009,Salary,2020-01-17,4335.7,Dormant
ACC02178,CUST05880,BR015,Salary,2024-08-22,15204.07,Dormant
ACC02179,CUST05034,BR025,Savings,2024-01-20,136113.67,Dormant
ACC02180,CUST02043,BR046,Salary,2023-08-12,13423.47,Closed
ACC02181,CUST07743,BR053,Salary,2025-01-27,11695.65,Dormant
ACC02182,CUST00279,BR029,Savings,2021-09-08,15967.32,Closed
ACC02183,CUST02478,BR009,Salary,2021-07-22,11774.9,Dormant
ACC02184,CUST05946,BR021,Salary,2022-02-06,34926.25,Dormant
ACC02185,CUST05705,BR048,Savings,2024-08-09,3008.88,Closed
ACC02186,CUST05805,BR008,Fixed Deposit,2023-11-03,150250.66,Active
ACC02187,CUST00265,BR033,Salary,2019-05-15,4930.67,Active
ACC02188,CUST00025,BR008,Current,2019-07-29,27815.47,Dormant
ACC02189,CUST00723,BR010,Fixed Deposit,2024-09-19,46279.45,Closed
ACC02190,CUST07442,BR027,Current,2022-04-10,65418.04,Closed
ACC02191,CUST05368,BR026,Savings,2020-10-23,5227.5,Dormant
ACC02192,CUST00364,BR040,Savings,2019-05-08,33388.12,Active
ACC02193,CUST00862,BR040,Savings,2022-08-24,136199.86,Dormant
ACC02194,CUST01340,BR026,Savings,2020-07-26,6458.44,Closed
ACC02195,CUST06366,BR045,Savings,2019-06-14,26127.29,Active
ACC02196,CUST05868,BR025,Fixed Deposit,2020-06-13,40247.8,Dormant
ACC02197,CUST04621,BR009,Salary,2025-07-05,17999.89,Dormant
ACC02198,CUST07279,BR026,Fixed Deposit,2021-10-26,60565.98,Active
ACC02199,CUST01494,BR029,Savings,2021-05-15,12365.45,Active
ACC02200,CUST06494,BR008,Savings,2024-10-12,34169.38,Closed
ACC02201,CUST07787,BR018,Fixed Deposit,2022-12-03,176770.73,Active
ACC02202,CUST02804,BR059,Savings,2019-02-05,18549.29,Closed
ACC02203,CUST06037,BR014,Savings,2020-04-04,42099.12,Closed
ACC02204,CUST05983,BR036,Savings,2025-11-28,6877.8,Active
ACC02205,CUST02272,BR048,Savings,2023-04-24,9313.38,Dormant
ACC02206,CUST04622,BR020,Savings,2025-08-17,33697.05,Dormant
ACC02207,CUST05087,BR010,Savings,2025-07-03,83759.46,Closed
ACC02208,CUST00579,BR006,Savings,2019-11-22,30334.84,Dormant
ACC02209,CUST05688,BR043,Savings,2023-04-14,16618.1,Dormant
ACC02210,CUST05493,BR041,Savings,2023-11-19,22012.42,Dormant
ACC02211,CUST01829,BR043,Salary,2019-11-26,5567.57,Closed
ACC02212,CUST04448,BR009,Current,2023-12-08,66470.62,Closed
ACC02213,CUST06730,BR042,Salary,2024-02-26,24776.06,Dormant
ACC02214,CUST04449,BR045,Salary,2022-04-14,9735.52,Dormant
ACC02215,CUST04258,BR041,Savings,2022-07-29,14428.52,Active
ACC02216,CUST03228,BR028,Salary,2023-10-12,16092.6,Active
ACC02217,CUST02813,BR029,Salary,2022-04-28,9840.84,Closed
ACC02218,CUST04180,BR049,Savings,2020-12-09,20753.72,Dormant
ACC02219,CUST00250,BR053,Savings,2021-12-24,145764.8,Active
ACC02220,CUST03384,BR035,Savings,2021-03-27,17635.64,Active
ACC02221,CUST07180,BR017,Savings,2022-06-15,15954.46,Dormant
ACC02222,CUST01460,BR042,Savings,2024-10-21,12298.25,Active
ACC02223,CUST07093,BR013,Savings,2019-07-22,43035.16,Dormant
ACC02224,CUST02721,BR020,Savings,2020-11-23,18711.59,Dormant
ACC02225,CUST07746,BR019,Fixed Deposit,2020-01-18,40553.45,Active
ACC02226,CUST02049,BR015,Savings,2019-01-25,72342.97,Closed
ACC02227,CUST02720,BR034,Current,2020-10-14,150181.98,Active
ACC02228,CUST05889,BR048,Savings,2019-03-04,12830.99,Closed
ACC02229,CUST02137,BR042,Savings,2023-11-22,4105.63,Active
ACC02230,CUST05559,BR048,Savings,2024-03-28,54543.96,Dormant
ACC02231,CUST01587,BR020,Current,2024-11-06,18313.07,Dormant
ACC02232,CUST01085,BR057,Savings,2020-08-22,44871.72,Closed
ACC02233,CUST02577,BR056,Savings,2021-04-30,3740.25,Closed
ACC02234,CUST05610,BR007,Fixed Deposit,2019-04-16,102289.1,Active
ACC02235,CUST01860,BR048,Fixed Deposit,2024-05-30,28949.17,Closed
ACC02236,CUST04955,BR026,Savings,2023-02-18,42518.21,Closed
ACC02237,CUST06652,BR026,Savings,2020-10-05,22311.24,Active
ACC02238,CUST06063,BR006,Savings,2024-06-30,9334.33,Closed
ACC02239,CUST04516,BR054,Savings,2020-11-16,15270.33,Closed
ACC02240,CUST00922,BR056,Savings,2025-04-26,40851.0,Active
ACC02241,CUST04953,BR002,Salary,2019-08-12,14387.66,Dormant
ACC02242,CUST02555,BR052,Salary,2023-03-23,20112.35,Dormant
ACC02243,CUST05461,BR052,Savings,2019-12-05,130456.68,Dormant
ACC02244,CUST04633,BR012,Salary,2025-12-16,4469.5,Active
ACC02245,CUST06525,BR030,Savings,2021-02-09,94418.41,Dormant
ACC02246,CUST00009,BR007,Savings,2024-02-24,24195.46,Closed
ACC02247,CUST01091,BR023,Current,2020-06-19,14782.75,Active
ACC02248,CUST06628,BR003,Current,2022-10-18,9601.61,Closed
ACC02249,CUST01780,BR004,Current,2019-01-06,30057.86,Closed
ACC02250,CUST02232,BR013,Savings,2020-08-28,50487.7,Closed
ACC02251,CUST00743,BR016,Savings,2021-02-22,19637.69,Closed
ACC02252,CUST06398,BR053,Savings,2020-01-04,85822.75,Closed
ACC02253,CUST05317,BR058,Savings,2024-06-03,5966.66,Active
ACC02254,CUST03832,BR018,Savings,2025-10-17,21788.12,Active
ACC02255,CUST01889,BR052,Savings,2022-11-11,7135.56,Dormant
ACC02256,CUST06674,BR005,Savings,2021-03-22,30554.54,Active
ACC02257,CUST00934,BR024,Current,2023-04-09,88158.13,Closed
ACC02258,CUST04981,BR052,Savings,2023-01-17,15082.86,Dormant
ACC02259,CUST07423,BR039,Current,2024-02-21,2685.94,Closed
ACC02260,CUST00494,BR035,Current,2022-11-02,44309.22,Dormant
ACC02261,CUST03219,BR016,Savings,2023-11-09,32632.52,Active
ACC02262,CUST03057,BR015,Savings,2023-10-16,31693.45,Dormant
ACC02263,CUST00236,BR042,Savings,2021-05-09,66983.66,Dormant
ACC02264,CUST01904,BR037,Savings,2019-08-09,8400.54,Closed
ACC02265,CUST02190,BR024,Salary,2024-03-09,21507.38,Dormant
ACC02266,CUST00795,BR044,Savings,2025-03-26,64424.98,Dormant
ACC02267,CUST00169,BR047,Current,2021-10-16,6132.84,Dormant
ACC02268,CUST03934,BR057,Current,2019-04-26,49993.68,Dormant
ACC02269,CUST02123,BR010,Savings,2021-06-16,13991.96,Active
ACC02270,CUST03901,BR041,Savings,2020-06-13,20468.24,Dormant
ACC02271,CUST03794,BR058,Savings,2020-12-08,30118.92,Active
ACC02272,CUST07681,BR053,Current,2024-02-19,22309.58,Closed
ACC02273,CUST04215,BR036,Current,2024-07-08,18477.18,Closed
ACC02274,CUST01263,BR035,Salary,2024-09-13,13682.96,Active
ACC02275,CUST06285,BR025,Savings,2019-07-14,8279.01,Closed
ACC02276,CUST01676,BR006,Salary,2021-05-05,6247.41,Dormant
ACC02277,CUST07131,BR019,Savings,2021-08-02,40596.45,Dormant
ACC02278,CUST03451,BR011,Savings,2025-12-05,7832.88,Dormant
ACC02279,CUST04018,BR008,Savings,2021-05-11,40122.05,Active
ACC02280,CUST06380,BR014,Current,2021-03-19,57675.7,Active
ACC02281,CUST01210,BR005,Savings,2025-05-21,4660.01,Dormant
ACC02282,CUST01525,BR010,Savings,2025-08-24,11970.4,Closed
ACC02283,CUST06891,BR015,Fixed Deposit,2022-10-18,122573.44,Closed
ACC02284,CUST05795,BR043,Current,2019-05-24,13613.73,Dormant
ACC02285,CUST05711,BR006,Savings,2022-10-04,14501.92,Active
ACC02286,CUST05366,BR031,Fixed Deposit,2025-05-11,79002.64,Dormant
ACC02287,CUST06446,BR009,Savings,2020-02-19,44580.48,Active
ACC02288,CUST06006,BR036,Current,2025-04-04,28239.05,Closed
ACC02289,CUST04136,BR029,Savings,2024-10-18,12864.68,Closed
ACC02290,CUST04577,BR022,Savings,2019-07-21,79231.79,Active
ACC02291,CUST04321,BR036,Salary,2025-11-11,45126.72,Active
ACC02292,CUST00831,BR048,Fixed Deposit,2020-06-10,107722.62,Active
ACC02293,CUST01897,BR026,Savings,2023-06-08,23784.43,Active
ACC02294,CUST01567,BR015,Savings,2025-04-26,10641.97,Dormant
ACC02295,CUST07057,BR005,Fixed Deposit,2023-07-05,36378.5,Closed
ACC02296,CUST06746,BR001,Savings,2024-08-19,35251.48,Active
ACC02297,CUST07580,BR031,Current,2022-03-20,55182.34,Dormant
ACC02298,CUST06490,BR053,Savings,2023-03-27,77764.38,Closed
ACC02299,CUST00019,BR041,Current,2019-07-16,69595.15,Active
ACC02300,CUST01771,BR006,Current,2021-09-14,8078.16,Dormant
ACC02301,CUST04761,BR047,Salary,2024-08-29,27899.48,Active
ACC02302,CUST02217,BR018,Salary,2019-01-09,6643.26,Active
ACC02303,CUST04046,BR037,Salary,2025-10-12,10210.99,Dormant
ACC02304,CUST04803,BR011,Savings,2025-12-11,27589.21,Closed
ACC02305,CUST05883,BR043,Savings,2020-12-26,132733.78,Dormant
ACC02306,CUST07137,BR014,Fixed Deposit,2019-08-11,386911.45,Dormant
ACC02307,CUST06991,BR037,Salary,2024-06-30,20428.91,Closed
ACC02308,CUST07010,BR003,Savings,2019-07-11,18678.4,Active
ACC02309,CUST02436,BR060,Fixed Deposit,2021-06-16,82512.36,Active
ACC02310,CUST00806,BR007,Salary,2023-10-25,24868.54,Dormant
ACC02311,CUST00228,BR051,Savings,2020-03-06,16504.68,Active
ACC02312,CUST05620,BR005,Savings,2022-07-08,110823.07,Active
ACC02313,CUST07742,BR021,Savings,2022-04-17,27093.89,Closed
ACC02314,CUST07220,BR011,Salary,2023-10-15,18928.43,Dormant
ACC02315,CUST05484,BR014,Fixed Deposit,2024-05-15,89281.94,Dormant
ACC02316,CUST03052,BR035,Savings,2020-01-28,32190.54,Active
ACC02317,CUST05206,BR036,Savings,2022-06-24,46865.94,Active
ACC02318,CUST02502,BR037,Savings,2024-10-14,12638.11,Dormant
ACC02319,CUST07014,BR040,Savings,2024-09-08,13326.75,Closed
ACC02320,CUST02413,BR054,Savings,2024-12-23,8183.39,Dormant
ACC02321,CUST02084,BR047,Savings,2021-07-02,32713.76,Closed
ACC02322,CUST07956,BR036,Fixed Deposit,2021-09-18,95545.89,Closed
ACC02323,CUST00125,BR006,Fixed Deposit,2020-05-02,78799.64,Active
ACC02324,CUST07819,BR031,Fixed Deposit,2020-08-05,163520.8,Dormant
ACC02325,CUST01480,BR025,Savings,2024-10-11,21915.81,Active
ACC02326,CUST00541,BR053,Savings,2019-03-22,40209.86,Dormant
ACC02327,CUST00986,BR027,Savings,2020-06-03,8245.88,Active
ACC02328,CUST01188,BR050,Salary,2024-06-15,10188.66,Active
ACC02329,CUST00692,BR018,Savings,2024-03-17,41191.37,Dormant
ACC02330,CUST01716,BR003,Savings,2022-07-12,47296.52,Dormant
ACC02331,CUST00465,BR022,Savings,2019-05-30,16906.1,Active
ACC02332,CUST02256,BR016,Salary,2019-04-02,12706.65,Active
ACC02333,CUST06278,BR029,Salary,2023-05-22,4616.94,Dormant
ACC02334,CUST05358,BR040,Current,2025-05-26,25411.85,Active
ACC02335,CUST05497,BR033,Savings,2022-01-29,49086.77,Active
ACC02336,CUST02298,BR059,Savings,2024-12-20,36963.44,Active
ACC02337,CUST01053,BR017,Savings,2019-04-17,34565.08,Active
ACC02338,CUST04960,BR022,Savings,2019-06-09,23035.6,Closed
ACC02339,CUST06568,BR059,Savings,2025-09-17,22166.93,Dormant
ACC02340,CUST04961,BR045,Savings,2023-05-24,12157.61,Dormant
ACC02341,CUST01142,BR027,Savings,2021-07-25,41313.54,Closed
ACC02342,CUST01716,BR008,Savings,2023-01-01,32172.77,Dormant
ACC02343,CUST06758,BR012,Savings,2020-12-10,34297.13,Closed
ACC02344,CUST03813,BR018,Savings,2022-06-26,13719.43,Active
ACC02345,CUST05814,BR022,Savings,2023-11-13,3171.6,Closed
ACC02346,CUST06335,BR009,Salary,2024-04-02,28796.44,Dormant
ACC02347,CUST07488,BR051,Savings,2019-10-09,14314.76,Dormant
ACC02348,CUST01014,BR044,Salary,2023-09-20,7303.12,Closed
ACC02349,CUST01806,BR060,Salary,2025-06-14,21707.98,Dormant
ACC02350,CUST00715,BR030,Salary,2023-06-10,10153.68,Dormant
ACC02351,CUST04486,BR029,Current,2024-08-24,104813.35,Active
ACC02352,CUST00462,BR031,Salary,2025-07-28,20576.48,Dormant
ACC02353,CUST05962,BR046,Salary,2019-09-01,21557.92,Dormant
ACC02354,CUST02773,BR031,Savings,2023-04-24,6442.29,Dormant
ACC02355,CUST04362,BR044,Savings,2024-03-07,65561.87,Active
ACC02356,CUST07362,BR021,Savings,2019-09-05,27864.97,Active
ACC02357,CUST03988,BR027,Savings,2020-04-04,15798.19,Dormant
ACC02358,CUST07972,BR018,Salary,2020-03-04,14770.27,Closed
ACC02359,CUST07879,BR027,Savings,2021-07-13,4453.24,Active
ACC02360,CUST06494,BR056,Fixed Deposit,2020-05-11,76511.14,Closed
ACC02361,CUST04435,BR012,Savings,2022-12-01,8721.67,Closed
ACC02362,CUST06963,BR027,Savings,2022-04-30,6519.79,Closed
ACC02363,CUST04079,BR021,Salary,2020-03-04,4602.47,Dormant
ACC02364,CUST06539,BR036,Savings,2019-12-01,59959.2,Dormant
ACC02365,CUST05352,BR017,Savings,2022-10-18,12502.24,Closed
ACC02366,CUST03083,BR002,Salary,2025-10-21,39089.51,Active
ACC02367,CUST02708,BR030,Salary,2023-02-14,9181.44,Dormant
ACC02368,CUST00857,BR024,Savings,2023-10-23,4738.04,Active
ACC02369,CUST05427,BR017,Salary,2025-04-09,6114.59,Active
ACC02370,CUST01892,BR018,Savings,2025-02-19,66985.43,Active
ACC02371,CUST00490,BR040,Savings,2024-08-21,19142.99,Dormant
ACC02372,CUST01025,BR010,Savings,2022-08-27,13447.41,Active
ACC02373,CUST07007,BR018,Salary,2020-09-05,14943.22,Active
ACC02374,CUST01826,BR058,Current,2025-03-31,59980.98,Dormant
ACC02375,CUST07560,BR035,Savings,2025-07-27,60213.93,Closed
ACC02376,CUST07385,BR032,Savings,2022-09-04,81117.12,Closed
ACC02377,CUST07535,BR036,Current,2023-05-09,25342.33,Active
ACC02378,CUST05002,BR037,Salary,2021-09-22,5280.45,Closed
ACC02379,CUST02307,BR032,Savings,2023-03-09,15182.24,Closed
ACC02380,CUST04152,BR039,Savings,2021-12-01,27840.65,Active
ACC02381,CUST01247,BR048,Savings,2020-02-12,9252.2,Closed
ACC02382,CUST02099,BR044,Savings,2022-03-02,9307.39,Dormant
ACC02383,CUST00604,BR029,Savings,2019-04-05,30013.7,Closed
ACC02384,CUST00890,BR032,Savings,2022-03-05,21082.8,Closed
ACC02385,CUST04795,BR017,Current,2022-08-02,37526.29,Active
ACC02386,CUST03056,BR016,Current,2023-04-27,17009.12,Active
ACC02387,CUST07566,BR016,Savings,2019-02-26,17901.49,Dormant
ACC02388,CUST06686,BR027,Current,2023-11-08,14411.28,Active
ACC02389,CUST03648,BR019,Fixed Deposit,2019-03-18,102141.98,Dormant
ACC02390,CUST04115,BR054,Salary,2022-08-25,27575.27,Closed
ACC02391,CUST03580,BR017,Savings,2020-07-19,4181.52,Active
ACC02392,CUST02692,BR056,Savings,2020-08-22,9541.83,Dormant
ACC02393,CUST04406,BR040,Savings,2023-05-31,5728.01,Dormant
ACC02394,CUST07871,BR018,Savings,2021-05-29,12270.81,Closed
ACC02395,CUST07433,BR033,Fixed Deposit,2025-05-01,56950.47,Closed
ACC02396,CUST03843,BR044,Current,2019-01-17,8521.56,Closed
ACC02397,CUST03616,BR060,Savings,2019-01-03,9607.76,Dormant
ACC02398,CUST03255,BR027,Savings,2023-01-21,8923.45,Closed
ACC02399,CUST01343,BR009,Current,2023-08-09,44679.38,Closed
ACC02400,CUST00835,BR054,Fixed Deposit,2020-07-13,62417.85,Dormant
ACC02401,CUST03975,BR008,Savings,2019-03-30,11503.84,Dormant
ACC02402,CUST01319,BR001,Savings,2019-04-17,25826.05,Closed
ACC02403,CUST04616,BR005,Current,2019-11-21,21021.9,Closed
ACC02404,CUST06234,BR053,Savings,2019-02-26,17249.02,Dormant
ACC02405,CUST03542,BR037,Savings,2022-04-30,99320.46,Closed
ACC02406,CUST04991,BR007,Salary,2019-04-05,34143.34,Active
ACC02407,CUST06445,BR046,Savings,2020-05-16,6838.86,Dormant
ACC02408,CUST06001,BR002,Salary,2019-12-19,23880.39,Dormant
ACC02409,CUST02565,BR051,Savings,2023-07-01,45718.44,Dormant
ACC02410,CUST07390,BR013,Savings,2021-08-08,7836.62,Closed
ACC02411,CUST05644,BR038,Fixed Deposit,2019-01-08,97857.4,Dormant
ACC02412,CUST05025,BR053,Savings,2022-08-01,87916.14,Dormant
ACC02413,CUST06968,BR016,Savings,2024-04-11,8020.13,Active
ACC02414,CUST01754,BR026,Savings,2025-07-23,9645.51,Active
ACC02415,CUST01226,BR033,Savings,2024-07-12,55044.39,Dormant
ACC02416,CUST07223,BR009,Savings,2023-10-16,28123.08,Closed
ACC02417,CUST06681,BR031,Savings,2021-01-10,36182.42,Dormant
ACC02418,CUST02179,BR016,Savings,2025-09-06,29927.42,Closed
ACC02419,CUST04071,BR059,Salary,2025-08-22,17561.9,Dormant
ACC02420,CUST06014,BR022,Savings,2022-05-30,6675.34,Active
ACC02421,CUST00821,BR030,Savings,2025-10-08,56533.35,Active
ACC02422,CUST03404,BR034,Savings,2025-10-15,63109.78,Closed
ACC02423,CUST02728,BR037,Current,2020-12-01,28871.47,Closed
ACC02424,CUST03097,BR014,Fixed Deposit,2022-06-24,58332.45,Closed
ACC02425,CUST04792,BR019,Current,2022-07-06,7854.9,Closed
ACC02426,CUST07782,BR060,Savings,2021-05-14,34990.41,Dormant
ACC02427,CUST02991,BR051,Salary,2022-01-13,19939.15,Closed
ACC02428,CUST04981,BR004,Savings,2022-10-09,20827.47,Closed
ACC02429,CUST00978,BR049,Savings,2021-11-11,60591.99,Active
ACC02430,CUST07331,BR001,Savings,2025-03-12,16306.69,Closed
ACC02431,CUST06010,BR035,Fixed Deposit,2020-11-17,84016.09,Dormant
ACC02432,CUST04679,BR044,Savings,2025-12-04,8798.2,Dormant
ACC02433,CUST03684,BR007,Savings,2021-02-27,21564.49,Closed
ACC02434,CUST01039,BR056,Savings,2023-04-16,18827.64,Dormant
ACC02435,CUST07934,BR038,Savings,2025-11-07,26978.0,Closed
ACC02436,CUST00584,BR042,Savings,2024-04-18,15794.64,Closed
ACC02437,CUST00035,BR013,Current,2024-07-21,31841.55,Closed
ACC02438,CUST01813,BR046,Savings,2021-01-29,46325.25,Closed
ACC02439,CUST02698,BR053,Savings,2024-07-22,14867.19,Active
ACC02440,CUST04060,BR023,Savings,2025-05-04,5187.88,Closed
ACC02441,CUST06531,BR032,Savings,2022-06-22,106364.33,Active
ACC02442,CUST00470,BR010,Savings,2024-06-11,76367.21,Dormant
ACC02443,CUST05990,BR007,Savings,2019-05-03,6884.06,Dormant
ACC02444,CUST01960,BR049,Savings,2024-11-12,40975.8,Dormant
ACC02445,CUST00371,BR054,Savings,2024-05-04,14007.14,Closed
ACC02446,CUST04593,BR009,Salary,2023-01-24,16065.69,Dormant
ACC02447,CUST05625,BR027,Savings,2025-01-23,28704.29,Closed
ACC02448,CUST07661,BR011,Salary,2022-05-03,11337.99,Active
ACC02449,CUST06880,BR034,Savings,2024-01-26,10879.23,Closed
ACC02450,CUST07752,BR049,Savings,2022-04-02,11831.41,Active
ACC02451,CUST03097,BR020,Savings,2019-07-09,9656.89,Closed
ACC02452,CUST04310,BR029,Savings,2022-04-06,10418.73,Closed
ACC02453,CUST00669,BR042,Savings,2019-04-06,20734.19,Dormant
ACC02454,CUST05750,BR013,Fixed Deposit,2020-09-08,38969.87,Dormant
ACC02455,CUST05705,BR059,Savings,2024-12-22,40694.44,Dormant
ACC02456,CUST04811,BR017,Salary,2020-08-08,37838.12,Closed
ACC02457,CUST00087,BR023,Savings,2019-06-09,13068.4,Closed
ACC02458,CUST06483,BR043,Savings,2021-06-10,27322.45,Dormant
ACC02459,CUST02753,BR039,Savings,2019-01-08,34534.59,Dormant
ACC02460,CUST02764,BR018,Salary,2022-11-14,18590.42,Dormant
ACC02461,CUST05854,BR044,Savings,2021-05-16,23584.85,Active
ACC02462,CUST07046,BR028,Savings,2025-08-23,42976.73,Dormant
ACC02463,CUST01578,BR050,Savings,2020-07-02,33996.88,Closed
ACC02464,CUST05542,BR028,Current,2021-06-15,10533.73,Active
ACC02465,CUST07619,BR007,Salary,2020-06-15,24548.58,Closed
ACC02466,CUST05755,BR038,Savings,2023-06-12,48950.35,Active
ACC02467,CUST06096,BR052,Savings,2019-05-25,11081.61,Closed
ACC02468,CUST04291,BR023,Salary,2025-02-03,13719.27,Closed
ACC02469,CUST05826,BR008,Current,2020-07-21,71921.39,Dormant
ACC02470,CUST02185,BR039,Salary,2019-02-28,11538.91,Closed
ACC02471,CUST04831,BR017,Savings,2021-01-21,57854.14,Dormant
ACC02472,CUST07282,BR020,Savings,2022-05-05,184884.25,Dormant
ACC02473,CUST01672,BR014,Savings,2021-03-18,10857.51,Dormant
ACC02474,CUST02782,BR035,Current,2022-03-14,9126.66,Active
ACC02475,CUST04809,BR043,Salary,2022-02-01,16525.72,Active
ACC02476,CUST00343,BR033,Current,2022-04-30,74724.44,Active
ACC02477,CUST05242,BR048,Savings,2023-08-11,17893.99,Dormant
ACC02478,CUST05816,BR019,Savings,2019-06-09,81465.48,Dormant
ACC02479,CUST02537,BR044,Savings,2025-07-02,6602.84,Closed
ACC02480,CUST03270,BR008,Savings,2019-07-09,41094.38,Dormant
ACC02481,CUST04885,BR024,Savings,2019-07-28,12768.36,Dormant
ACC02482,CUST01014,BR015,Savings,2024-08-21,103511.72,Active
ACC02483,CUST07203,BR010,Current,2024-09-13,266336.37,Dormant
ACC02484,CUST04351,BR021,Savings,2020-06-30,11048.05,Closed
ACC02485,CUST02187,BR020,Fixed Deposit,2023-09-02,43056.38,Closed
ACC02486,CUST02766,BR013,Salary,2019-10-28,24384.71,Dormant
ACC02487,CUST00658,BR030,Savings,2020-05-10,15546.37,Closed
ACC02488,CUST04173,BR009,Savings,2021-10-12,21144.39,Active
ACC02489,CUST03636,BR010,Savings,2019-10-15,22535.56,Active
ACC02490,CUST01030,BR057,Salary,2025-02-08,3485.02,Active
ACC02491,CUST00175,BR003,Salary,2025-09-23,13230.94,Dormant
ACC02492,CUST04981,BR057,Fixed Deposit,2019-01-18,39583.33,Closed
ACC02493,CUST05230,BR045,Fixed Deposit,2021-11-01,44539.26,Closed
ACC02494,CUST02906,BR002,Savings,2021-11-07,80762.56,Dormant
ACC02495,CUST03636,BR002,Savings,2024-01-13,7109.19,Active
ACC02496,CUST03220,BR043,Savings,2022-03-05,45792.92,Active
ACC02497,CUST07758,BR012,Savings,2025-10-10,17135.94,Dormant
ACC02498,CUST03477,BR052,Fixed Deposit,2019-01-20,50622.12,Closed
ACC02499,CUST02226,BR033,Salary,2023-05-27,23231.41,Active
ACC02500,CUST06298,BR047,Current,2020-08-31,51024.0,Closed
ACC02501,CUST04181,BR010,Salary,2025-04-25,19919.0,Closed
ACC02502,CUST04417,BR049,Savings,2024-04-30,52647.09,Dormant
ACC02503,CUST07023,BR009,Fixed Deposit,2019-10-29,49080.4,Closed
ACC02504,CUST01675,BR041,Fixed Deposit,2019-10-14,41467.2,Closed
ACC02505,CUST07963,BR045,Savings,2019-12-16,8294.64,Closed
ACC02506,CUST03945,BR021,Current,2019-05-17,15908.19,Closed
ACC02507,CUST05261,BR031,Savings,2019-03-15,313070.91,Dormant
ACC02508,CUST04099,BR046,Salary,2025-01-14,31929.18,Active
ACC02509,CUST04489,BR010,Savings,2022-02-25,6529.16,Active
ACC02510,CUST01025,BR049,Current,2020-07-22,9677.34,Dormant
ACC02511,CUST00332,BR027,Salary,2025-07-30,18719.22,Closed
ACC02512,CUST05284,BR055,Savings,2019-09-19,36045.54,Dormant
ACC02513,CUST05754,BR042,Current,2023-02-05,62873.74,Closed
ACC02514,CUST05150,BR027,Salary,2025-04-06,11176.08,Closed
ACC02515,CUST06270,BR028,Salary,2019-12-04,12236.54,Dormant
ACC02516,CUST03355,BR036,Salary,2019-01-26,16806.41,Dormant
ACC02517,CUST06082,BR056,Fixed Deposit,2020-02-04,63040.7,Dormant
ACC02518,CUST00991,BR027,Salary,2025-07-19,2825.64,Dormant
ACC02519,CUST02570,BR013,Current,2019-12-18,28859.67,Closed
ACC02520,CUST00809,BR055,Current,2020-07-07,15499.97,Dormant
ACC02521,CUST06814,BR026,Savings,2024-11-11,25788.66,Closed
ACC02522,CUST04553,BR004,Savings,2025-01-15,323428.42,Closed
ACC02523,CUST04913,BR040,Savings,2019-08-08,30660.59,Dormant
ACC02524,CUST04035,BR016,Savings,2025-04-19,16611.05,Active
ACC02525,CUST05069,BR011,Fixed Deposit,2020-12-28,104097.26,Active
ACC02526,CUST04313,BR010,Savings,2019-01-27,34010.31,Active
ACC02527,CUST00963,BR056,Fixed Deposit,2020-09-07,77038.2,Active
ACC02528,CUST02206,BR044,Salary,2022-06-02,20430.73,Active
ACC02529,CUST03750,BR046,Salary,2020-03-22,56363.69,Closed
ACC02530,CUST01934,BR009,Salary,2020-10-29,6053.42,Dormant
ACC02531,CUST03668,BR006,Savings,2025-09-23,33734.25,Active
ACC02532,CUST04219,BR023,Savings,2022-06-08,9568.74,Active
ACC02533,CUST04868,BR030,Current,2021-07-11,63291.9,Active
ACC02534,CUST00198,BR014,Savings,2024-05-18,9635.24,Active
ACC02535,CUST06804,BR019,Current,2024-11-11,23923.9,Dormant
ACC02536,CUST00310,BR054,Savings,2024-12-08,16889.02,Closed
ACC02537,CUST02165,BR050,Savings,2024-04-25,53009.96,Closed
ACC02538,CUST05902,BR059,Fixed Deposit,2023-07-24,103888.41,Closed
ACC02539,CUST03819,BR028,Current,2020-04-30,10449.22,Closed
ACC02540,CUST02314,BR008,Salary,2020-02-16,13883.47,Closed
ACC02541,CUST04996,BR012,Current,2021-05-08,17861.81,Active
ACC02542,CUST01455,BR047,Savings,2022-05-12,7096.42,Closed
ACC02543,CUST04033,BR050,Current,2019-05-28,29230.94,Active
ACC02544,CUST00405,BR023,Savings,2023-10-19,16686.67,Dormant
ACC02545,CUST00943,BR024,Salary,2023-07-15,73035.55,Active
ACC02546,CUST03151,BR035,Current,2023-10-29,55991.76,Closed
ACC02547,CUST04311,BR043,Savings,2019-09-16,6375.03,Active
ACC02548,CUST04742,BR041,Salary,2025-10-19,8997.11,Closed
ACC02549,CUST04030,BR050,Savings,2024-12-28,55229.08,Closed
ACC02550,CUST01521,BR040,Savings,2022-02-09,144292.6,Dormant
ACC02551,CUST00088,BR057,Savings,2021-05-14,5284.93,Active
ACC02552,CUST06049,BR027,Current,2021-03-24,5541.81,Active
ACC02553,CUST02937,BR027,Savings,2022-12-31,118642.33,Closed
ACC02554,CUST04861,BR029,Savings,2021-04-15,31277.45,Dormant
ACC02555,CUST00199,BR038,Salary,2022-01-08,7274.97,Dormant
ACC02556,CUST01310,BR043,Current,2024-10-14,61983.85,Dormant
ACC02557,CUST07979,BR022,Salary,2021-05-15,2111.13,Active
ACC02558,CUST07832,BR044,Salary,2019-01-30,13391.33,Dormant
ACC02559,CUST04907,BR025,Salary,2019-06-13,16805.72,Closed
ACC02560,CUST00889,BR013,Savings,2024-07-19,50606.9,Dormant
ACC02561,CUST01404,BR057,Savings,2020-07-17,8843.99,Closed
ACC02562,CUST01204,BR033,Savings,2019-08-12,23792.33,Dormant
ACC02563,CUST02933,BR015,Salary,2020-08-23,6989.77,Closed
ACC02564,CUST04338,BR009,Salary,2022-05-23,15974.81,Closed
ACC02565,CUST03039,BR052,Current,2024-09-27,14833.65,Active
ACC02566,CUST01144,BR046,Savings,2023-07-15,15255.71,Closed
ACC02567,CUST04770,BR045,Current,2024-09-30,13415.75,Closed
ACC02568,CUST01576,BR039,Fixed Deposit,2020-09-26,88493.27,Dormant
ACC02569,CUST00839,BR049,Savings,2025-09-15,47696.15,Dormant
ACC02570,CUST03584,BR020,Savings,2020-11-26,17833.63,Closed
ACC02571,CUST05709,BR036,Savings,2023-02-21,22797.68,Active
ACC02572,CUST07633,BR035,Fixed Deposit,2023-02-13,25105.57,Closed
ACC02573,CUST02681,BR015,Current,2022-02-22,26911.89,Dormant
ACC02574,CUST01663,BR018,Savings,2021-04-29,21053.37,Closed
ACC02575,CUST06067,BR024,Savings,2022-04-15,232981.37,Dormant
ACC02576,CUST07123,BR008,Savings,2019-11-24,8096.84,Active
ACC02577,CUST07966,BR047,Savings,2025-09-02,82269.81,Closed
ACC02578,CUST03788,BR048,Current,2022-02-25,98406.17,Active
ACC02579,CUST01401,BR059,Fixed Deposit,2021-10-06,70854.36,Dormant
ACC02580,CUST00855,BR016,Savings,2020-10-23,107232.91,Dormant
ACC02581,CUST05662,BR059,Savings,2025-11-22,30788.45,Closed
ACC02582,CUST04412,BR039,Salary,2023-03-20,17543.02,Dormant
ACC02583,CUST00943,BR040,Savings,2022-08-15,20998.19,Closed
ACC02584,CUST02271,BR023,Current,2023-07-27,123447.21,Active
ACC02585,CUST01852,BR023,Savings,2020-05-16,59090.31,Closed
ACC02586,CUST04038,BR013,Current,2025-12-25,19425.13,Dormant
ACC02587,CUST06619,BR017,Savings,2023-06-07,6718.89,Closed
ACC02588,CUST05129,BR047,Current,2024-03-29,29644.13,Active
ACC02589,CUST03962,BR029,Fixed Deposit,2025-08-31,37048.27,Dormant
ACC02590,CUST04767,BR007,Savings,2019-07-24,20802.49,Active
ACC02591,CUST01065,BR024,Salary,2023-04-08,31767.74,Dormant
ACC02592,CUST01593,BR031,Savings,2019-11-22,14594.92,Dormant
ACC02593,CUST06301,BR037,Salary,2024-05-05,12965.19,Active
ACC02594,CUST04612,BR005,Fixed Deposit,2020-09-08,61995.29,Closed
ACC02595,CUST03568,BR027,Current,2020-03-25,84832.24,Dormant
ACC02596,CUST01780,BR036,Savings,2021-04-20,2915.51,Dormant
ACC02597,CUST04951,BR032,Savings,2019-04-09,12758.71,Active
ACC02598,CUST05186,BR031,Savings,2022-12-19,26639.63,Active
ACC02599,CUST01773,BR056,Fixed Deposit,2021-06-11,123013.25,Active
ACC02600,CUST03538,BR038,Savings,2025-02-02,14147.42,Dormant
ACC02601,CUST07552,BR041,Savings,2023-09-18,4068.8,Active
ACC02602,CUST04079,BR025,Salary,2024-05-27,20615.49,Dormant
ACC02603,CUST01317,BR004,Savings,2023-06-27,12433.8,Active
ACC02604,CUST00308,BR012,Savings,2020-03-29,7549.98,Active
ACC02605,CUST05592,BR020,Salary,2019-11-14,8629.64,Dormant
ACC02606,CUST05273,BR019,Fixed Deposit,2024-02-11,53598.95,Closed
ACC02607,CUST07701,BR027,Salary,2025-01-10,8748.86,Active
ACC02608,CUST02097,BR035,Current,2020-06-27,4001.54,Active
ACC02609,CUST05186,BR006,Savings,2021-12-02,49382.9,Closed
ACC02610,CUST05786,BR020,Current,2024-04-11,129946.1,Closed
ACC02611,CUST02158,BR008,Savings,2019-02-23,39591.5,Active
ACC02612,CUST00790,BR020,Savings,2022-06-19,7911.58,Closed
ACC02613,CUST04238,BR048,Savings,2023-04-03,18373.37,Active
ACC02614,CUST07714,BR031,Savings,2021-10-02,21897.57,Closed
ACC02615,CUST01957,BR048,Savings,2023-10-05,37756.58,Closed
ACC02616,CUST02332,BR032,Savings,2021-05-07,40195.34,Dormant
ACC02617,CUST02301,BR040,Current,2022-12-17,17427.87,Dormant
ACC02618,CUST07183,BR019,Savings,2022-12-23,23713.41,Dormant
ACC02619,CUST02018,BR053,Salary,2022-07-18,18399.82,Closed
ACC02620,CUST05885,BR052,Salary,2023-02-17,37014.89,Dormant
ACC02621,CUST03202,BR001,Salary,2025-08-01,21876.2,Active
ACC02622,CUST01553,BR013,Savings,2025-07-04,44808.41,Closed
ACC02623,CUST01133,BR021,Savings,2025-07-21,23752.52,Active
ACC02624,CUST07103,BR015,Salary,2019-04-13,35857.98,Dormant
ACC02625,CUST04444,BR015,Savings,2021-01-17,31849.8,Closed
ACC02626,CUST01149,BR059,Savings,2019-05-22,10147.89,Active
ACC02627,CUST02094,BR053,Savings,2022-09-07,77888.45,Closed
ACC02628,CUST00301,BR032,Salary,2023-05-21,21775.32,Dormant
ACC02629,CUST00710,BR023,Savings,2020-10-08,14783.4,Dormant
ACC02630,CUST06500,BR054,Salary,2025-03-01,9550.56,Closed
ACC02631,CUST03151,BR012,Savings,2024-06-26,28765.1,Active
ACC02632,CUST00122,BR033,Savings,2024-09-07,33418.55,Active
ACC02633,CUST01591,BR048,Savings,2025-07-26,26306.28,Active
ACC02634,CUST00770,BR054,Savings,2020-04-07,29149.06,Closed
ACC02635,CUST07224,BR045,Savings,2024-03-01,101718.21,Closed
ACC02636,CUST04460,BR046,Savings,2023-02-13,57779.47,Closed
ACC02637,CUST07874,BR033,Savings,2021-08-17,26149.15,Dormant
ACC02638,CUST06235,BR024,Current,2024-11-13,93088.93,Dormant
ACC02639,CUST02906,BR046,Current,2025-07-19,12932.21,Closed
ACC02640,CUST06118,BR047,Salary,2025-07-18,17651.02,Active
ACC02641,CUST05506,BR004,Savings,2024-11-17,112237.87,Active
ACC02642,CUST02197,BR049,Fixed Deposit,2022-09-23,52531.72,Active
ACC02643,CUST07487,BR013,Current,2023-11-03,15558.56,Active
ACC02644,CUST06782,BR003,Savings,2021-08-29,12248.03,Active
ACC02645,CUST02837,BR039,Salary,2025-01-19,6230.78,Dormant
ACC02646,CUST03721,BR059,Current,2022-11-18,16568.16,Active
ACC02647,CUST01084,BR056,Salary,2020-12-24,10307.68,Closed
ACC02648,CUST07961,BR023,Salary,2024-07-17,4994.55,Dormant
ACC02649,CUST05262,BR038,Salary,2022-06-23,13506.59,Closed
ACC02650,CUST01171,BR058,Salary,2020-08-18,25124.38,Closed
ACC02651,CUST02136,BR055,Savings,2019-09-11,9730.49,Closed
ACC02652,CUST02237,BR055,Savings,2024-01-05,86452.94,Active
ACC02653,CUST06819,BR042,Savings,2022-11-20,34881.53,Dormant
ACC02654,CUST01816,BR015,Current,2024-11-12,101781.19,Closed
ACC02655,CUST00338,BR041,Salary,2022-11-26,8429.69,Closed
ACC02656,CUST05130,BR032,Fixed Deposit,2022-02-12,99978.97,Dormant
ACC02657,CUST05085,BR014,Current,2020-08-21,12186.28,Closed
ACC02658,CUST06569,BR013,Savings,2024-08-08,49080.78,Dormant
ACC02659,CUST01331,BR058,Savings,2025-02-28,25710.52,Closed
ACC02660,CUST02002,BR006,Salary,2019-06-10,19678.38,Dormant
ACC02661,CUST04703,BR049,Fixed Deposit,2025-01-26,29573.77,Active
ACC02662,CUST03436,BR037,Savings,2019-06-01,9842.23,Dormant
ACC02663,CUST07867,BR013,Salary,2020-07-20,20293.58,Active
ACC02664,CUST07393,BR043,Savings,2023-10-29,9381.42,Closed
ACC02665,CUST05902,BR046,Savings,2023-03-03,33419.19,Closed
ACC02666,CUST01421,BR048,Current,2021-01-11,9254.47,Dormant
ACC02667,CUST04824,BR028,Savings,2020-10-25,47257.03,Dormant
ACC02668,CUST06651,BR025,Current,2020-01-25,10588.0,Dormant
ACC02669,CUST04921,BR039,Savings,2022-07-26,36209.25,Dormant
ACC02670,CUST05490,BR019,Salary,2021-09-19,20701.09,Active
ACC02671,CUST00262,BR033,Savings,2019-10-04,11765.25,Active
ACC02672,CUST05314,BR015,Savings,2019-11-25,37191.07,Active
ACC02673,CUST07581,BR048,Savings,2025-08-02,27844.7,Closed
ACC02674,CUST04909,BR048,Savings,2021-11-04,13562.21,Dormant
ACC02675,CUST06470,BR015,Savings,2020-07-16,8886.61,Dormant
ACC02676,CUST04715,BR043,Savings,2022-10-13,3765.5,Closed
ACC02677,CUST03172,BR008,Savings,2023-01-19,30172.47,Dormant
ACC02678,CUST06755,BR025,Savings,2025-04-23,5386.64,Active
ACC02679,CUST03614,BR013,Salary,2024-02-28,14281.8,Dormant
ACC02680,CUST03568,BR021,Current,2020-05-10,27904.74,Closed
ACC02681,CUST00593,BR054,Savings,2020-12-06,40588.03,Closed
ACC02682,CUST02414,BR042,Current,2025-06-20,26848.21,Active
ACC02683,CUST02427,BR048,Savings,2020-08-12,16374.77,Dormant
ACC02684,CUST01125,BR056,Savings,2020-04-04,42560.57,Closed
ACC02685,CUST07863,BR060,Salary,2024-07-16,16891.07,Dormant
ACC02686,CUST00244,BR010,Savings,2024-02-18,29276.5,Active
ACC02687,CUST02000,BR036,Savings,2021-12-08,33602.0,Dormant
ACC02688,CUST02492,BR040,Savings,2022-12-20,5530.23,Dormant
ACC02689,CUST01480,BR030,Savings,2024-04-26,43525.83,Dormant
ACC02690,CUST05457,BR030,Current,2021-03-16,67001.4,Active
ACC02691,CUST00592,BR041,Salary,2024-11-29,6557.22,Closed
ACC02692,CUST03165,BR029,Salary,2021-04-19,11261.48,Closed
ACC02693,CUST03637,BR010,Savings,2023-11-05,21260.87,Closed
ACC02694,CUST04314,BR013,Savings,2019-08-11,19515.28,Active
ACC02695,CUST02367,BR021,Savings,2023-06-01,29746.71,Dormant
ACC02696,CUST02921,BR053,Fixed Deposit,2019-09-20,141325.37,Dormant
ACC02697,CUST00568,BR031,Fixed Deposit,2025-01-27,114583.61,Closed
ACC02698,CUST01195,BR029,Savings,2022-10-20,6761.52,Active
ACC02699,CUST01536,BR008,Savings,2020-02-13,38555.85,Dormant
ACC02700,CUST01102,BR006,Current,2024-11-08,137164.1,Closed
ACC02701,CUST07031,BR034,Savings,2023-12-18,31198.57,Active
ACC02702,CUST01245,BR017,Savings,2020-08-05,58799.13,Active
ACC02703,CUST02402,BR017,Salary,2020-08-06,54643.71,Closed
ACC02704,CUST05578,BR004,Fixed Deposit,2020-05-09,110660.89,Active
ACC02705,CUST01189,BR047,Savings,2020-10-05,27567.08,Dormant
ACC02706,CUST01754,BR043,Savings,2019-01-16,56420.04,Dormant
ACC02707,CUST07987,BR010,Savings,2020-08-26,25094.38,Dormant
ACC02708,CUST06989,BR035,Current,2022-01-26,37194.01,Dormant
ACC02709,CUST07233,BR017,Savings,2022-10-21,16054.22,Active
ACC02710,CUST01621,BR043,Salary,2022-02-26,39910.29,Closed
ACC02711,CUST04457,BR035,Savings,2023-01-05,10545.07,Dormant
ACC02712,CUST02089,BR051,Fixed Deposit,2019-02-19,150154.59,Active
ACC02713,CUST02930,BR030,Salary,2022-09-09,18956.55,Active
ACC02714,CUST06695,BR037,Current,2021-11-05,8961.51,Dormant
ACC02715,CUST05046,BR015,Savings,2025-05-30,30665.22,Closed
ACC02716,CUST04667,BR034,Salary,2021-03-26,3071.68,Active
ACC02717,CUST06847,BR051,Salary,2019-12-26,20699.31,Dormant
ACC02718,CUST01690,BR059,Current,2024-10-22,88012.27,Active
ACC02719,CUST06353,BR051,Savings,2020-09-14,12924.5,Active
ACC02720,CUST00692,BR033,Savings,2020-03-17,24617.01,Dormant
ACC02721,CUST01408,BR026,Current,2022-12-09,256313.72,Dormant
ACC02722,CUST00445,BR038,Savings,2024-02-18,13972.24,Closed
ACC02723,CUST03615,BR009,Current,2019-09-19,12595.47,Active
ACC02724,CUST05373,BR051,Salary,2022-05-24,37690.54,Dormant
ACC02725,CUST05198,BR054,Savings,2019-08-11,128840.24,Active
ACC02726,CUST06731,BR052,Savings,2021-12-08,22099.85,Closed
ACC02727,CUST01614,BR001,Current,2019-08-05,99853.86,Closed
ACC02728,CUST05639,BR015,Savings,2020-11-01,73668.33,Closed
ACC02729,CUST07839,BR047,Salary,2023-02-16,7944.71,Active
ACC02730,CUST03128,BR042,Savings,2022-11-23,14231.67,Closed
ACC02731,CUST06538,BR051,Savings,2021-08-23,66688.45,Dormant
ACC02732,CUST07769,BR003,Fixed Deposit,2025-03-26,164556.39,Closed
ACC02733,CUST04388,BR022,Savings,2020-06-10,36555.71,Closed
ACC02734,CUST07968,BR027,Savings,2021-04-16,9978.29,Active
ACC02735,CUST01546,BR053,Savings,2019-04-21,131709.63,Dormant
ACC02736,CUST01589,BR023,Current,2025-08-24,21354.74,Closed
ACC02737,CUST00225,BR051,Savings,2019-02-28,16291.13,Active
ACC02738,CUST01808,BR048,Savings,2024-02-17,29974.55,Dormant
ACC02739,CUST00369,BR057,Savings,2019-03-09,89209.64,Dormant
ACC02740,CUST02001,BR022,Savings,2020-02-29,47504.44,Dormant
ACC02741,CUST07872,BR012,Savings,2025-06-19,31996.41,Dormant
ACC02742,CUST02928,BR009,Fixed Deposit,2020-03-01,79060.85,Active
ACC02743,CUST07807,BR037,Savings,2023-09-09,22906.21,Dormant
ACC02744,CUST06020,BR018,Savings,2021-03-03,36400.05,Active
ACC02745,CUST02275,BR006,Savings,2020-10-14,2260.62,Closed
ACC02746,CUST00812,BR045,Salary,2023-03-21,10854.93,Closed
ACC02747,CUST07860,BR026,Salary,2023-03-30,15818.34,Active
ACC02748,CUST02664,BR055,Savings,2023-09-05,7817.24,Closed
ACC02749,CUST00586,BR055,Savings,2024-10-27,31184.95,Active
ACC02750,CUST07664,BR054,Savings,2024-10-06,18324.16,Dormant
ACC02751,CUST04307,BR052,Salary,2024-08-07,45653.38,Dormant
ACC02752,CUST03807,BR005,Savings,2025-07-09,90736.75,Active
ACC02753,CUST05575,BR038,Savings,2021-03-24,14483.64,Closed
ACC02754,CUST06126,BR049,Savings,2024-01-30,19230.37,Closed
ACC02755,CUST03260,BR012,Savings,2024-05-26,20608.26,Active
ACC02756,CUST00709,BR025,Current,2023-10-27,23117.39,Active
ACC02757,CUST04537,BR021,Current,2019-12-10,44135.73,Dormant
ACC02758,CUST05024,BR005,Savings,2020-09-09,11131.63,Active
ACC02759,CUST05083,BR006,Savings,2019-02-15,7962.09,Active
ACC02760,CUST06566,BR028,Savings,2022-09-02,38578.1,Closed
ACC02761,CUST00333,BR041,Savings,2024-05-11,38815.57,Active
ACC02762,CUST01801,BR032,Savings,2025-11-05,10679.87,Dormant
ACC02763,CUST06377,BR044,Fixed Deposit,2025-12-02,102458.51,Closed
ACC02764,CUST01674,BR005,Salary,2024-11-02,8586.06,Closed
ACC02765,CUST05906,BR013,Savings,2024-04-19,27662.94,Dormant
ACC02766,CUST05259,BR034,Savings,2023-07-15,46088.08,Closed
ACC02767,CUST02783,BR035,Salary,2021-07-23,13049.06,Closed
ACC02768,CUST01517,BR024,Savings,2022-06-24,33165.55,Active
ACC02769,CUST01823,BR035,Salary,2020-09-26,9306.79,Active
ACC02770,CUST02064,BR049,Savings,2021-11-03,18456.65,Active
ACC02771,CUST04863,BR014,Fixed Deposit,2025-06-21,52917.23,Closed
ACC02772,CUST05488,BR060,Salary,2019-11-24,7921.97,Closed
ACC02773,CUST05853,BR027,Salary,2024-08-16,11804.76,Closed
ACC02774,CUST03427,BR012,Salary,2020-01-31,4518.64,Active
ACC02775,CUST04009,BR024,Current,2022-02-28,22222.18,Closed
ACC02776,CUST04422,BR029,Salary,2019-05-19,10944.44,Dormant
ACC02777,CUST04067,BR039,Salary,2020-11-17,11166.51,Active
ACC02778,CUST04603,BR019,Savings,2019-11-29,17723.6,Closed
ACC02779,CUST01419,BR026,Fixed Deposit,2025-08-11,57695.91,Closed
ACC02780,CUST02985,BR044,Savings,2019-03-21,33911.09,Active
ACC02781,CUST00610,BR048,Savings,2021-07-12,48390.82,Closed
ACC02782,CUST07373,BR001,Savings,2020-01-26,12273.67,Closed
ACC02783,CUST01106,BR058,Savings,2022-04-02,7458.57,Dormant
ACC02784,CUST06132,BR014,Savings,2020-11-26,8622.76,Closed
ACC02785,CUST03653,BR015,Salary,2025-07-06,9499.15,Dormant
ACC02786,CUST04804,BR037,Current,2020-09-21,25541.98,Dormant
ACC02787,CUST06136,BR020,Savings,2021-04-03,11014.89,Active
ACC02788,CUST06552,BR039,Savings,2019-10-24,6860.22,Active
ACC02789,CUST01242,BR034,Savings,2025-10-25,14610.43,Closed
ACC02790,CUST07288,BR055,Salary,2023-08-08,15168.84,Closed
ACC02791,CUST06092,BR051,Salary,2021-12-06,20262.37,Active
ACC02792,CUST00466,BR049,Savings,2022-08-31,13337.29,Dormant
ACC02793,CUST01678,BR037,Savings,2020-05-23,15188.62,Active
ACC02794,CUST08006,BR001,Savings,2025-10-06,9566.01,Dormant
ACC02795,CUST06780,BR037,Savings,2019-06-24,21411.96,Closed
ACC02796,CUST00552,BR013,Salary,2021-02-09,7376.83,Closed
ACC02797,CUST00411,BR014,Salary,2022-06-23,19954.09,Active
ACC02798,CUST01391,BR035,Current,2022-10-02,6088.36,Closed
ACC02799,CUST07779,BR007,Current,2020-10-31,25345.85,Dormant
ACC02800,CUST01840,BR009,Savings,2023-04-23,28882.66,Dormant
ACC02801,CUST00125,BR046,Current,2025-02-27,43644.59,Dormant
ACC02802,CUST03354,BR045,Current,2023-01-14,536613.66,Dormant
ACC02803,CUST03452,BR038,Current,2019-01-29,51523.85,Active
ACC02804,CUST07390,BR013,Savings,2022-12-08,8922.67,Dormant
ACC02805,CUST02604,BR016,Savings,2022-10-31,20213.02,Dormant
ACC02806,CUST02515,BR016,Savings,2025-08-19,4453.2,Dormant
ACC02807,CUST03036,BR027,Savings,2021-10-04,20485.25,Active
ACC02808,CUST03889,BR014,Savings,2025-07-19,10407.16,Closed
ACC02809,CUST04897,BR025,Savings,2021-09-11,50204.06,Active
ACC02810,CUST00495,BR042,Savings,2020-01-06,13432.25,Active
ACC02811,CUST00986,BR051,Savings,2019-02-07,19829.2,Dormant
ACC02812,CUST06244,BR014,Savings,2023-09-21,12431.61,Dormant
ACC02813,CUST00211,BR060,Current,2021-03-30,206664.37,Active
ACC02814,CUST06323,BR030,Fixed Deposit,2021-10-22,49377.71,Active
ACC02815,CUST05322,BR052,Savings,2025-08-05,114611.26,Active
ACC02816,CUST05026,BR054,Fixed Deposit,2025-03-03,97586.17,Active
ACC02817,CUST03968,BR027,Current,2020-02-12,58809.97,Dormant
ACC02818,CUST05630,BR008,Current,2022-03-22,52508.65,Active
ACC02819,CUST00445,BR042,Salary,2024-06-12,17600.07,Dormant
ACC02820,CUST01851,BR030,Savings,2019-10-25,3885.84,Closed
ACC02821,CUST03771,BR052,Salary,2024-07-03,10990.45,Closed
ACC02822,CUST02510,BR009,Savings,2019-07-01,47128.92,Closed
ACC02823,CUST04581,BR006,Savings,2024-08-23,21078.16,Closed
ACC02824,CUST03958,BR036,Savings,2019-10-03,6218.78,Closed
ACC02825,CUST03228,BR057,Salary,2024-05-07,12878.53,Dormant
ACC02826,CUST05449,BR032,Salary,2024-02-03,44040.89,Dormant
ACC02827,CUST06848,BR014,Salary,2023-04-18,31978.66,Active
ACC02828,CUST05439,BR060,Salary,2025-11-17,12792.28,Dormant
ACC02829,CUST00350,BR028,Salary,2025-05-23,26004.23,Closed
ACC02830,CUST04882,BR047,Savings,2019-12-11,15837.62,Dormant
ACC02831,CUST06432,BR019,Savings,2020-09-11,4752.93,Closed
ACC02832,CUST05077,BR010,Salary,2020-09-05,6994.46,Dormant
ACC02833,CUST03718,BR022,Savings,2023-07-23,89913.19,Dormant
ACC02834,CUST06566,BR026,Current,2019-02-02,27612.03,Active
ACC02835,CUST04561,BR040,Savings,2020-02-17,17693.53,Closed
ACC02836,CUST02359,BR052,Savings,2022-01-21,16817.0,Dormant
ACC02837,CUST07004,BR005,Salary,2024-06-16,50660.19,Dormant
ACC02838,CUST02606,BR050,Current,2024-10-11,184602.27,Active
ACC02839,CUST04689,BR043,Fixed Deposit,2020-09-13,226674.0,Active
ACC02840,CUST07947,BR023,Savings,2025-08-23,19088.84,Dormant
ACC02841,CUST05232,BR027,Savings,2020-07-19,28740.49,Closed
ACC02842,CUST04970,BR023,Fixed Deposit,2023-12-05,24101.14,Active
ACC02843,CUST01758,BR001,Savings,2022-08-09,83219.83,Dormant
ACC02844,CUST05296,BR019,Savings,2023-08-13,7700.18,Dormant
ACC02845,CUST07906,BR018,Current,2024-05-08,45106.23,Dormant
ACC02846,CUST06241,BR051,Salary,2025-06-27,6197.42,Active
ACC02847,CUST05679,BR036,Savings,2024-04-24,12965.14,Closed
ACC02848,CUST07441,BR060,Salary,2023-10-26,7434.72,Closed
ACC02849,CUST04490,BR050,Savings,2022-01-12,12745.23,Closed
ACC02850,CUST00805,BR028,Current,2020-05-09,21181.37,Closed
ACC02851,CUST02997,BR029,Salary,2023-06-14,9101.66,Closed
ACC02852,CUST05740,BR054,Savings,2025-04-17,46630.05,Closed
ACC02853,CUST02477,BR036,Savings,2021-10-19,8148.78,Closed
ACC02854,CUST01771,BR022,Salary,2019-12-29,15589.91,Closed
ACC02855,CUST03448,BR010,Salary,2021-11-25,31337.52,Dormant
ACC02856,CUST06598,BR032,Salary,2025-02-27,9327.88,Active
ACC02857,CUST04706,BR059,Savings,2023-11-19,11543.44,Dormant
ACC02858,CUST03131,BR027,Savings,2024-02-15,17899.5,Active
ACC02859,CUST00498,BR041,Current,2020-11-12,118151.76,Active
ACC02860,CUST05658,BR055,Salary,2025-12-04,15304.09,Active
ACC02861,CUST04950,BR003,Savings,2019-03-31,13655.63,Active
ACC02862,CUST06524,BR050,Salary,2022-07-19,18745.59,Active
ACC02863,CUST00637,BR053,Salary,2020-07-08,6175.81,Dormant
ACC02864,CUST07514,BR020,Salary,2022-06-16,21524.6,Active
ACC02865,CUST06538,BR002,Current,2021-07-22,54644.69,Dormant
ACC02866,CUST01048,BR057,Savings,2024-02-21,16696.8,Active
ACC02867,CUST02479,BR010,Salary,2021-07-08,7427.84,Active
ACC02868,CUST02885,BR026,Salary,2023-09-05,7181.93,Closed
ACC02869,CUST05393,BR053,Savings,2025-01-13,35643.98,Active
ACC02870,CUST04600,BR010,Salary,2019-08-28,31580.22,Active
ACC02871,CUST03265,BR030,Current,2020-12-08,19200.51,Closed
ACC02872,CUST04118,BR019,Savings,2025-07-01,33274.55,Dormant
ACC02873,CUST07611,BR022,Savings,2021-11-03,3366.66,Active
ACC02874,CUST01188,BR026,Savings,2024-12-20,13014.82,Active
ACC02875,CUST07637,BR056,Savings,2023-02-28,21419.28,Closed
ACC02876,CUST03784,BR045,Savings,2020-04-24,9713.63,Closed
ACC02877,CUST06596,BR006,Fixed Deposit,2019-01-17,34135.6,Closed
ACC02878,CUST00346,BR054,Salary,2022-02-21,8371.21,Dormant
ACC02879,CUST04915,BR047,Fixed Deposit,2025-07-06,71347.36,Closed
ACC02880,CUST00358,BR023,Savings,2023-03-07,18609.06,Closed
ACC02881,CUST02313,BR034,Fixed Deposit,2024-09-08,15631.78,Active
ACC02882,CUST07315,BR024,Savings,2019-10-10,3266.16,Active
ACC02883,CUST06288,BR048,Savings,2021-02-03,12756.82,Dormant
ACC02884,CUST01342,BR021,Salary,2024-09-07,18405.05,Active
ACC02885,CUST05276,BR005,Savings,2023-10-27,1857.98,Closed
ACC02886,CUST04639,BR022,Savings,2023-07-10,14048.11,Dormant
ACC02887,CUST07333,BR029,Fixed Deposit,2020-03-17,43662.78,Active
ACC02888,CUST01423,BR035,Savings,2022-09-09,76841.8,Dormant
ACC02889,CUST01134,BR037,Savings,2020-06-22,15575.9,Closed
ACC02890,CUST03206,BR027,Savings,2020-04-23,31091.51,Closed
ACC02891,CUST04944,BR056,Savings,2021-03-05,25012.51,Active
ACC02892,CUST06941,BR057,Salary,2025-04-14,3006.72,Active
ACC02893,CUST04524,BR051,Current,2024-12-12,78292.51,Closed
ACC02894,CUST06408,BR004,Savings,2025-05-15,26738.42,Dormant
ACC02895,CUST00205,BR032,Current,2022-06-20,60371.27,Dormant
ACC02896,CUST01289,BR059,Savings,2020-06-28,754351.66,Closed
ACC02897,CUST00732,BR047,Savings,2022-12-13,3375.5,Closed
ACC02898,CUST00277,BR035,Savings,2025-12-13,104008.4,Active
ACC02899,CUST04075,BR030,Salary,2025-08-14,10924.76,Closed
ACC02900,CUST04608,BR017,Salary,2021-02-09,16336.06,Active
ACC02901,CUST00891,BR011,Savings,2019-07-08,21142.47,Closed
ACC02902,CUST05381,BR046,Salary,2025-02-01,9927.21,Closed
ACC02903,CUST07026,BR025,Salary,2019-01-24,8965.3,Closed
ACC02904,CUST02057,BR016,Savings,2024-12-11,29630.45,Closed
ACC02905,CUST04617,BR021,Savings,2022-03-09,5622.57,Active
ACC02906,CUST00864,BR034,Savings,2022-08-30,43283.26,Dormant
ACC02907,CUST02051,BR009,Savings,2023-06-02,15144.99,Dormant
ACC02908,CUST01449,BR045,Salary,2025-11-29,6056.89,Dormant
ACC02909,CUST01988,BR050,Savings,2019-11-20,14690.97,Active
ACC02910,CUST05541,BR043,Savings,2024-01-05,68284.24,Dormant
ACC02911,CUST05618,BR037,Savings,2019-04-09,13605.08,Dormant
ACC02912,CUST04400,BR051,Fixed Deposit,2021-08-27,74241.02,Closed
ACC02913,CUST06601,BR006,Savings,2019-05-25,11408.79,Dormant
ACC02914,CUST03932,BR046,Salary,2025-07-26,22709.65,Active
ACC02915,CUST07121,BR025,Current,2022-01-07,72078.26,Closed
ACC02916,CUST01942,BR031,Salary,2019-12-24,48728.83,Dormant
ACC02917,CUST00428,BR026,Salary,2022-03-18,11814.76,Active
ACC02918,CUST07127,BR043,Savings,2022-09-04,40206.72,Active
ACC02919,CUST04811,BR044,Savings,2021-06-27,24058.91,Active
ACC02920,CUST00008,BR040,Savings,2023-08-14,70705.92,Dormant
ACC02921,CUST01088,BR018,Savings,2022-05-10,11533.96,Closed
ACC02922,CUST01574,BR058,Current,2019-11-28,76496.89,Dormant
ACC02923,CUST03037,BR002,Fixed Deposit,2022-06-22,53272.82,Dormant
ACC02924,CUST01912,BR014,Savings,2025-09-01,20790.07,Closed
ACC02925,CUST07465,BR021,Savings,2020-09-15,23922.56,Dormant
ACC02926,CUST00106,BR007,Savings,2022-10-23,27639.92,Closed
ACC02927,CUST06819,BR060,Current,2023-11-10,32330.65,Dormant
ACC02928,CUST03443,BR034,Salary,2022-03-18,15526.43,Closed
ACC02929,CUST07218,BR051,Savings,2024-09-10,91154.05,Closed
ACC02930,CUST05802,BR023,Fixed Deposit,2020-07-15,108149.5,Active
ACC02931,CUST04456,BR060,Savings,2024-10-06,48157.84,Dormant
ACC02932,CUST02401,BR041,Salary,2021-02-15,9712.05,Active
ACC02933,CUST01836,BR027,Salary,2025-12-30,7169.07,Closed
ACC02934,CUST05273,BR011,Savings,2025-12-30,52040.13,Dormant
ACC02935,CUST05283,BR022,Savings,2022-02-04,48457.49,Closed
ACC02936,CUST07319,BR054,Savings,2024-11-08,82901.1,Closed
ACC02937,CUST07729,BR057,Salary,2019-08-04,8753.54,Active
ACC02938,CUST06225,BR044,Savings,2024-04-25,17915.23,Closed
ACC02939,CUST02333,BR030,Current,2020-01-27,7048.12,Closed
ACC02940,CUST05000,BR005,Fixed Deposit,2020-09-09,47311.91,Active
ACC02941,CUST06771,BR043,Fixed Deposit,2019-10-02,108873.54,Active
ACC02942,CUST06974,BR028,Current,2020-08-22,22776.96,Closed
ACC02943,CUST01532,BR056,Current,2022-11-27,68904.71,Dormant
ACC02944,CUST06054,BR026,Savings,2025-08-29,18555.98,Closed
ACC02945,CUST04783,BR042,Savings,2021-08-06,29485.42,Closed
ACC02946,CUST05369,BR053,Fixed Deposit,2024-02-09,30073.06,Active
ACC02947,CUST06063,BR048,Fixed Deposit,2024-05-14,63014.85,Closed
ACC02948,CUST06939,BR052,Salary,2022-05-09,1646.17,Closed
ACC02949,CUST01157,BR012,Savings,2022-09-08,18616.31,Dormant
ACC02950,CUST00545,BR043,Savings,2025-09-09,5077.5,Closed
ACC02951,CUST05206,BR037,Current,2022-11-29,121296.65,Active
ACC02952,CUST02976,BR056,Savings,2019-09-07,44341.07,Dormant
ACC02953,CUST04374,BR035,Savings,2025-12-21,33523.56,Closed
ACC02954,CUST06554,BR055,Savings,2024-02-05,86587.06,Active
ACC02955,CUST05455,BR024,Savings,2020-06-22,9376.62,Closed
ACC02956,CUST07834,BR008,Salary,2019-03-25,45394.86,Closed
ACC02957,CUST03332,BR041,Salary,2022-08-05,25656.03,Active
ACC02958,CUST04769,BR037,Savings,2019-06-07,17802.61,Active
ACC02959,CUST05051,BR020,Savings,2023-02-13,61209.53,Closed
ACC02960,CUST07752,BR035,Savings,2019-12-11,8138.29,Dormant
ACC02961,CUST01750,BR057,Savings,2020-05-07,10487.48,Dormant
ACC02962,CUST00877,BR055,Savings,2023-05-10,12737.04,Active
ACC02963,CUST06633,BR045,Savings,2022-06-13,13683.15,Active
ACC02964,CUST01658,BR028,Fixed Deposit,2019-04-17,31763.26,Active
ACC02965,CUST07853,BR012,Savings,2024-11-29,66222.45,Active
ACC02966,CUST03753,BR001,Current,2020-02-25,28033.22,Dormant
ACC02967,CUST03490,BR003,Savings,2021-10-23,30250.09,Active
ACC02968,CUST01075,BR045,Savings,2022-08-16,13183.0,Dormant
ACC02969,CUST04497,BR035,Savings,2023-03-13,4278.92,Dormant
ACC02970,CUST01299,BR037,Current,2019-05-16,47574.75,Active
ACC02971,CUST06710,BR026,Savings,2025-09-13,3940.14,Active
ACC02972,CUST03472,BR039,Salary,2024-05-22,12733.05,Active
ACC02973,CUST04356,BR013,Savings,2021-08-01,6428.63,Closed
ACC02974,CUST03750,BR036,Fixed Deposit,2022-12-21,197277.29,Active
ACC02975,CUST04487,BR013,Current,2019-05-15,90342.45,Active
ACC02976,CUST00696,BR055,Savings,2022-06-22,24225.92,Dormant
ACC02977,CUST03286,BR019,Savings,2021-10-17,68688.43,Closed
ACC02978,CUST04592,BR006,Savings,2023-03-20,10283.7,Active
ACC02979,CUST01577,BR010,Savings,2021-02-05,35922.94,Dormant
ACC02980,CUST02137,BR013,Savings,2024-01-16,26365.97,Dormant
ACC02981,CUST06905,BR037,Fixed Deposit,2022-11-18,70151.47,Dormant
ACC02982,CUST04148,BR033,Salary,2023-11-04,32553.74,Closed
ACC02983,CUST01353,BR031,Salary,2021-11-07,22308.98,Dormant
ACC02984,CUST00353,BR029,Savings,2022-02-27,28562.54,Dormant
ACC02985,CUST01495,BR022,Current,2025-07-13,6940.39,Dormant
ACC02986,CUST04790,BR034,Current,2024-11-29,13904.3,Dormant
ACC02987,CUST01076,BR055,Savings,2022-09-30,19723.42,Active
ACC02988,CUST03100,BR031,Savings,2020-06-22,23957.46,Active
ACC02989,CUST03184,BR001,Savings,2022-10-13,7965.04,Active
ACC02990,CUST01558,BR057,Savings,2019-12-02,193012.26,Closed
ACC02991,CUST04951,BR053,Fixed Deposit,2024-10-16,148722.35,Dormant
ACC02992,CUST01134,BR059,Fixed Deposit,2024-05-20,85928.51,Closed
ACC02993,CUST03932,BR050,Salary,2019-05-07,14050.68,Active
ACC02994,CUST04555,BR032,Savings,2025-02-24,18197.0,Closed
ACC02995,CUST06261,BR045,Savings,2021-02-02,9351.33,Active
ACC02996,CUST06307,BR007,Salary,2019-11-21,14104.32,Closed
ACC02997,CUST06572,BR038,Fixed Deposit,2025-05-12,69888.16,Closed
ACC02998,CUST05712,BR051,Savings,2021-09-11,7204.17,Active
ACC02999,CUST03562,BR041,Savings,2022-11-24,29755.19,Active
ACC03000,CUST01619,BR023,Savings,2022-05-11,19154.0,Closed
ACC03001,CUST03092,BR045,Savings,2023-05-15,3955.94,Closed
ACC03002,CUST02534,BR041,Savings,2020-03-04,10154.31,Closed
ACC03003,CUST04941,BR019,Savings,2020-02-29,15180.32,Dormant
ACC03004,CUST07640,BR015,Current,2025-11-03,239830.49,Dormant
ACC03005,CUST00745,BR043,Salary,2023-09-06,19723.92,Active
ACC03006,CUST05319,BR060,Savings,2021-12-27,6621.43,Active
ACC03007,CUST02589,BR016,Current,2024-02-16,59043.89,Dormant
ACC03008,CUST01193,BR041,Savings,2019-09-15,5472.15,Active
ACC03009,CUST01859,BR046,Salary,2023-03-18,28506.4,Active
ACC03010,CUST02324,BR014,Savings,2022-07-25,14414.47,Dormant
ACC03011,CUST07413,BR020,Savings,2023-04-18,20246.3,Dormant
ACC03012,CUST00628,BR042,Fixed Deposit,2022-10-26,132651.14,Active
ACC03013,CUST04843,BR024,Salary,2021-07-11,5426.15,Closed
ACC03014,CUST00118,BR014,Savings,2019-09-22,6264.12,Dormant
ACC03015,CUST00094,BR020,Salary,2023-05-03,8879.32,Active
ACC03016,CUST04776,BR004,Current,2019-05-18,102578.01,Closed
ACC03017,CUST02794,BR055,Savings,2022-02-12,5611.59,Active
ACC03018,CUST03907,BR021,Savings,2020-11-27,1721.69,Dormant
ACC03019,CUST01921,BR024,Savings,2022-09-23,14675.83,Dormant
ACC03020,CUST06531,BR002,Savings,2021-10-14,36191.04,Dormant
ACC03021,CUST02036,BR011,Fixed Deposit,2025-09-24,123026.75,Active
ACC03022,CUST07465,BR035,Current,2022-01-22,22853.02,Closed
ACC03023,CUST07787,BR056,Savings,2019-12-21,15210.12,Dormant
ACC03024,CUST04775,BR028,Salary,2025-05-16,29963.36,Closed
ACC03025,CUST00653,BR054,Savings,2025-02-27,4093.81,Active
ACC03026,CUST02799,BR004,Savings,2019-11-23,15526.93,Dormant
ACC03027,CUST00869,BR031,Savings,2021-01-18,26144.17,Dormant
ACC03028,CUST07160,BR008,Fixed Deposit,2024-07-06,78396.24,Active
ACC03029,CUST00698,BR035,Savings,2021-09-12,13921.28,Closed
ACC03030,CUST00123,BR027,Current,2019-07-24,37588.03,Dormant
ACC03031,CUST05524,BR054,Salary,2023-11-17,2340.62,Closed
ACC03032,CUST00692,BR013,Savings,2020-04-13,12180.32,Active
ACC03033,CUST07081,BR038,Current,2024-10-21,57154.23,Dormant
ACC03034,CUST07739,BR017,Savings,2023-04-02,9099.14,Closed
ACC03035,CUST01942,BR021,Savings,2023-04-05,23227.35,Active
ACC03036,CUST01096,BR047,Salary,2021-02-18,18266.26,Dormant
ACC03037,CUST06670,BR058,Savings,2020-04-19,16182.82,Active
ACC03038,CUST04711,BR009,Savings,2021-04-22,25678.71,Closed
ACC03039,CUST06218,BR013,Savings,2019-06-08,9260.75,Dormant
ACC03040,CUST07407,BR042,Savings,2024-11-01,18288.9,Closed
ACC03041,CUST01160,BR010,Current,2019-01-18,66850.64,Active
ACC03042,CUST04724,BR052,Savings,2021-06-30,25368.81,Dormant
ACC03043,CUST07475,BR034,Savings,2023-09-04,12992.43,Closed
ACC03044,CUST02941,BR021,Current,2023-09-25,45443.11,Active
ACC03045,CUST07315,BR028,Current,2025-03-10,74206.71,Closed
ACC03046,CUST04838,BR041,Savings,2025-05-24,3480.92,Active
ACC03047,CUST05679,BR036,Current,2025-12-27,115736.82,Active
ACC03048,CUST00517,BR011,Salary,2021-04-04,10557.82,Closed
ACC03049,CUST05141,BR001,Current,2020-12-15,55575.07,Closed
ACC03050,CUST03765,BR014,Salary,2023-10-26,30886.45,Active
ACC03051,CUST05375,BR025,Savings,2024-04-14,6409.23,Closed
ACC03052,CUST03064,BR026,Current,2022-12-16,17864.29,Dormant
ACC03053,CUST01475,BR003,Current,2022-09-01,27213.03,Closed
ACC03054,CUST06789,BR010,Savings,2022-07-25,10879.35,Active
ACC03055,CUST07373,BR042,Savings,2023-09-24,104971.37,Dormant
ACC03056,CUST06521,BR048,Salary,2024-01-17,7333.88,Active
ACC03057,CUST00916,BR045,Savings,2020-08-14,13359.83,Closed
ACC03058,CUST04951,BR055,Fixed Deposit,2025-03-07,67685.92,Closed
ACC03059,CUST05809,BR052,Salary,2023-01-01,5758.86,Closed
ACC03060,CUST02494,BR040,Fixed Deposit,2019-10-23,47220.89,Dormant
ACC03061,CUST06515,BR023,Savings,2022-05-04,29310.7,Closed
ACC03062,CUST00516,BR057,Savings,2020-04-08,16324.55,Dormant
ACC03063,CUST04313,BR054,Fixed Deposit,2019-03-16,56611.53,Dormant
ACC03064,CUST01486,BR023,Salary,2021-06-21,9223.11,Closed
ACC03065,CUST05519,BR018,Current,2024-09-20,7986.67,Dormant
ACC03066,CUST00097,BR014,Savings,2021-04-27,29420.11,Closed
ACC03067,CUST05108,BR010,Savings,2025-07-06,106877.62,Closed
ACC03068,CUST06763,BR053,Savings,2025-09-19,22394.29,Active
ACC03069,CUST07641,BR021,Salary,2021-11-15,15641.53,Active
ACC03070,CUST01337,BR006,Fixed Deposit,2022-05-21,90729.12,Active
ACC03071,CUST05676,BR054,Fixed Deposit,2021-05-13,27956.41,Closed
ACC03072,CUST07687,BR001,Savings,2024-08-17,101952.59,Dormant
ACC03073,CUST02360,BR055,Salary,2022-12-10,15392.42,Active
ACC03074,CUST02188,BR051,Current,2019-01-29,185694.27,Active
ACC03075,CUST00453,BR054,Current,2024-03-19,17447.77,Closed
ACC03076,CUST02376,BR037,Current,2019-07-13,223700.17,Active
ACC03077,CUST06023,BR042,Savings,2024-07-12,44251.3,Active
ACC03078,CUST05699,BR043,Savings,2024-02-17,36233.38,Closed
ACC03079,CUST01336,BR035,Salary,2022-05-22,15737.74,Dormant
ACC03080,CUST03353,BR029,Savings,2022-04-23,17611.8,Closed
ACC03081,CUST07433,BR016,Savings,2020-03-21,64891.93,Dormant
ACC03082,CUST02548,BR052,Current,2024-09-25,41787.81,Dormant
ACC03083,CUST02105,BR012,Savings,2019-04-25,3750.47,Active
ACC03084,CUST05735,BR033,Current,2020-10-04,11882.4,Active
ACC03085,CUST07131,BR039,Salary,2024-08-10,11730.04,Closed
ACC03086,CUST02718,BR034,Savings,2024-10-12,29114.72,Active
ACC03087,CUST03287,BR028,Savings,2022-07-31,20932.75,Active
ACC03088,CUST02176,BR034,Current,2023-01-16,122880.89,Active
ACC03089,CUST00263,BR016,Savings,2025-03-07,3804.76,Dormant
ACC03090,CUST06698,BR045,Savings,2019-04-11,25065.04,Dormant
ACC03091,CUST06871,BR057,Savings,2019-02-01,4289.04,Active
ACC03092,CUST05114,BR024,Savings,2022-11-26,43640.51,Closed
ACC03093,CUST03575,BR031,Savings,2021-02-06,20231.32,Closed
ACC03094,CUST06504,BR012,Savings,2024-07-08,32133.33,Dormant
ACC03095,CUST00588,BR046,Fixed Deposit,2024-10-10,35655.91,Closed
ACC03096,CUST02207,BR018,Savings,2020-06-04,69669.54,Dormant
ACC03097,CUST01891,BR042,Savings,2019-03-17,56249.49,Active
ACC03098,CUST07439,BR036,Salary,2025-10-03,20100.12,Active
ACC03099,CUST05885,BR036,Savings,2024-05-19,19602.93,Dormant
ACC03100,CUST07955,BR053,Fixed Deposit,2024-07-20,84788.43,Closed
ACC03101,CUST03999,BR013,Fixed Deposit,2025-08-28,39177.76,Dormant
ACC03102,CUST06425,BR052,Savings,2021-09-17,47572.02,Dormant
ACC03103,CUST01428,BR033,Current,2021-08-01,188995.96,Dormant
ACC03104,CUST03861,BR020,Salary,2023-10-11,28266.35,Active
ACC03105,CUST07694,BR004,Fixed Deposit,2023-07-29,38647.54,Dormant
ACC03106,CUST01262,BR032,Savings,2025-09-12,30493.71,Closed
ACC03107,CUST03115,BR021,Savings,2024-12-10,6878.62,Closed
ACC03108,CUST04175,BR003,Salary,2019-11-23,19943.79,Dormant
ACC03109,CUST05799,BR026,Current,2023-05-18,56988.42,Dormant
ACC03110,CUST07051,BR028,Current,2020-05-25,5598.11,Dormant
ACC03111,CUST03355,BR043,Current,2019-03-18,11364.12,Closed
ACC03112,CUST06131,BR029,Salary,2023-02-04,10957.76,Closed
ACC03113,CUST01132,BR022,Salary,2024-02-23,10822.67,Dormant
ACC03114,CUST05310,BR059,Savings,2025-04-15,7416.56,Active
ACC03115,CUST06337,BR003,Salary,2019-03-20,17540.8,Active
ACC03116,CUST03674,BR014,Salary,2020-01-24,15931.15,Active
ACC03117,CUST03811,BR009,Salary,2022-09-21,11661.07,Active
ACC03118,CUST08005,BR009,Fixed Deposit,2022-07-04,38045.01,Closed
ACC03119,CUST02790,BR031,Current,2020-07-23,103642.95,Dormant
ACC03120,CUST07495,BR009,Savings,2019-07-15,97720.48,Active
ACC03121,CUST06753,BR045,Savings,2025-10-01,14254.03,Closed
ACC03122,CUST07606,BR004,Savings,2021-05-11,12696.1,Dormant
ACC03123,CUST05118,BR051,Salary,2024-02-19,18842.03,Closed
ACC03124,CUST04736,BR019,Savings,2024-02-07,15958.93,Closed
ACC03125,CUST03816,BR019,Salary,2020-10-27,12117.69,Closed
ACC03126,CUST06448,BR060,Salary,2019-06-29,22421.09,Dormant
ACC03127,CUST00317,BR014,Savings,2020-12-15,3950.43,Dormant
ACC03128,CUST07097,BR016,Savings,2020-12-16,72147.8,Active
ACC03129,CUST04979,BR048,Savings,2023-10-25,23515.44,Closed
ACC03130,CUST06212,BR031,Salary,2024-03-11,10016.16,Active
ACC03131,CUST06455,BR002,Savings,2023-06-04,20326.67,Closed
ACC03132,CUST06219,BR056,Savings,2025-09-30,21294.12,Active
ACC03133,CUST07540,BR036,Salary,2019-08-14,3976.51,Active
ACC03134,CUST04560,BR013,Current,2024-03-14,161933.05,Closed
ACC03135,CUST00841,BR046,Savings,2025-07-09,22861.12,Dormant
ACC03136,CUST05507,BR012,Savings,2024-10-06,32817.0,Dormant
ACC03137,CUST07366,BR037,Savings,2021-03-12,51864.76,Active
ACC03138,CUST05193,BR002,Savings,2020-01-30,8786.34,Active
ACC03139,CUST04804,BR055,Fixed Deposit,2025-11-27,79545.39,Closed
ACC03140,CUST04868,BR007,Fixed Deposit,2023-08-24,50991.56,Closed
ACC03141,CUST07820,BR030,Savings,2019-11-04,47197.38,Active
ACC03142,CUST03940,BR060,Fixed Deposit,2020-02-24,16708.34,Closed
ACC03143,CUST05559,BR055,Salary,2020-02-04,12464.43,Active
ACC03144,CUST05781,BR029,Savings,2022-12-10,12803.34,Dormant
ACC03145,CUST07070,BR011,Salary,2024-10-06,18080.41,Dormant
ACC03146,CUST03010,BR046,Savings,2023-12-20,33625.49,Closed
ACC03147,CUST05770,BR005,Savings,2021-06-14,11650.88,Closed
ACC03148,CUST04101,BR045,Savings,2022-06-17,11603.28,Closed
ACC03149,CUST05552,BR035,Savings,2024-03-17,19938.37,Closed
ACC03150,CUST05330,BR055,Current,2022-01-17,14814.44,Active
ACC03151,CUST02843,BR049,Savings,2025-08-24,46994.48,Dormant
ACC03152,CUST05587,BR047,Current,2019-03-31,25104.26,Closed
ACC03153,CUST03557,BR036,Savings,2023-07-27,1609.55,Active
ACC03154,CUST02784,BR045,Salary,2025-06-09,10276.6,Dormant
ACC03155,CUST03687,BR011,Salary,2021-10-15,6457.64,Active
ACC03156,CUST02507,BR025,Salary,2019-10-26,4264.61,Closed
ACC03157,CUST03834,BR033,Current,2024-07-05,10536.21,Dormant
ACC03158,CUST00693,BR004,Salary,2020-10-05,14423.09,Active
ACC03159,CUST01689,BR032,Savings,2021-11-24,72822.24,Active
ACC03160,CUST07634,BR008,Savings,2022-04-23,29198.31,Dormant
ACC03161,CUST02213,BR031,Savings,2025-04-27,12760.97,Closed
ACC03162,CUST01636,BR034,Savings,2024-10-12,33200.29,Dormant
ACC03163,CUST04378,BR032,Fixed Deposit,2023-08-19,45458.08,Active
ACC03164,CUST04561,BR011,Savings,2025-09-09,11788.26,Closed
ACC03165,CUST03646,BR006,Current,2024-12-26,11448.77,Dormant
ACC03166,CUST06271,BR023,Savings,2021-07-06,4552.15,Active
ACC03167,CUST01340,BR032,Current,2024-04-05,24589.54,Active
ACC03168,CUST00652,BR022,Salary,2020-06-07,14922.68,Closed
ACC03169,CUST00707,BR023,Current,2019-01-04,32970.76,Dormant
ACC03170,CUST06859,BR013,Fixed Deposit,2020-01-22,46649.61,Closed
ACC03171,CUST07686,BR009,Current,2020-03-06,14104.57,Closed
ACC03172,CUST02671,BR045,Savings,2023-05-04,38079.13,Active
ACC03173,CUST04949,BR058,Salary,2022-10-26,5313.51,Active
ACC03174,CUST05564,BR011,Salary,2022-10-18,22999.31,Closed
ACC03175,CUST04242,BR037,Fixed Deposit,2021-03-04,32815.94,Active
ACC03176,CUST04112,BR058,Fixed Deposit,2024-10-17,38121.7,Active
ACC03177,CUST06124,BR032,Current,2020-02-17,8376.75,Active
ACC03178,CUST06961,BR059,Salary,2025-10-23,9405.2,Closed
ACC03179,CUST04184,BR029,Savings,2021-12-15,52985.9,Closed
ACC03180,CUST06075,BR014,Savings,2019-08-07,35033.68,Closed
ACC03181,CUST05152,BR027,Savings,2022-04-30,53134.4,Active
ACC03182,CUST03238,BR060,Savings,2020-05-31,35239.69,Active
ACC03183,CUST04861,BR034,Savings,2020-02-24,8157.53,Active
ACC03184,CUST05794,BR059,Current,2025-08-20,26087.48,Dormant
ACC03185,CUST05015,BR025,Savings,2024-05-26,10914.21,Closed
ACC03186,CUST05055,BR039,Savings,2020-12-26,72949.11,Dormant
ACC03187,CUST01610,BR053,Savings,2022-06-22,7501.74,Closed
ACC03188,CUST05233,BR045,Salary,2023-11-14,24973.95,Closed
ACC03189,CUST03824,BR059,Savings,2021-04-10,49200.47,Closed
ACC03190,CUST05946,BR024,Salary,2023-08-29,48085.41,Active
ACC03191,CUST03825,BR007,Savings,2024-09-25,15233.95,Closed
ACC03192,CUST04620,BR059,Fixed Deposit,2021-02-20,91802.36,Active
ACC03193,CUST06740,BR022,Salary,2019-11-04,65983.26,Active
ACC03194,CUST05207,BR059,Current,2024-12-20,19581.85,Dormant
ACC03195,CUST01153,BR019,Savings,2025-06-16,5532.88,Dormant
ACC03196,CUST06903,BR015,Savings,2021-05-10,4056.16,Active
ACC03197,CUST07988,BR048,Fixed Deposit,2024-02-08,91823.84,Dormant
ACC03198,CUST06315,BR009,Salary,2020-05-03,3575.27,Closed
ACC03199,CUST03823,BR007,Savings,2021-03-14,15755.0,Dormant
ACC03200,CUST02566,BR056,Salary,2024-06-16,18144.44,Closed
ACC03201,CUST02176,BR033,Savings,2025-05-12,26020.97,Closed
ACC03202,CUST06150,BR031,Savings,2021-06-01,32302.52,Dormant
ACC03203,CUST01907,BR008,Salary,2020-06-17,15609.0,Active
ACC03204,CUST05579,BR059,Savings,2025-09-18,69631.98,Active
ACC03205,CUST07552,BR058,Salary,2024-07-01,6859.42,Closed
ACC03206,CUST06831,BR058,Savings,2019-07-23,11976.53,Active
ACC03207,CUST01079,BR018,Fixed Deposit,2020-05-04,37661.9,Active
ACC03208,CUST06867,BR056,Salary,2019-07-14,23888.07,Active
ACC03209,CUST04176,BR016,Current,2021-05-31,89357.33,Active
ACC03210,CUST00685,BR006,Savings,2024-01-14,33060.77,Closed
ACC03211,CUST03834,BR042,Savings,2021-11-10,63904.45,Dormant
ACC03212,CUST01417,BR032,Salary,2023-10-20,5856.87,Closed
ACC03213,CUST04944,BR027,Fixed Deposit,2021-01-21,162809.24,Closed
ACC03214,CUST07637,BR020,Savings,2020-12-22,86761.2,Active
ACC03215,CUST04001,BR028,Savings,2024-01-13,42704.51,Closed
ACC03216,CUST04444,BR048,Savings,2021-07-01,109493.34,Active
ACC03217,CUST06702,BR028,Savings,2020-02-25,4959.4,Active
ACC03218,CUST05186,BR014,Current,2024-12-18,21494.49,Dormant
ACC03219,CUST04541,BR037,Savings,2021-07-07,11364.24,Active
ACC03220,CUST04604,BR013,Salary,2023-10-21,22137.66,Closed
ACC03221,CUST05800,BR050,Salary,2022-12-29,6405.43,Closed
ACC03222,CUST02551,BR045,Salary,2020-09-11,22702.87,Dormant
ACC03223,CUST02006,BR041,Current,2021-11-24,142990.88,Closed
ACC03224,CUST06787,BR043,Current,2023-08-26,72780.47,Dormant
ACC03225,CUST00771,BR018,Current,2024-05-03,48230.7,Closed
ACC03226,CUST00793,BR002,Savings,2020-10-28,9053.57,Closed
ACC03227,CUST05065,BR028,Savings,2020-08-30,10278.75,Closed
ACC03228,CUST01043,BR020,Current,2022-11-26,126705.26,Closed
ACC03229,CUST00494,BR038,Savings,2020-08-31,44418.62,Active
ACC03230,CUST07287,BR022,Salary,2022-11-09,12999.76,Dormant
ACC03231,CUST01942,BR010,Salary,2022-10-14,9971.27,Active
ACC03232,CUST03063,BR056,Savings,2024-08-13,3557.36,Closed
ACC03233,CUST02996,BR042,Fixed Deposit,2020-06-16,31491.99,Active
ACC03234,CUST07437,BR010,Current,2019-09-01,245590.08,Active
ACC03235,CUST06838,BR014,Savings,2021-10-21,6957.6,Active
ACC03236,CUST06435,BR043,Salary,2021-10-21,15254.59,Closed
ACC03237,CUST07021,BR048,Savings,2025-01-01,54540.54,Dormant
ACC03238,CUST01924,BR006,Savings,2020-03-17,7119.33,Closed
ACC03239,CUST06403,BR010,Current,2022-10-05,43682.83,Dormant
ACC03240,CUST06361,BR045,Current,2025-08-03,92773.43,Dormant
ACC03241,CUST01970,BR042,Salary,2024-08-19,13477.13,Closed
ACC03242,CUST01940,BR027,Fixed Deposit,2025-06-17,334717.39,Dormant
ACC03243,CUST03055,BR041,Salary,2022-11-30,4154.64,Dormant
ACC03244,CUST00018,BR006,Fixed Deposit,2024-03-05,113010.62,Active
ACC03245,CUST03865,BR033,Salary,2021-05-17,11837.63,Closed
ACC03246,CUST06010,BR057,Fixed Deposit,2024-03-21,95144.5,Dormant
ACC03247,CUST05925,BR051,Savings,2024-07-31,32766.98,Active
ACC03248,CUST06902,BR028,Savings,2021-10-25,11386.22,Closed
ACC03249,CUST01137,BR035,Savings,2019-01-19,27067.71,Active
ACC03250,CUST04580,BR057,Salary,2019-03-10,3639.02,Active
ACC03251,CUST05388,BR011,Current,2019-07-17,66386.4,Active
ACC03252,CUST05965,BR044,Salary,2019-12-06,16460.37,Active
ACC03253,CUST03645,BR037,Savings,2021-09-25,39135.85,Dormant
ACC03254,CUST03216,BR039,Savings,2020-07-01,57085.56,Active
ACC03255,CUST02742,BR007,Savings,2025-09-29,30664.41,Closed
ACC03256,CUST01606,BR012,Salary,2020-10-30,14818.96,Active
ACC03257,CUST01450,BR046,Savings,2025-04-14,9967.04,Dormant
ACC03258,CUST02938,BR012,Salary,2019-04-18,8114.81,Active
ACC03259,CUST06400,BR038,Fixed Deposit,2019-10-30,122032.27,Active
ACC03260,CUST02747,BR009,Current,2021-10-18,152716.02,Active
ACC03261,CUST04251,BR034,Savings,2022-10-12,17777.71,Dormant
ACC03262,CUST05531,BR046,Salary,2024-06-11,13796.94,Closed
ACC03263,CUST06667,BR027,Savings,2023-05-06,9758.04,Closed
ACC03264,CUST01644,BR047,Savings,2021-08-01,63289.91,Dormant
ACC03265,CUST04729,BR034,Fixed Deposit,2023-06-16,89254.77,Active
ACC03266,CUST00468,BR004,Savings,2022-02-21,126385.96,Closed
ACC03267,CUST03225,BR060,Savings,2023-01-11,9991.69,Active
ACC03268,CUST05819,BR020,Salary,2020-01-24,10253.71,Closed
ACC03269,CUST02780,BR004,Savings,2023-01-10,27127.45,Active
ACC03270,CUST05715,BR060,Salary,2021-05-20,21005.56,Closed
ACC03271,CUST01651,BR021,Savings,2020-04-03,18140.44,Closed
ACC03272,CUST00837,BR027,Savings,2025-04-26,10040.03,Active
ACC03273,CUST04906,BR034,Salary,2019-08-10,24760.01,Dormant
ACC03274,CUST06832,BR045,Savings,2020-02-07,42151.34,Dormant
ACC03275,CUST01094,BR029,Fixed Deposit,2019-05-13,34552.51,Active
ACC03276,CUST05372,BR010,Current,2022-02-04,140848.88,Active
ACC03277,CUST05963,BR008,Savings,2025-09-01,63144.36,Dormant
ACC03278,CUST05245,BR050,Savings,2023-09-07,24856.31,Dormant
ACC03279,CUST01101,BR018,Current,2022-07-21,39324.3,Dormant
ACC03280,CUST07402,BR032,Savings,2019-12-14,36266.58,Closed
ACC03281,CUST01238,BR052,Salary,2022-05-11,7308.61,Dormant
ACC03282,CUST04430,BR050,Fixed Deposit,2020-11-09,60962.79,Active
ACC03283,CUST05992,BR043,Savings,2020-07-25,3174.34,Dormant
ACC03284,CUST04466,BR034,Salary,2024-08-07,24674.34,Dormant
ACC03285,CUST00788,BR044,Savings,2020-06-15,5402.71,Dormant
ACC03286,CUST00007,BR028,Current,2021-07-10,163312.34,Closed
ACC03287,CUST03149,BR060,Savings,2020-08-24,16364.86,Closed
ACC03288,CUST00687,BR008,Salary,2021-06-04,11519.92,Dormant
ACC03289,CUST07737,BR058,Fixed Deposit,2020-09-17,41083.41,Closed
ACC03290,CUST06745,BR054,Savings,2024-11-10,16996.54,Active
ACC03291,CUST01272,BR011,Salary,2025-12-29,36061.17,Closed
ACC03292,CUST01613,BR047,Salary,2024-10-01,2341.47,Dormant
ACC03293,CUST02161,BR030,Savings,2022-01-02,69512.98,Active
ACC03294,CUST05371,BR009,Salary,2019-03-06,16926.17,Dormant
ACC03295,CUST02019,BR035,Savings,2024-12-01,7432.97,Closed
ACC03296,CUST06907,BR053,Savings,2021-09-08,8368.41,Dormant
ACC03297,CUST06115,BR047,Current,2019-11-15,194151.3,Active
ACC03298,CUST02887,BR035,Current,2020-12-01,14107.94,Dormant
ACC03299,CUST06095,BR001,Savings,2023-01-23,7800.82,Active
ACC03300,CUST04277,BR024,Current,2020-12-17,113245.64,Active
ACC03301,CUST02370,BR019,Savings,2021-07-25,29872.62,Closed
ACC03302,CUST07532,BR014,Savings,2019-11-03,9469.84,Active
ACC03303,CUST05055,BR049,Savings,2019-05-16,26768.0,Active
ACC03304,CUST07145,BR055,Savings,2020-08-29,8750.12,Closed
ACC03305,CUST07408,BR016,Salary,2023-04-14,28870.48,Active
ACC03306,CUST06662,BR041,Fixed Deposit,2025-08-17,113189.94,Closed
ACC03307,CUST00137,BR058,Current,2020-03-08,61821.48,Closed
ACC03308,CUST06986,BR045,Current,2024-02-20,52138.61,Closed
ACC03309,CUST03560,BR010,Savings,2024-09-02,107480.99,Dormant
ACC03310,CUST02833,BR028,Savings,2020-12-01,22020.25,Active
ACC03311,CUST05339,BR056,Current,2019-11-08,11138.09,Dormant
ACC03312,CUST04079,BR020,Fixed Deposit,2021-07-12,78408.24,Active
ACC03313,CUST01256,BR007,Salary,2019-04-28,57539.84,Dormant
ACC03314,CUST03308,BR016,Savings,2023-11-27,8837.12,Dormant
ACC03315,CUST07421,BR015,Current,2024-11-02,25299.43,Closed
ACC03316,CUST02357,BR033,Savings,2020-09-22,32041.96,Closed
ACC03317,CUST05699,BR025,Savings,2023-08-14,20983.37,Dormant
ACC03318,CUST01024,BR009,Savings,2021-10-13,9099.06,Active
ACC03319,CUST02766,BR038,Savings,2021-06-19,60456.06,Active
ACC03320,CUST04297,BR010,Savings,2019-09-19,177732.81,Dormant
ACC03321,CUST03869,BR032,Salary,2023-11-05,15325.79,Closed
ACC03322,CUST02417,BR049,Current,2021-08-30,14704.84,Active
ACC03323,CUST02593,BR045,Salary,2023-06-05,4517.56,Closed
ACC03324,CUST00712,BR031,Current,2022-11-06,47003.44,Closed
ACC03325,CUST06914,BR022,Savings,2025-12-23,59485.6,Dormant
ACC03326,CUST04548,BR032,Current,2019-07-12,58405.64,Dormant
ACC03327,CUST03095,BR033,Current,2023-03-29,36228.31,Active
ACC03328,CUST04871,BR055,Savings,2025-03-21,12960.42,Closed
ACC03329,CUST02900,BR057,Salary,2024-06-04,6219.75,Dormant
ACC03330,CUST03186,BR057,Savings,2025-01-01,46689.58,Dormant
ACC03331,CUST05942,BR012,Savings,2024-12-28,50130.98,Closed
ACC03332,CUST02206,BR005,Salary,2019-07-05,4527.79,Closed
ACC03333,CUST07881,BR005,Fixed Deposit,2025-05-28,155422.64,Dormant
ACC03334,CUST04390,BR054,Savings,2022-01-25,36925.74,Closed
ACC03335,CUST07324,BR024,Savings,2023-09-10,77624.25,Active
ACC03336,CUST01787,BR021,Savings,2021-01-10,6581.94,Active
ACC03337,CUST05568,BR036,Savings,2022-10-21,6443.06,Dormant
ACC03338,CUST03046,BR031,Fixed Deposit,2019-12-20,54754.7,Dormant
ACC03339,CUST04847,BR019,Salary,2021-03-02,18995.34,Active
ACC03340,CUST05458,BR040,Savings,2022-02-17,110937.78,Closed
ACC03341,CUST03359,BR030,Savings,2019-08-13,41584.01,Closed
ACC03342,CUST01231,BR014,Savings,2023-07-05,17704.73,Closed
ACC03343,CUST07556,BR007,Current,2019-06-16,13012.05,Dormant
ACC03344,CUST01506,BR018,Savings,2023-07-18,66636.02,Active
ACC03345,CUST06062,BR049,Savings,2020-01-06,9244.32,Dormant
ACC03346,CUST07142,BR046,Current,2022-01-18,185066.14,Closed
ACC03347,CUST03785,BR018,Savings,2025-10-15,17052.53,Closed
ACC03348,CUST02929,BR051,Salary,2021-08-01,40676.57,Closed
ACC03349,CUST03155,BR003,Salary,2024-09-07,21488.04,Active
ACC03350,CUST06577,BR049,Salary,2020-04-04,12138.08,Closed
ACC03351,CUST01126,BR059,Salary,2019-09-28,9287.48,Active
ACC03352,CUST04474,BR054,Savings,2024-10-24,16206.75,Dormant
ACC03353,CUST00261,BR028,Savings,2025-04-19,32386.11,Dormant
ACC03354,CUST04743,BR038,Savings,2021-11-03,23610.36,Closed
ACC03355,CUST07258,BR056,Salary,2019-04-06,8816.07,Dormant
ACC03356,CUST05782,BR003,Salary,2024-11-20,11897.2,Closed
ACC03357,CUST01460,BR020,Savings,2025-08-16,23640.56,Active
ACC03358,CUST05352,BR010,Savings,2024-07-24,3242.63,Closed
ACC03359,CUST06551,BR014,Salary,2025-06-29,18411.26,Closed
ACC03360,CUST00683,BR029,Fixed Deposit,2020-12-18,33261.88,Closed
ACC03361,CUST01487,BR046,Current,2021-04-07,11460.57,Closed
ACC03362,CUST06206,BR049,Fixed Deposit,2025-07-24,21754.88,Closed
ACC03363,CUST04881,BR056,Salary,2019-09-13,3805.78,Closed
ACC03364,CUST07281,BR033,Savings,2022-11-21,6503.51,Active
ACC03365,CUST01328,BR031,Savings,2024-03-25,11636.26,Dormant
ACC03366,CUST00270,BR023,Savings,2019-07-25,127763.12,Active
ACC03367,CUST07532,BR030,Savings,2025-01-01,13721.35,Active
ACC03368,CUST06347,BR044,Current,2025-09-05,43379.84,Dormant
ACC03369,CUST01171,BR020,Salary,2024-04-20,17682.61,Dormant
ACC03370,CUST03343,BR044,Savings,2025-08-13,24784.13,Active
ACC03371,CUST02773,BR056,Fixed Deposit,2021-03-31,57155.67,Dormant
ACC03372,CUST06223,BR039,Current,2022-12-27,10989.62,Dormant
ACC03373,CUST02061,BR019,Savings,2019-08-13,81294.59,Active
ACC03374,CUST05171,BR044,Savings,2025-04-04,112024.96,Dormant
ACC03375,CUST02785,BR024,Savings,2022-10-01,4844.54,Dormant
ACC03376,CUST01115,BR014,Savings,2019-10-12,8763.71,Dormant
ACC03377,CUST04671,BR007,Savings,2019-02-23,17122.88,Active
ACC03378,CUST06790,BR034,Current,2021-11-19,13841.99,Active
ACC03379,CUST05874,BR023,Salary,2019-11-02,19037.69,Dormant
ACC03380,CUST00623,BR032,Savings,2020-08-15,11436.38,Closed
ACC03381,CUST08005,BR031,Salary,2024-08-09,60811.81,Active
ACC03382,CUST00452,BR054,Fixed Deposit,2020-07-01,122311.84,Closed
ACC03383,CUST02110,BR023,Salary,2022-03-27,15503.2,Dormant
ACC03384,CUST04726,BR048,Savings,2023-10-31,55508.29,Active
ACC03385,CUST02166,BR010,Savings,2024-10-31,59594.01,Active
ACC03386,CUST07609,BR040,Savings,2024-01-27,13259.2,Dormant
ACC03387,CUST07317,BR032,Savings,2019-07-26,10566.08,Closed
ACC03388,CUST05028,BR026,Savings,2020-07-25,23631.33,Closed
ACC03389,CUST03375,BR059,Current,2022-01-31,85959.89,Dormant
ACC03390,CUST02854,BR060,Salary,2020-01-15,14725.59,Dormant
ACC03391,CUST06109,BR014,Savings,2021-10-17,5327.85,Dormant
ACC03392,CUST01099,BR044,Savings,2024-09-07,10694.21,Active
ACC03393,CUST01657,BR035,Current,2022-09-28,33726.09,Dormant
ACC03394,CUST02796,BR036,Savings,2023-04-09,20576.42,Closed
ACC03395,CUST06506,BR055,Savings,2023-07-26,129999.77,Closed
ACC03396,CUST04098,BR051,Savings,2024-04-18,6327.19,Dormant
ACC03397,CUST07319,BR042,Savings,2022-07-13,34718.58,Closed
ACC03398,CUST02294,BR013,Savings,2021-10-02,84137.01,Closed
ACC03399,CUST03031,BR037,Current,2024-12-19,352022.28,Active
ACC03400,CUST02866,BR033,Fixed Deposit,2024-08-17,46974.56,Dormant
ACC03401,CUST04825,BR044,Current,2025-08-13,59363.18,Dormant
ACC03402,CUST04023,BR028,Current,2020-10-24,64200.12,Dormant
ACC03403,CUST01846,BR035,Savings,2021-12-09,26263.45,Closed
ACC03404,CUST04444,BR027,Savings,2025-08-09,20151.61,Active
ACC03405,CUST01487,BR008,Salary,2023-08-01,18127.45,Closed
ACC03406,CUST07604,BR015,Savings,2023-01-12,2255.17,Closed
ACC03407,CUST07862,BR041,Salary,2021-02-09,21535.3,Dormant
ACC03408,CUST07445,BR006,Savings,2020-12-04,24675.35,Dormant
ACC03409,CUST07847,BR039,Salary,2023-02-28,11433.1,Active
ACC03410,CUST03844,BR055,Savings,2025-01-20,138992.6,Closed
ACC03411,CUST01263,BR019,Savings,2019-12-30,11998.77,Closed
ACC03412,CUST06881,BR018,Current,2020-04-23,24268.25,Active
ACC03413,CUST07043,BR011,Current,2022-03-20,266080.27,Dormant
ACC03414,CUST00169,BR016,Savings,2025-03-06,10416.48,Closed
ACC03415,CUST04981,BR046,Savings,2019-12-25,13425.3,Closed
ACC03416,CUST06563,BR012,Savings,2022-06-18,19296.46,Closed
ACC03417,CUST06829,BR039,Fixed Deposit,2020-11-07,99155.11,Closed
ACC03418,CUST06185,BR037,Salary,2024-08-27,15451.51,Active
ACC03419,CUST07206,BR006,Savings,2022-03-15,6881.81,Closed
ACC03420,CUST02170,BR023,Current,2024-09-12,21329.18,Dormant
ACC03421,CUST03956,BR014,Salary,2020-05-27,8732.89,Closed
ACC03422,CUST00796,BR007,Savings,2025-06-04,20547.63,Dormant
ACC03423,CUST00550,BR034,Savings,2019-05-07,32314.11,Active
ACC03424,CUST00593,BR001,Savings,2021-01-27,32092.74,Dormant
ACC03425,CUST00899,BR035,Savings,2025-12-08,4454.14,Active
ACC03426,CUST04754,BR051,Savings,2023-04-10,57385.5,Closed
ACC03427,CUST04026,BR023,Savings,2024-06-18,27648.09,Dormant
ACC03428,CUST00235,BR055,Salary,2022-01-05,35213.06,Dormant
ACC03429,CUST06770,BR005,Salary,2020-05-28,18232.1,Dormant
ACC03430,CUST04035,BR007,Savings,2019-11-16,59349.01,Dormant
ACC03431,CUST04055,BR014,Salary,2025-11-13,18519.54,Closed
ACC03432,CUST06216,BR045,Savings,2022-06-08,73983.93,Dormant
ACC03433,CUST00359,BR026,Savings,2023-11-07,35243.12,Active
ACC03434,CUST07820,BR020,Fixed Deposit,2020-03-26,56457.92,Active
ACC03435,CUST03724,BR050,Savings,2025-05-28,170278.61,Dormant
ACC03436,CUST04782,BR014,Current,2020-04-05,88347.85,Active
ACC03437,CUST05003,BR036,Salary,2025-09-06,19962.71,Closed
ACC03438,CUST07369,BR035,Savings,2025-10-29,6983.64,Dormant
ACC03439,CUST07126,BR047,Savings,2022-10-13,6908.61,Active
ACC03440,CUST03751,BR014,Salary,2024-05-22,16397.77,Dormant
ACC03441,CUST00786,BR013,Savings,2022-01-11,25108.68,Dormant
ACC03442,CUST00008,BR017,Savings,2022-01-31,12673.77,Active
ACC03443,CUST06758,BR056,Salary,2021-02-17,14745.42,Closed
ACC03444,CUST01866,BR056,Savings,2021-09-03,92020.28,Closed
ACC03445,CUST00019,BR052,Salary,2019-02-27,21737.23,Dormant
ACC03446,CUST01005,BR060,Current,2023-09-08,11602.68,Closed
ACC03447,CUST02600,BR050,Salary,2025-07-04,12356.58,Active
ACC03448,CUST05146,BR058,Fixed Deposit,2019-08-20,36938.89,Dormant
ACC03449,CUST00859,BR034,Savings,2022-11-19,15538.41,Dormant
ACC03450,CUST04960,BR028,Salary,2021-12-01,10001.29,Dormant
ACC03451,CUST03837,BR060,Savings,2024-04-19,14330.12,Closed
ACC03452,CUST04943,BR046,Current,2020-10-02,10351.27,Active
ACC03453,CUST07248,BR049,Savings,2022-10-04,19635.82,Dormant
ACC03454,CUST00976,BR004,Savings,2022-09-08,13299.12,Closed
ACC03455,CUST02088,BR042,Salary,2024-02-06,1718.81,Active
ACC03456,CUST01368,BR032,Current,2025-10-05,282934.87,Active
ACC03457,CUST05633,BR043,Current,2020-04-07,107879.45,Dormant
ACC03458,CUST03734,BR025,Savings,2024-10-22,15698.64,Closed
ACC03459,CUST05423,BR034,Current,2025-08-03,37005.4,Active
ACC03460,CUST05635,BR018,Savings,2019-03-05,7673.37,Active
ACC03461,CUST07299,BR007,Current,2019-06-29,197940.72,Closed
ACC03462,CUST06216,BR033,Savings,2023-10-13,121486.67,Active
ACC03463,CUST03635,BR023,Current,2020-12-29,42475.97,Dormant
ACC03464,CUST07932,BR058,Savings,2025-08-03,55335.92,Active
ACC03465,CUST04209,BR041,Current,2024-01-09,43273.11,Closed
ACC03466,CUST07525,BR033,Savings,2024-11-08,6614.02,Dormant
ACC03467,CUST04589,BR035,Salary,2020-07-16,10013.84,Closed
ACC03468,CUST00974,BR034,Current,2023-06-01,41436.94,Dormant
ACC03469,CUST03721,BR058,Salary,2023-12-04,9718.79,Active
ACC03470,CUST04228,BR021,Salary,2024-08-23,11463.72,Closed
ACC03471,CUST00700,BR020,Savings,2022-11-24,20287.1,Closed
ACC03472,CUST00454,BR036,Salary,2023-01-30,12624.38,Closed
ACC03473,CUST03913,BR038,Savings,2021-04-23,23087.18,Active
ACC03474,CUST05295,BR038,Fixed Deposit,2025-02-16,31686.21,Active
ACC03475,CUST05016,BR034,Savings,2024-11-30,11552.83,Dormant
ACC03476,CUST01408,BR018,Salary,2024-12-17,5435.96,Active
ACC03477,CUST05717,BR058,Salary,2020-01-16,26488.63,Closed
ACC03478,CUST04143,BR004,Salary,2021-03-09,3059.62,Closed
ACC03479,CUST04324,BR043,Savings,2019-07-06,62207.53,Active
ACC03480,CUST07076,BR003,Savings,2023-04-02,76704.41,Dormant
ACC03481,CUST05336,BR022,Current,2024-07-25,26844.59,Dormant
ACC03482,CUST00801,BR036,Fixed Deposit,2020-06-26,12558.06,Active
ACC03483,CUST04307,BR050,Current,2019-12-15,25303.28,Dormant
ACC03484,CUST05052,BR002,Savings,2023-07-15,20790.14,Dormant
ACC03485,CUST01983,BR049,Salary,2020-06-17,6585.21,Dormant
ACC03486,CUST04450,BR008,Salary,2019-01-20,9314.68,Active
ACC03487,CUST07739,BR010,Savings,2024-05-06,87306.11,Closed
ACC03488,CUST04034,BR038,Current,2021-12-17,70610.01,Dormant
ACC03489,CUST07936,BR004,Fixed Deposit,2021-11-13,34381.07,Closed
ACC03490,CUST06813,BR058,Current,2020-11-13,7349.6,Closed
ACC03491,CUST01250,BR009,Savings,2025-06-06,16410.63,Closed
ACC03492,CUST07171,BR043,Savings,2024-03-10,18176.57,Closed
ACC03493,CUST05327,BR020,Savings,2019-02-16,34426.41,Dormant
ACC03494,CUST05613,BR033,Savings,2025-05-01,13605.3,Active
ACC03495,CUST06438,BR032,Savings,2022-11-29,34903.75,Active
ACC03496,CUST01902,BR001,Current,2021-09-14,251488.88,Closed
ACC03497,CUST03973,BR015,Savings,2025-05-04,45887.63,Dormant
ACC03498,CUST06496,BR011,Current,2019-12-30,34610.47,Closed
ACC03499,CUST07440,BR020,Savings,2021-01-15,18679.18,Closed
ACC03500,CUST01225,BR028,Salary,2019-05-09,10407.99,Closed
ACC03501,CUST00991,BR019,Salary,2021-10-08,30529.5,Dormant
ACC03502,CUST02703,BR050,Savings,2023-06-11,12524.2,Closed
ACC03503,CUST07197,BR028,Fixed Deposit,2023-10-08,61520.99,Closed
ACC03504,CUST06913,BR041,Savings,2019-07-10,23065.15,Dormant
ACC03505,CUST04822,BR008,Savings,2024-03-05,14022.16,Active
ACC03506,CUST02743,BR031,Current,2020-05-08,9205.3,Active
ACC03507,CUST06732,BR011,Salary,2020-11-14,16748.8,Active
ACC03508,CUST02611,BR059,Savings,2023-08-13,20849.73,Active
ACC03509,CUST05170,BR021,Savings,2021-05-19,34551.85,Active
ACC03510,CUST06046,BR005,Salary,2023-04-04,9195.59,Closed
ACC03511,CUST02350,BR019,Savings,2023-05-27,66087.78,Dormant
ACC03512,CUST02662,BR010,Savings,2020-02-05,10005.63,Active
ACC03513,CUST01630,BR011,Savings,2024-06-28,102830.39,Closed
ACC03514,CUST01667,BR030,Savings,2025-06-20,4569.35,Dormant
ACC03515,CUST00332,BR012,Salary,2024-07-06,18112.16,Active
ACC03516,CUST01462,BR031,Salary,2024-04-13,18635.09,Dormant
ACC03517,CUST00945,BR040,Savings,2020-02-07,10764.39,Dormant
ACC03518,CUST02077,BR042,Savings,2024-12-05,32271.98,Active
ACC03519,CUST06776,BR048,Current,2020-07-23,130550.93,Active
ACC03520,CUST05530,BR051,Current,2023-12-28,3956.76,Active
ACC03521,CUST07410,BR026,Savings,2024-03-02,34629.82,Dormant
ACC03522,CUST06453,BR049,Salary,2020-12-09,2332.53,Closed
ACC03523,CUST02047,BR041,Salary,2021-01-02,6795.63,Dormant
ACC03524,CUST03531,BR032,Savings,2019-06-13,95439.68,Active
ACC03525,CUST07867,BR012,Current,2019-01-02,20296.79,Closed
ACC03526,CUST02372,BR035,Salary,2020-01-04,5873.96,Closed
ACC03527,CUST07984,BR006,Savings,2019-04-29,18432.23,Closed
ACC03528,CUST06063,BR034,Savings,2020-06-12,141650.17,Active
ACC03529,CUST03556,BR019,Current,2020-12-22,5815.71,Active
ACC03530,CUST07909,BR056,Savings,2024-11-11,8551.15,Active
ACC03531,CUST04181,BR045,Savings,2022-08-22,84769.28,Active
ACC03532,CUST02558,BR020,Savings,2022-11-22,117234.57,Active
ACC03533,CUST07950,BR007,Savings,2021-01-05,20068.6,Dormant
ACC03534,CUST04530,BR009,Fixed Deposit,2019-11-29,28468.92,Dormant
ACC03535,CUST05285,BR045,Salary,2022-09-24,57935.78,Dormant
ACC03536,CUST03999,BR042,Savings,2020-06-29,92503.17,Active
ACC03537,CUST00621,BR012,Savings,2022-06-11,40580.88,Dormant
ACC03538,CUST00934,BR029,Savings,2022-12-13,10602.42,Dormant
ACC03539,CUST02475,BR059,Salary,2021-02-10,12908.99,Closed
ACC03540,CUST03091,BR005,Savings,2019-04-22,19066.27,Dormant
ACC03541,CUST05752,BR035,Savings,2022-07-08,29666.28,Active
ACC03542,CUST01953,BR017,Current,2021-03-12,154972.26,Closed
ACC03543,CUST05289,BR042,Salary,2024-06-28,24725.54,Closed
ACC03544,CUST01143,BR027,Current,2023-02-19,12364.98,Active
ACC03545,CUST06929,BR037,Current,2020-05-11,143845.7,Active
ACC03546,CUST01530,BR001,Savings,2022-08-20,29196.93,Active
ACC03547,CUST06249,BR055,Savings,2024-12-15,40878.49,Dormant
ACC03548,CUST04222,BR004,Savings,2021-01-03,82445.01,Closed
ACC03549,CUST03780,BR026,Current,2020-08-26,11949.2,Active
ACC03550,CUST05378,BR013,Savings,2021-04-21,21327.59,Closed
ACC03551,CUST00033,BR054,Current,2022-05-09,21344.42,Closed
ACC03552,CUST03810,BR012,Savings,2025-04-11,5371.84,Active
ACC03553,CUST05073,BR006,Savings,2024-02-10,30092.73,Active
ACC03554,CUST04072,BR041,Savings,2020-05-03,211166.22,Active
ACC03555,CUST02702,BR026,Savings,2021-08-09,4204.58,Active
ACC03556,CUST07767,BR033,Fixed Deposit,2019-05-13,58725.64,Dormant
ACC03557,CUST03150,BR022,Savings,2023-08-14,39202.22,Closed
ACC03558,CUST03858,BR002,Savings,2023-03-06,24606.61,Active
ACC03559,CUST02413,BR013,Savings,2023-01-24,19894.22,Dormant
ACC03560,CUST02782,BR004,Savings,2023-10-03,6841.11,Dormant
ACC03561,CUST00669,BR021,Savings,2022-02-01,27160.2,Closed
ACC03562,CUST02575,BR022,Savings,2022-01-16,11146.85,Active
ACC03563,CUST02416,BR058,Savings,2025-12-07,3068.89,Active
ACC03564,CUST03940,BR006,Savings,2024-09-30,64545.97,Active
ACC03565,CUST03948,BR037,Savings,2024-01-30,52184.84,Closed
ACC03566,CUST05594,BR058,Fixed Deposit,2025-04-09,61759.1,Active
ACC03567,CUST02154,BR005,Current,2024-10-27,45664.42,Dormant
ACC03568,CUST02986,BR028,Savings,2025-02-22,57923.95,Dormant
ACC03569,CUST06922,BR028,Salary,2022-05-15,15631.41,Closed
ACC03570,CUST07883,BR034,Savings,2019-04-10,49692.82,Active
ACC03571,CUST05467,BR009,Savings,2021-09-18,16852.7,Closed
ACC03572,CUST07462,BR003,Savings,2021-06-11,71738.68,Active
ACC03573,CUST07223,BR056,Fixed Deposit,2022-12-28,72581.94,Closed
ACC03574,CUST06206,BR039,Salary,2021-03-11,15303.49,Dormant
ACC03575,CUST00236,BR051,Savings,2020-06-14,7022.99,Dormant
ACC03576,CUST07799,BR023,Salary,2019-12-15,16331.79,Dormant
ACC03577,CUST07391,BR006,Current,2022-05-02,15804.42,Closed
ACC03578,CUST02252,BR052,Savings,2024-08-18,12401.16,Active
ACC03579,CUST06133,BR059,Savings,2021-07-26,10574.09,Active
ACC03580,CUST04115,BR039,Savings,2020-03-04,8437.05,Closed
ACC03581,CUST00265,BR024,Savings,2020-05-28,149088.34,Active
ACC03582,CUST03602,BR043,Savings,2022-02-04,72999.3,Closed
ACC03583,CUST05663,BR049,Savings,2024-10-22,124036.45,Closed
ACC03584,CUST03957,BR023,Savings,2022-06-19,7327.54,Closed
ACC03585,CUST06958,BR055,Current,2021-06-08,38997.54,Dormant
ACC03586,CUST07893,BR014,Savings,2021-01-07,6876.35,Dormant
ACC03587,CUST05780,BR002,Savings,2022-03-30,11776.66,Dormant
ACC03588,CUST03707,BR031,Savings,2020-05-23,9640.09,Dormant
ACC03589,CUST05154,BR043,Salary,2021-07-09,31815.5,Closed
ACC03590,CUST01031,BR009,Salary,2023-02-16,10123.75,Dormant
ACC03591,CUST00665,BR006,Savings,2024-10-12,57615.18,Dormant
ACC03592,CUST01706,BR053,Savings,2024-07-19,37938.01,Dormant
ACC03593,CUST03817,BR033,Savings,2023-04-07,175128.43,Dormant
ACC03594,CUST04753,BR030,Current,2022-06-21,8271.37,Active
ACC03595,CUST03105,BR050,Savings,2019-10-10,68412.44,Dormant
ACC03596,CUST07315,BR054,Savings,2020-04-06,61808.54,Active
ACC03597,CUST07170,BR017,Savings,2019-08-23,9172.44,Closed
ACC03598,CUST06160,BR036,Savings,2021-07-26,54525.3,Closed
ACC03599,CUST06252,BR050,Current,2020-08-18,50825.07,Dormant
ACC03600,CUST00494,BR048,Current,2021-08-15,28926.8,Closed
ACC03601,CUST02484,BR026,Salary,2020-05-22,7504.4,Dormant
ACC03602,CUST04219,BR040,Savings,2021-10-11,11531.08,Dormant
ACC03603,CUST06902,BR032,Savings,2025-08-20,139362.1,Dormant
ACC03604,CUST06570,BR015,Savings,2025-07-01,22040.01,Dormant
ACC03605,CUST04982,BR008,Salary,2025-03-07,23097.76,Dormant
ACC03606,CUST06081,BR003,Savings,2024-02-17,10809.61,Closed
ACC03607,CUST02184,BR022,Savings,2024-12-14,10917.61,Active
ACC03608,CUST01081,BR010,Fixed Deposit,2025-12-20,114598.6,Dormant
ACC03609,CUST07029,BR020,Savings,2024-09-16,6537.97,Active
ACC03610,CUST01999,BR005,Savings,2022-01-02,15158.36,Active
ACC03611,CUST00230,BR015,Savings,2025-06-04,22711.45,Active
ACC03612,CUST00639,BR036,Savings,2019-10-28,24348.74,Active
ACC03613,CUST01304,BR008,Current,2022-12-02,30360.77,Active
ACC03614,CUST01493,BR021,Salary,2025-03-22,17625.0,Active
ACC03615,CUST01353,BR044,Current,2022-06-10,72609.84,Dormant
ACC03616,CUST03415,BR041,Current,2025-10-03,75707.88,Dormant
ACC03617,CUST06848,BR053,Current,2025-12-05,13550.74,Active
ACC03618,CUST05674,BR026,Current,2023-06-09,27332.86,Dormant
ACC03619,CUST02131,BR057,Savings,2020-11-15,64555.89,Active
ACC03620,CUST06861,BR034,Current,2019-02-07,88844.88,Closed
ACC03621,CUST05847,BR057,Savings,2025-07-03,6402.39,Dormant
ACC03622,CUST02421,BR053,Savings,2023-11-13,30222.2,Active
ACC03623,CUST02441,BR035,Savings,2024-09-30,3713.01,Active
ACC03624,CUST01483,BR038,Savings,2019-05-23,22976.83,Dormant
ACC03625,CUST05406,BR002,Fixed Deposit,2020-03-14,186961.91,Active
ACC03626,CUST07984,BR040,Current,2022-06-28,14074.32,Dormant
ACC03627,CUST01442,BR058,Fixed Deposit,2024-05-09,36293.94,Dormant
ACC03628,CUST00719,BR039,Salary,2025-01-26,22806.96,Closed
ACC03629,CUST06790,BR035,Savings,2021-12-11,5494.37,Active
ACC03630,CUST07508,BR031,Savings,2022-01-27,12463.01,Active
ACC03631,CUST06072,BR034,Salary,2020-06-01,20282.4,Dormant
ACC03632,CUST01787,BR060,Savings,2019-03-20,12445.85,Dormant
ACC03633,CUST04195,BR008,Salary,2022-04-09,11325.6,Closed
ACC03634,CUST02870,BR015,Current,2023-06-14,76434.21,Closed
ACC03635,CUST01621,BR006,Savings,2025-08-19,32189.37,Active
ACC03636,CUST08005,BR018,Current,2021-09-12,47420.9,Dormant
ACC03637,CUST03813,BR015,Fixed Deposit,2024-06-18,48850.83,Active
ACC03638,CUST02617,BR050,Fixed Deposit,2023-12-24,74759.88,Active
ACC03639,CUST00146,BR028,Savings,2023-03-11,19705.25,Dormant
ACC03640,CUST05216,BR046,Savings,2025-08-03,33257.15,Active
ACC03641,CUST04423,BR004,Savings,2022-06-09,14083.53,Active
ACC03642,CUST05827,BR022,Savings,2025-10-14,18688.95,Dormant
ACC03643,CUST03596,BR011,Savings,2022-11-05,9036.6,Closed
ACC03644,CUST06273,BR032,Savings,2020-06-25,21343.3,Closed
ACC03645,CUST07515,BR060,Savings,2020-10-27,10615.81,Dormant
ACC03646,CUST04201,BR039,Salary,2025-03-03,6125.2,Active
ACC03647,CUST07330,BR020,Savings,2023-01-24,27800.1,Active
ACC03648,CUST05857,BR054,Salary,2023-12-24,15505.0,Active
ACC03649,CUST02303,BR050,Savings,2019-08-16,44559.75,Closed
ACC03650,CUST01345,BR044,Salary,2025-09-19,9879.45,Dormant
ACC03651,CUST05181,BR042,Current,2022-11-13,54614.4,Active
ACC03652,CUST04409,BR001,Savings,2019-06-03,36160.33,Dormant
ACC03653,CUST05956,BR043,Salary,2019-10-10,18239.44,Closed
ACC03654,CUST04291,BR006,Savings,2022-07-14,10476.73,Closed
ACC03655,CUST05804,BR045,Salary,2020-08-28,14832.18,Dormant
ACC03656,CUST04814,BR045,Savings,2023-06-20,30568.53,Active
ACC03657,CUST07925,BR022,Savings,2020-01-18,22169.23,Dormant
ACC03658,CUST02716,BR020,Savings,2025-11-15,3368.32,Closed
ACC03659,CUST07308,BR027,Savings,2019-08-25,25449.23,Closed
ACC03660,CUST06796,BR043,Savings,2024-09-06,161341.41,Closed
ACC03661,CUST01683,BR041,Current,2020-01-11,25335.47,Active
ACC03662,CUST06598,BR033,Savings,2019-03-21,11438.39,Active
ACC03663,CUST04591,BR051,Savings,2019-12-21,30822.92,Active
ACC03664,CUST06946,BR060,Current,2019-06-16,49631.36,Dormant
ACC03665,CUST05262,BR010,Savings,2021-03-04,64438.18,Dormant
ACC03666,CUST04059,BR009,Current,2022-01-20,10323.02,Active
ACC03667,CUST02406,BR018,Savings,2025-01-08,42541.79,Closed
ACC03668,CUST00246,BR012,Salary,2024-01-18,20197.12,Dormant
ACC03669,CUST01444,BR004,Savings,2022-05-12,19381.38,Dormant
ACC03670,CUST01069,BR055,Current,2020-07-27,50954.45,Dormant
ACC03671,CUST03564,BR042,Savings,2025-06-03,55631.88,Active
ACC03672,CUST00913,BR031,Savings,2025-04-16,48295.03,Active
ACC03673,CUST06281,BR048,Salary,2022-08-28,6002.23,Active
ACC03674,CUST04744,BR035,Current,2020-07-05,82467.39,Closed
ACC03675,CUST06550,BR058,Salary,2024-09-20,12768.26,Dormant
ACC03676,CUST00065,BR050,Salary,2024-12-05,14058.91,Dormant
ACC03677,CUST04897,BR023,Current,2024-11-28,39073.39,Closed
ACC03678,CUST04080,BR036,Fixed Deposit,2020-09-11,54712.87,Dormant
ACC03679,CUST00861,BR039,Salary,2023-11-08,30766.92,Closed
ACC03680,CUST07583,BR031,Salary,2019-10-29,12599.31,Closed
ACC03681,CUST03273,BR034,Fixed Deposit,2024-07-25,30585.22,Dormant
ACC03682,CUST02171,BR051,Salary,2020-04-30,10142.9,Active
ACC03683,CUST04225,BR019,Salary,2024-08-05,15139.86,Dormant
ACC03684,CUST01369,BR038,Savings,2021-11-27,66588.91,Closed
ACC03685,CUST06860,BR017,Current,2025-11-05,66376.26,Active
ACC03686,CUST03328,BR047,Savings,2019-11-24,10244.73,Active
ACC03687,CUST01466,BR045,Fixed Deposit,2023-10-27,265963.39,Closed
ACC03688,CUST02013,BR058,Salary,2025-08-14,16080.18,Active
ACC03689,CUST00913,BR049,Salary,2023-01-09,32623.02,Dormant
ACC03690,CUST01849,BR047,Savings,2023-01-08,19215.2,Active
ACC03691,CUST01539,BR059,Savings,2020-02-14,35597.24,Active
ACC03692,CUST02100,BR043,Savings,2024-06-17,46888.22,Dormant
ACC03693,CUST06696,BR055,Savings,2023-08-05,65931.74,Dormant
ACC03694,CUST06799,BR025,Savings,2022-05-14,57047.04,Active
ACC03695,CUST00502,BR057,Current,2023-06-24,86872.52,Dormant
ACC03696,CUST03209,BR052,Savings,2019-09-05,16587.79,Dormant
ACC03697,CUST00297,BR032,Savings,2024-10-04,13166.47,Active
ACC03698,CUST02512,BR018,Salary,2020-10-29,16862.12,Active
ACC03699,CUST00214,BR011,Current,2025-08-08,92330.34,Closed
ACC03700,CUST00308,BR041,Savings,2024-04-22,18025.66,Dormant
ACC03701,CUST06659,BR056,Savings,2023-04-09,57449.11,Closed
ACC03702,CUST00734,BR040,Savings,2021-03-24,81418.28,Closed
ACC03703,CUST02642,BR033,Salary,2022-04-26,7034.45,Active
ACC03704,CUST03530,BR034,Savings,2025-04-19,10371.03,Closed
ACC03705,CUST05340,BR014,Current,2024-10-31,31559.34,Closed
ACC03706,CUST00733,BR044,Savings,2020-07-26,29052.26,Dormant
ACC03707,CUST03284,BR012,Current,2023-12-06,21491.93,Active
ACC03708,CUST01521,BR005,Current,2024-01-12,140393.25,Active
ACC03709,CUST01053,BR022,Salary,2021-04-08,17976.97,Closed
ACC03710,CUST06449,BR045,Savings,2023-10-15,22822.5,Closed
ACC03711,CUST07593,BR038,Savings,2024-01-23,6049.2,Closed
ACC03712,CUST00819,BR055,Fixed Deposit,2025-09-14,27187.44,Closed
ACC03713,CUST07650,BR012,Current,2020-06-26,48098.64,Active
ACC03714,CUST04600,BR039,Savings,2023-02-01,3231.38,Closed
ACC03715,CUST06507,BR047,Savings,2023-01-29,54796.07,Active
ACC03716,CUST03865,BR046,Savings,2020-03-04,19104.16,Dormant
ACC03717,CUST03029,BR024,Fixed Deposit,2020-11-24,419096.21,Dormant
ACC03718,CUST01567,BR048,Savings,2019-02-08,175803.93,Dormant
ACC03719,CUST04434,BR047,Fixed Deposit,2020-02-10,53697.97,Active
ACC03720,CUST07210,BR038,Savings,2021-06-27,20016.19,Closed
ACC03721,CUST03376,BR007,Savings,2023-12-04,53961.35,Dormant
ACC03722,CUST01979,BR020,Savings,2022-12-11,102012.98,Closed
ACC03723,CUST06289,BR006,Savings,2023-01-02,5043.09,Active
ACC03724,CUST05842,BR025,Savings,2025-02-19,4412.79,Dormant
ACC03725,CUST05612,BR018,Salary,2021-03-22,8643.61,Active
ACC03726,CUST00938,BR008,Savings,2023-03-10,37214.87,Closed
ACC03727,CUST07691,BR014,Current,2020-08-04,59687.24,Closed
ACC03728,CUST05617,BR004,Salary,2024-07-22,28249.75,Dormant
ACC03729,CUST00508,BR034,Salary,2025-09-25,5768.76,Dormant
ACC03730,CUST06887,BR042,Savings,2023-11-04,2739.34,Active
ACC03731,CUST02644,BR007,Savings,2025-12-24,47677.4,Closed
ACC03732,CUST07504,BR020,Salary,2021-10-28,7482.05,Dormant
ACC03733,CUST05657,BR017,Fixed Deposit,2021-02-14,17834.81,Active
ACC03734,CUST06061,BR013,Savings,2019-09-10,25098.35,Closed
ACC03735,CUST03468,BR021,Salary,2019-12-25,23277.05,Active
ACC03736,CUST04389,BR008,Savings,2024-12-01,19734.99,Dormant
ACC03737,CUST00473,BR032,Savings,2024-07-19,14587.74,Active
ACC03738,CUST05760,BR059,Current,2022-04-11,30965.77,Closed
ACC03739,CUST07500,BR001,Savings,2020-12-25,15779.64,Dormant
ACC03740,CUST01798,BR013,Savings,2020-05-26,6546.97,Dormant
ACC03741,CUST00016,BR048,Savings,2021-03-27,11577.14,Active
ACC03742,CUST07762,BR012,Savings,2021-09-02,35212.34,Dormant
ACC03743,CUST07083,BR048,Salary,2023-04-16,16733.62,Closed
ACC03744,CUST07633,BR059,Savings,2022-03-11,25623.21,Active
ACC03745,CUST03162,BR049,Salary,2024-10-22,6656.81,Closed
ACC03746,CUST01897,BR053,Savings,2023-11-14,18706.89,Dormant
ACC03747,CUST00543,BR007,Savings,2025-12-28,3104.6,Dormant
ACC03748,CUST01863,BR034,Fixed Deposit,2023-07-13,66641.71,Dormant
ACC03749,CUST04664,BR034,Fixed Deposit,2025-08-31,141112.77,Dormant
ACC03750,CUST05166,BR027,Savings,2021-04-28,5844.64,Active
ACC03751,CUST00723,BR045,Savings,2022-02-03,12999.49,Dormant
ACC03752,CUST05527,BR024,Savings,2025-03-09,29619.73,Active
ACC03753,CUST00170,BR030,Current,2024-04-09,127114.39,Dormant
ACC03754,CUST01386,BR012,Savings,2022-06-12,14714.63,Closed
ACC03755,CUST00594,BR040,Savings,2020-03-06,11813.22,Closed
ACC03756,CUST00447,BR050,Fixed Deposit,2022-07-11,18373.16,Active
ACC03757,CUST04042,BR051,Savings,2022-08-05,24175.48,Active
ACC03758,CUST03599,BR014,Salary,2021-09-03,55795.76,Dormant
ACC03759,CUST00040,BR052,Salary,2019-02-21,16222.44,Dormant
ACC03760,CUST03905,BR047,Salary,2020-09-19,13152.99,Active
ACC03761,CUST05490,BR036,Salary,2024-02-01,16738.35,Closed
ACC03762,CUST00861,BR017,Savings,2023-05-08,21807.67,Dormant
ACC03763,CUST03091,BR031,Savings,2025-05-14,10596.59,Closed
ACC03764,CUST02008,BR036,Savings,2025-03-07,46210.02,Closed
ACC03765,CUST06948,BR051,Savings,2024-09-07,26989.02,Closed
ACC03766,CUST05279,BR031,Salary,2021-03-13,13525.46,Closed
ACC03767,CUST00530,BR055,Savings,2021-12-28,9156.05,Dormant
ACC03768,CUST03013,BR058,Savings,2023-09-03,71193.52,Closed
ACC03769,CUST00282,BR042,Salary,2022-01-24,21275.08,Closed
ACC03770,CUST00779,BR009,Salary,2023-08-01,9072.07,Closed
ACC03771,CUST07901,BR002,Savings,2025-09-26,54265.41,Closed
ACC03772,CUST03124,BR050,Savings,2023-11-14,14075.43,Dormant
ACC03773,CUST02478,BR001,Savings,2021-12-29,10896.5,Closed
ACC03774,CUST04806,BR004,Fixed Deposit,2019-06-18,37955.82,Active
ACC03775,CUST05821,BR015,Savings,2021-01-25,4474.0,Closed
ACC03776,CUST03967,BR045,Salary,2021-07-15,18584.43,Active
ACC03777,CUST01319,BR042,Savings,2023-10-12,4238.52,Closed
ACC03778,CUST07903,BR043,Savings,2019-12-22,7291.03,Dormant
ACC03779,CUST03496,BR056,Salary,2024-05-19,3124.68,Closed
ACC03780,CUST06934,BR004,Fixed Deposit,2020-01-18,56860.61,Active
ACC03781,CUST04187,BR027,Salary,2019-12-13,12025.39,Closed
ACC03782,CUST02038,BR048,Savings,2022-02-20,16415.37,Dormant
ACC03783,CUST06009,BR022,Salary,2022-11-17,6439.43,Active
ACC03784,CUST05686,BR033,Savings,2021-07-16,7669.37,Closed
ACC03785,CUST04402,BR028,Savings,2021-01-29,33454.21,Active
ACC03786,CUST07440,BR011,Fixed Deposit,2024-05-27,43030.69,Active
ACC03787,CUST05486,BR023,Fixed Deposit,2019-07-17,72389.39,Dormant
ACC03788,CUST07768,BR022,Savings,2025-03-14,9929.61,Active
ACC03789,CUST02187,BR031,Salary,2025-08-20,15164.98,Dormant
ACC03790,CUST00529,BR011,Salary,2021-12-29,33266.12,Active
ACC03791,CUST04563,BR056,Savings,2025-05-11,37329.87,Dormant
ACC03792,CUST00423,BR024,Salary,2021-08-24,10009.7,Active
ACC03793,CUST03447,BR050,Savings,2023-04-26,27763.54,Dormant
ACC03794,CUST03806,BR039,Savings,2023-08-25,17736.88,Closed
ACC03795,CUST07598,BR045,Savings,2020-03-09,22183.24,Closed
ACC03796,CUST00817,BR046,Savings,2023-04-04,16431.41,Active
ACC03797,CUST01110,BR011,Savings,2024-02-02,18998.18,Closed
ACC03798,CUST00646,BR007,Salary,2025-06-15,15497.99,Dormant
ACC03799,CUST01059,BR027,Salary,2022-11-26,6665.16,Active
ACC03800,CUST01647,BR002,Savings,2023-12-08,8828.22,Dormant
ACC03801,CUST06317,BR015,Current,2022-08-15,9058.49,Dormant
ACC03802,CUST02104,BR031,Salary,2022-12-25,4358.18,Dormant
ACC03803,CUST04231,BR043,Savings,2022-09-05,7364.64,Dormant
ACC03804,CUST01289,BR030,Current,2024-06-07,42593.74,Active
ACC03805,CUST07212,BR036,Salary,2022-07-07,7151.3,Active
ACC03806,CUST03530,BR035,Current,2024-06-16,60694.87,Active
ACC03807,CUST00131,BR005,Salary,2022-01-24,13688.34,Closed
ACC03808,CUST02300,BR023,Savings,2024-10-15,3745.63,Closed
ACC03809,CUST00296,BR015,Savings,2023-11-29,39714.75,Closed
ACC03810,CUST03477,BR008,Savings,2023-09-03,45693.84,Dormant
ACC03811,CUST07198,BR004,Savings,2024-07-09,9004.89,Active
ACC03812,CUST02546,BR012,Savings,2021-01-08,32150.15,Dormant
ACC03813,CUST07662,BR013,Fixed Deposit,2023-05-22,35814.25,Active
ACC03814,CUST08006,BR043,Savings,2023-12-29,24050.31,Active
ACC03815,CUST00997,BR017,Fixed Deposit,2019-07-31,28037.58,Closed
ACC03816,CUST06727,BR050,Fixed Deposit,2020-12-12,20417.26,Active
ACC03817,CUST07985,BR026,Savings,2025-03-17,15606.84,Active
ACC03818,CUST03506,BR039,Savings,2021-10-22,19705.32,Closed
ACC03819,CUST05112,BR044,Savings,2020-02-12,15399.47,Closed
ACC03820,CUST02007,BR049,Savings,2025-04-18,7588.37,Closed
ACC03821,CUST06107,BR032,Current,2021-10-22,24345.47,Closed
ACC03822,CUST00376,BR049,Current,2019-05-11,47538.48,Active
ACC03823,CUST02445,BR016,Savings,2019-01-25,21154.25,Dormant
ACC03824,CUST00299,BR045,Salary,2025-06-15,15180.25,Active
ACC03825,CUST00815,BR016,Salary,2019-07-14,8357.54,Closed
ACC03826,CUST07285,BR035,Fixed Deposit,2025-03-26,120937.69,Active
ACC03827,CUST01902,BR031,Fixed Deposit,2024-03-26,29563.51,Closed
ACC03828,CUST05261,BR055,Savings,2022-02-24,34159.78,Closed
ACC03829,CUST06521,BR057,Savings,2024-01-12,63812.35,Dormant
ACC03830,CUST01497,BR009,Current,2023-08-23,58741.87,Dormant
ACC03831,CUST02071,BR036,Savings,2020-04-08,18356.3,Active
ACC03832,CUST00875,BR001,Salary,2019-09-17,9229.79,Closed
ACC03833,CUST06151,BR008,Salary,2021-04-11,27591.45,Dormant
ACC03834,CUST07830,BR003,Savings,2019-09-16,6120.03,Dormant
ACC03835,CUST07717,BR012,Savings,2023-06-15,9199.35,Active
ACC03836,CUST01409,BR060,Savings,2025-05-10,15401.16,Active
ACC03837,CUST07295,BR060,Savings,2024-04-24,67096.58,Dormant
ACC03838,CUST02988,BR044,Savings,2022-08-27,31001.5,Closed
ACC03839,CUST02811,BR057,Current,2024-07-23,13793.52,Closed
ACC03840,CUST06340,BR029,Current,2025-07-11,26627.3,Closed
ACC03841,CUST03570,BR016,Savings,2021-08-19,12671.48,Closed
ACC03842,CUST06883,BR028,Savings,2022-05-16,11628.22,Active
ACC03843,CUST04679,BR030,Current,2021-12-04,96653.68,Closed
ACC03844,CUST01275,BR010,Savings,2020-01-03,6408.82,Closed
ACC03845,CUST03633,BR023,Savings,2025-09-13,93704.62,Closed
ACC03846,CUST06535,BR028,Salary,2024-03-25,23855.28,Dormant
ACC03847,CUST01799,BR027,Fixed Deposit,2020-07-21,115210.6,Active
ACC03848,CUST06158,BR001,Savings,2024-06-09,14521.05,Active
ACC03849,CUST06120,BR022,Current,2019-09-16,31258.9,Active
ACC03850,CUST03612,BR052,Current,2019-09-05,8663.28,Active
ACC03851,CUST02404,BR032,Salary,2023-08-03,9253.31,Dormant
ACC03852,CUST06930,BR055,Current,2019-01-23,59495.43,Closed
ACC03853,CUST03844,BR056,Current,2019-05-29,132728.78,Active
ACC03854,CUST06371,BR005,Savings,2021-11-28,8131.97,Dormant
ACC03855,CUST06966,BR021,Salary,2019-11-25,10343.83,Closed
ACC03856,CUST02234,BR048,Current,2020-07-28,31216.46,Active
ACC03857,CUST06561,BR018,Current,2025-10-20,8993.08,Closed
ACC03858,CUST01838,BR008,Savings,2022-09-27,37504.43,Closed
ACC03859,CUST05691,BR029,Savings,2021-02-10,11480.54,Active
ACC03860,CUST03672,BR004,Fixed Deposit,2024-07-21,53250.68,Closed
ACC03861,CUST01615,BR025,Savings,2023-10-09,14665.39,Active
ACC03862,CUST05577,BR026,Current,2024-10-30,16492.51,Closed
ACC03863,CUST06114,BR030,Current,2020-05-30,36060.56,Closed
ACC03864,CUST03129,BR016,Salary,2024-12-28,11488.17,Active
ACC03865,CUST02637,BR050,Salary,2021-06-26,10297.94,Closed
ACC03866,CUST05084,BR051,Salary,2019-03-18,8023.07,Dormant
ACC03867,CUST02178,BR015,Savings,2023-12-28,29365.39,Closed
ACC03868,CUST07542,BR001,Savings,2021-12-19,97563.19,Closed
ACC03869,CUST01172,BR011,Salary,2021-10-31,14734.12,Active
ACC03870,CUST07045,BR059,Current,2023-11-21,98333.32,Dormant
ACC03871,CUST05848,BR027,Savings,2023-07-17,6303.12,Dormant
ACC03872,CUST00368,BR025,Savings,2020-10-18,25386.82,Dormant
ACC03873,CUST04317,BR036,Salary,2023-10-08,6197.13,Dormant
ACC03874,CUST01649,BR034,Savings,2021-04-15,5829.97,Active
ACC03875,CUST00852,BR013,Salary,2024-04-15,7962.04,Dormant
ACC03876,CUST04352,BR045,Savings,2019-07-15,64389.73,Dormant
ACC03877,CUST03708,BR025,Savings,2022-12-12,51793.21,Closed
ACC03878,CUST01973,BR008,Savings,2020-01-14,27411.13,Active
ACC03879,CUST04820,BR032,Savings,2022-10-07,5544.54,Active
ACC03880,CUST04733,BR028,Fixed Deposit,2024-11-20,53222.24,Closed
ACC03881,CUST05050,BR042,Savings,2025-02-28,28898.07,Closed
ACC03882,CUST06520,BR045,Current,2023-07-30,43283.91,Active
ACC03883,CUST07167,BR046,Savings,2021-04-18,4190.54,Closed
ACC03884,CUST02929,BR021,Savings,2022-03-20,9884.41,Active
ACC03885,CUST02661,BR018,Salary,2019-11-19,12773.72,Dormant
ACC03886,CUST06768,BR043,Savings,2023-01-12,35691.28,Closed
ACC03887,CUST04533,BR004,Salary,2024-09-27,2871.85,Active
ACC03888,CUST06208,BR032,Salary,2024-08-30,11926.44,Dormant
ACC03889,CUST04893,BR032,Savings,2020-09-03,25052.88,Closed
ACC03890,CUST04371,BR030,Salary,2023-11-05,24215.02,Active
ACC03891,CUST02982,BR007,Salary,2019-01-08,21698.54,Closed
ACC03892,CUST01643,BR023,Fixed Deposit,2022-12-31,84926.61,Closed
ACC03893,CUST07708,BR016,Fixed Deposit,2025-11-18,37050.45,Closed
ACC03894,CUST02683,BR009,Savings,2019-09-08,3955.25,Active
ACC03895,CUST00215,BR059,Salary,2025-05-10,10146.29,Dormant
ACC03896,CUST01585,BR006,Savings,2019-05-10,54255.99,Closed
ACC03897,CUST04355,BR047,Current,2021-09-22,146305.84,Active
ACC03898,CUST05973,BR005,Fixed Deposit,2023-05-17,91704.75,Dormant
ACC03899,CUST05076,BR015,Fixed Deposit,2021-06-12,77466.78,Dormant
ACC03900,CUST00414,BR006,Savings,2021-05-08,30997.93,Closed
ACC03901,CUST00344,BR001,Savings,2025-09-12,13352.96,Dormant
ACC03902,CUST04103,BR049,Current,2021-03-27,31886.55,Active
ACC03903,CUST01022,BR039,Savings,2022-05-11,98929.48,Closed
ACC03904,CUST02275,BR056,Savings,2025-04-06,9430.44,Closed
ACC03905,CUST01284,BR016,Savings,2020-12-05,94211.82,Active
ACC03906,CUST01417,BR019,Savings,2022-11-28,16484.48,Closed
ACC03907,CUST02671,BR045,Savings,2020-01-18,72612.25,Dormant
ACC03908,CUST07259,BR041,Savings,2024-10-02,6209.69,Dormant
ACC03909,CUST02327,BR036,Salary,2022-12-24,20133.35,Closed
ACC03910,CUST04282,BR029,Salary,2019-12-31,7976.55,Closed
ACC03911,CUST07959,BR059,Savings,2025-10-29,6162.63,Active
ACC03912,CUST01034,BR008,Fixed Deposit,2024-11-09,68262.81,Dormant
ACC03913,CUST04446,BR026,Salary,2019-10-14,27082.15,Closed
ACC03914,CUST07238,BR042,Savings,2025-02-02,10296.43,Active
ACC03915,CUST04628,BR020,Salary,2024-08-08,4678.29,Dormant
ACC03916,CUST01192,BR048,Savings,2020-02-14,20278.97,Active
ACC03917,CUST04760,BR044,Fixed Deposit,2019-02-02,56814.04,Dormant
ACC03918,CUST01295,BR019,Savings,2020-12-17,36079.77,Dormant
ACC03919,CUST02333,BR025,Savings,2024-12-06,51773.57,Active
ACC03920,CUST03474,BR053,Savings,2021-08-16,20879.57,Active
ACC03921,CUST05233,BR031,Savings,2025-10-23,117002.78,Active
ACC03922,CUST00274,BR038,Savings,2020-12-13,26951.96,Closed
ACC03923,CUST04911,BR047,Salary,2021-07-15,10482.91,Closed
ACC03924,CUST00385,BR017,Savings,2022-02-25,5164.63,Active
ACC03925,CUST03200,BR015,Savings,2022-02-23,17389.23,Dormant
ACC03926,CUST06657,BR026,Savings,2019-03-22,16272.82,Active
ACC03927,CUST05906,BR040,Savings,2022-04-06,52275.04,Dormant
ACC03928,CUST00611,BR056,Current,2019-11-02,57669.49,Dormant
ACC03929,CUST04601,BR045,Savings,2019-06-09,7620.28,Closed
ACC03930,CUST05097,BR027,Salary,2024-03-22,15071.76,Dormant
ACC03931,CUST03205,BR016,Savings,2025-06-14,40310.94,Dormant
ACC03932,CUST02813,BR050,Savings,2021-03-27,87136.25,Closed
ACC03933,CUST03510,BR009,Fixed Deposit,2025-10-24,101976.98,Active
ACC03934,CUST01561,BR027,Savings,2023-05-11,43685.08,Dormant
ACC03935,CUST02201,BR015,Savings,2021-11-04,23250.39,Active
ACC03936,CUST07851,BR042,Savings,2021-07-11,31240.82,Active
ACC03937,CUST05281,BR050,Current,2021-01-14,126690.82,Active
ACC03938,CUST03920,BR041,Fixed Deposit,2023-09-04,26912.16,Active
ACC03939,CUST02207,BR021,Fixed Deposit,2023-05-15,48549.37,Active
ACC03940,CUST06872,BR060,Savings,2023-02-26,10989.42,Closed
ACC03941,CUST05808,BR057,Current,2022-09-24,53058.65,Active
ACC03942,CUST05758,BR054,Current,2020-11-17,124271.28,Dormant
ACC03943,CUST05760,BR030,Savings,2024-11-26,12870.89,Active
ACC03944,CUST03971,BR028,Savings,2019-07-10,2562.47,Closed
ACC03945,CUST06164,BR027,Fixed Deposit,2022-06-08,46754.58,Dormant
ACC03946,CUST05816,BR047,Salary,2025-06-05,25322.07,Active
ACC03947,CUST05217,BR057,Current,2021-12-28,62170.13,Dormant
ACC03948,CUST04720,BR022,Salary,2019-10-11,18028.88,Dormant
ACC03949,CUST03532,BR020,Savings,2022-05-03,17120.06,Closed
ACC03950,CUST01971,BR012,Savings,2025-03-15,6966.53,Dormant
ACC03951,CUST04353,BR058,Fixed Deposit,2024-04-26,81566.72,Dormant
ACC03952,CUST00609,BR001,Salary,2022-07-18,7450.25,Closed
ACC03953,CUST02050,BR054,Savings,2020-08-04,157264.92,Dormant
ACC03954,CUST07623,BR003,Salary,2025-09-11,19917.52,Active
ACC03955,CUST07197,BR036,Savings,2020-04-02,13061.4,Active
ACC03956,CUST00735,BR048,Current,2020-10-01,19704.75,Closed
ACC03957,CUST02827,BR033,Fixed Deposit,2020-09-15,56626.56,Active
ACC03958,CUST04257,BR011,Savings,2023-07-07,17755.46,Dormant
ACC03959,CUST03171,BR060,Savings,2020-06-15,60183.31,Closed
ACC03960,CUST07376,BR034,Current,2021-03-14,43757.41,Dormant
ACC03961,CUST04240,BR024,Savings,2023-08-09,11401.86,Active
ACC03962,CUST05938,BR006,Savings,2024-11-12,120740.23,Active
ACC03963,CUST02098,BR016,Current,2025-11-03,38151.04,Closed
ACC03964,CUST07528,BR036,Current,2019-12-08,78342.04,Closed
ACC03965,CUST04186,BR028,Fixed Deposit,2023-09-07,41567.09,Dormant
ACC03966,CUST02736,BR053,Savings,2022-05-12,30540.35,Dormant
ACC03967,CUST02211,BR041,Current,2019-07-30,49568.46,Dormant
ACC03968,CUST04074,BR012,Fixed Deposit,2024-03-27,19268.18,Closed
ACC03969,CUST04198,BR004,Fixed Deposit,2021-02-06,200619.44,Closed
ACC03970,CUST07794,BR011,Current,2021-07-09,132011.52,Closed
ACC03971,CUST04363,BR003,Current,2025-11-12,24411.38,Closed
ACC03972,CUST07888,BR048,Savings,2025-06-25,8167.82,Dormant
ACC03973,CUST01848,BR031,Savings,2024-01-04,30115.81,Closed
ACC03974,CUST07502,BR025,Current,2019-04-15,39604.49,Dormant
ACC03975,CUST07293,BR050,Salary,2019-10-22,17136.54,Active
ACC03976,CUST05828,BR024,Savings,2021-06-07,26171.33,Dormant
ACC03977,CUST04510,BR055,Savings,2024-10-01,34738.95,Dormant
ACC03978,CUST00334,BR004,Fixed Deposit,2022-05-10,142683.39,Active
ACC03979,CUST02948,BR005,Savings,2023-11-18,36727.93,Closed
ACC03980,CUST04250,BR040,Savings,2022-12-04,8563.89,Dormant
ACC03981,CUST00144,BR032,Savings,2025-01-19,75079.78,Dormant
ACC03982,CUST01862,BR038,Current,2023-02-23,187327.66,Closed
ACC03983,CUST06245,BR043,Savings,2025-10-19,375814.54,Active
ACC03984,CUST04364,BR006,Savings,2024-12-04,8013.28,Closed
ACC03985,CUST01754,BR022,Fixed Deposit,2020-11-24,69267.37,Dormant
ACC03986,CUST06299,BR023,Savings,2024-12-10,3381.62,Dormant
ACC03987,CUST04688,BR059,Fixed Deposit,2022-08-07,83440.53,Closed
ACC03988,CUST03674,BR015,Savings,2024-01-08,13448.46,Closed
ACC03989,CUST03621,BR032,Fixed Deposit,2020-03-26,189864.79,Active
ACC03990,CUST04360,BR048,Current,2021-09-29,16737.13,Active
ACC03991,CUST03043,BR029,Savings,2022-01-10,4816.17,Active
ACC03992,CUST00163,BR001,Savings,2023-08-19,14412.67,Closed
ACC03993,CUST04962,BR025,Fixed Deposit,2019-11-12,18300.93,Closed
ACC03994,CUST06569,BR047,Savings,2020-12-21,43303.53,Active
ACC03995,CUST04354,BR058,Savings,2023-01-21,3433.81,Active
ACC03996,CUST02123,BR009,Current,2021-05-19,37363.8,Active
ACC03997,CUST04958,BR018,Fixed Deposit,2020-10-15,17211.15,Closed
ACC03998,CUST05078,BR010,Savings,2022-06-10,16510.17,Active
ACC03999,CUST03487,BR019,Savings,2021-08-15,96668.25,Closed
ACC04000,CUST02505,BR024,Savings,2022-05-09,30472.6,Dormant
ACC04001,CUST05935,BR039,Salary,2021-12-08,7299.45,Active
ACC04002,CUST04941,BR030,Savings,2024-01-01,21416.5,Active
ACC04003,CUST04396,BR035,Salary,2021-01-08,13529.28,Closed
ACC04004,CUST03039,BR014,Savings,2020-07-22,33703.85,Active
ACC04005,CUST06272,BR051,Salary,2020-02-24,5131.74,Closed
ACC04006,CUST02850,BR008,Savings,2022-09-12,37545.57,Dormant
ACC04007,CUST06621,BR052,Fixed Deposit,2024-12-15,11817.83,Dormant
ACC04008,CUST04436,BR043,Current,2019-06-22,19343.57,Closed
ACC04009,CUST03643,BR020,Salary,2023-04-28,9492.04,Dormant
ACC04010,CUST02157,BR004,Salary,2019-02-08,20812.91,Closed
ACC04011,CUST03113,BR007,Fixed Deposit,2021-06-05,60692.69,Dormant
ACC04012,CUST06906,BR050,Savings,2021-10-11,6216.69,Active
ACC04013,CUST07714,BR002,Savings,2021-08-23,9077.07,Active
ACC04014,CUST05239,BR056,Savings,2020-05-13,26339.16,Dormant
ACC04015,CUST00126,BR034,Fixed Deposit,2022-04-24,57100.01,Closed
ACC04016,CUST05304,BR056,Savings,2020-01-03,13079.33,Closed
ACC04017,CUST00807,BR020,Savings,2021-06-10,14289.06,Dormant
ACC04018,CUST02745,BR052,Salary,2022-11-11,21748.88,Dormant
ACC04019,CUST04127,BR034,Savings,2019-12-23,13822.83,Dormant
ACC04020,CUST02844,BR053,Salary,2024-02-15,12560.8,Dormant
ACC04021,CUST03925,BR016,Savings,2025-04-15,155273.43,Dormant
ACC04022,CUST04333,BR042,Current,2024-08-04,8745.7,Dormant
ACC04023,CUST03927,BR050,Savings,2021-07-12,4160.3,Dormant
ACC04024,CUST07249,BR054,Savings,2024-02-25,44588.48,Closed
ACC04025,CUST04537,BR029,Savings,2019-12-04,11958.78,Active
ACC04026,CUST04703,BR029,Salary,2024-01-12,10691.81,Dormant
ACC04027,CUST02042,BR004,Fixed Deposit,2022-04-16,37470.39,Dormant
ACC04028,CUST01640,BR030,Salary,2024-08-02,11138.24,Dormant
ACC04029,CUST07430,BR056,Fixed Deposit,2024-07-30,156235.98,Active
ACC04030,CUST01741,BR005,Savings,2021-06-08,45338.67,Closed
ACC04031,CUST03373,BR037,Savings,2023-08-08,47858.36,Active
ACC04032,CUST04649,BR043,Savings,2020-11-24,6157.31,Closed
ACC04033,CUST05412,BR059,Savings,2025-10-07,7816.26,Closed
ACC04034,CUST01901,BR003,Savings,2023-02-27,1710.99,Active
ACC04035,CUST02141,BR029,Savings,2019-09-02,10631.29,Closed
ACC04036,CUST05236,BR029,Savings,2020-05-18,52105.87,Dormant
ACC04037,CUST06979,BR008,Savings,2022-08-22,35075.28,Active
ACC04038,CUST00800,BR044,Salary,2020-02-08,11440.79,Closed
ACC04039,CUST02729,BR039,Savings,2025-11-14,21588.8,Active
ACC04040,CUST00589,BR056,Savings,2024-05-31,11849.05,Closed
ACC04041,CUST00598,BR039,Salary,2022-08-02,15418.62,Active
ACC04042,CUST03289,BR018,Savings,2024-01-06,43883.36,Closed
ACC04043,CUST02674,BR056,Salary,2025-06-02,4310.8,Dormant
ACC04044,CUST05959,BR017,Fixed Deposit,2025-11-13,71667.21,Dormant
ACC04045,CUST06200,BR054,Savings,2019-12-08,50980.14,Closed
ACC04046,CUST06276,BR046,Fixed Deposit,2024-10-07,46673.87,Closed
ACC04047,CUST06911,BR045,Salary,2024-06-22,21818.0,Dormant
ACC04048,CUST04532,BR050,Savings,2022-06-24,277392.57,Active
ACC04049,CUST00363,BR033,Salary,2022-05-05,12418.72,Closed
ACC04050,CUST06673,BR047,Salary,2020-05-03,17594.03,Active
ACC04051,CUST07640,BR052,Current,2022-09-29,17360.33,Active
ACC04052,CUST07391,BR039,Savings,2024-07-02,25929.23,Dormant
ACC04053,CUST01008,BR033,Savings,2024-04-28,33331.04,Active
ACC04054,CUST00037,BR034,Savings,2023-05-02,26248.34,Active
ACC04055,CUST03101,BR012,Savings,2021-01-07,8797.95,Dormant
ACC04056,CUST00709,BR023,Savings,2022-03-06,26521.89,Closed
ACC04057,CUST00338,BR006,Savings,2025-10-19,82123.24,Closed
ACC04058,CUST05534,BR030,Savings,2023-11-09,32983.81,Dormant
ACC04059,CUST00634,BR009,Savings,2022-01-05,52354.25,Active
ACC04060,CUST04258,BR038,Fixed Deposit,2019-03-16,51937.32,Closed
ACC04061,CUST07177,BR008,Current,2023-06-22,76872.25,Dormant
ACC04062,CUST04527,BR031,Current,2024-04-23,48014.96,Active
ACC04063,CUST07226,BR039,Savings,2025-04-18,9359.81,Dormant
ACC04064,CUST02575,BR007,Savings,2021-05-02,29338.88,Closed
ACC04065,CUST05283,BR023,Fixed Deposit,2020-07-23,33023.74,Dormant
ACC04066,CUST01180,BR044,Savings,2022-04-17,12461.61,Closed
ACC04067,CUST03712,BR001,Fixed Deposit,2022-02-23,67077.03,Dormant
ACC04068,CUST02695,BR029,Savings,2024-02-16,28782.41,Active
ACC04069,CUST07084,BR055,Salary,2023-12-12,5811.17,Dormant
ACC04070,CUST05199,BR059,Current,2023-01-15,104191.49,Dormant
ACC04071,CUST06234,BR035,Current,2020-12-31,64344.47,Closed
ACC04072,CUST05534,BR015,Savings,2019-01-19,11681.3,Closed
ACC04073,CUST06522,BR058,Current,2025-03-25,7804.18,Active
ACC04074,CUST05029,BR012,Savings,2021-02-15,19333.33,Closed
ACC04075,CUST01385,BR038,Savings,2023-03-14,14744.87,Dormant
ACC04076,CUST06198,BR045,Salary,2020-11-29,14460.82,Dormant
ACC04077,CUST04119,BR032,Fixed Deposit,2024-11-09,48152.58,Dormant
ACC04078,CUST00122,BR058,Salary,2020-06-30,3277.32,Active
ACC04079,CUST01153,BR057,Current,2021-12-21,24628.34,Dormant
ACC04080,CUST06573,BR027,Salary,2022-06-29,10786.67,Active
ACC04081,CUST06021,BR028,Salary,2023-04-07,20817.78,Dormant
ACC04082,CUST05078,BR042,Current,2022-10-16,18066.24,Closed
ACC04083,CUST02557,BR033,Savings,2019-05-01,99788.4,Dormant
ACC04084,CUST02250,BR006,Savings,2025-08-02,3942.32,Active
ACC04085,CUST05656,BR019,Current,2021-11-29,134748.79,Closed
ACC04086,CUST06239,BR009,Savings,2024-09-19,17999.75,Closed
ACC04087,CUST03864,BR017,Savings,2021-11-19,47744.85,Dormant
ACC04088,CUST03283,BR059,Savings,2023-10-07,23666.63,Active
ACC04089,CUST00589,BR058,Salary,2023-12-08,29663.98,Active
ACC04090,CUST06657,BR047,Savings,2023-05-20,15543.13,Active
ACC04091,CUST07475,BR036,Savings,2024-10-19,8194.69,Closed
ACC04092,CUST01042,BR005,Savings,2020-09-24,79098.87,Closed
ACC04093,CUST06423,BR047,Fixed Deposit,2022-02-12,55933.1,Active
ACC04094,CUST07951,BR059,Savings,2023-07-20,26887.12,Dormant
ACC04095,CUST01623,BR033,Fixed Deposit,2023-10-24,125599.2,Closed
ACC04096,CUST05851,BR001,Savings,2019-09-30,8701.41,Active
ACC04097,CUST07817,BR025,Savings,2024-03-01,37644.49,Closed
ACC04098,CUST07380,BR022,Savings,2023-10-15,12953.16,Closed
ACC04099,CUST01208,BR014,Savings,2025-04-07,19556.2,Active
ACC04100,CUST05992,BR049,Savings,2020-08-29,23506.94,Dormant
ACC04101,CUST07000,BR027,Salary,2023-03-17,4674.35,Dormant
ACC04102,CUST07764,BR032,Salary,2021-03-05,7745.09,Dormant
ACC04103,CUST04716,BR056,Savings,2025-08-20,74307.38,Active
ACC04104,CUST06452,BR001,Current,2024-08-24,88096.77,Dormant
ACC04105,CUST05811,BR042,Savings,2022-02-14,20819.06,Closed
ACC04106,CUST03059,BR008,Savings,2025-10-30,27414.05,Dormant
ACC04107,CUST04869,BR053,Salary,2020-02-26,10872.92,Active
ACC04108,CUST06959,BR009,Savings,2019-09-21,74676.82,Active
ACC04109,CUST02336,BR037,Savings,2021-03-09,18392.21,Closed
ACC04110,CUST01358,BR038,Current,2021-02-07,45790.97,Active
ACC04111,CUST02737,BR014,Savings,2022-06-30,61785.69,Dormant
ACC04112,CUST01823,BR054,Savings,2019-02-05,10942.02,Dormant
ACC04113,CUST00581,BR058,Savings,2024-08-28,89582.05,Closed
ACC04114,CUST02708,BR050,Current,2021-01-14,7859.97,Dormant
ACC04115,CUST03945,BR034,Salary,2021-06-21,41804.09,Dormant
ACC04116,CUST00505,BR054,Savings,2023-08-04,15749.94,Dormant
ACC04117,CUST02882,BR004,Savings,2023-11-15,17704.45,Closed
ACC04118,CUST06043,BR016,Savings,2024-12-11,4019.81,Active
ACC04119,CUST01881,BR011,Savings,2025-01-05,14627.88,Active
ACC04120,CUST04492,BR025,Savings,2019-12-03,8640.14,Dormant
ACC04121,CUST01300,BR041,Savings,2023-12-22,12747.85,Dormant
ACC04122,CUST03379,BR030,Savings,2023-05-17,19465.91,Active
ACC04123,CUST06629,BR045,Salary,2019-06-07,26119.94,Active
ACC04124,CUST02756,BR027,Current,2019-09-10,44694.39,Closed
ACC04125,CUST02163,BR018,Salary,2025-11-12,16570.41,Dormant
ACC04126,CUST04455,BR038,Savings,2022-11-26,8217.59,Active
ACC04127,CUST00410,BR017,Fixed Deposit,2024-05-03,35296.8,Closed
ACC04128,CUST03384,BR056,Savings,2020-06-30,111174.08,Dormant
ACC04129,CUST03676,BR034,Fixed Deposit,2025-11-29,38517.94,Dormant
ACC04130,CUST03334,BR008,Current,2025-03-28,190271.69,Active
ACC04131,CUST04662,BR026,Current,2025-04-02,28479.47,Active
ACC04132,CUST07826,BR037,Salary,2020-07-30,13381.14,Closed
ACC04133,CUST00548,BR001,Savings,2020-03-15,57718.25,Dormant
ACC04134,CUST05181,BR026,Current,2020-09-22,129559.1,Active
ACC04135,CUST07883,BR023,Savings,2022-08-08,19935.73,Closed
ACC04136,CUST04486,BR025,Current,2020-10-04,24630.9,Active
ACC04137,CUST07507,BR028,Savings,2024-04-21,20945.34,Active
ACC04138,CUST07556,BR018,Current,2019-11-29,50917.27,Closed
ACC04139,CUST01916,BR026,Savings,2024-07-10,49127.45,Dormant
ACC04140,CUST03544,BR012,Fixed Deposit,2023-05-07,60026.29,Active
ACC04141,CUST00788,BR059,Savings,2023-01-12,38445.53,Dormant
ACC04142,CUST07900,BR052,Current,2020-05-23,186905.75,Dormant
ACC04143,CUST00132,BR047,Salary,2024-05-26,17446.89,Active
ACC04144,CUST00565,BR017,Savings,2023-08-05,29158.09,Dormant
ACC04145,CUST04572,BR059,Savings,2023-06-06,5613.78,Closed
ACC04146,CUST02616,BR054,Salary,2022-09-08,2118.55,Dormant
ACC04147,CUST02605,BR059,Savings,2023-11-26,31242.61,Dormant
ACC04148,CUST03246,BR017,Current,2022-09-04,33030.14,Dormant
ACC04149,CUST03749,BR001,Salary,2025-08-31,9317.52,Closed
ACC04150,CUST00572,BR040,Savings,2024-02-21,27424.09,Closed
ACC04151,CUST04595,BR049,Savings,2019-11-13,20861.0,Dormant
ACC04152,CUST02177,BR060,Current,2021-05-07,112171.05,Closed
ACC04153,CUST04526,BR046,Savings,2024-11-22,23801.4,Closed
ACC04154,CUST00251,BR017,Salary,2019-02-21,7920.06,Closed
ACC04155,CUST02706,BR026,Salary,2025-04-25,26718.63,Dormant
ACC04156,CUST06606,BR017,Salary,2021-06-27,11475.94,Active
ACC04157,CUST05349,BR011,Salary,2024-07-14,19313.81,Closed
ACC04158,CUST04287,BR017,Salary,2022-10-27,9564.49,Active
ACC04159,CUST05336,BR026,Savings,2020-01-23,12272.99,Dormant
ACC04160,CUST06855,BR024,Current,2021-02-08,39504.44,Active
ACC04161,CUST05409,BR014,Savings,2022-01-30,22282.25,Active
ACC04162,CUST05694,BR043,Current,2023-06-12,58678.4,Closed
ACC04163,CUST01517,BR007,Current,2024-07-10,27760.08,Dormant
ACC04164,CUST02153,BR004,Savings,2021-08-02,4218.67,Active
ACC04165,CUST03831,BR045,Savings,2023-03-13,14920.68,Active
ACC04166,CUST02326,BR047,Salary,2020-01-25,23287.52,Dormant
ACC04167,CUST02695,BR019,Savings,2019-09-20,16854.31,Dormant
ACC04168,CUST07913,BR034,Current,2023-07-03,28385.01,Closed
ACC04169,CUST02916,BR023,Savings,2025-01-10,53516.16,Dormant
ACC04170,CUST01462,BR003,Savings,2023-11-11,11605.38,Closed
ACC04171,CUST06475,BR018,Savings,2019-10-25,5494.36,Dormant
ACC04172,CUST00246,BR001,Current,2020-01-20,30926.51,Closed
ACC04173,CUST06455,BR034,Salary,2022-01-27,9519.32,Dormant
ACC04174,CUST05761,BR050,Salary,2024-01-19,6792.86,Closed
ACC04175,CUST03250,BR011,Savings,2019-04-09,18810.29,Closed
ACC04176,CUST00894,BR053,Current,2021-09-04,59367.7,Dormant
ACC04177,CUST00307,BR011,Savings,2023-08-04,21843.1,Active
ACC04178,CUST07355,BR036,Savings,2023-10-20,29035.75,Active
ACC04179,CUST07641,BR017,Salary,2019-01-16,47542.79,Closed
ACC04180,CUST06359,BR055,Salary,2025-09-22,10508.97,Closed
ACC04181,CUST07853,BR059,Salary,2022-12-04,16233.69,Dormant
ACC04182,CUST07208,BR053,Savings,2020-04-23,13928.72,Closed
ACC04183,CUST03072,BR007,Savings,2024-08-16,10283.3,Closed
ACC04184,CUST06662,BR027,Savings,2022-06-15,13011.43,Active
ACC04185,CUST05233,BR029,Savings,2020-01-05,14315.77,Closed
ACC04186,CUST06565,BR021,Savings,2022-04-24,30440.47,Active
ACC04187,CUST07862,BR002,Savings,2025-02-24,182438.46,Active
ACC04188,CUST07791,BR025,Salary,2020-08-04,8093.12,Closed
ACC04189,CUST02966,BR029,Savings,2023-09-30,15139.12,Closed
ACC04190,CUST00294,BR029,Current,2020-11-30,34094.01,Active
ACC04191,CUST04671,BR048,Savings,2024-12-11,31452.03,Closed
ACC04192,CUST00389,BR041,Fixed Deposit,2021-11-15,70131.72,Closed
ACC04193,CUST03925,BR014,Savings,2022-07-14,69960.51,Dormant
ACC04194,CUST00551,BR030,Current,2024-11-14,3208.66,Dormant
ACC04195,CUST03727,BR022,Salary,2025-08-10,2512.79,Dormant
ACC04196,CUST03297,BR013,Savings,2019-09-18,14096.89,Dormant
ACC04197,CUST01470,BR001,Salary,2021-02-02,28799.41,Dormant
ACC04198,CUST07081,BR057,Savings,2020-06-22,5382.55,Closed
ACC04199,CUST04542,BR009,Savings,2023-09-14,1470.17,Closed
ACC04200,CUST07128,BR011,Savings,2023-06-04,36829.76,Dormant
ACC04201,CUST05990,BR042,Salary,2023-12-28,15844.22,Closed
ACC04202,CUST07732,BR025,Salary,2022-02-01,6228.27,Active
ACC04203,CUST06719,BR001,Salary,2019-07-23,6701.74,Active
ACC04204,CUST01098,BR033,Savings,2021-12-20,9202.5,Dormant
ACC04205,CUST07647,BR040,Fixed Deposit,2019-09-11,63979.7,Closed
ACC04206,CUST03986,BR041,Savings,2019-09-30,12535.45,Active
ACC04207,CUST04171,BR014,Current,2019-03-24,59519.78,Closed
ACC04208,CUST04368,BR040,Salary,2022-10-19,1811.23,Active
ACC04209,CUST04060,BR032,Current,2025-06-18,15415.8,Closed
ACC04210,CUST04371,BR021,Fixed Deposit,2025-11-04,30466.03,Dormant
ACC04211,CUST02940,BR010,Savings,2022-06-24,17488.41,Dormant
ACC04212,CUST02363,BR059,Savings,2022-01-27,13571.9,Closed
ACC04213,CUST06831,BR055,Current,2024-04-02,80647.56,Dormant
ACC04214,CUST04433,BR039,Savings,2025-08-11,4132.33,Closed
ACC04215,CUST07212,BR004,Savings,2021-06-19,22947.0,Closed
ACC04216,CUST04308,BR020,Current,2025-06-26,63470.88,Dormant
ACC04217,CUST07137,BR001,Savings,2020-02-10,117123.32,Dormant
ACC04218,CUST05717,BR042,Current,2023-05-08,22431.78,Closed
ACC04219,CUST06609,BR014,Current,2022-01-01,50234.56,Active
ACC04220,CUST04807,BR033,Current,2020-12-17,5979.77,Active
ACC04221,CUST07268,BR039,Current,2025-06-22,3321.07,Closed
ACC04222,CUST02025,BR028,Salary,2025-08-18,24133.16,Dormant
ACC04223,CUST02588,BR011,Savings,2023-09-21,21916.51,Active
ACC04224,CUST03334,BR046,Savings,2021-03-27,63618.62,Dormant
ACC04225,CUST07043,BR045,Savings,2019-10-30,6399.26,Dormant
ACC04226,CUST07797,BR030,Current,2025-01-02,61077.7,Closed
ACC04227,CUST04671,BR015,Savings,2019-07-08,118413.27,Active
ACC04228,CUST06935,BR034,Savings,2023-05-21,32136.09,Active
ACC04229,CUST06097,BR008,Savings,2024-11-01,28252.11,Active
ACC04230,CUST04954,BR014,Current,2019-11-03,36627.55,Dormant
ACC04231,CUST02528,BR036,Fixed Deposit,2025-10-17,23329.43,Dormant
ACC04232,CUST03833,BR025,Current,2021-09-09,140867.21,Active
ACC04233,CUST02704,BR048,Savings,2023-03-31,12711.06,Active
ACC04234,CUST02319,BR058,Savings,2025-11-04,34684.04,Active
ACC04235,CUST05117,BR009,Savings,2020-09-04,5395.22,Closed
ACC04236,CUST01038,BR034,Savings,2025-07-26,7619.65,Closed
ACC04237,CUST06503,BR003,Current,2025-03-18,152525.55,Active
ACC04238,CUST01274,BR022,Current,2023-02-13,25660.23,Active
ACC04239,CUST02042,BR020,Fixed Deposit,2022-03-13,143195.38,Dormant
ACC04240,CUST07633,BR049,Current,2020-08-23,33582.8,Dormant
ACC04241,CUST02473,BR038,Fixed Deposit,2024-06-01,19828.22,Closed
ACC04242,CUST04073,BR041,Salary,2020-12-24,24945.46,Dormant
ACC04243,CUST04203,BR023,Savings,2023-02-03,12953.18,Closed
ACC04244,CUST06734,BR001,Fixed Deposit,2020-07-01,91054.48,Closed
ACC04245,CUST02292,BR016,Salary,2022-05-12,13597.59,Dormant
ACC04246,CUST01999,BR042,Salary,2020-09-06,4536.07,Dormant
ACC04247,CUST03430,BR017,Salary,2020-10-12,14988.02,Active
ACC04248,CUST00324,BR015,Current,2025-04-15,326512.38,Active
ACC04249,CUST07852,BR023,Fixed Deposit,2021-10-16,80482.24,Closed
ACC04250,CUST02022,BR007,Current,2025-01-01,34285.65,Dormant
ACC04251,CUST02412,BR016,Salary,2025-01-04,28360.15,Active
ACC04252,CUST06838,BR041,Savings,2020-12-02,26624.89,Dormant
ACC04253,CUST06453,BR042,Current,2022-11-04,44780.78,Closed
ACC04254,CUST07323,BR053,Current,2025-01-14,12190.04,Closed
ACC04255,CUST05289,BR022,Salary,2019-12-30,15735.8,Dormant
ACC04256,CUST04947,BR023,Savings,2025-12-27,55932.4,Dormant
ACC04257,CUST03908,BR055,Savings,2023-06-23,10379.04,Active
ACC04258,CUST07765,BR012,Salary,2022-03-06,36212.04,Dormant
ACC04259,CUST00413,BR055,Fixed Deposit,2020-03-15,56668.65,Dormant
ACC04260,CUST01590,BR012,Salary,2022-07-24,7176.46,Closed
ACC04261,CUST02222,BR034,Savings,2021-07-05,54061.03,Dormant
ACC04262,CUST01345,BR007,Savings,2025-03-22,17015.59,Closed
ACC04263,CUST06928,BR029,Current,2022-05-02,77614.91,Active
ACC04264,CUST06123,BR023,Salary,2019-07-15,10891.84,Dormant
ACC04265,CUST03290,BR036,Salary,2020-07-19,12811.8,Closed
ACC04266,CUST07874,BR059,Savings,2019-08-01,34344.74,Dormant
ACC04267,CUST02060,BR035,Savings,2021-02-06,28618.46,Closed
ACC04268,CUST04177,BR025,Savings,2023-02-12,3655.62,Dormant
ACC04269,CUST02339,BR010,Savings,2025-01-27,8029.52,Active
ACC04270,CUST06964,BR037,Savings,2024-06-22,50841.54,Closed
ACC04271,CUST01513,BR054,Current,2019-03-27,31820.42,Closed
ACC04272,CUST04362,BR006,Savings,2024-07-24,13747.91,Dormant
ACC04273,CUST05472,BR023,Salary,2023-03-16,5161.58,Closed
ACC04274,CUST04613,BR015,Current,2022-06-25,12335.83,Active
ACC04275,CUST02815,BR037,Savings,2021-07-28,3570.22,Dormant
ACC04276,CUST02402,BR007,Salary,2019-12-14,12445.36,Closed
ACC04277,CUST00858,BR054,Fixed Deposit,2020-03-21,41811.95,Active
ACC04278,CUST04643,BR021,Salary,2020-04-24,6791.24,Active
ACC04279,CUST03281,BR031,Savings,2021-12-07,20716.57,Closed
ACC04280,CUST06721,BR039,Savings,2020-12-23,30563.86,Closed
ACC04281,CUST05314,BR011,Savings,2020-01-24,144911.45,Dormant
ACC04282,CUST02202,BR050,Fixed Deposit,2020-06-12,24170.06,Active
ACC04283,CUST04353,BR040,Current,2021-12-29,115772.35,Closed
ACC04284,CUST03640,BR022,Savings,2021-04-23,52880.58,Dormant
ACC04285,CUST02290,BR001,Savings,2024-06-20,10925.08,Closed
ACC04286,CUST06377,BR035,Fixed Deposit,2019-03-09,67639.11,Dormant
ACC04287,CUST05213,BR009,Salary,2019-03-29,9697.82,Closed
ACC04288,CUST06506,BR010,Savings,2022-10-11,26032.99,Active
ACC04289,CUST02967,BR036,Current,2023-01-10,164247.71,Active
ACC04290,CUST07060,BR055,Savings,2021-11-25,37988.76,Dormant
ACC04291,CUST05535,BR042,Fixed Deposit,2020-03-23,81240.16,Closed
ACC04292,CUST02062,BR011,Savings,2025-06-01,14953.81,Dormant
ACC04293,CUST01712,BR031,Savings,2025-07-02,5792.67,Closed
ACC04294,CUST07406,BR040,Savings,2020-01-04,18258.37,Active
ACC04295,CUST02103,BR038,Fixed Deposit,2023-05-11,123496.1,Closed
ACC04296,CUST04397,BR044,Salary,2025-09-06,4587.0,Active
ACC04297,CUST01008,BR007,Salary,2025-07-04,6383.28,Active
ACC04298,CUST04842,BR029,Salary,2021-12-27,14594.32,Active
ACC04299,CUST03509,BR040,Savings,2019-10-17,9079.83,Active
ACC04300,CUST03704,BR044,Savings,2021-11-05,10793.82,Closed
ACC04301,CUST03469,BR026,Savings,2024-11-03,15044.4,Active
ACC04302,CUST04654,BR002,Savings,2020-02-15,6444.26,Dormant
ACC04303,CUST00867,BR034,Fixed Deposit,2020-01-04,33373.82,Closed
ACC04304,CUST00457,BR015,Savings,2021-05-04,41484.91,Active
ACC04305,CUST01841,BR046,Savings,2025-10-20,6791.09,Active
ACC04306,CUST00871,BR050,Salary,2019-06-26,4365.51,Active
ACC04307,CUST05779,BR010,Salary,2024-07-11,8595.4,Closed
ACC04308,CUST00927,BR031,Salary,2019-11-25,22300.6,Closed
ACC04309,CUST02562,BR025,Savings,2024-04-13,18449.09,Active
ACC04310,CUST02249,BR035,Salary,2025-12-29,9650.77,Closed
ACC04311,CUST04295,BR005,Savings,2021-08-11,22923.62,Active
ACC04312,CUST00261,BR045,Savings,2024-04-04,4577.29,Closed
ACC04313,CUST01879,BR050,Salary,2023-01-25,18888.22,Dormant
ACC04314,CUST04213,BR013,Salary,2019-11-12,17472.87,Active
ACC04315,CUST03576,BR010,Salary,2020-10-21,10031.49,Closed
ACC04316,CUST06690,BR033,Current,2020-04-05,99302.35,Dormant
ACC04317,CUST06190,BR038,Savings,2021-10-28,7984.47,Closed
ACC04318,CUST07976,BR025,Savings,2023-08-21,60786.2,Dormant
ACC04319,CUST06496,BR047,Savings,2024-08-13,25312.26,Active
ACC04320,CUST05084,BR001,Savings,2020-04-17,16270.4,Closed
ACC04321,CUST03455,BR001,Salary,2025-10-09,13175.16,Active
ACC04322,CUST04759,BR042,Savings,2023-05-17,19999.48,Dormant
ACC04323,CUST03552,BR022,Salary,2019-08-15,31388.54,Closed
ACC04324,CUST03000,BR026,Salary,2021-10-29,6287.54,Dormant
ACC04325,CUST07842,BR022,Savings,2024-10-20,11089.26,Active
ACC04326,CUST05587,BR004,Current,2021-12-30,102365.28,Active
ACC04327,CUST04658,BR033,Savings,2022-07-16,12887.57,Closed
ACC04328,CUST02952,BR007,Salary,2024-04-22,25093.73,Closed
ACC04329,CUST03970,BR052,Savings,2022-08-20,101670.49,Dormant
ACC04330,CUST06575,BR023,Savings,2019-11-26,15342.54,Dormant
ACC04331,CUST01883,BR001,Fixed Deposit,2020-08-20,90112.79,Active
ACC04332,CUST06281,BR047,Salary,2022-11-30,5957.55,Closed
ACC04333,CUST06863,BR038,Current,2020-09-29,77244.68,Dormant
ACC04334,CUST02233,BR050,Salary,2023-09-28,15361.15,Active
ACC04335,CUST05472,BR007,Savings,2024-05-02,33716.22,Closed
ACC04336,CUST02598,BR023,Savings,2024-01-03,12320.07,Dormant
ACC04337,CUST00048,BR022,Savings,2025-03-15,4939.53,Closed
ACC04338,CUST00945,BR029,Savings,2025-10-18,34645.63,Active
ACC04339,CUST01252,BR039,Savings,2019-05-18,3439.0,Closed
ACC04340,CUST01036,BR007,Savings,2025-06-04,16554.03,Dormant
ACC04341,CUST05352,BR051,Savings,2019-06-02,51383.05,Dormant
ACC04342,CUST02211,BR054,Salary,2022-10-01,15280.43,Closed
ACC04343,CUST06746,BR052,Salary,2025-07-23,52252.33,Dormant
ACC04344,CUST01899,BR006,Fixed Deposit,2024-11-18,110753.85,Dormant
ACC04345,CUST05234,BR008,Current,2024-04-21,18884.59,Closed
ACC04346,CUST07874,BR034,Savings,2020-12-30,22574.63,Active
ACC04347,CUST07283,BR023,Savings,2023-11-25,21107.13,Closed
ACC04348,CUST00162,BR051,Current,2024-09-03,7463.82,Dormant
ACC04349,CUST07422,BR004,Savings,2019-03-10,9448.78,Dormant
ACC04350,CUST02904,BR033,Savings,2024-02-14,13297.29,Closed
ACC04351,CUST05309,BR044,Savings,2021-01-23,3524.17,Dormant
ACC04352,CUST00941,BR022,Savings,2021-06-09,22988.38,Closed
ACC04353,CUST00340,BR058,Current,2023-01-14,28308.8,Closed
ACC04354,CUST05662,BR033,Savings,2019-09-11,4887.3,Active
ACC04355,CUST04322,BR038,Fixed Deposit,2019-09-07,76307.59,Dormant
ACC04356,CUST00817,BR047,Salary,2019-07-09,22050.95,Closed
ACC04357,CUST03809,BR039,Current,2020-11-28,45571.35,Closed
ACC04358,CUST01619,BR044,Savings,2020-10-13,16454.24,Dormant
ACC04359,CUST04586,BR020,Salary,2019-05-12,20211.55,Closed
ACC04360,CUST02394,BR002,Salary,2025-07-04,21507.44,Active
ACC04361,CUST06811,BR016,Salary,2021-04-20,16567.24,Active
ACC04362,CUST03139,BR003,Current,2019-02-12,15920.9,Closed
ACC04363,CUST01447,BR035,Savings,2021-01-10,28252.6,Active
ACC04364,CUST04392,BR036,Savings,2022-09-13,64597.6,Dormant
ACC04365,CUST03437,BR024,Savings,2024-12-12,12874.89,Dormant
ACC04366,CUST06142,BR009,Savings,2023-04-05,145531.15,Active
ACC04367,CUST07294,BR050,Salary,2025-10-19,9247.04,Dormant
ACC04368,CUST04248,BR003,Savings,2021-11-01,22678.36,Closed
ACC04369,CUST05417,BR039,Salary,2023-07-24,8343.68,Closed
ACC04370,CUST06953,BR023,Current,2022-06-20,45400.16,Active
ACC04371,CUST07700,BR027,Savings,2020-04-19,4591.68,Active
ACC04372,CUST03552,BR060,Salary,2021-03-14,9115.86,Closed
ACC04373,CUST06135,BR040,Savings,2025-04-27,8242.76,Dormant
ACC04374,CUST02011,BR060,Salary,2019-07-17,14687.28,Closed
ACC04375,CUST05829,BR043,Savings,2024-09-17,53906.3,Closed
ACC04376,CUST01979,BR040,Savings,2023-12-16,39395.45,Closed
ACC04377,CUST00419,BR020,Salary,2022-12-04,2539.79,Closed
ACC04378,CUST07227,BR059,Current,2025-05-16,279866.97,Closed
ACC04379,CUST02804,BR012,Current,2021-09-01,48789.97,Active
ACC04380,CUST03418,BR056,Current,2023-02-03,16705.63,Dormant
ACC04381,CUST05017,BR019,Current,2025-09-23,42494.41,Dormant
ACC04382,CUST02500,BR053,Current,2020-04-09,43312.21,Dormant
ACC04383,CUST02652,BR007,Savings,2021-06-13,12086.4,Dormant
ACC04384,CUST02983,BR007,Salary,2024-10-02,15344.95,Dormant
ACC04385,CUST06557,BR019,Fixed Deposit,2022-04-10,41585.91,Dormant
ACC04386,CUST04784,BR012,Savings,2020-03-10,15307.13,Active
ACC04387,CUST02401,BR057,Current,2019-08-14,18282.89,Active
ACC04388,CUST02297,BR027,Savings,2024-08-12,6066.86,Active
ACC04389,CUST01481,BR033,Savings,2025-03-12,25115.81,Closed
ACC04390,CUST03829,BR044,Savings,2021-08-08,37300.78,Closed
ACC04391,CUST04923,BR017,Savings,2023-12-17,35010.22,Active
ACC04392,CUST06246,BR029,Salary,2024-03-04,23717.01,Closed
ACC04393,CUST02501,BR024,Savings,2022-11-07,29492.94,Closed
ACC04394,CUST03141,BR042,Savings,2025-03-27,13637.07,Dormant
ACC04395,CUST03887,BR018,Savings,2020-01-26,46896.46,Active
ACC04396,CUST03399,BR018,Savings,2025-08-24,6491.4,Dormant
ACC04397,CUST07790,BR005,Savings,2021-02-08,9792.73,Closed
ACC04398,CUST03491,BR056,Savings,2024-06-25,9248.53,Dormant
ACC04399,CUST05794,BR013,Fixed Deposit,2025-06-23,114466.06,Closed
ACC04400,CUST04786,BR048,Current,2024-12-27,93226.61,Closed
ACC04401,CUST00308,BR040,Savings,2022-11-14,34151.94,Active
ACC04402,CUST02452,BR050,Savings,2021-07-01,57799.59,Active
ACC04403,CUST02999,BR048,Current,2025-06-07,15073.86,Closed
ACC04404,CUST04512,BR059,Salary,2024-08-11,17051.89,Dormant
ACC04405,CUST00050,BR018,Savings,2024-12-27,19679.7,Active
ACC04406,CUST02702,BR039,Savings,2021-05-22,47202.11,Dormant
ACC04407,CUST04133,BR033,Salary,2021-06-16,12324.48,Active
ACC04408,CUST00939,BR043,Fixed Deposit,2023-08-08,47526.1,Closed
ACC04409,CUST00062,BR027,Savings,2023-04-24,35839.92,Dormant
ACC04410,CUST04180,BR051,Savings,2021-10-05,48462.82,Dormant
ACC04411,CUST05953,BR047,Fixed Deposit,2024-06-24,40094.44,Closed
ACC04412,CUST03508,BR060,Savings,2019-10-21,20848.39,Active
ACC04413,CUST04653,BR050,Savings,2025-08-09,8496.45,Active
ACC04414,CUST05894,BR060,Savings,2021-10-09,2325.63,Active
ACC04415,CUST05706,BR027,Savings,2025-01-07,26381.38,Dormant
ACC04416,CUST02461,BR024,Salary,2022-11-16,20460.14,Active
ACC04417,CUST04284,BR047,Savings,2023-10-11,27885.44,Active
ACC04418,CUST04253,BR022,Fixed Deposit,2022-03-16,18587.84,Dormant
ACC04419,CUST03783,BR046,Savings,2023-07-06,16062.39,Dormant
ACC04420,CUST04758,BR023,Salary,2021-06-08,2827.52,Dormant
ACC04421,CUST07633,BR023,Fixed Deposit,2025-04-14,136191.96,Closed
ACC04422,CUST07908,BR003,Current,2021-06-13,12258.14,Active
ACC04423,CUST01331,BR021,Savings,2022-11-24,68177.05,Closed
ACC04424,CUST07880,BR031,Current,2025-02-15,93514.3,Closed
ACC04425,CUST06768,BR035,Savings,2023-05-27,9793.45,Closed
ACC04426,CUST03635,BR058,Savings,2021-01-21,7946.55,Active
ACC04427,CUST06605,BR003,Savings,2022-02-23,30192.03,Dormant
ACC04428,CUST05432,BR034,Current,2020-12-02,15610.14,Closed
ACC04429,CUST01808,BR046,Fixed Deposit,2019-05-19,63671.4,Closed
ACC04430,CUST07378,BR009,Fixed Deposit,2022-01-07,44815.24,Active
ACC04431,CUST01189,BR017,Fixed Deposit,2020-04-05,20564.16,Closed
ACC04432,CUST03957,BR037,Savings,2024-08-30,2958.92,Dormant
ACC04433,CUST04827,BR060,Salary,2024-11-17,15657.09,Closed
ACC04434,CUST05975,BR059,Current,2025-04-04,20711.46,Dormant
ACC04435,CUST04043,BR050,Current,2021-11-07,20887.58,Closed
ACC04436,CUST00641,BR057,Savings,2023-06-04,41203.46,Closed
ACC04437,CUST07760,BR045,Salary,2019-12-30,30376.05,Dormant
ACC04438,CUST05367,BR042,Current,2025-04-06,27652.05,Dormant
ACC04439,CUST00824,BR001,Fixed Deposit,2020-02-22,48807.57,Closed
ACC04440,CUST06146,BR018,Fixed Deposit,2020-09-02,80828.57,Dormant
ACC04441,CUST05154,BR012,Savings,2019-03-21,6494.81,Dormant
ACC04442,CUST06911,BR005,Savings,2022-09-24,26925.73,Closed
ACC04443,CUST04616,BR009,Savings,2020-02-19,36195.76,Closed
ACC04444,CUST03888,BR024,Current,2020-08-30,71698.87,Active
ACC04445,CUST02307,BR059,Savings,2019-07-30,3854.21,Closed
ACC04446,CUST04079,BR054,Savings,2025-10-10,11100.89,Active
ACC04447,CUST07343,BR051,Fixed Deposit,2024-05-05,35349.59,Dormant
ACC04448,CUST06842,BR057,Savings,2019-06-04,24098.34,Active
ACC04449,CUST03640,BR009,Savings,2020-11-15,33950.88,Closed
ACC04450,CUST06220,BR010,Savings,2025-01-16,84714.27,Closed
ACC04451,CUST03034,BR052,Salary,2020-09-23,9447.68,Closed
ACC04452,CUST04358,BR011,Savings,2025-11-28,14075.41,Dormant
ACC04453,CUST00843,BR010,Savings,2024-04-05,61988.54,Closed
ACC04454,CUST02889,BR024,Savings,2022-06-03,28765.13,Closed
ACC04455,CUST03229,BR036,Savings,2025-11-29,68932.73,Closed
ACC04456,CUST03722,BR053,Salary,2022-10-26,16352.07,Active
ACC04457,CUST04982,BR051,Savings,2020-03-19,7774.43,Dormant
ACC04458,CUST05672,BR038,Fixed Deposit,2019-10-20,26906.5,Dormant
ACC04459,CUST03866,BR060,Savings,2025-10-04,5451.46,Dormant
ACC04460,CUST04020,BR006,Fixed Deposit,2022-09-09,89074.74,Closed
ACC04461,CUST07686,BR051,Fixed Deposit,2019-05-14,122168.69,Closed
ACC04462,CUST00228,BR025,Savings,2024-02-10,116357.88,Dormant
ACC04463,CUST04395,BR042,Current,2022-02-24,84381.66,Dormant
ACC04464,CUST02091,BR024,Salary,2019-12-24,30151.41,Closed
ACC04465,CUST07087,BR054,Current,2019-05-30,20332.66,Active
ACC04466,CUST00501,BR013,Savings,2024-09-20,7779.33,Dormant
ACC04467,CUST01827,BR053,Savings,2025-09-09,47338.13,Active
ACC04468,CUST00876,BR022,Current,2021-10-31,55142.76,Active
ACC04469,CUST07062,BR046,Savings,2021-08-03,24262.81,Active
ACC04470,CUST01999,BR018,Fixed Deposit,2024-05-09,75540.4,Dormant
ACC04471,CUST01479,BR009,Fixed Deposit,2022-01-20,72686.52,Closed
ACC04472,CUST07411,BR039,Salary,2022-09-02,32816.01,Active
ACC04473,CUST02465,BR046,Savings,2021-07-21,70649.55,Closed
ACC04474,CUST04289,BR056,Savings,2020-04-21,35946.91,Active
ACC04475,CUST02499,BR060,Current,2024-11-02,84609.59,Active
ACC04476,CUST03705,BR020,Savings,2024-08-11,34984.36,Active
ACC04477,CUST00917,BR040,Savings,2024-02-29,14544.2,Dormant
ACC04478,CUST01904,BR029,Fixed Deposit,2024-08-21,94271.93,Dormant
ACC04479,CUST01416,BR057,Current,2020-10-02,9004.73,Dormant
ACC04480,CUST00239,BR041,Current,2025-11-17,104181.68,Dormant
ACC04481,CUST01123,BR018,Salary,2019-10-12,5789.69,Dormant
ACC04482,CUST02911,BR012,Fixed Deposit,2025-07-16,71074.36,Closed
ACC04483,CUST04818,BR044,Salary,2025-07-18,7393.76,Active
ACC04484,CUST02087,BR013,Fixed Deposit,2019-02-01,83452.54,Active
ACC04485,CUST02208,BR042,Savings,2021-02-08,21364.1,Closed
ACC04486,CUST05888,BR035,Savings,2025-08-16,5243.37,Closed
ACC04487,CUST05882,BR033,Fixed Deposit,2023-12-13,77066.18,Dormant
ACC04488,CUST04713,BR022,Savings,2023-06-02,13093.5,Dormant
ACC04489,CUST06565,BR060,Savings,2021-10-30,48680.41,Active
ACC04490,CUST06822,BR049,Savings,2022-08-29,22052.76,Dormant
ACC04491,CUST05323,BR017,Savings,2023-07-16,31441.34,Active
ACC04492,CUST00169,BR022,Fixed Deposit,2021-01-22,33706.93,Dormant
ACC04493,CUST04568,BR049,Fixed Deposit,2025-08-19,42041.0,Dormant
ACC04494,CUST06864,BR019,Fixed Deposit,2023-06-26,45470.4,Closed
ACC04495,CUST04048,BR005,Savings,2019-01-31,47621.15,Dormant
ACC04496,CUST05108,BR058,Salary,2021-05-12,43224.55,Dormant
ACC04497,CUST03811,BR029,Savings,2023-12-01,10671.64,Closed
ACC04498,CUST07853,BR014,Current,2019-12-14,106601.0,Active
ACC04499,CUST06985,BR041,Savings,2024-10-31,3125.31,Closed
ACC04500,CUST01987,BR019,Savings,2021-05-18,7519.31,Active
ACC04501,CUST03669,BR007,Savings,2020-10-04,9293.77,Dormant
ACC04502,CUST06014,BR045,Salary,2025-09-17,5183.54,Dormant
ACC04503,CUST02811,BR029,Current,2025-04-18,7453.3,Dormant
ACC04504,CUST01912,BR044,Savings,2022-05-02,31942.7,Active
ACC04505,CUST06527,BR029,Salary,2020-09-29,11500.58,Closed
ACC04506,CUST07303,BR046,Savings,2019-06-13,30991.39,Dormant
ACC04507,CUST05922,BR058,Savings,2023-12-19,41004.02,Closed
ACC04508,CUST02239,BR025,Savings,2023-03-31,27974.69,Active
ACC04509,CUST06384,BR029,Savings,2019-09-18,39814.52,Active
ACC04510,CUST05747,BR019,Savings,2021-07-28,20690.31,Closed
ACC04511,CUST01498,BR026,Savings,2023-12-31,7568.17,Active
ACC04512,CUST07609,BR015,Salary,2024-01-15,28014.29,Closed
ACC04513,CUST03009,BR004,Savings,2023-12-04,12962.28,Dormant
ACC04514,CUST01480,BR016,Savings,2023-03-02,9489.71,Closed
ACC04515,CUST02147,BR040,Current,2021-01-25,30396.48,Active
ACC04516,CUST04205,BR025,Savings,2022-09-04,9686.32,Active
ACC04517,CUST00962,BR039,Savings,2022-05-28,15128.15,Dormant
ACC04518,CUST01765,BR044,Savings,2025-04-23,30020.88,Active
ACC04519,CUST06185,BR021,Savings,2024-07-28,30136.96,Dormant
ACC04520,CUST07360,BR051,Savings,2025-11-26,9817.81,Dormant
ACC04521,CUST03584,BR044,Savings,2019-11-14,14200.96,Dormant
ACC04522,CUST05330,BR009,Fixed Deposit,2024-05-30,114073.68,Active
ACC04523,CUST02259,BR048,Savings,2023-02-24,34432.64,Active
ACC04524,CUST01561,BR007,Salary,2021-06-27,57099.21,Closed
ACC04525,CUST07879,BR017,Fixed Deposit,2023-08-02,121549.5,Dormant
ACC04526,CUST00604,BR056,Salary,2021-03-07,29762.52,Dormant
ACC04527,CUST05664,BR033,Salary,2025-02-06,5056.81,Closed
ACC04528,CUST02241,BR023,Savings,2024-03-23,43803.73,Closed
ACC04529,CUST05508,BR021,Savings,2020-11-08,20998.45,Closed
ACC04530,CUST04867,BR030,Salary,2025-11-26,9084.39,Closed
ACC04531,CUST04465,BR049,Salary,2019-01-31,15027.1,Active
ACC04532,CUST00631,BR008,Savings,2020-02-25,51569.74,Closed
ACC04533,CUST02742,BR055,Savings,2020-12-01,34570.24,Closed
ACC04534,CUST02749,BR060,Current,2025-08-01,15086.06,Active
ACC04535,CUST05914,BR055,Savings,2020-10-01,42968.09,Active
ACC04536,CUST00096,BR029,Current,2019-06-14,19195.14,Closed
ACC04537,CUST07586,BR031,Fixed Deposit,2024-07-15,68187.05,Closed
ACC04538,CUST06831,BR036,Fixed Deposit,2025-04-14,49910.66,Dormant
ACC04539,CUST02435,BR022,Savings,2022-01-30,18088.3,Dormant
ACC04540,CUST05175,BR041,Salary,2023-12-28,22842.32,Active
ACC04541,CUST06050,BR036,Savings,2019-05-31,8637.13,Closed
ACC04542,CUST01722,BR049,Savings,2021-05-30,126839.22,Active
ACC04543,CUST04570,BR025,Fixed Deposit,2020-03-03,20077.37,Dormant
ACC04544,CUST00421,BR010,Savings,2024-01-20,12862.86,Dormant
ACC04545,CUST05458,BR010,Current,2019-12-27,52586.35,Dormant
ACC04546,CUST04535,BR058,Fixed Deposit,2021-01-18,85015.47,Closed
ACC04547,CUST03836,BR029,Fixed Deposit,2019-08-24,56371.25,Dormant
ACC04548,CUST05695,BR002,Salary,2019-11-22,12833.66,Closed
ACC04549,CUST05443,BR036,Salary,2020-11-23,17807.68,Dormant
ACC04550,CUST05789,BR021,Savings,2019-11-30,17890.72,Active
ACC04551,CUST05887,BR044,Savings,2019-07-15,77177.49,Closed
ACC04552,CUST02038,BR015,Current,2021-03-06,84065.3,Active
ACC04553,CUST07635,BR019,Savings,2020-12-08,48317.15,Dormant
ACC04554,CUST07125,BR017,Savings,2019-02-13,9232.26,Active
ACC04555,CUST06203,BR045,Savings,2024-06-03,20507.59,Dormant
ACC04556,CUST06635,BR011,Savings,2020-02-13,16807.5,Dormant
ACC04557,CUST05661,BR017,Fixed Deposit,2021-09-05,32749.38,Closed
ACC04558,CUST01643,BR050,Savings,2021-05-20,30459.33,Dormant
ACC04559,CUST03897,BR058,Savings,2023-10-13,13576.81,Active
ACC04560,CUST06014,BR047,Savings,2025-08-31,39730.06,Closed
ACC04561,CUST04752,BR023,Salary,2019-03-19,6316.15,Dormant
ACC04562,CUST01121,BR055,Salary,2022-07-03,44503.74,Active
ACC04563,CUST04600,BR041,Savings,2023-12-21,9831.05,Closed
ACC04564,CUST00892,BR002,Savings,2023-12-27,26832.58,Dormant
ACC04565,CUST06036,BR032,Current,2025-01-04,80166.36,Dormant
ACC04566,CUST07556,BR035,Savings,2024-07-28,13179.58,Closed
ACC04567,CUST00981,BR008,Savings,2025-12-11,47440.04,Active
ACC04568,CUST01029,BR060,Savings,2025-01-28,7286.18,Active
ACC04569,CUST06084,BR033,Fixed Deposit,2023-11-21,143095.94,Dormant
ACC04570,CUST02723,BR013,Current,2024-04-18,36832.99,Dormant
ACC04571,CUST01764,BR004,Savings,2025-01-29,12877.41,Dormant
ACC04572,CUST01060,BR030,Salary,2022-12-26,10835.39,Dormant
ACC04573,CUST05201,BR014,Savings,2025-03-30,45616.62,Active
ACC04574,CUST05531,BR048,Current,2021-03-23,20242.6,Active
ACC04575,CUST06466,BR015,Savings,2023-04-03,11221.4,Active
ACC04576,CUST03680,BR037,Savings,2024-06-21,18044.88,Dormant
ACC04577,CUST07879,BR026,Fixed Deposit,2020-07-18,29549.52,Active
ACC04578,CUST07958,BR011,Savings,2022-01-10,113378.78,Dormant
ACC04579,CUST03075,BR058,Salary,2021-10-07,8986.9,Closed
ACC04580,CUST03299,BR056,Current,2025-11-29,83417.78,Closed
ACC04581,CUST01114,BR025,Savings,2020-02-25,26596.19,Closed
ACC04582,CUST03952,BR025,Salary,2023-05-30,6706.46,Active
ACC04583,CUST07928,BR013,Savings,2022-03-25,21908.74,Active
ACC04584,CUST02573,BR049,Current,2025-04-15,79539.0,Dormant
ACC04585,CUST06688,BR018,Current,2024-02-21,30083.7,Closed
ACC04586,CUST04816,BR017,Savings,2022-06-29,64460.1,Dormant
ACC04587,CUST00873,BR058,Salary,2023-07-05,27311.44,Dormant
ACC04588,CUST03048,BR048,Savings,2022-03-21,50363.57,Closed
ACC04589,CUST02971,BR041,Savings,2025-04-16,14564.01,Active
ACC04590,CUST06481,BR047,Savings,2024-09-06,8334.36,Closed
ACC04591,CUST04916,BR049,Savings,2019-11-30,12679.87,Dormant
ACC04592,CUST02615,BR004,Current,2022-04-17,44189.43,Active
ACC04593,CUST06682,BR013,Savings,2022-12-23,35997.62,Closed
ACC04594,CUST03143,BR044,Savings,2022-02-28,3119.99,Closed
ACC04595,CUST05267,BR004,Savings,2025-05-21,21866.22,Dormant
ACC04596,CUST07808,BR021,Savings,2025-09-25,25394.31,Dormant
ACC04597,CUST03728,BR009,Fixed Deposit,2020-10-12,50689.47,Closed
ACC04598,CUST00822,BR025,Fixed Deposit,2022-08-22,129931.71,Closed
ACC04599,CUST06885,BR027,Savings,2020-07-25,32196.15,Dormant
ACC04600,CUST03668,BR006,Salary,2025-08-19,33427.5,Dormant
ACC04601,CUST03754,BR036,Salary,2019-10-17,11485.35,Closed
ACC04602,CUST04072,BR025,Savings,2021-06-19,51212.03,Active
ACC04603,CUST02496,BR036,Savings,2021-12-20,95947.82,Dormant
ACC04604,CUST07613,BR053,Current,2023-10-11,134819.68,Active
ACC04605,CUST02657,BR043,Salary,2020-09-25,6219.85,Active
ACC04606,CUST03247,BR060,Savings,2022-07-15,17530.4,Dormant
ACC04607,CUST07348,BR009,Salary,2021-01-06,10492.17,Dormant
ACC04608,CUST05300,BR044,Savings,2025-12-23,34211.91,Active
ACC04609,CUST02873,BR014,Savings,2023-11-07,40852.29,Active
ACC04610,CUST04857,BR051,Savings,2025-04-03,10352.64,Dormant
ACC04611,CUST05991,BR028,Current,2023-01-24,38864.58,Closed
ACC04612,CUST01732,BR025,Savings,2023-08-21,3576.23,Closed
ACC04613,CUST03255,BR024,Savings,2020-03-07,80640.03,Closed
ACC04614,CUST06869,BR060,Salary,2020-03-22,9333.24,Closed
ACC04615,CUST00885,BR031,Savings,2024-04-22,23162.21,Closed
ACC04616,CUST07387,BR009,Current,2020-03-14,26644.83,Dormant
ACC04617,CUST03444,BR018,Savings,2025-08-07,61785.55,Closed
ACC04618,CUST03554,BR003,Savings,2023-01-02,1713.42,Active
ACC04619,CUST02164,BR030,Current,2023-01-20,35717.27,Active
ACC04620,CUST03938,BR051,Current,2020-12-15,32668.98,Closed
ACC04621,CUST03654,BR043,Salary,2022-12-21,9724.99,Closed
ACC04622,CUST06042,BR035,Savings,2021-09-20,104151.71,Active
ACC04623,CUST05335,BR052,Savings,2024-10-05,9911.03,Dormant
ACC04624,CUST02897,BR017,Fixed Deposit,2024-10-15,95137.43,Closed
ACC04625,CUST00218,BR002,Savings,2024-04-03,30352.3,Dormant
ACC04626,CUST00562,BR055,Savings,2020-08-07,68553.33,Closed
ACC04627,CUST04610,BR020,Current,2019-06-10,18635.26,Dormant
ACC04628,CUST00306,BR018,Savings,2021-04-14,11388.14,Closed
ACC04629,CUST00536,BR031,Salary,2019-07-02,28774.62,Active
ACC04630,CUST04585,BR026,Salary,2024-06-02,17992.76,Closed
ACC04631,CUST03802,BR037,Savings,2019-08-05,5483.82,Dormant
ACC04632,CUST00793,BR049,Savings,2021-11-03,13556.56,Active
ACC04633,CUST05111,BR037,Savings,2021-04-20,31186.62,Active
ACC04634,CUST00623,BR023,Fixed Deposit,2025-10-22,98978.56,Dormant
ACC04635,CUST03434,BR058,Current,2020-08-21,18412.21,Closed
ACC04636,CUST01497,BR049,Savings,2019-07-29,1599.06,Closed
ACC04637,CUST07172,BR031,Savings,2025-12-09,35273.98,Active
ACC04638,CUST07287,BR029,Fixed Deposit,2024-06-05,28790.7,Active
ACC04639,CUST02312,BR036,Savings,2023-09-09,3584.57,Dormant
ACC04640,CUST02719,BR035,Savings,2025-05-10,1721.42,Closed
ACC04641,CUST00030,BR041,Savings,2025-08-19,45824.89,Dormant
ACC04642,CUST02104,BR038,Current,2023-12-13,41299.99,Dormant
ACC04643,CUST03665,BR051,Current,2024-07-07,28979.49,Active
ACC04644,CUST05840,BR033,Savings,2021-02-20,76889.29,Closed
ACC04645,CUST00621,BR025,Savings,2022-11-26,39088.84,Active
ACC04646,CUST02385,BR058,Savings,2022-05-05,94340.89,Dormant
ACC04647,CUST04419,BR019,Savings,2020-03-29,6288.88,Closed
ACC04648,CUST00880,BR029,Salary,2020-01-01,13040.49,Dormant
ACC04649,CUST01241,BR016,Savings,2022-02-25,5140.77,Closed
ACC04650,CUST07997,BR010,Fixed Deposit,2025-06-03,52175.62,Closed
ACC04651,CUST06520,BR060,Salary,2020-01-16,11225.79,Active
ACC04652,CUST05645,BR056,Savings,2020-06-09,38713.83,Closed
ACC04653,CUST04045,BR010,Fixed Deposit,2023-01-03,61533.58,Dormant
ACC04654,CUST02756,BR011,Savings,2020-12-26,38602.27,Dormant
ACC04655,CUST02595,BR019,Savings,2020-04-29,41485.37,Dormant
ACC04656,CUST07256,BR051,Fixed Deposit,2020-07-26,218154.15,Closed
ACC04657,CUST01761,BR003,Salary,2020-03-27,10713.85,Active
ACC04658,CUST04003,BR039,Savings,2023-01-22,9443.48,Active
ACC04659,CUST07005,BR020,Savings,2019-09-04,27487.19,Closed
ACC04660,CUST07096,BR036,Savings,2025-12-27,10699.45,Closed
ACC04661,CUST00638,BR009,Fixed Deposit,2022-04-02,145681.27,Closed
ACC04662,CUST04487,BR028,Savings,2019-08-06,17070.44,Closed
ACC04663,CUST00478,BR007,Savings,2023-06-25,13239.78,Active
ACC04664,CUST00945,BR018,Savings,2024-03-06,14411.99,Active
ACC04665,CUST05488,BR007,Savings,2024-10-01,42048.36,Closed
ACC04666,CUST01297,BR047,Savings,2022-05-25,19111.16,Dormant
ACC04667,CUST03306,BR013,Savings,2022-09-26,12363.45,Active
ACC04668,CUST00745,BR051,Salary,2019-08-02,42862.23,Active
ACC04669,CUST04049,BR055,Salary,2025-07-29,7336.97,Active
ACC04670,CUST00450,BR030,Savings,2022-12-09,22742.93,Dormant
ACC04671,CUST03918,BR058,Salary,2020-08-27,21091.27,Closed
ACC04672,CUST03845,BR024,Savings,2021-05-30,5073.56,Closed
ACC04673,CUST02714,BR027,Savings,2021-03-10,33936.09,Active
ACC04674,CUST04817,BR020,Savings,2020-05-12,8521.97,Active
ACC04675,CUST05999,BR033,Salary,2024-12-31,23764.5,Closed
ACC04676,CUST06618,BR017,Savings,2025-08-14,9261.43,Dormant
ACC04677,CUST05743,BR038,Salary,2021-08-04,21697.2,Active
ACC04678,CUST04101,BR040,Savings,2021-01-07,59590.4,Dormant
ACC04679,CUST04801,BR055,Salary,2019-07-22,24416.28,Dormant
ACC04680,CUST06764,BR046,Savings,2024-02-22,27616.95,Closed
ACC04681,CUST00087,BR035,Savings,2021-04-20,17886.99,Closed
ACC04682,CUST07758,BR046,Savings,2019-12-09,13111.2,Closed
ACC04683,CUST03081,BR039,Savings,2023-01-03,82779.13,Active
ACC04684,CUST03670,BR036,Savings,2024-10-05,11736.45,Closed
ACC04685,CUST03426,BR055,Salary,2022-11-25,6464.32,Closed
ACC04686,CUST04976,BR040,Salary,2021-04-20,21285.01,Dormant
ACC04687,CUST02454,BR026,Salary,2022-11-09,7651.86,Active
ACC04688,CUST01139,BR034,Current,2022-11-01,14043.8,Active
ACC04689,CUST05886,BR016,Current,2023-07-14,8573.19,Closed
ACC04690,CUST04553,BR028,Savings,2019-07-12,14262.39,Active
ACC04691,CUST07361,BR022,Savings,2025-08-27,20446.28,Closed
ACC04692,CUST01367,BR040,Current,2023-12-02,46309.01,Closed
ACC04693,CUST03470,BR048,Fixed Deposit,2025-10-27,105956.48,Dormant
ACC04694,CUST06345,BR006,Savings,2024-10-17,35390.83,Closed
ACC04695,CUST04382,BR040,Savings,2021-03-16,18549.81,Active
ACC04696,CUST03824,BR030,Savings,2022-01-15,18427.95,Active
ACC04697,CUST07113,BR022,Savings,2019-06-13,34861.62,Closed
ACC04698,CUST05191,BR013,Salary,2025-03-01,32558.67,Dormant
ACC04699,CUST00024,BR014,Savings,2020-06-04,24678.38,Closed
ACC04700,CUST04899,BR040,Savings,2022-03-02,14440.36,Dormant
ACC04701,CUST07270,BR017,Savings,2020-05-28,9012.98,Closed
ACC04702,CUST05936,BR039,Savings,2025-06-23,5998.8,Active
ACC04703,CUST07884,BR048,Savings,2025-05-11,40120.5,Closed
ACC04704,CUST07730,BR008,Savings,2020-01-05,37055.82,Active
ACC04705,CUST05848,BR035,Savings,2024-12-28,37035.31,Dormant
ACC04706,CUST01793,BR053,Savings,2020-10-30,19618.07,Closed
ACC04707,CUST03030,BR029,Current,2023-05-03,148291.43,Closed
ACC04708,CUST02841,BR053,Savings,2025-09-25,14246.88,Dormant
ACC04709,CUST05409,BR042,Savings,2023-05-31,52038.67,Active
ACC04710,CUST00493,BR055,Savings,2019-07-22,21271.67,Active
ACC04711,CUST00302,BR016,Current,2020-03-25,19764.63,Active
ACC04712,CUST06313,BR058,Savings,2020-03-26,37544.32,Active
ACC04713,CUST03552,BR042,Salary,2019-02-07,17796.29,Closed
ACC04714,CUST00734,BR004,Savings,2020-07-22,30371.97,Closed
ACC04715,CUST00381,BR029,Current,2020-08-05,39390.44,Closed
ACC04716,CUST05796,BR052,Current,2022-05-28,34965.14,Closed
ACC04717,CUST05973,BR019,Salary,2021-11-09,71101.26,Dormant
ACC04718,CUST07784,BR050,Savings,2020-12-27,63948.35,Dormant
ACC04719,CUST06417,BR040,Savings,2019-05-25,42215.56,Dormant
ACC04720,CUST03160,BR016,Fixed Deposit,2023-05-15,64028.24,Active
ACC04721,CUST05158,BR006,Savings,2021-07-20,54526.47,Dormant
ACC04722,CUST02746,BR046,Savings,2022-05-26,35108.39,Dormant
ACC04723,CUST00100,BR027,Salary,2024-07-17,13607.05,Closed
ACC04724,CUST00442,BR024,Savings,2023-12-16,16760.7,Active
ACC04725,CUST07708,BR011,Current,2024-11-11,33492.7,Closed
ACC04726,CUST04866,BR050,Fixed Deposit,2025-05-09,8935.12,Active
ACC04727,CUST00896,BR006,Savings,2023-10-13,26623.27,Active
ACC04728,CUST00669,BR058,Savings,2024-08-17,14191.12,Closed
ACC04729,CUST03843,BR015,Savings,2022-08-05,92355.73,Closed
ACC04730,CUST00331,BR043,Salary,2021-10-15,13541.86,Active
ACC04731,CUST03036,BR009,Savings,2023-02-01,7554.76,Active
ACC04732,CUST05575,BR046,Savings,2021-01-13,21059.52,Active
ACC04733,CUST00283,BR036,Current,2020-01-10,12757.55,Active
ACC04734,CUST05595,BR032,Fixed Deposit,2022-07-01,79542.32,Closed
ACC04735,CUST04875,BR016,Current,2025-09-26,48579.04,Active
ACC04736,CUST07767,BR001,Salary,2020-02-01,26120.81,Active
ACC04737,CUST01071,BR033,Savings,2019-08-10,10809.78,Active
ACC04738,CUST06667,BR047,Savings,2021-06-29,22711.06,Dormant
ACC04739,CUST05764,BR017,Savings,2024-08-04,6447.71,Dormant
ACC04740,CUST05170,BR060,Current,2025-06-09,73239.84,Closed
ACC04741,CUST02993,BR011,Salary,2025-03-01,19210.45,Closed
ACC04742,CUST07707,BR056,Fixed Deposit,2024-12-19,80618.47,Active
ACC04743,CUST07266,BR026,Salary,2024-09-26,13374.88,Active
ACC04744,CUST06631,BR052,Savings,2020-09-14,31993.74,Active
ACC04745,CUST04446,BR012,Current,2025-08-20,180654.04,Dormant
ACC04746,CUST04986,BR059,Savings,2019-06-22,17041.64,Closed
ACC04747,CUST02293,BR037,Salary,2019-10-19,14721.31,Closed
ACC04748,CUST04494,BR042,Fixed Deposit,2024-06-04,31204.71,Active
ACC04749,CUST05323,BR002,Savings,2023-03-13,10082.59,Closed
ACC04750,CUST00936,BR060,Current,2024-03-21,40047.17,Dormant
ACC04751,CUST00071,BR050,Savings,2022-01-15,59488.61,Active
ACC04752,CUST07787,BR041,Current,2021-11-28,28105.46,Dormant
ACC04753,CUST05143,BR048,Savings,2020-08-06,17812.85,Active
ACC04754,CUST06718,BR058,Fixed Deposit,2021-06-04,46904.5,Closed
ACC04755,CUST06485,BR037,Savings,2023-01-27,13612.16,Dormant
ACC04756,CUST00080,BR023,Savings,2022-06-23,28723.6,Closed
ACC04757,CUST07629,BR044,Current,2020-10-17,8125.34,Active
ACC04758,CUST01096,BR018,Savings,2022-06-01,69762.06,Active
ACC04759,CUST04285,BR048,Fixed Deposit,2025-07-06,40164.81,Dormant
ACC04760,CUST01182,BR046,Savings,2025-06-21,42180.49,Active
ACC04761,CUST07795,BR050,Savings,2020-07-13,7023.39,Closed
ACC04762,CUST00425,BR051,Current,2025-05-06,70886.84,Active
ACC04763,CUST02373,BR010,Current,2022-11-26,71107.25,Closed
ACC04764,CUST05827,BR054,Savings,2020-12-22,31125.47,Closed
ACC04765,CUST04914,BR037,Savings,2024-05-13,9000.31,Closed
ACC04766,CUST00308,BR031,Savings,2020-09-29,27573.03,Dormant
ACC04767,CUST02053,BR007,Fixed Deposit,2022-02-19,29441.67,Dormant
ACC04768,CUST07320,BR015,Savings,2024-03-15,17544.8,Closed
ACC04769,CUST04538,BR055,Salary,2022-03-05,27462.84,Dormant
ACC04770,CUST06525,BR040,Savings,2022-09-01,45117.78,Active
ACC04771,CUST03579,BR040,Current,2025-03-21,36871.09,Dormant
ACC04772,CUST03067,BR034,Salary,2020-09-08,6752.28,Dormant
ACC04773,CUST04001,BR011,Savings,2025-09-03,39380.61,Active
ACC04774,CUST06331,BR024,Current,2024-08-26,37026.21,Dormant
ACC04775,CUST03422,BR017,Fixed Deposit,2019-06-26,14880.56,Closed
ACC04776,CUST03234,BR037,Savings,2023-11-23,44549.97,Closed
ACC04777,CUST00203,BR008,Salary,2023-08-02,13135.02,Dormant
ACC04778,CUST02261,BR043,Savings,2021-08-19,65004.13,Closed
ACC04779,CUST03709,BR001,Savings,2022-04-05,8219.43,Active
ACC04780,CUST02767,BR056,Fixed Deposit,2019-09-27,8901.52,Closed
ACC04781,CUST00361,BR049,Savings,2020-03-28,28315.81,Dormant
ACC04782,CUST03995,BR022,Savings,2024-10-10,28635.64,Dormant
ACC04783,CUST00681,BR042,Savings,2023-03-06,4809.73,Closed
ACC04784,CUST05603,BR033,Fixed Deposit,2024-01-27,33286.27,Dormant
ACC04785,CUST03135,BR011,Savings,2019-07-24,262943.9,Closed
ACC04786,CUST00699,BR006,Salary,2023-11-02,10786.74,Active
ACC04787,CUST06278,BR011,Savings,2020-10-11,42525.67,Dormant
ACC04788,CUST01544,BR029,Savings,2021-05-20,12263.79,Active
ACC04789,CUST07180,BR029,Savings,2021-05-13,3356.75,Closed
ACC04790,CUST07197,BR047,Savings,2023-05-26,18897.17,Closed
ACC04791,CUST04566,BR036,Fixed Deposit,2024-01-01,51053.9,Closed
ACC04792,CUST00416,BR057,Savings,2020-07-03,15369.03,Active
ACC04793,CUST00809,BR028,Savings,2022-10-09,19867.16,Closed
ACC04794,CUST03290,BR017,Salary,2025-06-09,16074.47,Active
ACC04795,CUST06716,BR054,Savings,2022-08-11,19242.85,Closed
ACC04796,CUST06480,BR001,Savings,2019-08-15,7061.37,Dormant
ACC04797,CUST06494,BR007,Salary,2023-09-09,18775.9,Active
ACC04798,CUST00921,BR003,Current,2022-11-24,5170.0,Closed
ACC04799,CUST03880,BR011,Savings,2019-09-16,3479.62,Active
ACC04800,CUST05149,BR006,Salary,2025-06-03,22413.67,Dormant
ACC04801,CUST05890,BR015,Savings,2021-05-17,34763.33,Active
ACC04802,CUST06616,BR004,Savings,2020-02-02,20917.56,Closed
ACC04803,CUST03158,BR049,Savings,2022-06-26,6273.54,Closed
ACC04804,CUST07138,BR028,Salary,2020-04-11,8139.32,Active
ACC04805,CUST03641,BR059,Salary,2023-04-19,11115.29,Dormant
ACC04806,CUST01943,BR052,Fixed Deposit,2020-08-28,22981.93,Dormant
ACC04807,CUST06881,BR014,Savings,2021-01-30,11326.2,Dormant
ACC04808,CUST01802,BR058,Savings,2020-08-31,39620.32,Dormant
ACC04809,CUST05875,BR018,Salary,2025-06-09,36283.33,Dormant
ACC04810,CUST00862,BR024,Savings,2022-05-02,15100.89,Active
ACC04811,CUST00343,BR050,Salary,2022-06-30,22686.88,Active
ACC04812,CUST04925,BR031,Savings,2023-06-06,3933.74,Active
ACC04813,CUST05649,BR026,Savings,2023-02-19,39875.05,Closed
ACC04814,CUST02207,BR048,Fixed Deposit,2020-05-19,36961.46,Active
ACC04815,CUST01827,BR041,Salary,2019-01-09,16566.57,Closed
ACC04816,CUST03360,BR060,Savings,2024-05-18,17624.1,Dormant
ACC04817,CUST00512,BR050,Current,2019-12-03,136000.52,Closed
ACC04818,CUST06233,BR017,Savings,2020-10-20,10026.71,Closed
ACC04819,CUST02934,BR009,Savings,2022-06-29,38748.44,Active
ACC04820,CUST01914,BR046,Savings,2019-01-24,17127.55,Dormant
ACC04821,CUST07267,BR012,Savings,2022-07-26,19101.56,Active
ACC04822,CUST07483,BR018,Fixed Deposit,2025-01-30,53620.55,Active
ACC04823,CUST07726,BR031,Savings,2022-06-11,10289.65,Closed
ACC04824,CUST02830,BR030,Salary,2021-04-02,13228.52,Closed
ACC04825,CUST05195,BR019,Savings,2022-07-19,20818.9,Active
ACC04826,CUST05939,BR028,Savings,2022-07-03,27367.63,Closed
ACC04827,CUST04904,BR036,Savings,2022-10-17,23767.03,Closed
ACC04828,CUST06019,BR006,Current,2020-05-26,80659.72,Dormant
ACC04829,CUST03623,BR060,Savings,2023-11-01,50572.22,Dormant
ACC04830,CUST00115,BR028,Savings,2025-09-10,8556.44,Active
ACC04831,CUST06395,BR030,Savings,2022-03-18,48141.28,Dormant
ACC04832,CUST03684,BR053,Savings,2020-04-25,7572.64,Dormant
ACC04833,CUST01721,BR040,Savings,2023-06-11,37386.7,Active
ACC04834,CUST04317,BR050,Savings,2022-06-07,38475.04,Closed
ACC04835,CUST04894,BR037,Savings,2019-11-09,3943.46,Closed
ACC04836,CUST03004,BR006,Salary,2022-04-18,14258.17,Closed
ACC04837,CUST03487,BR058,Savings,2021-03-07,14448.61,Dormant
ACC04838,CUST04449,BR054,Fixed Deposit,2025-10-19,37977.18,Dormant
ACC04839,CUST02594,BR025,Savings,2025-10-17,74292.63,Closed
ACC04840,CUST08004,BR058,Savings,2021-08-19,12230.51,Dormant
ACC04841,CUST05073,BR047,Savings,2020-01-14,10660.08,Closed
ACC04842,CUST03132,BR056,Savings,2022-08-19,23579.32,Closed
ACC04843,CUST00249,BR042,Savings,2020-03-14,40824.22,Active
ACC04844,CUST05014,BR013,Savings,2025-02-09,19390.07,Closed
ACC04845,CUST01498,BR040,Savings,2021-02-23,62927.18,Dormant
ACC04846,CUST05059,BR060,Savings,2023-06-23,35520.96,Dormant
ACC04847,CUST04343,BR037,Current,2025-04-04,4112.51,Active
ACC04848,CUST07640,BR007,Current,2023-08-09,21386.88,Active
ACC04849,CUST01413,BR014,Savings,2020-06-15,13284.35,Active
ACC04850,CUST00815,BR043,Salary,2020-12-28,18686.43,Dormant
ACC04851,CUST01981,BR018,Salary,2022-01-26,2127.34,Dormant
ACC04852,CUST02219,BR041,Savings,2024-02-19,218405.51,Active
ACC04853,CUST06205,BR006,Salary,2020-05-20,19374.6,Active
ACC04854,CUST02617,BR038,Savings,2023-06-16,25184.63,Dormant
ACC04855,CUST07049,BR037,Salary,2022-12-16,30549.31,Dormant
ACC04856,CUST00803,BR008,Savings,2021-02-21,181550.41,Closed
ACC04857,CUST02878,BR016,Savings,2025-07-12,48226.89,Active
ACC04858,CUST06451,BR026,Fixed Deposit,2021-06-06,105798.1,Active
ACC04859,CUST04746,BR022,Current,2023-01-30,41385.67,Dormant
ACC04860,CUST03885,BR033,Current,2024-06-03,31523.05,Closed
ACC04861,CUST04038,BR046,Salary,2020-02-21,9575.31,Active
ACC04862,CUST03586,BR054,Salary,2023-09-14,7492.98,Dormant
ACC04863,CUST00925,BR060,Salary,2025-09-05,8259.26,Active
ACC04864,CUST02549,BR047,Salary,2020-03-18,5190.63,Active
ACC04865,CUST00495,BR052,Current,2025-10-10,33662.12,Active
ACC04866,CUST00160,BR054,Savings,2024-09-27,4835.79,Active
ACC04867,CUST06540,BR041,Savings,2023-07-25,26155.76,Active
ACC04868,CUST00289,BR027,Savings,2023-10-13,21317.9,Active
ACC04869,CUST00058,BR055,Savings,2019-06-11,25140.66,Active
ACC04870,CUST00754,BR045,Savings,2023-02-08,13767.71,Active
ACC04871,CUST05519,BR051,Salary,2024-12-15,115128.28,Closed
ACC04872,CUST02009,BR017,Savings,2021-06-25,74914.62,Active
ACC04873,CUST00473,BR007,Savings,2019-05-08,7186.16,Dormant
ACC04874,CUST00420,BR001,Savings,2024-12-15,27162.19,Dormant
ACC04875,CUST04787,BR031,Savings,2019-06-29,12743.73,Dormant
ACC04876,CUST00943,BR012,Salary,2022-09-03,6567.34,Dormant
ACC04877,CUST02889,BR008,Current,2019-09-20,9508.37,Active
ACC04878,CUST06442,BR059,Salary,2020-10-26,18079.82,Closed
ACC04879,CUST01092,BR027,Savings,2022-09-26,11929.36,Active
ACC04880,CUST04932,BR058,Savings,2020-05-11,52630.1,Dormant
ACC04881,CUST05199,BR054,Salary,2019-08-08,26786.35,Closed
ACC04882,CUST05646,BR023,Savings,2022-04-23,75850.76,Closed
ACC04883,CUST05935,BR047,Savings,2022-08-27,10227.67,Dormant
ACC04884,CUST06614,BR035,Salary,2022-01-29,18634.24,Dormant
ACC04885,CUST00972,BR017,Current,2022-12-19,68353.92,Active
ACC04886,CUST01437,BR001,Savings,2022-11-11,14374.91,Closed
ACC04887,CUST06722,BR008,Savings,2020-12-23,10997.3,Closed
ACC04888,CUST04483,BR020,Savings,2023-05-25,93767.03,Dormant
ACC04889,CUST03556,BR033,Salary,2025-02-24,15665.99,Dormant
ACC04890,CUST05075,BR031,Salary,2021-11-17,20851.42,Dormant
ACC04891,CUST06354,BR015,Savings,2024-01-23,10510.52,Closed
ACC04892,CUST05046,BR007,Savings,2022-06-15,7351.38,Dormant
ACC04893,CUST07089,BR028,Savings,2024-10-23,13193.71,Dormant
ACC04894,CUST00524,BR011,Savings,2021-12-09,19700.13,Active
ACC04895,CUST02197,BR033,Savings,2022-07-02,8452.37,Dormant
ACC04896,CUST05244,BR047,Savings,2025-01-13,21832.17,Active
ACC04897,CUST07277,BR022,Savings,2021-07-04,4819.11,Closed
ACC04898,CUST07147,BR011,Savings,2023-10-20,8038.17,Active
ACC04899,CUST07752,BR031,Savings,2019-11-08,40288.45,Closed
ACC04900,CUST06890,BR047,Savings,2025-10-05,37926.73,Closed
ACC04901,CUST01853,BR040,Salary,2023-12-11,10154.64,Closed
ACC04902,CUST04487,BR056,Salary,2023-12-17,6552.26,Dormant
ACC04903,CUST07103,BR023,Savings,2022-05-04,8737.13,Dormant
ACC04904,CUST03079,BR032,Savings,2021-12-28,15741.54,Closed
ACC04905,CUST02758,BR014,Savings,2024-08-10,39342.74,Dormant
ACC04906,CUST03932,BR034,Savings,2023-10-16,50788.29,Active
ACC04907,CUST07557,BR044,Savings,2025-04-20,14088.6,Dormant
ACC04908,CUST05960,BR060,Savings,2021-04-10,7799.83,Dormant
ACC04909,CUST05424,BR019,Savings,2020-01-06,28030.8,Dormant
ACC04910,CUST05777,BR005,Salary,2023-01-23,7506.51,Dormant
ACC04911,CUST05346,BR055,Savings,2020-08-22,13815.86,Closed
ACC04912,CUST01582,BR028,Savings,2024-11-02,72602.05,Active
ACC04913,CUST02528,BR012,Savings,2019-08-08,46369.81,Active
ACC04914,CUST04476,BR031,Current,2021-09-22,42530.4,Closed
ACC04915,CUST02332,BR047,Savings,2021-04-08,7011.26,Dormant
ACC04916,CUST01473,BR031,Current,2023-05-16,44864.25,Active
ACC04917,CUST04743,BR023,Savings,2022-04-20,57319.24,Active
ACC04918,CUST04895,BR015,Savings,2024-02-24,15708.07,Dormant
ACC04919,CUST05769,BR022,Salary,2019-07-29,34398.9,Closed
ACC04920,CUST01092,BR028,Current,2019-04-15,132289.14,Dormant
ACC04921,CUST02851,BR039,Salary,2024-10-07,42813.68,Closed
ACC04922,CUST00868,BR029,Salary,2021-06-12,16542.2,Active
ACC04923,CUST06280,BR007,Savings,2019-11-21,37371.08,Closed
ACC04924,CUST06889,BR009,Savings,2019-02-28,78650.44,Active
ACC04925,CUST03498,BR004,Savings,2019-02-02,32946.97,Closed
ACC04926,CUST01155,BR031,Savings,2022-12-03,14029.1,Closed
ACC04927,CUST03639,BR046,Savings,2024-11-17,14710.42,Dormant
ACC04928,CUST04783,BR036,Savings,2022-12-24,27301.57,Closed
ACC04929,CUST01308,BR034,Salary,2019-07-03,5413.26,Closed
ACC04930,CUST07178,BR046,Current,2020-03-20,31468.46,Closed
ACC04931,CUST04945,BR042,Savings,2025-06-21,59094.46,Dormant
ACC04932,CUST01855,BR024,Savings,2021-08-02,3065.21,Active
ACC04933,CUST01866,BR016,Salary,2022-09-21,39110.16,Closed
ACC04934,CUST05906,BR027,Savings,2024-09-07,60484.16,Dormant
ACC04935,CUST00155,BR015,Salary,2022-09-04,9683.37,Closed
ACC04936,CUST06273,BR001,Salary,2022-01-07,19543.02,Closed
ACC04937,CUST03122,BR042,Savings,2019-07-15,22088.95,Active
ACC04938,CUST03325,BR043,Savings,2025-12-26,66635.41,Active
ACC04939,CUST00010,BR004,Savings,2020-11-05,53338.56,Active
ACC04940,CUST05036,BR038,Current,2025-05-19,8954.66,Active
ACC04941,CUST07442,BR039,Savings,2019-06-12,37366.74,Dormant
ACC04942,CUST01587,BR013,Savings,2023-02-15,18305.1,Dormant
ACC04943,CUST05699,BR048,Savings,2021-12-19,23731.28,Active
ACC04944,CUST00353,BR025,Savings,2021-12-17,11437.42,Active
ACC04945,CUST01265,BR018,Current,2024-10-22,208592.33,Closed
ACC04946,CUST04652,BR016,Salary,2022-04-12,27668.32,Closed
ACC04947,CUST01032,BR007,Fixed Deposit,2020-04-10,38412.47,Closed
ACC04948,CUST00973,BR021,Savings,2021-03-18,6626.62,Active
ACC04949,CUST01504,BR035,Current,2022-04-17,24694.29,Active
ACC04950,CUST06550,BR024,Current,2021-01-21,56078.21,Dormant
ACC04951,CUST03928,BR025,Savings,2023-01-11,27342.16,Closed
ACC04952,CUST06659,BR012,Fixed Deposit,2023-01-12,126992.04,Active
ACC04953,CUST06193,BR010,Salary,2021-12-26,23224.05,Active
ACC04954,CUST02600,BR056,Salary,2023-12-26,26336.16,Dormant
ACC04955,CUST04678,BR021,Savings,2020-12-10,29559.78,Dormant
ACC04956,CUST06741,BR038,Savings,2025-02-04,6308.36,Closed
ACC04957,CUST03452,BR043,Savings,2024-02-16,18469.41,Dormant
ACC04958,CUST01367,BR034,Current,2021-01-06,104829.42,Closed
ACC04959,CUST01011,BR029,Savings,2023-10-15,21028.4,Active
ACC04960,CUST02201,BR021,Savings,2020-06-09,34640.59,Active
ACC04961,CUST02416,BR053,Current,2019-11-27,26403.5,Dormant
ACC04962,CUST07157,BR029,Savings,2025-02-26,8718.21,Active
ACC04963,CUST05921,BR036,Savings,2024-10-22,19712.15,Dormant
ACC04964,CUST05648,BR043,Fixed Deposit,2019-12-27,72072.55,Closed
ACC04965,CUST00167,BR034,Savings,2021-01-21,12208.42,Dormant
ACC04966,CUST06553,BR042,Salary,2025-10-30,11327.65,Active
ACC04967,CUST04911,BR019,Savings,2023-08-30,9456.74,Dormant
ACC04968,CUST05119,BR054,Savings,2022-08-30,60314.05,Active
ACC04969,CUST06962,BR024,Savings,2020-09-15,16898.66,Closed
ACC04970,CUST03674,BR022,Savings,2021-07-24,81428.45,Active
ACC04971,CUST04544,BR017,Savings,2023-11-19,87192.45,Active
ACC04972,CUST00932,BR059,Current,2022-11-17,33488.39,Closed
ACC04973,CUST05624,BR048,Salary,2020-05-04,6595.12,Dormant
ACC04974,CUST03056,BR041,Fixed Deposit,2021-02-13,17127.85,Closed
ACC04975,CUST07814,BR033,Savings,2023-11-04,5855.68,Closed
ACC04976,CUST05368,BR029,Savings,2021-09-04,6396.77,Closed
ACC04977,CUST02403,BR030,Fixed Deposit,2023-04-29,136910.37,Dormant
ACC04978,CUST04665,BR053,Savings,2023-10-29,24446.49,Dormant
ACC04979,CUST07723,BR005,Savings,2021-04-05,31277.18,Active
ACC04980,CUST05890,BR031,Savings,2020-05-11,2985.79,Dormant
ACC04981,CUST06079,BR058,Current,2024-08-14,10960.29,Closed
ACC04982,CUST03422,BR024,Salary,2019-01-10,24858.52,Dormant
ACC04983,CUST05798,BR060,Savings,2024-04-07,28512.47,Active
ACC04984,CUST07440,BR058,Salary,2025-03-29,12051.64,Dormant
ACC04985,CUST01330,BR059,Savings,2022-03-14,36620.3,Active
ACC04986,CUST00997,BR001,Fixed Deposit,2024-04-03,159768.1,Closed
ACC04987,CUST05765,BR026,Savings,2022-12-08,18052.9,Closed
ACC04988,CUST02249,BR003,Savings,2019-07-01,23445.48,Active
ACC04989,CUST07038,BR004,Fixed Deposit,2019-09-16,67208.71,Closed
ACC04990,CUST03624,BR014,Savings,2025-01-14,189643.01,Dormant
ACC04991,CUST06112,BR026,Savings,2025-04-02,3329.51,Closed
ACC04992,CUST00511,BR041,Fixed Deposit,2025-10-31,90213.45,Active
ACC04993,CUST02869,BR050,Salary,2021-08-27,12328.12,Closed
ACC04994,CUST00125,BR023,Current,2022-01-07,64008.54,Dormant
ACC04995,CUST02717,BR002,Fixed Deposit,2021-04-08,40359.27,Active
ACC04996,CUST02398,BR046,Savings,2021-04-26,21076.87,Active
ACC04997,CUST03890,BR001,Salary,2019-06-27,21982.18,Closed
ACC04998,CUST04101,BR052,Current,2022-01-26,816604.53,Closed
ACC04999,CUST05247,BR012,Savings,2022-06-23,45580.38,Closed
ACC05000,CUST04913,BR034,Savings,2024-04-14,10267.52,Closed
ACC05001,CUST06341,BR027,Salary,2021-08-27,9930.52,Closed
ACC05002,CUST04820,BR022,Current,2019-07-24,23076.87,Closed
ACC05003,CUST05011,BR049,Salary,2024-07-02,3801.12,Closed
ACC05004,CUST05864,BR013,Salary,2023-06-16,10603.47,Dormant
ACC05005,CUST02394,BR060,Savings,2021-10-23,42597.3,Dormant
ACC05006,CUST06118,BR004,Savings,2019-12-12,6996.68,Closed
ACC05007,CUST00269,BR036,Savings,2021-02-12,56592.65,Closed
ACC05008,CUST07132,BR046,Fixed Deposit,2019-08-07,80230.97,Active
ACC05009,CUST03462,BR050,Salary,2021-10-13,7990.72,Dormant
ACC05010,CUST04245,BR032,Savings,2021-11-14,19392.14,Dormant
ACC05011,CUST00165,BR004,Fixed Deposit,2022-07-14,156215.71,Active
ACC05012,CUST00159,BR001,Current,2023-01-19,75625.42,Closed
ACC05013,CUST05203,BR033,Current,2019-06-12,36635.89,Active
ACC05014,CUST05300,BR047,Savings,2025-12-12,17784.54,Closed
ACC05015,CUST05935,BR005,Salary,2023-02-02,14095.72,Closed
ACC05016,CUST06560,BR046,Salary,2019-01-14,9337.24,Active
ACC05017,CUST07456,BR029,Savings,2025-11-17,3313.38,Dormant
ACC05018,CUST00164,BR013,Fixed Deposit,2022-01-24,203884.05,Dormant
ACC05019,CUST05005,BR045,Savings,2021-07-04,25331.21,Closed
ACC05020,CUST00434,BR021,Salary,2020-01-19,17653.74,Active
ACC05021,CUST02663,BR024,Savings,2021-01-06,20907.91,Closed
ACC05022,CUST03393,BR051,Current,2019-01-29,17411.45,Active
ACC05023,CUST04593,BR039,Salary,2025-03-26,11729.39,Closed
ACC05024,CUST03652,BR023,Savings,2025-02-20,5221.52,Closed
ACC05025,CUST06375,BR026,Fixed Deposit,2019-09-07,234744.25,Dormant
ACC05026,CUST05576,BR026,Savings,2022-02-03,7251.32,Active
ACC05027,CUST00247,BR028,Savings,2024-10-16,8701.32,Dormant
ACC05028,CUST02571,BR003,Savings,2025-02-15,14820.5,Dormant
ACC05029,CUST05255,BR054,Savings,2023-05-14,70211.55,Active
ACC05030,CUST06251,BR054,Savings,2022-04-26,22315.98,Closed
ACC05031,CUST00581,BR029,Savings,2021-11-19,7240.73,Dormant
ACC05032,CUST02603,BR054,Savings,2025-04-10,68111.72,Closed
ACC05033,CUST07176,BR051,Current,2019-12-03,75433.04,Dormant
ACC05034,CUST03104,BR007,Savings,2022-02-02,35760.22,Closed
ACC05035,CUST06151,BR032,Savings,2021-01-30,41946.94,Active
ACC05036,CUST04752,BR039,Savings,2021-03-16,190027.81,Active
ACC05037,CUST02939,BR056,Fixed Deposit,2025-05-26,222138.63,Dormant
ACC05038,CUST00378,BR031,Savings,2019-07-03,11872.22,Active
ACC05039,CUST05232,BR003,Salary,2021-06-07,41635.96,Dormant
ACC05040,CUST04975,BR012,Savings,2025-11-10,31096.53,Closed
ACC05041,CUST03299,BR006,Savings,2021-07-22,34516.28,Active
ACC05042,CUST01891,BR055,Savings,2023-08-25,4802.81,Active
ACC05043,CUST04495,BR038,Current,2025-04-18,30626.3,Closed
ACC05044,CUST05925,BR040,Current,2021-08-05,16109.69,Active
ACC05045,CUST04460,BR059,Savings,2019-06-24,46409.2,Active
ACC05046,CUST06704,BR030,Savings,2020-07-22,57755.42,Dormant
ACC05047,CUST07013,BR043,Current,2021-05-02,4561.99,Active
ACC05048,CUST05567,BR014,Savings,2021-11-23,21593.95,Active
ACC05049,CUST07436,BR038,Salary,2019-09-01,29298.84,Closed
ACC05050,CUST00424,BR044,Salary,2020-06-09,11723.2,Dormant
ACC05051,CUST04814,BR045,Savings,2021-07-08,42453.19,Active
ACC05052,CUST06957,BR045,Fixed Deposit,2022-10-09,73917.09,Active
ACC05053,CUST06129,BR020,Savings,2020-03-27,29956.28,Active
ACC05054,CUST03064,BR024,Savings,2025-09-25,17254.3,Active
ACC05055,CUST00581,BR040,Savings,2020-05-16,7369.29,Active
ACC05056,CUST07377,BR060,Salary,2021-07-20,6093.2,Active
ACC05057,CUST06126,BR044,Savings,2024-01-28,41706.71,Active
ACC05058,CUST01659,BR017,Savings,2019-10-14,22415.6,Closed
ACC05059,CUST05227,BR018,Savings,2019-08-21,19444.88,Closed
ACC05060,CUST02462,BR014,Savings,2019-01-30,15040.46,Dormant
ACC05061,CUST07346,BR057,Savings,2022-01-24,16736.21,Closed
ACC05062,CUST06375,BR003,Savings,2023-01-22,56512.7,Closed
ACC05063,CUST05142,BR021,Current,2022-05-31,25971.52,Dormant
ACC05064,CUST02592,BR010,Savings,2023-05-23,6588.24,Dormant
ACC05065,CUST00199,BR031,Savings,2021-04-27,43014.24,Active
ACC05066,CUST06653,BR043,Savings,2022-01-21,18317.48,Active
ACC05067,CUST05017,BR007,Current,2020-09-15,37473.75,Closed
ACC05068,CUST04218,BR020,Savings,2021-06-20,93603.26,Dormant
ACC05069,CUST07049,BR032,Salary,2021-06-20,13168.83,Closed
ACC05070,CUST00540,BR020,Current,2019-01-19,48493.43,Closed
ACC05071,CUST00804,BR004,Fixed Deposit,2023-07-02,29514.76,Active
ACC05072,CUST01916,BR041,Savings,2020-08-03,18075.22,Closed
ACC05073,CUST06905,BR027,Fixed Deposit,2025-08-27,86311.28,Closed
ACC05074,CUST01995,BR059,Savings,2020-06-23,5432.55,Active
ACC05075,CUST03651,BR040,Savings,2022-04-16,26390.53,Dormant
ACC05076,CUST01698,BR055,Current,2022-07-28,40166.6,Closed
ACC05077,CUST04333,BR003,Savings,2025-02-06,22860.34,Closed
ACC05078,CUST07216,BR044,Savings,2024-04-28,56018.82,Dormant
ACC05079,CUST02500,BR005,Salary,2024-03-25,16883.75,Active
ACC05080,CUST06286,BR030,Savings,2021-09-14,83305.07,Active
ACC05081,CUST07684,BR046,Fixed Deposit,2025-09-08,32986.26,Dormant
ACC05082,CUST03301,BR026,Savings,2025-12-15,24892.76,Closed
ACC05083,CUST00596,BR038,Salary,2024-03-04,14173.46,Closed
ACC05084,CUST04251,BR013,Savings,2022-01-29,8414.16,Active
ACC05085,CUST02257,BR041,Savings,2024-04-07,52086.73,Dormant
ACC05086,CUST06239,BR022,Savings,2023-10-28,178475.39,Active
ACC05087,CUST01360,BR039,Savings,2021-06-01,21691.91,Active
ACC05088,CUST02855,BR044,Savings,2024-03-22,34700.83,Active
ACC05089,CUST04929,BR034,Savings,2025-07-25,23767.32,Closed
ACC05090,CUST06234,BR051,Fixed Deposit,2021-12-19,39020.76,Dormant
ACC05091,CUST02600,BR051,Savings,2024-12-04,4278.32,Closed
ACC05092,CUST01082,BR028,Savings,2021-04-01,11670.32,Dormant
ACC05093,CUST01751,BR004,Savings,2023-04-26,6293.28,Active
ACC05094,CUST01044,BR023,Salary,2020-08-16,44040.79,Closed
ACC05095,CUST03037,BR025,Current,2019-12-18,32366.86,Active
ACC05096,CUST01605,BR024,Savings,2020-02-25,16133.81,Dormant
ACC05097,CUST02322,BR019,Savings,2025-06-11,49032.49,Dormant
ACC05098,CUST06692,BR034,Savings,2025-02-01,8025.86,Dormant
ACC05099,CUST05695,BR058,Savings,2020-11-01,11045.99,Active
ACC05100,CUST04300,BR014,Savings,2020-12-01,23418.11,Active
ACC05101,CUST07752,BR005,Savings,2021-03-10,55597.42,Dormant
ACC05102,CUST04053,BR001,Salary,2023-06-22,18980.73,Dormant
ACC05103,CUST02058,BR008,Savings,2024-10-09,27542.7,Dormant
ACC05104,CUST01084,BR040,Current,2021-05-16,39266.14,Closed
ACC05105,CUST03425,BR052,Savings,2020-01-23,31577.88,Dormant
ACC05106,CUST05431,BR027,Current,2019-12-27,44429.23,Closed
ACC05107,CUST03898,BR014,Savings,2022-06-02,8716.95,Closed
ACC05108,CUST00576,BR007,Savings,2019-07-05,22959.14,Closed
ACC05109,CUST07875,BR019,Current,2025-09-02,12410.66,Closed
ACC05110,CUST04691,BR040,Savings,2022-09-14,23693.93,Dormant
ACC05111,CUST03874,BR039,Fixed Deposit,2025-02-24,44873.88,Dormant
ACC05112,CUST04132,BR057,Savings,2025-10-16,216521.14,Active
ACC05113,CUST04081,BR040,Savings,2025-01-09,21249.64,Dormant
ACC05114,CUST06274,BR047,Savings,2021-01-31,6224.1,Closed
ACC05115,CUST00813,BR053,Savings,2021-05-09,19520.84,Active
ACC05116,CUST02241,BR043,Savings,2023-11-01,35151.51,Dormant
ACC05117,CUST02033,BR014,Salary,2021-07-30,43103.3,Closed
ACC05118,CUST01710,BR015,Salary,2021-03-05,8843.02,Dormant
ACC05119,CUST00623,BR032,Fixed Deposit,2025-02-15,23168.37,Dormant
ACC05120,CUST02147,BR041,Savings,2025-10-08,45942.84,Closed
ACC05121,CUST06650,BR013,Savings,2024-06-27,6357.95,Dormant
ACC05122,CUST05326,BR018,Savings,2021-04-03,14875.34,Active
ACC05123,CUST07032,BR009,Savings,2019-09-16,17468.27,Dormant
ACC05124,CUST07068,BR047,Savings,2020-03-14,20688.43,Closed
ACC05125,CUST03424,BR019,Fixed Deposit,2025-04-17,90535.62,Closed
ACC05126,CUST05568,BR040,Salary,2024-03-12,8278.82,Closed
ACC05127,CUST00197,BR019,Savings,2022-05-30,17216.85,Closed
ACC05128,CUST00152,BR053,Savings,2022-02-03,21745.38,Closed
ACC05129,CUST00644,BR013,Savings,2019-07-25,25200.98,Closed
ACC05130,CUST05210,BR018,Savings,2020-11-10,24053.71,Dormant
ACC05131,CUST01142,BR008,Salary,2021-08-25,18127.84,Active
ACC05132,CUST02771,BR030,Savings,2023-09-22,47073.03,Active
ACC05133,CUST02885,BR030,Savings,2021-06-29,31362.58,Dormant
ACC05134,CUST02682,BR042,Savings,2021-07-08,33131.08,Dormant
ACC05135,CUST02111,BR051,Current,2019-03-09,7463.48,Active
ACC05136,CUST07936,BR054,Savings,2025-12-21,23045.02,Closed
ACC05137,CUST02313,BR048,Savings,2020-07-28,33913.1,Closed
ACC05138,CUST06018,BR055,Current,2023-12-07,75277.85,Closed
ACC05139,CUST01334,BR020,Current,2022-04-01,18172.22,Closed
ACC05140,CUST04018,BR056,Salary,2019-11-30,8422.59,Dormant
ACC05141,CUST05014,BR011,Savings,2020-02-11,13138.6,Active
ACC05142,CUST06431,BR057,Savings,2023-03-22,35695.24,Closed
ACC05143,CUST06926,BR056,Savings,2022-06-28,55853.81,Closed
ACC05144,CUST06954,BR010,Savings,2019-04-05,15264.51,Dormant
ACC05145,CUST03255,BR037,Savings,2023-08-14,49869.56,Active
ACC05146,CUST06818,BR041,Savings,2021-04-30,24615.51,Active
ACC05147,CUST02111,BR018,Salary,2024-03-29,12246.56,Closed
ACC05148,CUST03521,BR060,Current,2024-08-02,29396.06,Dormant
ACC05149,CUST05294,BR053,Fixed Deposit,2022-07-18,93710.62,Dormant
ACC05150,CUST03161,BR003,Savings,2019-01-26,29525.81,Active
ACC05151,CUST06166,BR048,Fixed Deposit,2020-12-14,234566.7,Closed
ACC05152,CUST04504,BR002,Savings,2022-05-12,10229.16,Active
ACC05153,CUST00567,BR055,Current,2019-12-09,60967.83,Active
ACC05154,CUST00125,BR040,Savings,2020-10-21,13680.4,Closed
ACC05155,CUST05259,BR024,Current,2021-06-05,15225.29,Active
ACC05156,CUST02560,BR015,Savings,2025-11-14,21812.09,Closed
ACC05157,CUST02346,BR029,Savings,2025-04-21,24924.77,Active
ACC05158,CUST05267,BR027,Savings,2021-08-16,304478.64,Dormant
ACC05159,CUST02717,BR054,Current,2022-09-28,30207.76,Dormant
ACC05160,CUST03786,BR045,Current,2024-05-13,11729.02,Active
ACC05161,CUST02283,BR046,Current,2023-11-19,47715.46,Closed
ACC05162,CUST06163,BR047,Savings,2022-01-04,3404.4,Closed
ACC05163,CUST07964,BR020,Savings,2024-10-24,20276.93,Closed
ACC05164,CUST07945,BR050,Current,2022-08-01,36902.16,Active
ACC05165,CUST07295,BR035,Salary,2021-06-23,23300.27,Active
ACC05166,CUST07880,BR041,Salary,2024-03-21,26410.99,Closed
ACC05167,CUST00343,BR043,Current,2020-09-26,21947.98,Active
ACC05168,CUST07025,BR030,Salary,2023-01-26,12022.92,Dormant
ACC05169,CUST04414,BR030,Current,2024-01-05,16879.91,Active
ACC05170,CUST07677,BR040,Savings,2025-12-01,7980.4,Closed
ACC05171,CUST03636,BR010,Savings,2025-07-15,29111.99,Active
ACC05172,CUST06614,BR043,Salary,2022-05-25,5477.97,Dormant
ACC05173,CUST04420,BR043,Savings,2025-07-03,15166.37,Closed
ACC05174,CUST04118,BR018,Current,2023-01-27,13424.36,Dormant
ACC05175,CUST01721,BR032,Savings,2023-03-06,36124.08,Closed
ACC05176,CUST01772,BR037,Savings,2019-10-30,111445.07,Active
ACC05177,CUST02500,BR052,Savings,2023-06-20,6826.52,Active
ACC05178,CUST03881,BR043,Savings,2024-06-16,4155.9,Dormant
ACC05179,CUST00649,BR022,Fixed Deposit,2023-05-13,55551.62,Active
ACC05180,CUST01985,BR042,Savings,2023-04-19,22339.86,Dormant
ACC05181,CUST04888,BR003,Savings,2021-01-18,26817.06,Closed
ACC05182,CUST04294,BR041,Savings,2021-03-19,14739.87,Active
ACC05183,CUST04433,BR015,Salary,2019-08-03,11609.19,Dormant
ACC05184,CUST00397,BR019,Savings,2022-05-29,30661.39,Closed
ACC05185,CUST08006,BR006,Fixed Deposit,2020-03-30,111776.71,Active
ACC05186,CUST01860,BR027,Savings,2025-01-19,3791.27,Closed
ACC05187,CUST01623,BR049,Current,2021-07-22,25110.98,Closed
ACC05188,CUST02671,BR032,Savings,2024-01-11,26700.24,Dormant
ACC05189,CUST07356,BR019,Savings,2025-01-18,9641.4,Active
ACC05190,CUST02886,BR042,Current,2022-01-03,205082.91,Active
ACC05191,CUST01830,BR032,Salary,2021-01-16,8563.06,Active
ACC05192,CUST02135,BR060,Savings,2021-06-10,21222.91,Dormant
ACC05193,CUST07958,BR022,Savings,2021-07-10,36330.75,Closed
ACC05194,CUST05192,BR024,Savings,2022-02-13,12936.96,Dormant
ACC05195,CUST07580,BR035,Savings,2024-03-11,4180.07,Closed
ACC05196,CUST00927,BR016,Current,2019-04-27,23655.37,Active
ACC05197,CUST05556,BR057,Current,2023-02-08,101665.22,Dormant
ACC05198,CUST01734,BR013,Savings,2022-12-22,16265.38,Closed
ACC05199,CUST07968,BR041,Salary,2025-11-03,7387.14,Closed
ACC05200,CUST02017,BR011,Salary,2019-01-05,25539.22,Closed
ACC05201,CUST03193,BR028,Savings,2021-01-09,16355.22,Active
ACC05202,CUST03481,BR011,Savings,2023-10-27,13916.85,Closed
ACC05203,CUST07656,BR022,Savings,2024-12-31,25197.76,Dormant
ACC05204,CUST01727,BR020,Savings,2025-04-12,44076.2,Dormant
ACC05205,CUST00061,BR036,Fixed Deposit,2024-09-15,249952.98,Closed
ACC05206,CUST03515,BR005,Savings,2024-03-26,46374.85,Active
ACC05207,CUST03404,BR042,Current,2020-08-19,115825.49,Closed
ACC05208,CUST07395,BR044,Salary,2021-11-16,9375.2,Dormant
ACC05209,CUST05803,BR006,Savings,2023-06-09,8749.21,Dormant
ACC05210,CUST02464,BR015,Current,2019-03-27,38651.13,Dormant
ACC05211,CUST00673,BR001,Savings,2023-09-03,24256.82,Closed
ACC05212,CUST04232,BR035,Savings,2023-12-05,8344.34,Active
ACC05213,CUST04275,BR057,Salary,2020-07-19,11816.99,Active
ACC05214,CUST03166,BR022,Savings,2025-05-01,31551.8,Closed
ACC05215,CUST06557,BR043,Salary,2025-10-30,17193.31,Active
ACC05216,CUST01723,BR053,Savings,2020-06-30,34677.94,Closed
ACC05217,CUST05301,BR040,Salary,2020-05-09,16377.69,Closed
ACC05218,CUST02914,BR012,Savings,2019-02-06,13956.38,Closed
ACC05219,CUST00178,BR022,Fixed Deposit,2023-10-06,43987.45,Dormant
ACC05220,CUST05187,BR023,Savings,2021-05-04,7487.15,Dormant
ACC05221,CUST06619,BR015,Savings,2022-02-01,109787.01,Dormant
ACC05222,CUST02783,BR048,Fixed Deposit,2022-04-11,60359.29,Closed
ACC05223,CUST05039,BR054,Salary,2019-10-05,11414.08,Dormant
ACC05224,CUST06709,BR019,Current,2022-05-30,14345.73,Dormant
ACC05225,CUST07611,BR012,Savings,2021-06-18,309307.78,Closed
ACC05226,CUST06584,BR008,Savings,2021-03-28,8383.37,Dormant
ACC05227,CUST03564,BR001,Savings,2019-11-03,14973.49,Active
ACC05228,CUST07383,BR018,Savings,2022-12-14,32024.39,Closed
ACC05229,CUST06580,BR056,Salary,2022-02-15,20336.02,Active
ACC05230,CUST01219,BR051,Savings,2025-10-04,52163.53,Dormant
ACC05231,CUST06520,BR040,Savings,2022-10-23,112066.49,Closed
ACC05232,CUST06169,BR021,Savings,2019-09-08,34736.35,Closed
ACC05233,CUST00246,BR038,Savings,2024-02-03,8514.9,Dormant
ACC05234,CUST04309,BR002,Fixed Deposit,2020-03-11,51319.85,Active
ACC05235,CUST02482,BR021,Savings,2023-02-17,29058.0,Active
ACC05236,CUST01818,BR038,Savings,2019-09-23,141690.93,Dormant
ACC05237,CUST05251,BR030,Savings,2023-10-19,6260.25,Active
ACC05238,CUST03407,BR053,Fixed Deposit,2024-08-19,123197.73,Active
ACC05239,CUST06975,BR035,Savings,2021-01-28,25898.05,Dormant
ACC05240,CUST03559,BR060,Salary,2023-01-04,24016.14,Active
ACC05241,CUST06056,BR001,Savings,2020-09-22,20094.57,Closed
ACC05242,CUST06752,BR012,Current,2025-05-26,15639.69,Dormant
ACC05243,CUST02750,BR010,Savings,2024-01-01,43294.7,Active
ACC05244,CUST07508,BR046,Savings,2021-11-25,39695.29,Closed
ACC05245,CUST04510,BR038,Fixed Deposit,2022-10-13,107283.93,Dormant
ACC05246,CUST07751,BR055,Savings,2023-08-28,21764.29,Closed
ACC05247,CUST02135,BR008,Savings,2025-05-15,12837.94,Closed
ACC05248,CUST01064,BR055,Savings,2025-03-26,5415.89,Dormant
ACC05249,CUST02750,BR025,Fixed Deposit,2025-11-12,97892.38,Closed
ACC05250,CUST00121,BR058,Current,2022-07-08,55486.19,Closed
ACC05251,CUST03215,BR039,Salary,2020-06-06,6795.07,Active
ACC05252,CUST07816,BR010,Savings,2021-03-06,13565.48,Dormant
ACC05253,CUST01095,BR049,Savings,2023-03-25,14471.22,Closed
ACC05254,CUST03939,BR050,Savings,2023-11-07,5798.26,Dormant
ACC05255,CUST01776,BR042,Savings,2025-02-03,10552.16,Closed
ACC05256,CUST02202,BR008,Savings,2022-01-28,7939.08,Dormant
ACC05257,CUST05032,BR052,Savings,2025-04-01,15195.72,Dormant
ACC05258,CUST00663,BR039,Salary,2025-09-06,7965.79,Active
ACC05259,CUST03817,BR026,Salary,2020-05-06,4277.38,Dormant
ACC05260,CUST07716,BR058,Savings,2021-05-19,135989.26,Dormant
ACC05261,CUST00267,BR033,Savings,2023-06-03,68001.61,Closed
ACC05262,CUST03355,BR002,Savings,2024-11-29,10925.8,Dormant
ACC05263,CUST02541,BR038,Salary,2021-12-07,16166.48,Active
ACC05264,CUST01005,BR052,Savings,2024-12-15,32071.36,Closed
ACC05265,CUST05203,BR052,Current,2024-06-02,119501.7,Closed
ACC05266,CUST00050,BR002,Current,2025-09-09,16016.82,Closed
ACC05267,CUST06401,BR010,Savings,2020-09-30,58858.77,Closed
ACC05268,CUST00479,BR010,Fixed Deposit,2022-03-13,43099.08,Dormant
ACC05269,CUST00250,BR029,Savings,2022-04-09,6619.16,Closed
ACC05270,CUST03308,BR018,Savings,2025-08-19,42265.35,Closed
ACC05271,CUST00868,BR055,Savings,2022-10-31,70381.28,Active
ACC05272,CUST05218,BR055,Savings,2022-01-09,226187.16,Active
ACC05273,CUST02339,BR004,Savings,2025-11-16,7481.94,Dormant
ACC05274,CUST06586,BR004,Salary,2019-03-15,21790.81,Dormant
ACC05275,CUST07520,BR015,Salary,2024-10-18,10028.03,Active
ACC05276,CUST01385,BR015,Savings,2024-09-29,44579.21,Dormant
ACC05277,CUST01599,BR017,Fixed Deposit,2023-02-07,24777.87,Active
ACC05278,CUST00830,BR014,Current,2023-09-22,10272.55,Dormant
ACC05279,CUST05222,BR020,Savings,2023-12-08,10956.77,Active
ACC05280,CUST02079,BR020,Savings,2025-12-07,23648.8,Active
ACC05281,CUST06441,BR030,Savings,2025-04-15,12369.97,Dormant
ACC05282,CUST02732,BR052,Savings,2022-02-25,39860.81,Dormant
ACC05283,CUST04544,BR025,Savings,2020-10-16,55503.71,Dormant
ACC05284,CUST06953,BR033,Savings,2021-06-17,37783.2,Closed
ACC05285,CUST04177,BR058,Current,2021-06-10,183283.17,Closed
ACC05286,CUST01901,BR045,Savings,2021-10-25,32024.1,Dormant
ACC05287,CUST04628,BR048,Savings,2024-11-09,7367.2,Closed
ACC05288,CUST05018,BR052,Savings,2024-10-17,75134.78,Active
ACC05289,CUST06919,BR054,Savings,2024-09-22,12776.46,Closed
ACC05290,CUST05121,BR053,Current,2024-02-07,90257.19,Active
ACC05291,CUST07722,BR038,Savings,2023-04-29,90795.12,Active
ACC05292,CUST00218,BR034,Savings,2019-01-02,33223.72,Closed
ACC05293,CUST03987,BR034,Savings,2025-06-05,5729.92,Closed
ACC05294,CUST07733,BR003,Savings,2020-10-28,9639.35,Closed
ACC05295,CUST06004,BR044,Salary,2023-04-12,33722.52,Active
ACC05296,CUST00841,BR012,Salary,2022-09-23,11868.16,Closed
ACC05297,CUST00846,BR050,Current,2024-04-01,39323.34,Dormant
ACC05298,CUST03482,BR039,Savings,2023-07-24,43605.65,Dormant
ACC05299,CUST05442,BR008,Fixed Deposit,2021-09-07,90925.31,Closed
ACC05300,CUST00156,BR058,Current,2023-01-16,47992.49,Closed
ACC05301,CUST00460,BR034,Savings,2020-09-19,18255.08,Dormant
ACC05302,CUST00351,BR008,Salary,2024-08-30,10733.58,Active
ACC05303,CUST03948,BR013,Savings,2022-04-14,47672.45,Active
ACC05304,CUST00717,BR054,Savings,2024-10-11,36250.65,Closed
ACC05305,CUST03826,BR004,Savings,2024-03-10,17473.31,Active
ACC05306,CUST01481,BR044,Fixed Deposit,2021-11-30,114607.37,Dormant
ACC05307,CUST05926,BR024,Savings,2025-07-15,19611.46,Closed
ACC05308,CUST01016,BR019,Savings,2025-03-12,10234.34,Dormant
ACC05309,CUST02423,BR035,Savings,2023-02-07,11124.74,Closed
ACC05310,CUST00094,BR004,Fixed Deposit,2025-12-08,33281.45,Closed
ACC05311,CUST02755,BR006,Fixed Deposit,2024-08-18,50845.86,Dormant
ACC05312,CUST00126,BR021,Savings,2025-05-31,66859.71,Active
ACC05313,CUST02724,BR017,Savings,2024-01-31,10672.38,Active
ACC05314,CUST03660,BR051,Savings,2024-12-04,26098.37,Closed
ACC05315,CUST01043,BR012,Savings,2021-12-23,12197.42,Dormant
ACC05316,CUST07674,BR021,Current,2022-02-10,27992.47,Closed
ACC05317,CUST02073,BR034,Savings,2021-03-22,5658.78,Closed
ACC05318,CUST06530,BR017,Salary,2023-06-06,11448.61,Closed
ACC05319,CUST00330,BR011,Savings,2019-04-13,18502.57,Dormant
ACC05320,CUST00187,BR012,Savings,2023-11-30,35819.91,Closed
ACC05321,CUST07814,BR009,Salary,2023-10-25,15619.83,Active
ACC05322,CUST00887,BR033,Salary,2024-12-28,5774.03,Active
ACC05323,CUST06800,BR016,Savings,2020-04-22,58441.32,Dormant
ACC05324,CUST02586,BR040,Savings,2025-10-06,26616.13,Dormant
ACC05325,CUST00106,BR030,Current,2020-08-14,44284.66,Dormant
ACC05326,CUST06119,BR054,Current,2019-11-30,35983.57,Dormant
ACC05327,CUST04673,BR019,Savings,2019-10-26,13822.02,Active
ACC05328,CUST03257,BR049,Salary,2025-05-03,15560.04,Dormant
ACC05329,CUST02050,BR041,Salary,2022-02-23,18637.14,Closed
ACC05330,CUST04470,BR038,Current,2024-04-04,6330.31,Closed
ACC05331,CUST00339,BR039,Savings,2022-05-27,13563.2,Closed
ACC05332,CUST03112,BR021,Savings,2025-12-09,17510.36,Active
ACC05333,CUST00451,BR055,Savings,2024-09-06,27737.86,Active
ACC05334,CUST04008,BR016,Savings,2020-01-13,64471.59,Dormant
ACC05335,CUST05368,BR057,Savings,2024-12-03,10997.61,Dormant
ACC05336,CUST01145,BR038,Salary,2025-04-06,9427.88,Active
ACC05337,CUST07814,BR020,Current,2024-07-25,21752.11,Closed
ACC05338,CUST01852,BR053,Current,2025-11-18,16292.7,Active
ACC05339,CUST04766,BR002,Savings,2024-01-21,16115.42,Active
ACC05340,CUST01036,BR039,Savings,2024-10-10,44078.26,Active
ACC05341,CUST06748,BR044,Savings,2021-09-23,8531.74,Active
ACC05342,CUST03908,BR034,Savings,2020-04-13,32371.48,Active
ACC05343,CUST07299,BR037,Salary,2022-05-06,4058.9,Closed
ACC05344,CUST04539,BR013,Savings,2021-04-15,13290.38,Dormant
ACC05345,CUST06934,BR055,Savings,2024-07-29,16374.16,Active
ACC05346,CUST05119,BR057,Savings,2022-10-22,99446.36,Dormant
ACC05347,CUST03335,BR036,Savings,2019-01-04,17200.23,Dormant
ACC05348,CUST04992,BR004,Savings,2022-05-08,3037.78,Active
ACC05349,CUST01627,BR035,Savings,2022-07-31,3644.59,Active
ACC05350,CUST05550,BR024,Salary,2023-03-31,13681.79,Dormant
ACC05351,CUST01249,BR013,Current,2022-06-04,67088.7,Dormant
ACC05352,CUST03652,BR049,Salary,2025-11-14,17375.55,Dormant
ACC05353,CUST06571,BR015,Salary,2021-04-14,15022.42,Dormant
ACC05354,CUST04080,BR039,Savings,2025-05-12,62694.79,Dormant
ACC05355,CUST03880,BR019,Savings,2022-09-03,13553.06,Dormant
ACC05356,CUST04772,BR013,Fixed Deposit,2023-04-29,102431.17,Active
ACC05357,CUST06544,BR010,Current,2023-03-11,7100.96,Dormant
ACC05358,CUST05708,BR010,Current,2024-09-24,14691.91,Active
ACC05359,CUST00330,BR009,Salary,2021-11-12,3770.91,Dormant
ACC05360,CUST00532,BR019,Savings,2020-06-07,17199.56,Dormant
ACC05361,CUST07785,BR036,Savings,2024-09-11,21128.22,Dormant
ACC05362,CUST06857,BR037,Savings,2020-04-10,24408.61,Active
ACC05363,CUST00025,BR024,Savings,2023-06-04,23288.04,Dormant
ACC05364,CUST07900,BR048,Salary,2024-10-26,6979.36,Dormant
ACC05365,CUST04383,BR017,Savings,2024-12-08,18560.36,Dormant
ACC05366,CUST03186,BR030,Salary,2024-12-14,4683.44,Closed
ACC05367,CUST03322,BR047,Savings,2020-03-14,75124.81,Dormant
ACC05368,CUST01375,BR014,Current,2023-09-19,26805.81,Dormant
ACC05369,CUST05279,BR056,Savings,2021-01-26,14185.88,Dormant
ACC05370,CUST07862,BR056,Savings,2021-02-15,92046.24,Closed
ACC05371,CUST00439,BR029,Savings,2022-02-28,7201.02,Dormant
ACC05372,CUST01482,BR006,Savings,2022-09-24,7998.2,Active
ACC05373,CUST02518,BR044,Savings,2021-11-26,8212.41,Closed
ACC05374,CUST06531,BR047,Fixed Deposit,2024-03-23,57484.88,Closed
ACC05375,CUST06687,BR027,Savings,2020-02-07,32482.88,Dormant
ACC05376,CUST06787,BR004,Current,2024-06-09,76090.25,Closed
ACC05377,CUST05521,BR022,Fixed Deposit,2024-11-01,280182.71,Dormant
ACC05378,CUST01606,BR010,Savings,2023-05-02,2908.84,Active
ACC05379,CUST02863,BR050,Savings,2025-03-27,38095.9,Dormant
ACC05380,CUST05875,BR006,Savings,2022-03-31,13340.8,Dormant
ACC05381,CUST07401,BR017,Savings,2021-11-21,12993.78,Closed
ACC05382,CUST04558,BR031,Current,2023-09-03,19540.17,Active
ACC05383,CUST02715,BR032,Savings,2023-04-21,9721.62,Active
ACC05384,CUST00833,BR049,Salary,2024-12-10,43441.37,Dormant
ACC05385,CUST02564,BR056,Savings,2021-02-13,47007.74,Active
ACC05386,CUST07890,BR057,Salary,2025-10-08,13578.42,Closed
ACC05387,CUST05055,BR050,Current,2021-08-19,140226.71,Active
ACC05388,CUST01674,BR048,Salary,2024-05-08,4634.25,Active
ACC05389,CUST00215,BR039,Savings,2020-10-03,6649.96,Dormant
ACC05390,CUST06643,BR002,Salary,2024-08-01,2908.59,Dormant
ACC05391,CUST05199,BR010,Savings,2025-05-16,11737.3,Dormant
ACC05392,CUST02119,BR054,Savings,2019-09-15,25476.93,Active
ACC05393,CUST03462,BR043,Salary,2022-02-17,14357.12,Dormant
ACC05394,CUST03830,BR028,Savings,2023-06-09,25195.17,Active
ACC05395,CUST07524,BR030,Savings,2019-03-09,6186.03,Dormant
ACC05396,CUST05752,BR040,Savings,2019-09-11,45380.57,Closed
ACC05397,CUST01091,BR010,Salary,2021-01-21,15799.59,Closed
ACC05398,CUST07085,BR023,Salary,2024-11-23,22317.76,Dormant
ACC05399,CUST07899,BR009,Current,2025-03-27,5471.12,Dormant
ACC05400,CUST01015,BR025,Salary,2025-04-26,16614.71,Dormant
ACC05401,CUST04715,BR036,Current,2024-05-20,11072.67,Closed
ACC05402,CUST02102,BR002,Savings,2019-09-08,15404.41,Dormant
ACC05403,CUST03349,BR034,Fixed Deposit,2021-07-28,82505.39,Active
ACC05404,CUST05678,BR048,Savings,2019-01-18,23908.38,Active
ACC05405,CUST02676,BR025,Current,2021-12-13,15497.9,Closed
ACC05406,CUST07119,BR048,Current,2021-11-03,36544.03,Closed
ACC05407,CUST07408,BR057,Current,2021-02-17,7851.54,Dormant
ACC05408,CUST00964,BR008,Salary,2023-10-09,29887.25,Dormant
ACC05409,CUST03978,BR051,Savings,2024-03-28,18310.76,Active
ACC05410,CUST00577,BR015,Current,2022-01-01,111140.44,Closed
ACC05411,CUST07520,BR007,Savings,2019-07-07,13713.3,Active
ACC05412,CUST06675,BR030,Savings,2021-10-19,13749.83,Dormant
ACC05413,CUST05993,BR023,Current,2021-09-20,16912.58,Active
ACC05414,CUST06362,BR044,Savings,2023-06-16,48463.03,Closed
ACC05415,CUST06929,BR031,Savings,2024-08-04,11631.96,Dormant
ACC05416,CUST06238,BR004,Savings,2022-01-02,39345.46,Closed
ACC05417,CUST01588,BR039,Current,2020-08-02,24773.94,Active
ACC05418,CUST06794,BR026,Current,2022-10-14,5034.33,Dormant
ACC05419,CUST07477,BR039,Savings,2021-02-05,13183.45,Closed
ACC05420,CUST01727,BR030,Salary,2024-03-25,5852.5,Dormant
ACC05421,CUST01483,BR047,Savings,2021-02-27,22708.91,Dormant
ACC05422,CUST03095,BR023,Fixed Deposit,2022-11-22,29312.09,Active
ACC05423,CUST06012,BR021,Fixed Deposit,2020-05-18,104358.26,Closed
ACC05424,CUST01163,BR032,Current,2022-02-24,33154.18,Active
ACC05425,CUST06682,BR001,Savings,2022-12-29,18772.79,Closed
ACC05426,CUST02904,BR034,Fixed Deposit,2024-12-14,88746.15,Active
ACC05427,CUST02250,BR025,Savings,2022-09-04,52444.79,Closed
ACC05428,CUST04361,BR004,Savings,2025-07-18,21631.61,Active
ACC05429,CUST00561,BR008,Salary,2024-08-27,7786.6,Closed
ACC05430,CUST00011,BR012,Salary,2020-04-23,3859.22,Active
ACC05431,CUST02691,BR038,Savings,2020-11-29,11879.33,Dormant
ACC05432,CUST00409,BR018,Current,2022-05-15,19590.26,Dormant
ACC05433,CUST01102,BR028,Current,2019-04-04,40419.09,Dormant
ACC05434,CUST04048,BR006,Salary,2022-03-28,10492.3,Closed
ACC05435,CUST04627,BR060,Savings,2019-07-02,40910.4,Dormant
ACC05436,CUST06947,BR038,Savings,2024-02-11,12686.77,Closed
ACC05437,CUST02990,BR013,Savings,2021-08-26,20924.23,Active
ACC05438,CUST03088,BR026,Savings,2019-06-15,63932.86,Dormant
ACC05439,CUST02778,BR050,Salary,2021-08-04,16971.28,Dormant
ACC05440,CUST05893,BR047,Fixed Deposit,2020-07-05,57755.71,Active
ACC05441,CUST07437,BR035,Savings,2020-11-04,12813.44,Active
ACC05442,CUST07038,BR057,Savings,2021-01-18,12457.67,Dormant
ACC05443,CUST06908,BR051,Savings,2020-09-08,10244.01,Closed
ACC05444,CUST06311,BR040,Savings,2025-02-27,13535.81,Active
ACC05445,CUST07354,BR002,Salary,2022-10-02,22673.82,Active
ACC05446,CUST03891,BR053,Fixed Deposit,2025-12-14,52410.75,Dormant
ACC05447,CUST06843,BR002,Current,2023-09-27,9416.58,Dormant
ACC05448,CUST04136,BR008,Current,2023-05-09,212813.04,Dormant
ACC05449,CUST05682,BR034,Salary,2023-10-16,16713.56,Dormant
ACC05450,CUST05437,BR028,Savings,2025-05-17,6208.97,Active
ACC05451,CUST02981,BR011,Fixed Deposit,2024-11-09,45930.77,Dormant
ACC05452,CUST03952,BR046,Savings,2020-10-29,24338.09,Active
ACC05453,CUST05303,BR010,Fixed Deposit,2024-06-10,166500.78,Active
ACC05454,CUST00964,BR007,Current,2021-07-11,11990.71,Dormant
ACC05455,CUST03646,BR016,Savings,2021-05-13,53020.65,Closed
ACC05456,CUST01901,BR058,Savings,2019-06-09,77616.69,Active
ACC05457,CUST06807,BR054,Current,2020-10-07,19367.38,Dormant
ACC05458,CUST05402,BR007,Fixed Deposit,2023-10-23,50690.4,Closed
ACC05459,CUST03864,BR054,Salary,2019-02-24,6467.75,Active
ACC05460,CUST00983,BR001,Savings,2021-04-06,18340.83,Closed
ACC05461,CUST04049,BR008,Salary,2019-05-23,13021.89,Closed
ACC05462,CUST04332,BR010,Savings,2022-07-10,39882.18,Active
ACC05463,CUST05384,BR013,Fixed Deposit,2024-07-13,115163.72,Dormant
ACC05464,CUST01799,BR005,Savings,2022-02-03,11234.15,Dormant
ACC05465,CUST06027,BR039,Savings,2021-06-24,3749.61,Active
ACC05466,CUST02991,BR048,Current,2019-11-26,35552.13,Dormant
ACC05467,CUST03557,BR017,Current,2022-03-16,48705.03,Dormant
ACC05468,CUST06035,BR001,Current,2021-11-19,46602.88,Active
ACC05469,CUST07129,BR005,Savings,2024-08-04,16415.71,Closed
ACC05470,CUST05945,BR015,Savings,2022-11-11,24643.71,Dormant
ACC05471,CUST02913,BR011,Salary,2024-07-25,38592.43,Dormant
ACC05472,CUST07600,BR044,Savings,2023-04-06,31056.42,Dormant
ACC05473,CUST04959,BR044,Salary,2025-03-24,10287.06,Closed
ACC05474,CUST04958,BR026,Salary,2025-04-04,9413.14,Active
ACC05475,CUST00067,BR055,Savings,2021-07-26,18904.08,Active
ACC05476,CUST00143,BR059,Savings,2020-11-03,96092.44,Active
ACC05477,CUST04579,BR055,Savings,2023-06-05,18676.65,Closed
ACC05478,CUST02819,BR016,Salary,2022-10-06,13175.89,Active
ACC05479,CUST04445,BR011,Savings,2024-10-20,14270.04,Active
ACC05480,CUST00232,BR035,Fixed Deposit,2025-04-22,115773.39,Dormant
ACC05481,CUST06219,BR054,Savings,2020-07-11,128521.76,Closed
ACC05482,CUST07342,BR018,Current,2021-08-12,56988.97,Active
ACC05483,CUST00648,BR053,Savings,2022-04-10,23730.01,Closed
ACC05484,CUST01868,BR047,Savings,2025-06-07,22767.85,Dormant
ACC05485,CUST00952,BR001,Current,2023-03-01,3346.58,Closed
ACC05486,CUST03844,BR047,Fixed Deposit,2024-06-19,93628.54,Closed
ACC05487,CUST07274,BR052,Salary,2023-11-17,14675.23,Closed
ACC05488,CUST04836,BR034,Fixed Deposit,2025-06-06,77420.37,Dormant
ACC05489,CUST06625,BR002,Current,2019-08-31,17828.22,Closed
ACC05490,CUST04830,BR040,Salary,2023-02-11,10207.52,Dormant
ACC05491,CUST05737,BR011,Savings,2023-10-04,15215.62,Active
ACC05492,CUST04932,BR014,Savings,2024-04-04,55241.0,Active
ACC05493,CUST04015,BR029,Fixed Deposit,2021-09-17,47702.74,Closed
ACC05494,CUST00286,BR043,Fixed Deposit,2023-10-26,208896.92,Dormant
ACC05495,CUST04758,BR019,Savings,2021-01-31,32460.4,Active
ACC05496,CUST02043,BR008,Savings,2025-07-06,6987.55,Active
ACC05497,CUST02697,BR055,Savings,2020-03-07,19620.07,Dormant
ACC05498,CUST07726,BR053,Savings,2022-12-27,12252.59,Closed
ACC05499,CUST03248,BR008,Savings,2023-01-26,3056.59,Active
ACC05500,CUST02961,BR044,Savings,2022-09-22,92922.76,Active
ACC05501,CUST06255,BR034,Salary,2021-04-12,21855.32,Closed
ACC05502,CUST05788,BR026,Savings,2019-03-15,35592.37,Active
ACC05503,CUST04586,BR007,Current,2025-03-28,42847.55,Active
ACC05504,CUST01347,BR042,Savings,2021-09-21,6349.84,Active
ACC05505,CUST06750,BR059,Current,2019-03-04,22390.29,Active
ACC05506,CUST03314,BR021,Savings,2022-05-16,46985.89,Active
ACC05507,CUST02242,BR021,Salary,2024-12-09,6400.59,Active
ACC05508,CUST04890,BR029,Savings,2021-08-24,2256.13,Closed
ACC05509,CUST03265,BR007,Salary,2022-04-05,11396.09,Active
ACC05510,CUST05435,BR050,Savings,2020-12-17,19388.17,Dormant
ACC05511,CUST00830,BR026,Savings,2021-09-26,24884.67,Dormant
ACC05512,CUST06283,BR027,Savings,2021-03-07,42432.37,Closed
ACC05513,CUST06288,BR054,Current,2021-11-08,68706.96,Dormant
ACC05514,CUST01363,BR019,Current,2019-03-11,47040.76,Closed
ACC05515,CUST02648,BR056,Savings,2019-10-04,64600.55,Active
ACC05516,CUST01320,BR014,Savings,2022-12-31,5613.49,Active
ACC05517,CUST03014,BR055,Savings,2022-10-20,34687.12,Active
ACC05518,CUST04977,BR045,Savings,2022-10-12,38711.21,Closed
ACC05519,CUST02991,BR039,Salary,2025-02-18,5610.0,Closed
ACC05520,CUST00889,BR047,Savings,2020-02-28,5695.41,Dormant
ACC05521,CUST07964,BR020,Savings,2021-09-11,11255.95,Dormant
ACC05522,CUST07311,BR024,Savings,2025-06-01,12144.27,Active
ACC05523,CUST01607,BR026,Savings,2020-08-11,43394.05,Closed
ACC05524,CUST00011,BR016,Savings,2022-01-22,12669.02,Dormant
ACC05525,CUST00719,BR010,Savings,2023-01-11,10191.27,Closed
ACC05526,CUST02503,BR054,Savings,2020-02-16,12702.19,Active
ACC05527,CUST07170,BR056,Savings,2023-02-21,60280.81,Closed
ACC05528,CUST02742,BR028,Salary,2019-05-08,13482.26,Active
ACC05529,CUST00835,BR004,Savings,2022-10-29,18744.85,Dormant
ACC05530,CUST03967,BR036,Fixed Deposit,2023-10-20,56049.85,Dormant
ACC05531,CUST07060,BR015,Savings,2024-09-13,70463.79,Active
ACC05532,CUST05512,BR026,Fixed Deposit,2021-06-05,38196.42,Active
ACC05533,CUST06539,BR037,Current,2023-08-07,135334.98,Closed
ACC05534,CUST07780,BR007,Current,2024-08-23,44823.88,Closed
ACC05535,CUST07753,BR005,Savings,2023-06-03,19065.25,Active
ACC05536,CUST02881,BR050,Current,2019-10-28,442811.96,Active
ACC05537,CUST06611,BR017,Savings,2022-02-10,8517.89,Closed
ACC05538,CUST01575,BR007,Current,2021-11-18,25496.95,Active
ACC05539,CUST01069,BR041,Savings,2019-08-16,7264.92,Closed
ACC05540,CUST04771,BR007,Salary,2025-08-04,26022.67,Closed
ACC05541,CUST06459,BR010,Savings,2020-01-13,100737.16,Dormant
ACC05542,CUST00847,BR002,Salary,2025-10-01,42999.59,Active
ACC05543,CUST06466,BR051,Savings,2019-08-11,66274.06,Active
ACC05544,CUST07287,BR010,Salary,2025-02-06,11633.75,Closed
ACC05545,CUST00500,BR027,Savings,2019-02-14,15855.68,Dormant
ACC05546,CUST06997,BR045,Fixed Deposit,2025-03-10,21967.03,Closed
ACC05547,CUST03491,BR013,Savings,2020-11-30,137624.77,Active
ACC05548,CUST05552,BR004,Salary,2023-11-15,18551.11,Closed
ACC05549,CUST01785,BR038,Savings,2019-08-17,14146.73,Active
ACC05550,CUST03776,BR013,Fixed Deposit,2025-05-05,132831.16,Dormant
ACC05551,CUST01572,BR035,Current,2019-02-07,13728.59,Active
ACC05552,CUST07714,BR016,Salary,2023-10-06,17758.78,Active
ACC05553,CUST07756,BR006,Salary,2022-12-09,11839.06,Active
ACC05554,CUST07060,BR059,Salary,2023-07-08,20891.01,Dormant
ACC05555,CUST03639,BR053,Savings,2023-06-09,20801.57,Active
ACC05556,CUST01591,BR040,Fixed Deposit,2019-10-23,25070.4,Active
ACC05557,CUST00440,BR031,Fixed Deposit,2021-12-12,62651.68,Dormant
ACC05558,CUST01855,BR019,Savings,2021-09-10,56612.08,Dormant
ACC05559,CUST00831,BR052,Fixed Deposit,2024-11-20,58833.7,Dormant
ACC05560,CUST00289,BR026,Savings,2024-12-23,44249.69,Closed
ACC05561,CUST06115,BR021,Fixed Deposit,2022-01-17,31974.13,Dormant
ACC05562,CUST06299,BR055,Savings,2019-07-26,21511.98,Closed
ACC05563,CUST00823,BR060,Savings,2022-03-30,12555.83,Dormant
ACC05564,CUST06822,BR021,Savings,2020-06-15,43143.31,Active
ACC05565,CUST06148,BR059,Savings,2021-01-04,22659.68,Dormant
ACC05566,CUST06546,BR048,Savings,2023-11-03,40989.3,Closed
ACC05567,CUST02196,BR040,Savings,2021-09-24,58626.34,Active
ACC05568,CUST05311,BR019,Fixed Deposit,2023-07-15,90669.03,Closed
ACC05569,CUST05872,BR018,Salary,2021-07-17,16174.37,Closed
ACC05570,CUST04451,BR015,Savings,2023-09-23,8969.71,Closed
ACC05571,CUST07106,BR014,Current,2019-10-22,36214.46,Closed
ACC05572,CUST07560,BR036,Savings,2022-09-24,13632.59,Closed
ACC05573,CUST07984,BR044,Salary,2020-10-22,10500.26,Dormant
ACC05574,CUST06472,BR010,Current,2021-06-26,24970.89,Active
ACC05575,CUST01245,BR050,Salary,2023-03-01,6728.13,Dormant
ACC05576,CUST01887,BR008,Savings,2019-06-05,3783.46,Active
ACC05577,CUST03059,BR012,Salary,2022-06-26,8369.09,Dormant
ACC05578,CUST01410,BR041,Salary,2025-06-15,15296.29,Active
ACC05579,CUST00081,BR049,Salary,2023-12-31,5199.28,Active
ACC05580,CUST04200,BR044,Savings,2022-08-21,22339.55,Active
ACC05581,CUST06886,BR019,Salary,2021-11-18,50523.2,Active
ACC05582,CUST07175,BR058,Savings,2020-01-08,55312.32,Closed
ACC05583,CUST00708,BR014,Savings,2024-06-02,96682.47,Active
ACC05584,CUST02271,BR009,Savings,2023-12-05,31320.09,Dormant
ACC05585,CUST05935,BR060,Current,2025-05-02,116717.27,Dormant
ACC05586,CUST00419,BR056,Salary,2025-10-05,8048.37,Closed
ACC05587,CUST05489,BR036,Current,2023-02-02,19065.96,Active
ACC05588,CUST06783,BR060,Savings,2022-09-06,1872.02,Closed
ACC05589,CUST05827,BR031,Salary,2024-12-01,30647.36,Closed
ACC05590,CUST04358,BR018,Current,2023-02-12,169451.83,Dormant
ACC05591,CUST02490,BR011,Salary,2021-06-17,9070.44,Active
ACC05592,CUST02843,BR034,Savings,2021-08-11,17526.05,Closed
ACC05593,CUST05157,BR054,Salary,2024-09-03,7881.68,Active
ACC05594,CUST05223,BR034,Salary,2020-12-30,17463.31,Closed
ACC05595,CUST00965,BR023,Current,2024-02-21,111852.08,Active
ACC05596,CUST03537,BR029,Salary,2024-10-17,3944.43,Dormant
ACC05597,CUST06372,BR053,Current,2024-03-18,54690.13,Dormant
ACC05598,CUST07814,BR003,Savings,2020-01-08,17171.31,Closed
ACC05599,CUST01108,BR042,Savings,2024-07-18,24393.08,Active
ACC05600,CUST04101,BR036,Savings,2023-10-23,33292.74,Active
ACC05601,CUST02843,BR036,Fixed Deposit,2022-11-14,53480.83,Closed
ACC05602,CUST06346,BR039,Savings,2019-10-21,20065.79,Active
ACC05603,CUST05095,BR036,Savings,2022-12-08,18169.73,Dormant
ACC05604,CUST02643,BR053,Savings,2025-02-13,52748.18,Active
ACC05605,CUST00947,BR032,Savings,2025-09-15,32108.75,Closed
ACC05606,CUST01405,BR028,Savings,2025-02-04,26863.54,Closed
ACC05607,CUST06377,BR040,Savings,2019-12-03,7017.37,Dormant
ACC05608,CUST02832,BR041,Savings,2023-05-26,15666.47,Dormant
ACC05609,CUST06619,BR029,Current,2025-04-06,89202.93,Active
ACC05610,CUST03354,BR042,Current,2024-03-28,37710.6,Active
ACC05611,CUST07105,BR049,Savings,2021-10-21,39877.93,Closed
ACC05612,CUST00210,BR017,Savings,2021-10-06,107997.2,Dormant
ACC05613,CUST02492,BR057,Savings,2021-02-08,56091.83,Dormant
ACC05614,CUST00357,BR012,Savings,2024-10-06,23952.85,Closed
ACC05615,CUST06074,BR042,Savings,2019-03-12,13906.47,Dormant
ACC05616,CUST04505,BR011,Savings,2021-09-18,2212.34,Dormant
ACC05617,CUST03692,BR019,Salary,2022-03-13,11874.29,Active
ACC05618,CUST04328,BR007,Savings,2023-08-20,16425.47,Closed
ACC05619,CUST05430,BR050,Savings,2019-07-06,31298.63,Dormant
ACC05620,CUST06059,BR005,Salary,2019-10-16,11995.25,Dormant
ACC05621,CUST06195,BR033,Savings,2021-11-12,16508.88,Dormant
ACC05622,CUST02880,BR030,Savings,2020-02-04,4440.58,Closed
ACC05623,CUST03662,BR052,Fixed Deposit,2024-08-24,34064.78,Closed
ACC05624,CUST06149,BR035,Savings,2022-09-20,33826.03,Closed
ACC05625,CUST03828,BR040,Salary,2019-07-13,44406.24,Active
ACC05626,CUST03071,BR025,Savings,2019-10-14,20175.56,Dormant
ACC05627,CUST06950,BR039,Current,2023-09-26,50403.26,Active
ACC05628,CUST04040,BR052,Savings,2024-11-04,51908.11,Closed
ACC05629,CUST02452,BR049,Fixed Deposit,2021-07-17,36807.75,Active
ACC05630,CUST05529,BR060,Fixed Deposit,2023-03-12,74614.37,Closed
ACC05631,CUST04951,BR044,Savings,2021-09-24,11311.32,Active
ACC05632,CUST07672,BR024,Salary,2024-09-07,24474.26,Closed
ACC05633,CUST02950,BR034,Savings,2020-07-27,25241.95,Dormant
ACC05634,CUST06610,BR029,Savings,2025-07-29,28813.71,Dormant
ACC05635,CUST03178,BR036,Savings,2022-05-08,10890.66,Closed
ACC05636,CUST06674,BR018,Fixed Deposit,2024-02-15,91511.45,Dormant
ACC05637,CUST03087,BR040,Savings,2025-11-29,143809.05,Dormant
ACC05638,CUST03411,BR037,Savings,2023-08-18,8891.75,Closed
ACC05639,CUST02668,BR034,Fixed Deposit,2019-08-29,48832.17,Active
ACC05640,CUST06145,BR022,Savings,2020-07-28,27131.39,Active
ACC05641,CUST07357,BR011,Savings,2019-02-19,44701.65,Dormant
ACC05642,CUST04509,BR020,Savings,2024-04-14,13311.83,Active
ACC05643,CUST00386,BR002,Salary,2020-01-19,1838.82,Dormant
ACC05644,CUST01872,BR040,Savings,2019-08-24,74852.18,Dormant
ACC05645,CUST00275,BR047,Savings,2023-07-16,43671.7,Active
ACC05646,CUST06423,BR029,Savings,2019-10-17,4588.68,Dormant
ACC05647,CUST04129,BR027,Fixed Deposit,2025-09-11,41583.5,Active
ACC05648,CUST02506,BR057,Savings,2021-09-05,90342.58,Active
ACC05649,CUST05112,BR014,Savings,2019-12-23,81065.83,Active
ACC05650,CUST06701,BR030,Savings,2021-09-21,51265.64,Dormant
ACC05651,CUST04521,BR043,Savings,2024-09-24,18797.87,Dormant
ACC05652,CUST06083,BR016,Savings,2020-03-10,23734.59,Active
ACC05653,CUST07203,BR028,Savings,2024-06-16,19578.1,Active
ACC05654,CUST03610,BR039,Savings,2022-02-06,60804.3,Active
ACC05655,CUST07307,BR034,Savings,2024-12-31,10014.02,Closed
ACC05656,CUST01977,BR006,Savings,2023-10-16,10665.62,Closed
ACC05657,CUST01505,BR044,Fixed Deposit,2019-08-30,109772.44,Dormant
ACC05658,CUST07039,BR002,Savings,2025-02-12,21164.38,Active
ACC05659,CUST05396,BR032,Current,2025-09-06,144129.48,Closed
ACC05660,CUST00077,BR044,Salary,2023-08-20,8349.37,Dormant
ACC05661,CUST05076,BR024,Savings,2021-11-01,20966.88,Dormant
ACC05662,CUST04662,BR055,Savings,2024-06-02,9602.98,Dormant
ACC05663,CUST07121,BR021,Savings,2021-05-30,22172.91,Closed
ACC05664,CUST03583,BR004,Savings,2020-01-22,5821.47,Active
ACC05665,CUST01052,BR006,Savings,2019-02-21,14201.88,Closed
ACC05666,CUST06990,BR015,Fixed Deposit,2022-03-02,25292.11,Dormant
ACC05667,CUST01096,BR057,Savings,2020-04-21,41131.56,Active
ACC05668,CUST05237,BR009,Fixed Deposit,2022-05-16,92037.7,Dormant
ACC05669,CUST06471,BR015,Salary,2025-08-15,3979.12,Dormant
ACC05670,CUST04322,BR017,Savings,2022-04-18,73166.81,Closed
ACC05671,CUST04130,BR028,Fixed Deposit,2021-07-14,267921.44,Dormant
ACC05672,CUST00042,BR010,Savings,2023-02-12,22957.63,Active
ACC05673,CUST00838,BR017,Savings,2025-11-06,12369.6,Dormant
ACC05674,CUST03589,BR056,Savings,2021-04-12,279818.8,Closed
ACC05675,CUST03411,BR056,Fixed Deposit,2024-10-12,27136.06,Dormant
ACC05676,CUST05620,BR025,Savings,2025-09-28,22428.68,Dormant
ACC05677,CUST00522,BR029,Current,2021-01-14,43461.13,Dormant
ACC05678,CUST06995,BR030,Salary,2022-12-02,34255.53,Closed
ACC05679,CUST04680,BR005,Fixed Deposit,2019-03-24,74298.3,Dormant
ACC05680,CUST05636,BR011,Salary,2021-11-17,9423.45,Closed
ACC05681,CUST01755,BR021,Savings,2023-08-31,9357.51,Dormant
ACC05682,CUST06170,BR001,Savings,2021-09-02,16193.42,Closed
ACC05683,CUST04043,BR030,Savings,2023-09-12,8899.63,Dormant
ACC05684,CUST04350,BR049,Savings,2022-08-03,22995.25,Closed
ACC05685,CUST07563,BR055,Salary,2023-06-30,9000.75,Dormant
ACC05686,CUST05697,BR053,Savings,2025-03-26,5740.87,Closed
ACC05687,CUST05891,BR044,Savings,2020-12-11,68161.23,Active
ACC05688,CUST04747,BR029,Savings,2022-02-01,14074.15,Dormant
ACC05689,CUST06715,BR036,Salary,2024-03-29,5498.9,Active
ACC05690,CUST04917,BR049,Fixed Deposit,2019-09-09,54124.62,Dormant
ACC05691,CUST02296,BR022,Savings,2019-08-09,23424.42,Active
ACC05692,CUST07503,BR010,Savings,2020-09-19,4574.17,Closed
ACC05693,CUST03004,BR043,Salary,2023-04-13,16850.8,Dormant
ACC05694,CUST04148,BR057,Savings,2019-10-24,8583.17,Active
ACC05695,CUST06747,BR041,Current,2024-02-11,200993.69,Active
ACC05696,CUST02602,BR043,Salary,2022-03-30,19279.01,Closed
ACC05697,CUST03634,BR052,Savings,2023-04-28,15368.73,Active
ACC05698,CUST07489,BR011,Savings,2024-10-03,11263.8,Dormant
ACC05699,CUST01840,BR005,Savings,2019-01-15,20040.87,Closed
ACC05700,CUST06300,BR001,Savings,2021-08-10,38235.19,Dormant
ACC05701,CUST06772,BR053,Savings,2021-05-22,21526.83,Dormant
ACC05702,CUST00236,BR024,Savings,2019-10-06,18116.11,Active
ACC05703,CUST06990,BR025,Savings,2022-10-13,23214.52,Closed
ACC05704,CUST08007,BR060,Salary,2021-09-23,8754.29,Dormant
ACC05705,CUST02111,BR052,Current,2024-06-21,25765.56,Closed
ACC05706,CUST04825,BR035,Savings,2020-05-28,3370.4,Dormant
ACC05707,CUST03299,BR005,Salary,2020-11-05,26412.91,Closed
ACC05708,CUST07325,BR022,Savings,2022-07-20,28822.68,Closed
ACC05709,CUST03404,BR039,Savings,2021-10-06,10980.65,Active
ACC05710,CUST04268,BR052,Savings,2020-04-06,121644.91,Closed
ACC05711,CUST06133,BR048,Salary,2020-12-17,14198.78,Dormant
ACC05712,CUST03137,BR003,Savings,2020-02-02,8668.67,Closed
ACC05713,CUST04604,BR014,Savings,2021-04-14,47622.65,Active
ACC05714,CUST05076,BR007,Savings,2021-11-19,31515.77,Closed
ACC05715,CUST07198,BR044,Savings,2019-03-30,31417.55,Dormant
ACC05716,CUST00559,BR044,Savings,2019-03-13,15015.22,Dormant
ACC05717,CUST04292,BR024,Savings,2024-05-17,33039.07,Dormant
ACC05718,CUST07023,BR014,Current,2019-05-05,27951.94,Closed
ACC05719,CUST01327,BR048,Salary,2024-08-31,19715.47,Closed
ACC05720,CUST04954,BR007,Savings,2025-08-22,3966.15,Dormant
ACC05721,CUST02281,BR026,Savings,2021-01-11,14905.92,Dormant
ACC05722,CUST04611,BR019,Fixed Deposit,2025-02-01,168264.61,Active
ACC05723,CUST06992,BR031,Savings,2022-04-25,11043.96,Closed
ACC05724,CUST07645,BR014,Fixed Deposit,2024-03-23,41676.68,Closed
ACC05725,CUST00911,BR020,Current,2024-01-08,23203.04,Dormant
ACC05726,CUST04093,BR041,Savings,2023-02-06,7381.07,Dormant
ACC05727,CUST02252,BR038,Current,2023-06-24,3990.69,Closed
ACC05728,CUST02170,BR030,Savings,2021-06-09,17898.5,Dormant
ACC05729,CUST07562,BR026,Savings,2019-11-06,24891.3,Dormant
ACC05730,CUST03292,BR005,Savings,2019-03-03,21009.82,Active
ACC05731,CUST06928,BR029,Current,2021-11-29,31417.53,Closed
ACC05732,CUST06314,BR004,Savings,2024-11-18,22896.44,Closed
ACC05733,CUST06496,BR025,Savings,2020-03-01,55301.61,Dormant
ACC05734,CUST01380,BR018,Salary,2025-03-07,11692.32,Closed
ACC05735,CUST00993,BR017,Current,2022-12-06,20453.67,Active
ACC05736,CUST06039,BR018,Fixed Deposit,2019-11-30,50580.67,Closed
ACC05737,CUST06817,BR042,Savings,2019-05-22,37101.48,Active
ACC05738,CUST00749,BR047,Savings,2020-09-25,78497.67,Closed
ACC05739,CUST04119,BR038,Current,2023-01-06,19377.27,Closed
ACC05740,CUST02525,BR052,Savings,2020-05-12,24077.68,Dormant
ACC05741,CUST01439,BR026,Savings,2021-07-17,29867.37,Active
ACC05742,CUST05458,BR010,Salary,2021-04-25,6668.8,Dormant
ACC05743,CUST00352,BR017,Savings,2020-01-17,22434.95,Active
ACC05744,CUST03843,BR017,Savings,2023-10-05,5889.31,Active
ACC05745,CUST01188,BR048,Savings,2024-04-18,4482.13,Active
ACC05746,CUST02543,BR003,Savings,2019-04-11,30640.31,Closed
ACC05747,CUST06966,BR040,Savings,2021-04-10,15591.99,Active
ACC05748,CUST07671,BR029,Current,2025-03-21,44457.12,Dormant
ACC05749,CUST02077,BR036,Current,2024-01-19,35671.42,Active
ACC05750,CUST07233,BR055,Salary,2021-10-20,6744.75,Closed
ACC05751,CUST03567,BR027,Salary,2019-06-09,12943.15,Closed
ACC05752,CUST06377,BR001,Fixed Deposit,2024-10-06,28570.76,Dormant
ACC05753,CUST03695,BR035,Savings,2019-03-23,77024.21,Active
ACC05754,CUST00543,BR051,Fixed Deposit,2021-04-04,26540.25,Active
ACC05755,CUST01567,BR019,Salary,2019-02-27,11648.71,Active
ACC05756,CUST02929,BR031,Savings,2019-12-25,8620.99,Active
ACC05757,CUST05826,BR036,Current,2019-11-25,64242.56,Closed
ACC05758,CUST06649,BR042,Savings,2025-10-26,16345.56,Active
ACC05759,CUST07701,BR008,Current,2022-06-09,21619.12,Active
ACC05760,CUST02597,BR052,Savings,2023-08-03,47471.34,Closed
ACC05761,CUST05440,BR021,Current,2020-02-20,37400.17,Closed
ACC05762,CUST04005,BR021,Savings,2025-01-26,35065.74,Closed
ACC05763,CUST02859,BR019,Fixed Deposit,2023-09-10,33229.87,Closed
ACC05764,CUST05249,BR001,Current,2020-01-15,8912.26,Dormant
ACC05765,CUST04254,BR025,Fixed Deposit,2020-03-04,63852.1,Closed
ACC05766,CUST03017,BR054,Current,2021-10-02,26400.91,Dormant
ACC05767,CUST04071,BR050,Current,2019-08-31,67943.7,Dormant
ACC05768,CUST01479,BR043,Savings,2025-02-19,20498.0,Active
ACC05769,CUST01952,BR055,Current,2020-06-29,44581.55,Closed
ACC05770,CUST06174,BR043,Savings,2021-01-31,5110.01,Closed
ACC05771,CUST04250,BR031,Savings,2024-07-06,120522.68,Dormant
ACC05772,CUST02634,BR005,Fixed Deposit,2020-04-30,54255.24,Closed
ACC05773,CUST02461,BR003,Savings,2019-06-22,41267.41,Active
ACC05774,CUST06018,BR032,Current,2021-02-09,15739.18,Active
ACC05775,CUST05171,BR002,Savings,2023-02-02,29062.64,Active
ACC05776,CUST03095,BR031,Savings,2024-02-23,6818.81,Dormant
ACC05777,CUST01964,BR037,Fixed Deposit,2020-04-18,78530.37,Dormant
ACC05778,CUST06280,BR005,Savings,2021-10-06,15988.47,Dormant
ACC05779,CUST05832,BR055,Savings,2023-06-20,22612.8,Active
ACC05780,CUST04138,BR026,Current,2024-08-05,72982.43,Closed
ACC05781,CUST04951,BR012,Savings,2024-05-14,7264.2,Closed
ACC05782,CUST06114,BR046,Savings,2020-02-08,11896.0,Dormant
ACC05783,CUST03609,BR047,Salary,2024-10-24,18400.39,Closed
ACC05784,CUST01057,BR020,Salary,2025-01-25,58032.3,Active
ACC05785,CUST06847,BR021,Salary,2023-11-12,12128.85,Dormant
ACC05786,CUST01084,BR026,Savings,2021-03-22,37497.24,Closed
ACC05787,CUST05484,BR028,Current,2022-12-20,32631.34,Closed
ACC05788,CUST00890,BR023,Savings,2019-10-29,126502.97,Dormant
ACC05789,CUST00706,BR016,Savings,2022-04-06,4571.06,Closed
ACC05790,CUST04216,BR050,Current,2019-10-28,39919.53,Closed
ACC05791,CUST04684,BR022,Savings,2020-04-02,5100.07,Dormant
ACC05792,CUST03125,BR012,Savings,2019-03-17,2307.88,Closed
ACC05793,CUST06978,BR008,Salary,2021-06-10,16452.35,Dormant
ACC05794,CUST07581,BR059,Salary,2025-03-21,14730.1,Closed
ACC05795,CUST06576,BR013,Savings,2024-03-28,17045.59,Dormant
ACC05796,CUST03485,BR024,Fixed Deposit,2023-08-13,56178.17,Closed
ACC05797,CUST02945,BR016,Savings,2022-04-25,358064.88,Closed
ACC05798,CUST06038,BR020,Savings,2022-01-25,17459.56,Closed
ACC05799,CUST01558,BR026,Savings,2021-11-05,34860.58,Dormant
ACC05800,CUST05987,BR059,Savings,2019-02-19,12278.09,Active
ACC05801,CUST02246,BR041,Savings,2023-09-14,28730.35,Closed
ACC05802,CUST02287,BR041,Savings,2020-05-30,17775.74,Closed
ACC05803,CUST04613,BR030,Savings,2024-09-04,15222.55,Closed
ACC05804,CUST01861,BR016,Savings,2021-12-02,113211.01,Dormant
ACC05805,CUST07162,BR042,Salary,2021-09-13,30455.73,Dormant
ACC05806,CUST01352,BR059,Salary,2024-11-20,14701.76,Closed
ACC05807,CUST05872,BR003,Savings,2020-01-27,2768.91,Closed
ACC05808,CUST05544,BR043,Salary,2021-07-20,10376.44,Active
ACC05809,CUST02489,BR010,Current,2024-12-10,542003.41,Dormant
ACC05810,CUST00615,BR025,Savings,2020-09-26,17897.29,Active
ACC05811,CUST07512,BR054,Salary,2020-09-04,28918.95,Dormant
ACC05812,CUST01874,BR037,Savings,2024-11-08,80639.85,Active
ACC05813,CUST02897,BR039,Current,2021-02-07,45205.04,Active
ACC05814,CUST02198,BR059,Current,2021-02-08,15649.25,Closed
ACC05815,CUST00918,BR040,Savings,2025-08-20,2460.74,Dormant
ACC05816,CUST07623,BR012,Current,2023-05-27,71981.41,Closed
ACC05817,CUST04877,BR019,Savings,2020-06-06,10579.99,Closed
ACC05818,CUST05087,BR033,Salary,2020-11-21,15112.92,Closed
ACC05819,CUST06282,BR026,Savings,2020-03-19,7152.1,Closed
ACC05820,CUST04036,BR053,Salary,2025-09-07,11095.93,Dormant
ACC05821,CUST07028,BR022,Savings,2025-03-10,22705.15,Dormant
ACC05822,CUST00532,BR045,Salary,2020-06-11,16123.22,Closed
ACC05823,CUST00144,BR037,Fixed Deposit,2024-03-16,30672.04,Active
ACC05824,CUST01954,BR029,Salary,2021-05-17,30879.19,Closed
ACC05825,CUST04460,BR018,Current,2022-07-28,19992.35,Closed
ACC05826,CUST01557,BR044,Salary,2021-11-19,4137.6,Active
ACC05827,CUST02632,BR059,Current,2025-10-16,32564.45,Dormant
ACC05828,CUST05438,BR045,Savings,2024-06-06,22718.57,Dormant
ACC05829,CUST04732,BR006,Savings,2022-12-30,25451.51,Active
ACC05830,CUST04735,BR019,Salary,2021-10-02,34665.24,Active
ACC05831,CUST03168,BR005,Savings,2023-04-02,17804.31,Dormant
ACC05832,CUST02755,BR027,Savings,2024-05-16,19778.33,Closed
ACC05833,CUST07054,BR020,Fixed Deposit,2023-06-19,30886.96,Closed
ACC05834,CUST03068,BR029,Savings,2024-09-22,46096.77,Closed
ACC05835,CUST03240,BR048,Salary,2021-12-25,15199.48,Active
ACC05836,CUST02889,BR035,Savings,2025-11-12,15092.83,Active
ACC05837,CUST04999,BR042,Salary,2024-04-01,3521.8,Active
ACC05838,CUST06056,BR055,Savings,2023-09-28,80819.29,Closed
ACC05839,CUST01707,BR012,Savings,2021-05-16,7296.05,Closed
ACC05840,CUST06193,BR024,Current,2022-03-12,20104.96,Dormant
ACC05841,CUST00694,BR020,Current,2022-10-13,51965.98,Active
ACC05842,CUST05213,BR020,Current,2020-03-25,10975.73,Active
ACC05843,CUST04710,BR037,Current,2023-06-03,8155.85,Closed
ACC05844,CUST03405,BR042,Salary,2021-11-27,3020.68,Dormant
ACC05845,CUST04681,BR039,Fixed Deposit,2019-02-21,92281.43,Dormant
ACC05846,CUST05828,BR013,Savings,2023-12-22,13484.99,Closed
ACC05847,CUST05606,BR018,Salary,2022-01-24,103682.55,Closed
ACC05848,CUST03629,BR023,Current,2019-06-11,13435.35,Active
ACC05849,CUST06141,BR012,Salary,2024-09-27,7009.24,Active
ACC05850,CUST07115,BR039,Savings,2022-10-17,13241.97,Closed
ACC05851,CUST00274,BR019,Savings,2019-09-23,27414.33,Closed
ACC05852,CUST03142,BR053,Fixed Deposit,2022-08-30,45155.98,Active
ACC05853,CUST07251,BR051,Savings,2022-11-30,38219.42,Dormant
ACC05854,CUST04072,BR010,Savings,2025-07-04,9129.54,Dormant
ACC05855,CUST07136,BR040,Savings,2024-09-07,6352.27,Closed
ACC05856,CUST01989,BR027,Savings,2022-05-26,4366.02,Dormant
ACC05857,CUST05496,BR026,Current,2021-07-08,3930.12,Closed
ACC05858,CUST04479,BR051,Salary,2019-10-19,9296.11,Dormant
ACC05859,CUST00696,BR008,Fixed Deposit,2025-09-17,49981.68,Closed
ACC05860,CUST02781,BR034,Salary,2020-10-23,8586.91,Dormant
ACC05861,CUST01107,BR045,Current,2024-12-20,125920.47,Closed
ACC05862,CUST00549,BR055,Salary,2019-05-20,31559.22,Closed
ACC05863,CUST02018,BR004,Savings,2019-05-03,16296.04,Dormant
ACC05864,CUST06827,BR024,Savings,2024-06-02,4382.92,Active
ACC05865,CUST07860,BR060,Salary,2020-11-15,8984.95,Active
ACC05866,CUST03868,BR026,Current,2019-07-08,19933.93,Closed
ACC05867,CUST01985,BR028,Savings,2022-01-28,12192.53,Dormant
ACC05868,CUST01817,BR015,Salary,2020-06-13,8197.6,Dormant
ACC05869,CUST04454,BR051,Fixed Deposit,2022-11-08,40454.06,Dormant
ACC05870,CUST03966,BR017,Current,2025-07-31,24672.84,Active
ACC05871,CUST06753,BR025,Fixed Deposit,2020-08-14,40891.41,Dormant
ACC05872,CUST07690,BR030,Salary,2021-04-24,15457.13,Active
ACC05873,CUST05550,BR009,Savings,2023-10-20,30464.94,Active
ACC05874,CUST01967,BR007,Savings,2019-06-02,9705.22,Closed
ACC05875,CUST06339,BR029,Salary,2022-11-14,32524.4,Active
ACC05876,CUST04072,BR015,Salary,2025-10-12,6727.48,Closed
ACC05877,CUST01089,BR042,Savings,2022-07-09,5135.74,Active
ACC05878,CUST05511,BR032,Fixed Deposit,2024-03-28,75242.15,Active
ACC05879,CUST04177,BR036,Current,2024-02-14,16036.01,Dormant
ACC05880,CUST04871,BR017,Savings,2020-12-25,29412.13,Active
ACC05881,CUST00988,BR060,Savings,2020-05-12,2531.83,Active
ACC05882,CUST02291,BR004,Current,2024-06-06,146159.82,Active
ACC05883,CUST00795,BR053,Current,2025-08-12,71132.06,Closed
ACC05884,CUST07433,BR029,Savings,2023-08-28,5707.7,Closed
ACC05885,CUST04310,BR015,Savings,2024-05-21,5820.26,Active
ACC05886,CUST02193,BR023,Salary,2023-11-16,43070.18,Closed
ACC05887,CUST07455,BR036,Fixed Deposit,2023-09-17,38467.62,Active
ACC05888,CUST07101,BR019,Savings,2023-06-07,10396.6,Dormant
ACC05889,CUST02057,BR030,Salary,2020-06-23,2734.66,Active
ACC05890,CUST01705,BR058,Savings,2019-04-27,16063.42,Closed
ACC05891,CUST02709,BR040,Savings,2025-03-19,17944.74,Dormant
ACC05892,CUST00299,BR023,Fixed Deposit,2024-06-11,91977.19,Dormant
ACC05893,CUST04214,BR004,Savings,2019-03-19,6253.08,Active
ACC05894,CUST02111,BR029,Fixed Deposit,2020-12-17,24048.5,Active
ACC05895,CUST02001,BR006,Savings,2023-12-02,33052.96,Closed
ACC05896,CUST00469,BR033,Salary,2019-02-12,27030.23,Closed
ACC05897,CUST04605,BR033,Fixed Deposit,2024-03-03,23325.64,Closed
ACC05898,CUST00503,BR013,Savings,2022-06-27,58300.31,Closed
ACC05899,CUST05181,BR060,Savings,2024-03-16,22783.4,Dormant
ACC05900,CUST01596,BR049,Savings,2021-07-15,58842.8,Dormant
ACC05901,CUST02859,BR013,Savings,2021-06-27,20677.51,Dormant
ACC05902,CUST04849,BR026,Current,2022-07-23,2915.28,Closed
ACC05903,CUST03263,BR043,Savings,2021-02-28,19210.83,Closed
ACC05904,CUST06868,BR037,Savings,2019-06-29,57189.72,Dormant
ACC05905,CUST01283,BR057,Savings,2024-09-14,9853.96,Dormant
ACC05906,CUST03361,BR051,Savings,2023-02-14,15534.7,Dormant
ACC05907,CUST02207,BR002,Savings,2019-02-15,18797.51,Closed
ACC05908,CUST01724,BR002,Savings,2022-06-21,1620.41,Active
ACC05909,CUST06035,BR002,Current,2023-11-13,193174.19,Closed
ACC05910,CUST07922,BR015,Current,2022-01-03,14744.48,Closed
ACC05911,CUST02246,BR058,Salary,2021-12-29,19034.62,Active
ACC05912,CUST01915,BR007,Savings,2021-10-05,20373.07,Closed
ACC05913,CUST01548,BR031,Current,2024-03-30,127722.99,Dormant
ACC05914,CUST01367,BR036,Fixed Deposit,2022-01-01,76392.03,Active
ACC05915,CUST06458,BR034,Salary,2019-12-23,11333.89,Dormant
ACC05916,CUST05138,BR032,Salary,2023-10-22,7147.65,Dormant
ACC05917,CUST03264,BR053,Savings,2024-10-19,45164.45,Closed
ACC05918,CUST02069,BR027,Current,2020-05-26,5577.85,Closed
ACC05919,CUST00678,BR025,Savings,2021-11-30,39391.34,Dormant
ACC05920,CUST01928,BR025,Savings,2019-09-05,8191.56,Dormant
ACC05921,CUST01346,BR017,Savings,2025-10-28,67985.88,Dormant
ACC05922,CUST00745,BR029,Savings,2022-03-24,25467.78,Closed
ACC05923,CUST02969,BR010,Salary,2024-07-25,20970.81,Dormant
ACC05924,CUST00698,BR025,Savings,2021-10-04,23713.27,Active
ACC05925,CUST06033,BR012,Current,2023-07-13,6295.7,Dormant
ACC05926,CUST02079,BR012,Savings,2022-09-19,10151.16,Active
ACC05927,CUST07660,BR038,Current,2024-04-03,71138.88,Dormant
ACC05928,CUST01137,BR007,Fixed Deposit,2020-06-18,66170.73,Dormant
ACC05929,CUST03401,BR058,Savings,2022-07-08,63760.61,Active
ACC05930,CUST02617,BR051,Salary,2024-05-13,17717.22,Active
ACC05931,CUST02713,BR037,Salary,2024-04-30,6790.7,Closed
ACC05932,CUST05190,BR032,Savings,2021-05-23,10759.48,Dormant
ACC05933,CUST01481,BR036,Salary,2021-04-09,14357.71,Active
ACC05934,CUST01703,BR048,Salary,2024-09-22,2644.32,Active
ACC05935,CUST02923,BR028,Savings,2021-05-15,99319.55,Dormant
ACC05936,CUST00769,BR006,Current,2024-09-13,56485.92,Closed
ACC05937,CUST01257,BR056,Salary,2019-01-22,31537.24,Closed
ACC05938,CUST03288,BR001,Savings,2022-05-08,5310.58,Active
ACC05939,CUST04948,BR028,Salary,2024-09-14,31926.63,Active
ACC05940,CUST07774,BR014,Current,2019-09-10,338235.92,Active
ACC05941,CUST06329,BR006,Savings,2025-02-05,6709.03,Active
ACC05942,CUST03454,BR024,Salary,2019-12-12,22924.95,Active
ACC05943,CUST04392,BR060,Fixed Deposit,2023-12-10,59914.03,Closed
ACC05944,CUST06309,BR059,Savings,2022-02-10,5486.3,Closed
ACC05945,CUST06104,BR005,Current,2022-10-17,59449.59,Dormant
ACC05946,CUST00821,BR020,Salary,2023-06-25,23945.18,Active
ACC05947,CUST04984,BR031,Savings,2019-02-23,12822.88,Active
ACC05948,CUST02714,BR053,Fixed Deposit,2022-11-28,120517.46,Closed
ACC05949,CUST01369,BR041,Current,2019-08-07,6858.45,Closed
ACC05950,CUST03300,BR022,Savings,2024-03-15,5737.16,Dormant
ACC05951,CUST01233,BR032,Savings,2024-11-30,24907.83,Closed
ACC05952,CUST01675,BR011,Current,2024-05-01,37249.18,Closed
ACC05953,CUST03425,BR055,Current,2020-01-22,17737.33,Active
ACC05954,CUST07852,BR057,Savings,2024-11-17,45644.34,Closed
ACC05955,CUST02020,BR015,Savings,2025-03-18,35518.35,Closed
ACC05956,CUST07509,BR018,Fixed Deposit,2020-09-22,100195.99,Dormant
ACC05957,CUST04172,BR016,Current,2019-11-17,32108.1,Dormant
ACC05958,CUST07064,BR058,Savings,2021-07-18,37885.44,Dormant
ACC05959,CUST03271,BR028,Savings,2020-03-20,14748.77,Closed
ACC05960,CUST06995,BR046,Savings,2021-09-04,139865.54,Dormant
ACC05961,CUST02479,BR012,Savings,2025-01-01,10601.06,Dormant
ACC05962,CUST00652,BR007,Savings,2024-07-27,146498.09,Active
ACC05963,CUST02501,BR046,Savings,2024-01-09,22729.05,Dormant
ACC05964,CUST02453,BR007,Savings,2022-07-24,6387.13,Closed
ACC05965,CUST03700,BR021,Savings,2022-10-02,75453.47,Closed
ACC05966,CUST02436,BR010,Savings,2023-03-21,24669.21,Dormant
ACC05967,CUST07552,BR007,Savings,2025-11-21,47382.66,Dormant
ACC05968,CUST02190,BR015,Savings,2022-08-14,66268.52,Dormant
ACC05969,CUST01206,BR002,Salary,2025-05-04,16925.37,Closed
ACC05970,CUST05153,BR043,Savings,2019-03-11,12925.83,Closed
ACC05971,CUST04005,BR033,Savings,2024-09-12,53005.03,Active
ACC05972,CUST04299,BR037,Savings,2021-01-27,22041.45,Closed
ACC05973,CUST02489,BR011,Current,2024-10-11,72103.5,Active
ACC05974,CUST00714,BR009,Current,2023-09-03,4214.43,Active
ACC05975,CUST04778,BR058,Salary,2025-02-12,18267.65,Active
ACC05976,CUST04148,BR034,Savings,2024-06-22,12397.78,Closed
ACC05977,CUST05977,BR053,Salary,2021-04-07,42502.44,Active
ACC05978,CUST07957,BR015,Savings,2019-02-24,38591.16,Active
ACC05979,CUST02849,BR031,Savings,2021-09-26,27333.6,Closed
ACC05980,CUST05731,BR022,Salary,2019-04-20,18777.54,Closed
ACC05981,CUST07707,BR013,Salary,2023-12-13,6641.49,Closed
ACC05982,CUST06894,BR033,Fixed Deposit,2021-07-16,158570.41,Active
ACC05983,CUST07771,BR017,Salary,2024-03-09,53850.09,Dormant
ACC05984,CUST00857,BR039,Savings,2024-08-30,31370.47,Closed
ACC05985,CUST07264,BR026,Savings,2020-02-18,92167.53,Closed
ACC05986,CUST04328,BR014,Savings,2022-04-11,13197.29,Dormant
ACC05987,CUST05508,BR013,Savings,2019-08-01,10749.32,Active
ACC05988,CUST02400,BR056,Current,2023-05-06,37832.54,Dormant
ACC05989,CUST06312,BR052,Savings,2020-06-26,32579.77,Closed
ACC05990,CUST04001,BR025,Current,2023-08-29,24489.83,Dormant
ACC05991,CUST00282,BR017,Current,2021-03-14,62178.73,Closed
ACC05992,CUST01701,BR019,Salary,2021-02-13,16555.48,Closed
ACC05993,CUST00112,BR028,Current,2019-05-05,13382.37,Active
ACC05994,CUST02595,BR048,Fixed Deposit,2023-03-29,81738.12,Dormant
ACC05995,CUST05892,BR005,Savings,2021-01-28,47914.59,Active
ACC05996,CUST05096,BR001,Savings,2020-05-02,25701.96,Active
ACC05997,CUST01392,BR007,Current,2024-11-19,114995.48,Active
ACC05998,CUST01745,BR043,Savings,2021-06-10,7363.84,Active
ACC05999,CUST00120,BR006,Salary,2021-10-17,18537.77,Closed
ACC06000,CUST04576,BR004,Current,2023-07-31,11267.97,Active
ACC06001,CUST04936,BR042,Salary,2023-03-25,6125.06,Closed
ACC06002,CUST03352,BR011,Current,2021-03-07,19323.34,Active
ACC06003,CUST04680,BR007,Current,2020-12-31,14156.65,Dormant
ACC06004,CUST03444,BR029,Savings,2022-11-10,13450.93,Active
ACC06005,CUST07633,BR035,Savings,2021-04-30,18165.23,Closed
ACC06006,CUST07343,BR021,Savings,2025-12-05,46790.67,Closed
ACC06007,CUST04043,BR044,Salary,2021-08-28,10669.97,Dormant
ACC06008,CUST07189,BR052,Savings,2025-12-25,5286.63,Active
ACC06009,CUST05033,BR007,Current,2022-10-31,113557.87,Active
ACC06010,CUST00932,BR058,Salary,2021-11-11,7435.62,Dormant
ACC06011,CUST04638,BR051,Savings,2025-06-25,20892.63,Active
ACC06012,CUST04482,BR027,Current,2025-03-20,56757.13,Active
ACC06013,CUST06881,BR044,Savings,2021-09-29,26361.22,Closed
ACC06014,CUST03023,BR048,Salary,2024-02-06,28736.57,Closed
ACC06015,CUST01267,BR034,Current,2023-03-14,58630.08,Closed
ACC06016,CUST05450,BR017,Salary,2020-04-27,7310.62,Active
ACC06017,CUST06609,BR018,Salary,2024-10-06,61389.47,Dormant
ACC06018,CUST03093,BR008,Current,2024-09-22,44105.22,Active
ACC06019,CUST06709,BR019,Salary,2025-04-07,12050.5,Closed
ACC06020,CUST00809,BR051,Savings,2019-02-12,52445.66,Active
ACC06021,CUST04834,BR003,Savings,2019-11-26,27570.62,Closed
ACC06022,CUST00689,BR055,Fixed Deposit,2021-11-07,76079.71,Active
ACC06023,CUST03758,BR042,Fixed Deposit,2020-07-12,267081.84,Closed
ACC06024,CUST02200,BR036,Fixed Deposit,2021-04-19,50763.21,Active
ACC06025,CUST04295,BR005,Savings,2024-06-25,16547.91,Closed
ACC06026,CUST00207,BR057,Salary,2023-01-15,14495.67,Closed
ACC06027,CUST07187,BR052,Savings,2024-07-22,57778.06,Dormant
ACC06028,CUST02044,BR053,Savings,2024-08-19,5676.67,Dormant
ACC06029,CUST00815,BR018,Salary,2025-08-26,3374.87,Closed
ACC06030,CUST03233,BR005,Current,2022-03-22,20188.83,Active
ACC06031,CUST06253,BR048,Salary,2021-01-06,4256.72,Active
ACC06032,CUST07020,BR002,Savings,2023-02-02,15027.72,Dormant
ACC06033,CUST02318,BR003,Savings,2020-05-10,34622.18,Active
ACC06034,CUST04040,BR052,Savings,2024-06-10,9880.58,Closed
ACC06035,CUST03868,BR028,Salary,2020-02-11,4920.78,Active
ACC06036,CUST05599,BR021,Savings,2021-10-15,23444.79,Dormant
ACC06037,CUST06603,BR026,Savings,2021-08-26,47872.15,Active
ACC06038,CUST03547,BR031,Current,2019-11-28,6667.68,Active
ACC06039,CUST01864,BR036,Savings,2021-07-21,46083.45,Closed
ACC06040,CUST02326,BR047,Savings,2019-10-18,45962.25,Closed
ACC06041,CUST06089,BR019,Savings,2020-03-29,51983.24,Active
ACC06042,CUST02539,BR003,Savings,2020-08-24,65948.68,Closed
ACC06043,CUST05499,BR014,Savings,2025-07-30,159821.45,Dormant
ACC06044,CUST05617,BR019,Savings,2022-01-11,15986.78,Dormant
ACC06045,CUST05394,BR056,Savings,2024-05-25,24309.3,Closed
ACC06046,CUST02032,BR057,Savings,2019-08-18,15141.66,Closed
ACC06047,CUST06751,BR009,Savings,2022-06-01,22065.69,Active
ACC06048,CUST04260,BR041,Current,2025-05-30,168194.0,Dormant
ACC06049,CUST07193,BR027,Current,2025-02-19,9461.49,Closed
ACC06050,CUST02196,BR032,Savings,2023-07-12,10148.24,Closed
ACC06051,CUST04237,BR027,Savings,2021-02-19,76074.08,Dormant
ACC06052,CUST04591,BR008,Savings,2019-10-03,55162.18,Closed
ACC06053,CUST00667,BR031,Savings,2019-11-08,15885.81,Active
ACC06054,CUST02606,BR011,Current,2019-11-24,85340.29,Dormant
ACC06055,CUST03388,BR012,Savings,2025-04-03,29944.3,Closed
ACC06056,CUST01702,BR005,Salary,2021-07-18,38184.78,Dormant
ACC06057,CUST01200,BR040,Current,2025-10-28,39124.71,Active
ACC06058,CUST03146,BR017,Salary,2023-04-24,27390.25,Closed
ACC06059,CUST04973,BR027,Savings,2019-07-29,237473.36,Active
ACC06060,CUST00104,BR005,Salary,2022-10-13,20305.95,Active
ACC06061,CUST03691,BR041,Savings,2019-05-05,23026.37,Closed
ACC06062,CUST03058,BR022,Current,2024-07-10,74790.56,Dormant
ACC06063,CUST05142,BR008,Savings,2023-11-09,15855.11,Closed
ACC06064,CUST06077,BR007,Fixed Deposit,2019-10-02,250892.7,Dormant
ACC06065,CUST04985,BR043,Savings,2020-06-17,25901.7,Active
ACC06066,CUST02312,BR025,Savings,2022-04-20,17229.18,Dormant
ACC06067,CUST01056,BR031,Savings,2021-05-19,10382.53,Closed
ACC06068,CUST07784,BR039,Savings,2022-05-31,59130.27,Dormant
ACC06069,CUST07770,BR026,Current,2021-08-02,86438.41,Dormant
ACC06070,CUST05849,BR028,Salary,2025-09-06,9431.89,Active
ACC06071,CUST06524,BR023,Current,2022-07-11,64631.12,Active
ACC06072,CUST00022,BR030,Salary,2022-06-23,4647.16,Closed
ACC06073,CUST05322,BR027,Savings,2019-10-06,26016.17,Active
ACC06074,CUST02240,BR013,Savings,2025-04-16,33106.36,Active
ACC06075,CUST01546,BR010,Savings,2020-03-12,102395.38,Dormant
ACC06076,CUST00187,BR031,Savings,2023-04-26,11006.74,Dormant
ACC06077,CUST00246,BR028,Savings,2019-04-26,6970.78,Active
ACC06078,CUST07301,BR027,Savings,2019-01-01,9839.05,Closed
ACC06079,CUST03316,BR052,Current,2020-10-20,9541.74,Active
ACC06080,CUST02918,BR044,Savings,2021-10-02,73349.55,Closed
ACC06081,CUST00555,BR009,Savings,2024-01-20,88767.46,Active
ACC06082,CUST06178,BR025,Salary,2022-06-07,16716.5,Active
ACC06083,CUST07735,BR032,Savings,2019-09-18,66115.96,Dormant
ACC06084,CUST00314,BR050,Current,2023-09-19,41521.16,Dormant
ACC06085,CUST03777,BR032,Fixed Deposit,2023-07-12,56552.97,Dormant
ACC06086,CUST01714,BR023,Savings,2021-10-26,16321.95,Dormant
ACC06087,CUST04879,BR039,Current,2024-11-10,26625.08,Active
ACC06088,CUST02671,BR059,Savings,2024-10-08,5469.7,Active
ACC06089,CUST07604,BR036,Savings,2019-11-30,27940.41,Dormant
ACC06090,CUST03758,BR003,Current,2023-05-28,34879.9,Active
ACC06091,CUST01527,BR040,Fixed Deposit,2020-09-01,93640.33,Active
ACC06092,CUST03647,BR013,Savings,2021-04-21,23960.72,Dormant
ACC06093,CUST00948,BR057,Savings,2020-09-30,19026.09,Closed
ACC06094,CUST01874,BR048,Salary,2022-08-07,7260.22,Dormant
ACC06095,CUST02416,BR045,Savings,2022-03-22,23504.28,Active
ACC06096,CUST04274,BR045,Savings,2020-07-15,42805.14,Closed
ACC06097,CUST01642,BR007,Savings,2020-09-29,7871.43,Closed
ACC06098,CUST03136,BR036,Savings,2020-12-20,23830.62,Dormant
ACC06099,CUST06323,BR001,Fixed Deposit,2024-10-03,68859.66,Dormant
ACC06100,CUST07451,BR043,Salary,2023-02-06,8081.68,Active
ACC06101,CUST05980,BR011,Savings,2021-06-17,12976.94,Dormant
ACC06102,CUST00398,BR033,Savings,2023-05-08,27107.07,Active
ACC06103,CUST04601,BR057,Savings,2019-11-17,7942.01,Closed
ACC06104,CUST05776,BR031,Savings,2020-07-14,30179.9,Dormant
ACC06105,CUST02123,BR019,Savings,2025-08-28,9839.71,Closed
ACC06106,CUST04508,BR035,Savings,2025-04-09,57329.37,Closed
ACC06107,CUST04518,BR016,Current,2024-08-13,376181.77,Closed
ACC06108,CUST02400,BR011,Fixed Deposit,2021-01-15,35722.85,Closed
ACC06109,CUST03052,BR047,Savings,2019-11-11,35624.44,Active
ACC06110,CUST04591,BR021,Salary,2023-01-24,8032.74,Dormant
ACC06111,CUST02852,BR031,Savings,2019-04-05,56210.49,Closed
ACC06112,CUST07323,BR011,Savings,2024-10-19,7053.42,Active
ACC06113,CUST02123,BR028,Current,2025-10-13,58723.0,Active
ACC06114,CUST03084,BR057,Current,2022-08-29,15169.03,Dormant
ACC06115,CUST02917,BR043,Savings,2021-03-29,18282.76,Active
ACC06116,CUST02622,BR010,Savings,2021-01-16,8708.7,Dormant
ACC06117,CUST00618,BR021,Current,2021-02-02,82648.38,Dormant
ACC06118,CUST04210,BR060,Savings,2019-08-03,10370.47,Dormant
ACC06119,CUST05262,BR057,Fixed Deposit,2020-07-02,83381.23,Dormant
ACC06120,CUST00368,BR028,Savings,2019-06-18,16160.28,Active
ACC06121,CUST05169,BR025,Fixed Deposit,2020-11-20,55899.83,Dormant
ACC06122,CUST02595,BR008,Salary,2023-04-15,14815.5,Active
ACC06123,CUST02599,BR042,Savings,2021-02-26,11096.2,Closed
ACC06124,CUST07463,BR009,Savings,2022-04-14,26617.67,Active
ACC06125,CUST06811,BR039,Savings,2019-03-15,87317.06,Active
ACC06126,CUST07931,BR045,Savings,2023-09-16,10934.9,Dormant
ACC06127,CUST07885,BR040,Current,2022-07-18,117220.28,Closed
ACC06128,CUST06505,BR011,Salary,2024-08-24,38126.63,Active
ACC06129,CUST04452,BR049,Salary,2021-07-28,7545.39,Active
ACC06130,CUST07657,BR047,Current,2025-06-06,8475.59,Closed
ACC06131,CUST02673,BR011,Savings,2021-06-18,28904.85,Dormant
ACC06132,CUST01552,BR051,Savings,2022-10-06,13458.06,Dormant
ACC06133,CUST05181,BR027,Fixed Deposit,2019-12-16,183718.86,Dormant
ACC06134,CUST01479,BR012,Salary,2023-03-12,13689.24,Dormant
ACC06135,CUST00837,BR055,Current,2023-05-25,16281.76,Dormant
ACC06136,CUST02577,BR032,Savings,2019-11-30,7844.41,Dormant
ACC06137,CUST02186,BR047,Salary,2024-08-11,28650.71,Active
ACC06138,CUST06351,BR018,Savings,2020-04-20,13173.13,Active
ACC06139,CUST00153,BR041,Salary,2023-10-20,13775.96,Active
ACC06140,CUST01014,BR045,Fixed Deposit,2020-12-06,106242.73,Active
ACC06141,CUST06349,BR024,Savings,2021-04-15,14245.09,Dormant
ACC06142,CUST01958,BR047,Fixed Deposit,2023-12-26,58246.7,Closed
ACC06143,CUST04701,BR014,Savings,2022-01-02,21700.45,Closed
ACC06144,CUST04267,BR052,Salary,2019-09-05,21554.23,Dormant
ACC06145,CUST02288,BR037,Salary,2021-01-15,20201.68,Dormant
ACC06146,CUST03103,BR025,Salary,2023-02-11,11452.01,Dormant
ACC06147,CUST00472,BR043,Fixed Deposit,2020-09-12,62204.92,Closed
ACC06148,CUST06489,BR027,Salary,2025-10-05,10298.51,Active
ACC06149,CUST07325,BR020,Salary,2024-09-18,4748.91,Closed
ACC06150,CUST00087,BR017,Savings,2021-12-13,27773.59,Active
ACC06151,CUST01246,BR032,Savings,2022-03-21,120930.66,Dormant
ACC06152,CUST00387,BR046,Salary,2023-01-24,7196.83,Dormant
ACC06153,CUST05746,BR013,Savings,2024-12-11,10984.86,Dormant
ACC06154,CUST06929,BR031,Salary,2023-08-29,7262.58,Active
ACC06155,CUST01746,BR026,Savings,2024-11-04,42282.67,Closed
ACC06156,CUST01241,BR059,Current,2023-03-23,56867.85,Closed
ACC06157,CUST00469,BR030,Savings,2022-07-27,19097.56,Dormant
ACC06158,CUST04899,BR043,Salary,2023-08-02,7026.1,Closed
ACC06159,CUST07940,BR048,Current,2021-10-04,39830.04,Dormant
ACC06160,CUST03215,BR039,Salary,2020-02-20,4468.31,Active
ACC06161,CUST04793,BR020,Savings,2022-08-09,25061.4,Closed
ACC06162,CUST02503,BR015,Savings,2023-05-03,48260.66,Dormant
ACC06163,CUST03766,BR051,Current,2021-07-19,10392.1,Dormant
ACC06164,CUST00551,BR043,Savings,2024-08-09,5545.45,Active
ACC06165,CUST01824,BR004,Current,2019-07-30,176211.08,Dormant
ACC06166,CUST01136,BR056,Salary,2023-12-08,8706.0,Active
ACC06167,CUST07906,BR041,Savings,2019-09-18,61227.58,Closed
ACC06168,CUST02015,BR021,Current,2025-08-25,31132.34,Dormant
ACC06169,CUST06810,BR032,Current,2019-10-03,30885.6,Active
ACC06170,CUST03549,BR032,Savings,2022-09-30,32681.73,Active
ACC06171,CUST03853,BR048,Savings,2021-09-20,9940.78,Active
ACC06172,CUST05546,BR017,Salary,2024-05-01,14658.09,Dormant
ACC06173,CUST04960,BR050,Fixed Deposit,2019-01-27,47624.68,Dormant
ACC06174,CUST04138,BR016,Current,2023-11-22,9696.37,Active
ACC06175,CUST00358,BR059,Savings,2020-03-19,29843.84,Closed
ACC06176,CUST07620,BR011,Savings,2025-07-13,17379.09,Active
ACC06177,CUST07175,BR034,Savings,2020-10-10,19123.58,Active
ACC06178,CUST04128,BR035,Savings,2021-05-15,7412.0,Active
ACC06179,CUST03138,BR049,Salary,2023-06-02,40699.87,Closed
ACC06180,CUST06973,BR016,Savings,2023-02-08,48486.6,Active
ACC06181,CUST07439,BR025,Savings,2023-02-06,52456.54,Closed
ACC06182,CUST01631,BR003,Current,2020-07-10,26757.1,Closed
ACC06183,CUST02127,BR005,Current,2025-01-15,6443.44,Dormant
ACC06184,CUST06461,BR021,Savings,2021-06-15,127723.83,Dormant
ACC06185,CUST02402,BR054,Savings,2019-04-08,20847.98,Closed
ACC06186,CUST07943,BR025,Savings,2019-09-03,11227.04,Closed
ACC06187,CUST06121,BR059,Fixed Deposit,2020-01-28,76886.14,Closed
ACC06188,CUST05724,BR029,Savings,2022-07-28,62969.69,Dormant
ACC06189,CUST05355,BR020,Current,2019-03-02,35487.98,Dormant
ACC06190,CUST04006,BR025,Salary,2023-11-05,32695.82,Active
ACC06191,CUST04838,BR003,Fixed Deposit,2023-11-17,114668.42,Dormant
ACC06192,CUST01147,BR038,Savings,2020-12-29,8360.36,Dormant
ACC06193,CUST01600,BR024,Current,2022-02-12,18512.66,Active
ACC06194,CUST07513,BR018,Savings,2019-04-29,52144.99,Dormant
ACC06195,CUST02860,BR029,Savings,2023-06-01,1917.25,Dormant
ACC06196,CUST00598,BR016,Savings,2019-03-12,19254.3,Dormant
ACC06197,CUST05339,BR001,Savings,2022-07-27,6076.91,Dormant
ACC06198,CUST03602,BR032,Savings,2024-12-22,14344.21,Closed
ACC06199,CUST02284,BR010,Salary,2021-12-26,10838.13,Dormant
ACC06200,CUST04406,BR039,Savings,2023-04-22,15955.84,Closed
ACC06201,CUST05529,BR010,Fixed Deposit,2025-11-27,42986.58,Active
ACC06202,CUST05881,BR022,Salary,2023-03-15,6198.11,Dormant
ACC06203,CUST05442,BR013,Savings,2020-10-04,173289.72,Closed
ACC06204,CUST05985,BR023,Current,2021-01-28,235028.49,Closed
ACC06205,CUST02209,BR014,Salary,2019-06-04,5922.74,Active
ACC06206,CUST01505,BR056,Savings,2020-11-25,91482.69,Dormant
ACC06207,CUST07518,BR048,Salary,2021-05-05,10100.84,Dormant
ACC06208,CUST07329,BR060,Savings,2022-08-12,24742.28,Closed
ACC06209,CUST05159,BR059,Salary,2025-04-08,12780.91,Dormant
ACC06210,CUST07009,BR044,Salary,2022-07-08,8418.41,Closed
ACC06211,CUST07919,BR051,Savings,2019-10-18,53394.72,Active
ACC06212,CUST01030,BR025,Savings,2024-06-10,24668.88,Active
ACC06213,CUST07902,BR052,Current,2025-02-28,22549.06,Dormant
ACC06214,CUST03939,BR002,Current,2024-04-09,9851.81,Closed
ACC06215,CUST02338,BR034,Salary,2023-08-10,7147.25,Closed
ACC06216,CUST05751,BR024,Savings,2020-01-30,5027.9,Active
ACC06217,CUST05690,BR043,Current,2023-02-20,36762.13,Dormant
ACC06218,CUST07482,BR011,Savings,2025-10-01,7502.57,Active
ACC06219,CUST03132,BR026,Savings,2022-05-23,17343.89,Closed
ACC06220,CUST05305,BR043,Salary,2019-01-21,34859.16,Active
ACC06221,CUST05162,BR045,Savings,2019-12-12,64820.01,Dormant
ACC06222,CUST05613,BR017,Fixed Deposit,2024-08-21,58725.77,Dormant
ACC06223,CUST00238,BR019,Savings,2024-11-28,20366.03,Closed
ACC06224,CUST03807,BR059,Fixed Deposit,2023-12-06,184965.52,Closed
ACC06225,CUST06998,BR025,Fixed Deposit,2019-03-16,81834.46,Dormant
ACC06226,CUST04097,BR005,Savings,2023-04-16,16398.98,Dormant
ACC06227,CUST07792,BR038,Savings,2021-06-12,6103.29,Closed
ACC06228,CUST04339,BR050,Savings,2021-09-05,31397.57,Dormant
ACC06229,CUST07415,BR043,Fixed Deposit,2025-09-04,98478.57,Dormant
ACC06230,CUST01648,BR045,Salary,2022-11-18,8585.62,Closed
ACC06231,CUST00670,BR006,Savings,2023-02-08,28626.34,Active
ACC06232,CUST02081,BR006,Savings,2024-05-29,15879.5,Dormant
ACC06233,CUST04892,BR011,Current,2025-01-29,30211.19,Closed
ACC06234,CUST05789,BR021,Savings,2019-04-14,2347.16,Closed
ACC06235,CUST06740,BR060,Fixed Deposit,2020-08-05,52414.11,Active
ACC06236,CUST03573,BR057,Savings,2024-10-23,52703.25,Active
ACC06237,CUST06138,BR041,Current,2024-08-24,19314.23,Active
ACC06238,CUST07251,BR049,Savings,2025-09-06,23092.74,Active
ACC06239,CUST01511,BR036,Current,2022-11-21,17052.45,Dormant
ACC06240,CUST03690,BR039,Savings,2019-08-20,30466.94,Dormant
ACC06241,CUST01550,BR048,Savings,2025-04-17,18126.48,Dormant
ACC06242,CUST05309,BR008,Fixed Deposit,2020-11-18,34079.63,Active
ACC06243,CUST01411,BR047,Current,2025-12-10,137661.28,Active
ACC06244,CUST06472,BR022,Current,2022-01-17,91943.73,Dormant
ACC06245,CUST00502,BR001,Salary,2023-11-09,8747.87,Active
ACC06246,CUST02395,BR006,Salary,2019-07-11,18929.03,Dormant
ACC06247,CUST06862,BR036,Fixed Deposit,2023-04-08,82656.37,Closed
ACC06248,CUST04749,BR026,Savings,2019-09-20,39264.3,Closed
ACC06249,CUST02160,BR027,Salary,2022-01-31,4080.69,Closed
ACC06250,CUST05452,BR032,Savings,2025-08-21,54499.45,Dormant
ACC06251,CUST01829,BR001,Savings,2020-06-10,13190.75,Closed
ACC06252,CUST05599,BR044,Savings,2023-11-09,15961.82,Dormant
ACC06253,CUST05189,BR016,Current,2024-05-31,507819.71,Active
ACC06254,CUST07957,BR052,Savings,2023-04-06,28902.58,Active
ACC06255,CUST03935,BR058,Current,2021-01-23,24678.25,Dormant
ACC06256,CUST01652,BR001,Salary,2020-02-25,2853.48,Dormant
ACC06257,CUST00255,BR034,Savings,2024-07-25,76940.5,Active
ACC06258,CUST04208,BR022,Salary,2024-02-11,5210.09,Dormant
ACC06259,CUST07788,BR029,Savings,2019-11-22,8927.62,Closed
ACC06260,CUST05467,BR058,Savings,2019-05-07,16346.73,Active
ACC06261,CUST03969,BR041,Salary,2025-06-29,36007.71,Closed
ACC06262,CUST06921,BR033,Salary,2021-09-17,22954.47,Active
ACC06263,CUST05121,BR038,Savings,2025-11-06,19109.6,Active
ACC06264,CUST05612,BR052,Savings,2019-06-28,29070.03,Dormant
ACC06265,CUST04502,BR047,Savings,2024-09-29,12831.43,Active
ACC06266,CUST03381,BR030,Current,2020-04-02,41758.31,Active
ACC06267,CUST05986,BR001,Salary,2024-07-05,14063.47,Closed
ACC06268,CUST02962,BR037,Savings,2025-12-27,52674.82,Active
ACC06269,CUST01302,BR007,Savings,2025-03-02,52599.42,Active
ACC06270,CUST05530,BR035,Savings,2025-10-09,34357.64,Dormant
ACC06271,CUST05650,BR040,Savings,2024-07-15,15897.02,Closed
ACC06272,CUST02326,BR053,Fixed Deposit,2021-09-27,93441.74,Closed
ACC06273,CUST07089,BR029,Fixed Deposit,2021-01-31,56659.73,Active
ACC06274,CUST02278,BR012,Current,2020-01-10,12309.0,Dormant
ACC06275,CUST02468,BR014,Savings,2019-03-16,15321.94,Dormant
ACC06276,CUST01058,BR051,Salary,2025-05-19,14174.06,Active
ACC06277,CUST01717,BR027,Savings,2023-12-26,49970.8,Closed
ACC06278,CUST04311,BR038,Savings,2023-11-08,18672.83,Closed
ACC06279,CUST02766,BR028,Salary,2025-09-27,5730.52,Active
ACC06280,CUST01264,BR028,Salary,2021-10-27,13901.04,Active
ACC06281,CUST00893,BR031,Savings,2022-02-06,24394.44,Closed
ACC06282,CUST06632,BR003,Savings,2025-04-08,26036.48,Dormant
ACC06283,CUST00815,BR010,Savings,2021-08-20,50406.95,Closed
ACC06284,CUST05875,BR051,Current,2022-09-20,100601.58,Active
ACC06285,CUST03384,BR009,Savings,2023-11-30,12902.94,Dormant
ACC06286,CUST06413,BR006,Current,2022-09-02,19611.21,Active
ACC06287,CUST07925,BR034,Current,2025-10-17,12833.33,Active
ACC06288,CUST04651,BR025,Salary,2025-07-31,21789.23,Dormant
ACC06289,CUST04698,BR019,Current,2023-05-20,154634.59,Closed
ACC06290,CUST03194,BR010,Current,2022-05-18,26500.48,Active
ACC06291,CUST02653,BR036,Current,2019-07-28,28525.95,Closed
ACC06292,CUST03630,BR016,Salary,2022-12-24,37299.97,Dormant
ACC06293,CUST00653,BR006,Savings,2024-01-28,34717.6,Closed
ACC06294,CUST06194,BR017,Savings,2024-05-15,32617.76,Closed
ACC06295,CUST02128,BR040,Current,2019-10-24,11037.83,Active
ACC06296,CUST06957,BR024,Salary,2021-03-22,21484.99,Closed
ACC06297,CUST00236,BR008,Savings,2023-12-05,9545.04,Active
ACC06298,CUST03277,BR056,Savings,2021-07-23,7937.72,Dormant
ACC06299,CUST06138,BR002,Current,2019-07-11,25673.85,Closed
ACC06300,CUST00931,BR041,Salary,2020-10-09,8865.7,Closed
ACC06301,CUST03069,BR001,Current,2019-06-16,29097.29,Closed
ACC06302,CUST03452,BR060,Salary,2019-11-19,4872.26,Active
ACC06303,CUST07284,BR039,Savings,2023-11-06,52205.06,Dormant
ACC06304,CUST00311,BR019,Current,2025-12-16,112160.52,Active
ACC06305,CUST04698,BR044,Salary,2019-07-31,3418.17,Dormant
ACC06306,CUST00054,BR020,Salary,2020-11-14,26500.54,Active
ACC06307,CUST07694,BR034,Savings,2020-04-22,10620.32,Active
ACC06308,CUST00447,BR016,Fixed Deposit,2023-05-03,100126.07,Active
ACC06309,CUST03486,BR022,Salary,2021-06-18,12734.72,Active
ACC06310,CUST03086,BR022,Savings,2021-09-22,22604.36,Dormant
ACC06311,CUST04641,BR017,Current,2019-01-12,30179.02,Dormant
ACC06312,CUST03032,BR019,Savings,2022-08-11,65572.8,Dormant
ACC06313,CUST01360,BR016,Savings,2025-05-09,7218.27,Active
ACC06314,CUST05814,BR048,Savings,2022-02-22,38065.22,Active
ACC06315,CUST02658,BR044,Savings,2025-03-09,59349.39,Active
ACC06316,CUST06208,BR056,Current,2024-01-31,74335.22,Active
ACC06317,CUST04524,BR022,Savings,2019-04-27,178479.5,Dormant
ACC06318,CUST01795,BR035,Savings,2022-08-18,13683.53,Active
ACC06319,CUST05300,BR042,Savings,2025-02-21,52134.09,Active
ACC06320,CUST07547,BR043,Salary,2019-11-21,12403.53,Active
ACC06321,CUST06215,BR050,Savings,2019-11-24,66840.57,Closed
ACC06322,CUST07858,BR053,Fixed Deposit,2019-12-13,59598.55,Closed
ACC06323,CUST02330,BR021,Savings,2020-04-07,15535.95,Active
ACC06324,CUST05155,BR024,Savings,2020-06-06,71358.02,Active
ACC06325,CUST04318,BR010,Savings,2023-01-08,14151.76,Dormant
ACC06326,CUST05790,BR029,Salary,2020-11-18,4969.59,Closed
ACC06327,CUST04564,BR041,Savings,2024-01-23,13833.35,Closed
ACC06328,CUST06766,BR008,Current,2023-02-16,67442.65,Dormant
ACC06329,CUST00231,BR023,Fixed Deposit,2020-06-25,138029.57,Closed
ACC06330,CUST06887,BR024,Fixed Deposit,2023-03-21,64002.51,Active
ACC06331,CUST02791,BR021,Current,2019-11-16,135699.35,Closed
ACC06332,CUST06153,BR016,Salary,2023-04-04,5163.02,Dormant
ACC06333,CUST07558,BR006,Salary,2025-03-22,9795.86,Active
ACC06334,CUST00424,BR040,Current,2024-02-18,27212.31,Active
ACC06335,CUST02254,BR059,Savings,2025-10-08,19868.61,Dormant
ACC06336,CUST07344,BR021,Savings,2020-07-17,23758.25,Active
ACC06337,CUST00857,BR055,Savings,2023-07-18,41020.2,Closed
ACC06338,CUST01572,BR007,Current,2021-12-06,23276.35,Closed
ACC06339,CUST00232,BR018,Savings,2023-11-23,24962.4,Closed
ACC06340,CUST06586,BR057,Savings,2024-06-09,21149.88,Dormant
ACC06341,CUST02665,BR054,Savings,2023-04-09,9572.97,Closed
ACC06342,CUST00960,BR019,Savings,2020-10-25,19884.58,Closed
ACC06343,CUST04767,BR010,Savings,2019-01-18,19355.01,Dormant
ACC06344,CUST06568,BR038,Fixed Deposit,2023-07-21,54227.95,Dormant
ACC06345,CUST02592,BR047,Salary,2024-10-23,13660.06,Active
ACC06346,CUST06663,BR007,Savings,2024-12-20,23578.87,Active
ACC06347,CUST01359,BR013,Savings,2025-01-06,14927.11,Closed
ACC06348,CUST02029,BR053,Savings,2023-05-16,69247.56,Dormant
ACC06349,CUST05228,BR022,Savings,2020-04-23,7688.4,Closed
ACC06350,CUST07743,BR028,Savings,2024-11-13,11511.79,Closed
ACC06351,CUST00706,BR030,Salary,2023-11-01,93524.11,Active
ACC06352,CUST04533,BR047,Current,2024-04-24,12861.69,Closed
ACC06353,CUST02323,BR054,Salary,2023-08-10,5179.02,Closed
ACC06354,CUST00898,BR015,Savings,2019-04-07,42660.52,Closed
ACC06355,CUST01942,BR052,Savings,2020-08-20,3396.81,Closed
ACC06356,CUST01448,BR006,Savings,2022-10-21,17823.15,Active
ACC06357,CUST07887,BR026,Savings,2020-06-29,151940.22,Closed
ACC06358,CUST00201,BR043,Current,2025-08-23,7747.02,Dormant
ACC06359,CUST04367,BR031,Savings,2019-10-10,3700.53,Closed
ACC06360,CUST05207,BR059,Savings,2020-01-07,5714.36,Active
ACC06361,CUST05640,BR015,Savings,2022-10-20,49440.42,Dormant
ACC06362,CUST05443,BR006,Fixed Deposit,2023-01-15,117579.04,Active
ACC06363,CUST04914,BR057,Savings,2021-06-29,13886.47,Active
ACC06364,CUST03927,BR058,Savings,2019-11-28,40736.96,Active
ACC06365,CUST06848,BR015,Savings,2021-05-26,76974.52,Closed
ACC06366,CUST05009,BR029,Savings,2023-11-14,110041.38,Closed
ACC06367,CUST01253,BR045,Savings,2022-10-20,17646.6,Dormant
ACC06368,CUST01620,BR008,Savings,2024-01-08,2775.75,Active
ACC06369,CUST01828,BR057,Savings,2022-07-08,10521.85,Active
ACC06370,CUST02043,BR037,Salary,2019-02-03,9909.38,Closed
ACC06371,CUST01400,BR027,Savings,2020-09-09,17447.56,Dormant
ACC06372,CUST03292,BR022,Savings,2025-05-07,18600.18,Active
ACC06373,CUST06803,BR031,Savings,2019-07-03,60295.04,Active
ACC06374,CUST00811,BR027,Savings,2025-02-05,69354.45,Active
ACC06375,CUST03886,BR032,Savings,2020-09-15,18873.12,Active
ACC06376,CUST06609,BR059,Savings,2021-02-11,59197.61,Active
ACC06377,CUST04224,BR058,Savings,2019-12-04,30390.8,Active
ACC06378,CUST07788,BR001,Salary,2025-11-08,13976.8,Dormant
ACC06379,CUST02399,BR031,Savings,2025-09-14,49805.95,Dormant
ACC06380,CUST03566,BR045,Salary,2023-10-01,14052.79,Closed
ACC06381,CUST04701,BR041,Savings,2019-10-28,140369.02,Active
ACC06382,CUST05719,BR003,Salary,2020-08-10,4881.03,Active
ACC06383,CUST03449,BR007,Savings,2024-08-29,13854.23,Active
ACC06384,CUST02259,BR037,Savings,2019-01-07,19655.9,Dormant
ACC06385,CUST05126,BR057,Current,2023-05-10,56356.49,Closed
ACC06386,CUST02267,BR045,Current,2020-04-16,129050.68,Active
ACC06387,CUST01649,BR003,Savings,2019-11-01,21548.06,Active
ACC06388,CUST07753,BR021,Salary,2024-04-25,4936.64,Closed
ACC06389,CUST06969,BR008,Current,2019-12-13,84331.77,Closed
ACC06390,CUST00500,BR051,Savings,2020-12-25,43454.2,Dormant
ACC06391,CUST00337,BR057,Savings,2020-02-08,3836.54,Active
ACC06392,CUST01152,BR025,Salary,2023-09-11,13324.2,Closed
ACC06393,CUST00779,BR019,Salary,2021-10-22,4389.19,Dormant
ACC06394,CUST04510,BR028,Savings,2022-04-29,12110.33,Dormant
ACC06395,CUST06091,BR055,Savings,2021-07-16,9773.91,Active
ACC06396,CUST01643,BR057,Current,2022-05-19,81573.91,Active
ACC06397,CUST04589,BR030,Salary,2021-03-24,14498.22,Active
ACC06398,CUST01642,BR002,Savings,2021-04-12,6925.52,Dormant
ACC06399,CUST06993,BR024,Savings,2024-08-07,48633.09,Dormant
ACC06400,CUST03815,BR018,Salary,2022-05-02,4896.79,Active
ACC06401,CUST01233,BR013,Fixed Deposit,2022-12-21,72989.31,Dormant
ACC06402,CUST05303,BR020,Current,2020-06-08,16090.58,Active
ACC06403,CUST01285,BR020,Fixed Deposit,2024-11-01,48078.66,Active
ACC06404,CUST02730,BR049,Current,2021-11-07,60130.4,Dormant
ACC06405,CUST07574,BR005,Savings,2023-08-16,35217.71,Active
ACC06406,CUST07380,BR052,Fixed Deposit,2020-05-01,133543.35,Dormant
ACC06407,CUST00406,BR016,Savings,2024-07-23,20454.78,Dormant
ACC06408,CUST04853,BR046,Savings,2021-06-27,29021.89,Dormant
ACC06409,CUST05536,BR052,Savings,2020-03-07,14854.18,Active
ACC06410,CUST00083,BR041,Savings,2020-02-03,25946.47,Dormant
ACC06411,CUST07367,BR029,Salary,2023-03-01,18172.05,Closed
ACC06412,CUST06230,BR048,Current,2023-06-06,32915.21,Active
ACC06413,CUST00278,BR032,Fixed Deposit,2019-02-02,20287.29,Closed
ACC06414,CUST07799,BR048,Savings,2024-01-16,29682.82,Closed
ACC06415,CUST04711,BR022,Savings,2021-04-05,30580.12,Closed
ACC06416,CUST07906,BR005,Savings,2023-03-10,11942.32,Closed
ACC06417,CUST04123,BR024,Savings,2024-07-13,6933.03,Closed
ACC06418,CUST03629,BR023,Savings,2022-02-01,83140.83,Closed
ACC06419,CUST00998,BR041,Salary,2019-06-22,18845.17,Closed
ACC06420,CUST03586,BR006,Fixed Deposit,2020-11-08,52185.05,Closed
ACC06421,CUST00655,BR023,Savings,2021-03-02,7916.23,Closed
ACC06422,CUST07642,BR028,Savings,2025-09-02,10512.99,Dormant
ACC06423,CUST02224,BR042,Current,2021-03-27,133597.98,Active
ACC06424,CUST02401,BR004,Current,2022-03-17,41675.22,Closed
ACC06425,CUST06460,BR029,Savings,2020-08-08,13419.6,Dormant
ACC06426,CUST06063,BR001,Savings,2021-04-28,34846.93,Closed
ACC06427,CUST06130,BR037,Savings,2022-01-22,10583.4,Active
ACC06428,CUST00823,BR031,Savings,2021-11-23,85029.94,Dormant
ACC06429,CUST05023,BR018,Savings,2021-09-11,74423.01,Dormant
ACC06430,CUST00697,BR027,Salary,2024-02-29,9637.32,Dormant
ACC06431,CUST04620,BR040,Savings,2019-04-27,12508.91,Active
ACC06432,CUST05863,BR046,Savings,2020-08-12,2087.41,Closed
ACC06433,CUST07419,BR055,Fixed Deposit,2025-01-15,24613.53,Active
ACC06434,CUST05319,BR029,Savings,2022-12-01,6597.71,Closed
ACC06435,CUST03343,BR012,Savings,2025-01-04,24876.31,Active
ACC06436,CUST06652,BR024,Savings,2019-08-11,16422.21,Dormant
ACC06437,CUST01793,BR046,Savings,2022-11-19,6562.97,Active
ACC06438,CUST00467,BR022,Savings,2021-06-15,17102.03,Active
ACC06439,CUST03186,BR021,Savings,2024-03-15,34710.71,Active
ACC06440,CUST01240,BR003,Savings,2020-03-25,35420.83,Active
ACC06441,CUST01204,BR043,Savings,2020-07-09,3985.02,Dormant
ACC06442,CUST00660,BR047,Savings,2019-04-03,19625.07,Closed
ACC06443,CUST00501,BR049,Fixed Deposit,2023-04-21,26107.96,Dormant
ACC06444,CUST05634,BR057,Savings,2025-12-07,49590.56,Dormant
ACC06445,CUST06785,BR016,Savings,2019-10-21,44610.82,Dormant
ACC06446,CUST03228,BR037,Fixed Deposit,2020-02-18,34932.88,Closed
ACC06447,CUST07596,BR031,Current,2023-08-29,16881.18,Active
ACC06448,CUST03422,BR032,Salary,2020-06-17,9673.19,Active
ACC06449,CUST02221,BR023,Current,2024-03-25,3816.95,Closed
ACC06450,CUST02305,BR046,Savings,2022-09-05,29803.21,Active
ACC06451,CUST01383,BR059,Savings,2023-01-07,17230.56,Closed
ACC06452,CUST03418,BR007,Current,2023-03-27,95815.05,Active
ACC06453,CUST06039,BR054,Savings,2024-01-13,8196.25,Active
ACC06454,CUST04076,BR026,Current,2021-03-09,19552.86,Dormant
ACC06455,CUST07392,BR037,Savings,2025-01-29,5676.71,Closed
ACC06456,CUST03393,BR056,Salary,2022-04-22,6614.35,Dormant
ACC06457,CUST06516,BR038,Salary,2025-09-20,5840.74,Dormant
ACC06458,CUST01783,BR029,Current,2020-11-19,98319.11,Dormant
ACC06459,CUST02884,BR045,Current,2020-05-17,18065.12,Dormant
ACC06460,CUST04952,BR040,Savings,2025-05-16,24630.93,Active
ACC06461,CUST00566,BR032,Current,2021-06-11,24815.82,Closed
ACC06462,CUST04431,BR033,Savings,2022-01-27,7026.76,Active
ACC06463,CUST05493,BR012,Current,2023-03-05,30690.23,Closed
ACC06464,CUST03163,BR011,Savings,2024-12-16,37767.08,Active
ACC06465,CUST04229,BR052,Savings,2020-11-03,7428.03,Dormant
ACC06466,CUST01943,BR058,Savings,2019-02-28,45624.56,Closed
ACC06467,CUST06166,BR034,Savings,2024-04-27,10252.24,Dormant
ACC06468,CUST06450,BR020,Savings,2022-04-18,14261.44,Dormant
ACC06469,CUST06406,BR016,Salary,2023-10-11,19369.95,Dormant
ACC06470,CUST04224,BR001,Savings,2025-05-29,12123.58,Dormant
ACC06471,CUST00466,BR026,Savings,2025-06-10,22784.08,Active
ACC06472,CUST00368,BR054,Savings,2025-09-10,16593.7,Dormant
ACC06473,CUST02535,BR015,Savings,2024-01-12,24746.3,Active
ACC06474,CUST01702,BR019,Salary,2020-10-20,2523.7,Active
ACC06475,CUST02334,BR046,Savings,2022-01-15,4244.11,Active
ACC06476,CUST04399,BR030,Salary,2020-11-03,20561.53,Active
ACC06477,CUST06782,BR015,Savings,2021-02-09,56019.96,Active
ACC06478,CUST06974,BR018,Fixed Deposit,2019-01-08,34672.7,Active
ACC06479,CUST05230,BR022,Fixed Deposit,2020-10-29,51719.13,Closed
ACC06480,CUST05035,BR017,Fixed Deposit,2023-08-30,71455.6,Closed
ACC06481,CUST01552,BR022,Salary,2022-05-04,21704.01,Closed
ACC06482,CUST02940,BR013,Savings,2022-03-16,3551.38,Active
ACC06483,CUST01925,BR049,Savings,2023-12-04,9922.54,Active
ACC06484,CUST01751,BR044,Current,2019-01-25,26040.82,Active
ACC06485,CUST03440,BR041,Fixed Deposit,2019-11-10,91298.0,Active
ACC06486,CUST03122,BR054,Savings,2021-06-28,208686.3,Closed
ACC06487,CUST04436,BR016,Salary,2024-08-20,11388.92,Dormant
ACC06488,CUST07531,BR059,Current,2022-04-21,8893.02,Closed
ACC06489,CUST00679,BR010,Savings,2025-04-22,31635.69,Closed
ACC06490,CUST02871,BR018,Fixed Deposit,2021-07-08,132269.59,Dormant
ACC06491,CUST07149,BR010,Savings,2020-10-24,24275.25,Closed
ACC06492,CUST04724,BR046,Savings,2019-03-13,9740.19,Closed
ACC06493,CUST02895,BR003,Salary,2019-05-23,26123.64,Active
ACC06494,CUST06002,BR055,Current,2025-09-24,70512.52,Dormant
ACC06495,CUST03203,BR022,Savings,2022-04-30,8747.54,Active
ACC06496,CUST00423,BR051,Savings,2021-02-09,31047.79,Active
ACC06497,CUST04811,BR032,Salary,2019-12-02,26851.74,Active
ACC06498,CUST06095,BR030,Current,2025-01-03,118407.82,Dormant
ACC06499,CUST07632,BR036,Salary,2020-09-19,12752.54,Active
ACC06500,CUST04210,BR022,Savings,2024-07-22,15958.21,Dormant
ACC06501,CUST05375,BR033,Savings,2023-04-05,66472.69,Dormant
ACC06502,CUST02566,BR056,Fixed Deposit,2023-05-10,28966.74,Active
ACC06503,CUST02294,BR017,Savings,2025-07-20,32686.63,Dormant
ACC06504,CUST02358,BR020,Savings,2021-12-10,6418.73,Active
ACC06505,CUST03921,BR026,Savings,2022-05-04,57459.67,Dormant
ACC06506,CUST00960,BR004,Salary,2020-05-13,11151.93,Closed
ACC06507,CUST01361,BR003,Fixed Deposit,2022-07-02,128174.76,Active
ACC06508,CUST05773,BR009,Savings,2019-05-30,34278.43,Closed
ACC06509,CUST01944,BR047,Savings,2023-11-08,7325.39,Dormant
ACC06510,CUST01701,BR044,Savings,2022-05-23,79392.96,Active
ACC06511,CUST04789,BR047,Savings,2022-06-12,88975.89,Dormant
ACC06512,CUST06252,BR007,Savings,2021-09-20,48730.38,Closed
ACC06513,CUST00890,BR033,Savings,2023-02-03,11098.56,Closed
ACC06514,CUST05956,BR057,Savings,2022-03-15,16723.79,Closed
ACC06515,CUST00278,BR048,Salary,2023-08-12,14791.37,Dormant
ACC06516,CUST01922,BR019,Savings,2025-12-11,11692.01,Active
ACC06517,CUST03218,BR057,Savings,2021-06-10,101023.85,Active
ACC06518,CUST03465,BR029,Savings,2022-11-20,25081.7,Active
ACC06519,CUST02515,BR013,Savings,2021-12-18,1933.31,Dormant
ACC06520,CUST01957,BR005,Salary,2023-12-31,16941.97,Closed
ACC06521,CUST02982,BR017,Savings,2025-07-06,16101.35,Dormant
ACC06522,CUST07498,BR010,Savings,2020-03-07,20590.11,Closed
ACC06523,CUST06074,BR049,Current,2019-04-04,25119.02,Dormant
ACC06524,CUST06029,BR012,Savings,2022-12-19,45539.79,Active
ACC06525,CUST05401,BR006,Savings,2024-12-07,60338.1,Dormant
ACC06526,CUST00350,BR030,Current,2021-12-10,48197.05,Closed
ACC06527,CUST05744,BR007,Current,2021-02-11,25866.11,Closed
ACC06528,CUST04245,BR054,Savings,2024-10-05,21222.06,Active
ACC06529,CUST05151,BR001,Salary,2024-10-09,13544.28,Dormant
ACC06530,CUST00336,BR020,Savings,2020-02-12,10698.01,Dormant
ACC06531,CUST07586,BR038,Savings,2024-12-01,37087.52,Dormant
ACC06532,CUST00436,BR055,Current,2019-10-17,57528.88,Closed
ACC06533,CUST00554,BR018,Current,2025-05-11,169471.7,Dormant
ACC06534,CUST02219,BR042,Savings,2021-09-12,68173.75,Closed
ACC06535,CUST03732,BR007,Salary,2025-08-05,8267.0,Dormant
ACC06536,CUST05987,BR017,Salary,2021-07-30,23723.2,Active
ACC06537,CUST01560,BR020,Savings,2022-01-21,9359.45,Active
ACC06538,CUST01018,BR050,Current,2020-12-29,72833.56,Closed
ACC06539,CUST06068,BR058,Savings,2020-02-25,13836.25,Dormant
ACC06540,CUST07645,BR035,Savings,2021-10-22,8769.82,Active
ACC06541,CUST06493,BR010,Savings,2025-07-28,28340.32,Dormant
ACC06542,CUST05272,BR033,Savings,2020-09-06,1984.04,Closed
ACC06543,CUST01168,BR001,Salary,2024-10-24,3921.84,Dormant
ACC06544,CUST01392,BR034,Savings,2021-07-09,18774.55,Closed
ACC06545,CUST05044,BR060,Savings,2022-12-05,23722.94,Closed
ACC06546,CUST07897,BR025,Salary,2020-07-06,10316.26,Active
ACC06547,CUST01955,BR041,Savings,2024-12-24,5316.16,Closed
ACC06548,CUST02215,BR006,Salary,2025-04-14,7536.22,Active
ACC06549,CUST05939,BR031,Savings,2023-12-29,31322.39,Closed
ACC06550,CUST00414,BR037,Current,2023-05-29,64976.55,Dormant
ACC06551,CUST04725,BR034,Savings,2022-05-18,21707.2,Active
ACC06552,CUST04039,BR050,Savings,2021-03-04,62389.38,Dormant
ACC06553,CUST05299,BR011,Savings,2021-03-20,31497.31,Closed
ACC06554,CUST06533,BR028,Savings,2022-07-31,11240.63,Closed
ACC06555,CUST02597,BR027,Savings,2024-02-29,17112.22,Active
ACC06556,CUST05293,BR060,Current,2021-11-23,8929.66,Active
ACC06557,CUST03286,BR010,Salary,2023-09-29,12385.76,Active
ACC06558,CUST04676,BR058,Salary,2021-06-19,29099.33,Dormant
ACC06559,CUST04248,BR024,Savings,2022-12-31,40813.21,Closed
ACC06560,CUST06223,BR017,Savings,2019-01-01,77793.13,Closed
ACC06561,CUST02811,BR019,Salary,2019-10-26,10807.33,Closed
ACC06562,CUST07703,BR009,Savings,2022-01-21,73975.54,Dormant
ACC06563,CUST04277,BR036,Fixed Deposit,2021-05-14,53317.37,Active
ACC06564,CUST00149,BR044,Salary,2022-10-12,37425.57,Closed
ACC06565,CUST00134,BR030,Current,2021-02-25,35530.38,Dormant
ACC06566,CUST01574,BR021,Savings,2021-11-13,41627.16,Dormant
ACC06567,CUST07930,BR017,Current,2025-07-18,158754.2,Closed
ACC06568,CUST06014,BR059,Savings,2024-04-07,18507.2,Closed
ACC06569,CUST03765,BR036,Savings,2020-04-10,26810.53,Active
ACC06570,CUST04577,BR049,Savings,2019-08-16,70261.35,Active
ACC06571,CUST02088,BR009,Salary,2020-11-14,12172.05,Dormant
ACC06572,CUST03162,BR009,Salary,2023-07-05,5299.54,Closed
ACC06573,CUST05943,BR032,Savings,2019-11-16,151555.38,Dormant
ACC06574,CUST03220,BR046,Salary,2023-07-28,9615.82,Active
ACC06575,CUST00015,BR016,Fixed Deposit,2024-07-22,65857.83,Closed
ACC06576,CUST01226,BR008,Salary,2023-10-09,30007.56,Active
ACC06577,CUST05633,BR020,Salary,2022-02-15,8725.93,Active
ACC06578,CUST00548,BR027,Salary,2025-06-02,6597.81,Dormant
ACC06579,CUST00550,BR044,Salary,2023-11-11,15956.41,Active
ACC06580,CUST00021,BR059,Savings,2022-05-09,4386.26,Active
ACC06581,CUST05742,BR035,Salary,2021-02-07,10921.25,Closed
ACC06582,CUST01570,BR028,Current,2023-07-25,46399.25,Dormant
ACC06583,CUST03244,BR049,Savings,2019-05-09,17275.48,Closed
ACC06584,CUST07552,BR040,Fixed Deposit,2022-09-13,23716.57,Closed
ACC06585,CUST07774,BR033,Salary,2021-03-26,40779.08,Closed
ACC06586,CUST03876,BR056,Savings,2019-07-07,24177.66,Active
ACC06587,CUST02708,BR041,Savings,2022-01-18,79860.52,Dormant
ACC06588,CUST01707,BR032,Savings,2025-05-19,17430.34,Dormant
ACC06589,CUST07846,BR016,Savings,2024-03-22,9976.52,Dormant
ACC06590,CUST00082,BR017,Savings,2022-12-07,28064.56,Closed
ACC06591,CUST01133,BR037,Savings,2020-05-07,18138.49,Active
ACC06592,CUST06803,BR053,Salary,2024-08-24,5858.02,Closed
ACC06593,CUST04038,BR057,Savings,2021-11-02,82686.02,Active
ACC06594,CUST01161,BR054,Salary,2025-01-28,8642.19,Active
ACC06595,CUST05805,BR017,Fixed Deposit,2023-09-20,19847.64,Closed
ACC06596,CUST07041,BR047,Current,2019-09-12,137058.9,Active
ACC06597,CUST06635,BR038,Salary,2024-08-16,9386.16,Closed
ACC06598,CUST07803,BR041,Salary,2022-08-26,8730.02,Dormant
ACC06599,CUST03924,BR049,Salary,2021-03-14,3882.48,Closed
ACC06600,CUST02223,BR042,Fixed Deposit,2025-07-30,170171.99,Closed
ACC06601,CUST05576,BR017,Savings,2024-05-30,6901.32,Active
ACC06602,CUST06351,BR045,Savings,2020-12-04,23216.18,Dormant
ACC06603,CUST03658,BR047,Salary,2025-09-13,25306.95,Active
ACC06604,CUST06693,BR036,Current,2019-03-08,55365.78,Active
ACC06605,CUST00060,BR001,Salary,2022-08-17,12813.34,Active
ACC06606,CUST04839,BR022,Savings,2022-02-09,4762.37,Active
ACC06607,CUST03208,BR042,Fixed Deposit,2022-04-24,36833.58,Closed
ACC06608,CUST02776,BR035,Savings,2021-02-08,26082.51,Dormant
ACC06609,CUST03760,BR025,Savings,2022-07-11,10845.91,Dormant
ACC06610,CUST00056,BR001,Savings,2021-02-05,26450.32,Closed
ACC06611,CUST06384,BR033,Savings,2022-04-05,40683.14,Active
ACC06612,CUST02488,BR008,Savings,2020-12-11,52378.56,Dormant
ACC06613,CUST02934,BR013,Salary,2024-10-24,5662.8,Active
ACC06614,CUST03308,BR030,Salary,2020-09-17,62171.52,Active
ACC06615,CUST02448,BR013,Savings,2019-02-20,43946.64,Dormant
ACC06616,CUST04637,BR021,Salary,2022-06-02,13343.71,Closed
ACC06617,CUST01297,BR011,Savings,2019-03-22,58722.78,Active
ACC06618,CUST01426,BR059,Salary,2022-07-09,69967.45,Active
ACC06619,CUST01028,BR036,Savings,2024-04-30,6033.92,Active
ACC06620,CUST05764,BR029,Current,2019-08-31,28990.9,Active
ACC06621,CUST01718,BR004,Savings,2022-02-12,2590.0,Closed
ACC06622,CUST01357,BR057,Salary,2025-05-07,15288.5,Closed
ACC06623,CUST01748,BR007,Savings,2021-08-25,30603.05,Closed
ACC06624,CUST05656,BR051,Savings,2022-02-12,21263.65,Active
ACC06625,CUST07817,BR033,Savings,2024-10-06,12221.11,Active
ACC06626,CUST07956,BR050,Salary,2024-05-31,3182.24,Closed
ACC06627,CUST06120,BR036,Salary,2022-06-21,17352.18,Closed
ACC06628,CUST07755,BR005,Fixed Deposit,2020-07-18,143381.0,Active
ACC06629,CUST02934,BR033,Savings,2024-08-15,12940.06,Active
ACC06630,CUST05863,BR045,Salary,2021-03-21,18179.36,Active
ACC06631,CUST01064,BR048,Savings,2021-04-25,5370.47,Closed
ACC06632,CUST03863,BR051,Savings,2024-01-02,33239.42,Dormant
ACC06633,CUST04970,BR014,Savings,2019-05-08,15459.14,Active
ACC06634,CUST03808,BR035,Savings,2019-11-28,11090.27,Closed
ACC06635,CUST01202,BR038,Savings,2024-05-31,11110.8,Active
ACC06636,CUST06339,BR051,Current,2022-05-15,24499.02,Dormant
ACC06637,CUST05555,BR039,Savings,2022-11-18,31075.97,Active
ACC06638,CUST05785,BR054,Current,2023-10-27,9777.48,Active
ACC06639,CUST06162,BR053,Current,2020-06-27,24413.33,Closed
ACC06640,CUST00291,BR018,Current,2024-07-02,34840.24,Dormant
ACC06641,CUST01698,BR015,Savings,2020-01-01,8191.6,Active
ACC06642,CUST01384,BR002,Savings,2022-02-15,110968.17,Dormant
ACC06643,CUST07492,BR046,Current,2025-06-24,15467.63,Closed
ACC06644,CUST02281,BR009,Savings,2024-07-19,12058.28,Closed
ACC06645,CUST04607,BR024,Savings,2019-05-02,9131.84,Active
ACC06646,CUST01045,BR029,Salary,2025-05-28,47048.58,Dormant
ACC06647,CUST04374,BR050,Savings,2022-09-10,36228.98,Active
ACC06648,CUST03278,BR032,Fixed Deposit,2024-11-04,34133.85,Dormant
ACC06649,CUST06103,BR002,Savings,2020-04-17,59611.78,Closed
ACC06650,CUST00002,BR057,Salary,2023-12-17,15374.86,Active
ACC06651,CUST00704,BR015,Current,2023-03-03,46969.49,Active
ACC06652,CUST05465,BR035,Salary,2019-05-23,10497.22,Dormant
ACC06653,CUST01328,BR048,Salary,2020-11-28,7906.25,Closed
ACC06654,CUST03883,BR020,Savings,2024-05-25,29851.47,Closed
ACC06655,CUST04299,BR010,Salary,2020-11-19,9121.95,Active
ACC06656,CUST02350,BR060,Savings,2021-07-29,112992.88,Active
ACC06657,CUST01170,BR045,Savings,2025-07-27,7027.86,Closed
ACC06658,CUST03774,BR059,Current,2020-01-09,168747.16,Closed
ACC06659,CUST01494,BR025,Savings,2020-07-02,19926.64,Active
ACC06660,CUST01926,BR013,Savings,2021-03-02,28830.15,Dormant
ACC06661,CUST02069,BR046,Savings,2023-08-28,46622.66,Closed
ACC06662,CUST06709,BR010,Salary,2020-07-10,8594.05,Active
ACC06663,CUST07410,BR038,Savings,2021-02-03,47945.66,Dormant
ACC06664,CUST00461,BR002,Savings,2020-08-10,1926.02,Closed
ACC06665,CUST02258,BR013,Salary,2024-05-27,8070.8,Closed
ACC06666,CUST01381,BR057,Savings,2021-01-19,9588.73,Dormant
ACC06667,CUST04679,BR013,Fixed Deposit,2023-10-10,28223.11,Active
ACC06668,CUST05400,BR040,Savings,2022-11-08,18152.08,Active
ACC06669,CUST01375,BR029,Savings,2024-12-07,31168.87,Closed
ACC06670,CUST07011,BR034,Savings,2022-03-04,41456.25,Active
ACC06671,CUST05635,BR026,Savings,2025-07-02,27358.68,Active
ACC06672,CUST02150,BR030,Current,2019-08-07,18663.15,Active
ACC06673,CUST01025,BR034,Savings,2019-07-19,30702.97,Dormant
ACC06674,CUST06253,BR019,Savings,2023-01-14,24633.37,Dormant
ACC06675,CUST02797,BR037,Current,2025-01-25,92601.09,Closed
ACC06676,CUST01981,BR056,Savings,2024-05-14,44322.29,Closed
ACC06677,CUST01074,BR059,Salary,2025-02-08,13647.8,Closed
ACC06678,CUST05922,BR019,Fixed Deposit,2023-07-08,34949.11,Active
ACC06679,CUST05656,BR010,Salary,2019-03-30,8458.57,Dormant
ACC06680,CUST02740,BR031,Salary,2019-09-20,9091.98,Closed
ACC06681,CUST04556,BR035,Savings,2023-10-11,16585.11,Closed
ACC06682,CUST00988,BR031,Savings,2021-07-06,28036.02,Dormant
ACC06683,CUST01923,BR052,Savings,2019-05-04,41925.81,Active
ACC06684,CUST07747,BR017,Current,2023-11-05,34505.75,Dormant
ACC06685,CUST05624,BR011,Savings,2025-10-22,22348.45,Dormant
ACC06686,CUST04240,BR012,Current,2024-03-05,41911.11,Dormant
ACC06687,CUST01892,BR023,Salary,2025-09-20,9310.2,Dormant
ACC06688,CUST04180,BR011,Fixed Deposit,2019-10-30,34364.0,Closed
ACC06689,CUST07838,BR025,Current,2020-06-02,6276.46,Active
ACC06690,CUST01888,BR015,Savings,2020-01-26,11782.44,Dormant
ACC06691,CUST03551,BR013,Salary,2024-10-03,18605.3,Dormant
ACC06692,CUST04736,BR036,Savings,2020-05-14,11700.42,Active
ACC06693,CUST02440,BR024,Salary,2024-05-25,11311.05,Active
ACC06694,CUST04607,BR007,Salary,2024-04-22,18518.06,Dormant
ACC06695,CUST05570,BR045,Savings,2021-05-06,35193.64,Active
ACC06696,CUST03878,BR019,Salary,2025-12-23,6274.99,Closed
ACC06697,CUST05374,BR047,Current,2022-02-15,98425.91,Dormant
ACC06698,CUST02972,BR050,Savings,2025-07-18,60755.63,Dormant
ACC06699,CUST01175,BR041,Savings,2020-02-23,7967.57,Closed
ACC06700,CUST01971,BR036,Savings,2019-09-11,10493.87,Closed
ACC06701,CUST03059,BR027,Savings,2024-01-28,64342.88,Dormant
ACC06702,CUST07976,BR045,Salary,2021-08-30,12054.61,Closed
ACC06703,CUST07083,BR059,Savings,2024-08-12,2987.52,Active
ACC06704,CUST02730,BR037,Current,2025-01-16,8958.15,Dormant
ACC06705,CUST02489,BR023,Salary,2022-07-23,11219.87,Active
ACC06706,CUST07677,BR020,Fixed Deposit,2020-03-22,29797.34,Dormant
ACC06707,CUST04488,BR049,Savings,2025-09-27,15182.8,Active
ACC06708,CUST06419,BR018,Savings,2019-08-02,22678.14,Dormant
ACC06709,CUST00325,BR050,Savings,2025-09-05,82127.58,Closed
ACC06710,CUST01468,BR057,Savings,2021-12-05,16959.64,Closed
ACC06711,CUST07948,BR045,Savings,2025-11-01,57831.43,Active
ACC06712,CUST01583,BR006,Current,2019-01-30,151563.53,Dormant
ACC06713,CUST07224,BR055,Current,2022-05-12,152406.97,Dormant
ACC06714,CUST04467,BR057,Salary,2019-07-01,16306.65,Closed
ACC06715,CUST07910,BR045,Fixed Deposit,2022-04-19,18435.37,Active
ACC06716,CUST05072,BR017,Salary,2021-03-19,18445.53,Dormant
ACC06717,CUST04048,BR053,Savings,2024-06-24,56588.43,Closed
ACC06718,CUST06308,BR048,Savings,2024-06-07,20476.63,Closed
ACC06719,CUST01234,BR027,Savings,2023-10-07,105886.76,Active
ACC06720,CUST02423,BR021,Fixed Deposit,2024-10-26,100297.91,Active
ACC06721,CUST00592,BR044,Savings,2025-06-23,36733.56,Active
ACC06722,CUST05617,BR041,Savings,2022-01-10,58556.22,Dormant
ACC06723,CUST01433,BR029,Savings,2021-08-24,29733.6,Closed
ACC06724,CUST01623,BR038,Savings,2025-08-10,2336.64,Closed
ACC06725,CUST04557,BR042,Fixed Deposit,2022-08-06,44378.78,Active
ACC06726,CUST01881,BR027,Savings,2025-12-21,64695.78,Dormant
ACC06727,CUST04013,BR030,Savings,2023-11-24,10648.43,Active
ACC06728,CUST06007,BR047,Salary,2025-11-07,11425.11,Active
ACC06729,CUST06163,BR057,Savings,2022-11-06,8601.12,Dormant
ACC06730,CUST02156,BR037,Fixed Deposit,2021-11-17,174617.57,Active
ACC06731,CUST05863,BR052,Salary,2022-06-13,43349.25,Dormant
ACC06732,CUST04153,BR048,Fixed Deposit,2023-06-23,35230.89,Active
ACC06733,CUST01637,BR037,Savings,2025-12-15,25148.87,Dormant
ACC06734,CUST04044,BR029,Savings,2021-11-15,11938.88,Closed
ACC06735,CUST06984,BR041,Savings,2022-01-01,38309.38,Dormant
ACC06736,CUST07194,BR029,Savings,2019-02-12,34846.74,Active
ACC06737,CUST07603,BR028,Savings,2020-11-25,45731.15,Closed
ACC06738,CUST03955,BR014,Savings,2025-10-08,29694.78,Active
ACC06739,CUST00551,BR015,Savings,2021-07-18,309237.72,Closed
ACC06740,CUST03153,BR038,Savings,2023-04-25,8733.04,Dormant
ACC06741,CUST02821,BR037,Savings,2023-01-31,4724.22,Active
ACC06742,CUST00040,BR020,Savings,2024-01-08,15463.21,Dormant
ACC06743,CUST06737,BR045,Fixed Deposit,2024-02-22,23369.97,Dormant
ACC06744,CUST01137,BR057,Savings,2021-08-14,5749.02,Dormant
ACC06745,CUST04732,BR039,Salary,2019-09-27,6628.14,Active
ACC06746,CUST02577,BR009,Current,2020-10-18,14440.78,Dormant
ACC06747,CUST02397,BR020,Savings,2021-10-22,9328.63,Active
ACC06748,CUST00149,BR047,Savings,2024-04-19,35115.47,Active
ACC06749,CUST02351,BR002,Current,2019-03-14,21890.56,Dormant
ACC06750,CUST05663,BR043,Current,2023-10-17,30347.99,Dormant
ACC06751,CUST07214,BR036,Current,2024-11-23,88808.07,Dormant
ACC06752,CUST06402,BR019,Current,2023-12-15,16876.5,Dormant
ACC06753,CUST04098,BR021,Fixed Deposit,2025-05-02,51086.34,Active
ACC06754,CUST06736,BR047,Savings,2025-03-04,30613.12,Dormant
ACC06755,CUST01558,BR012,Savings,2019-11-16,3837.55,Active
ACC06756,CUST05121,BR011,Current,2020-10-15,3344.57,Closed
ACC06757,CUST04699,BR049,Savings,2021-08-19,30076.69,Closed
ACC06758,CUST00046,BR049,Current,2020-03-26,59397.91,Dormant
ACC06759,CUST04946,BR040,Savings,2023-08-23,141181.01,Closed
ACC06760,CUST05036,BR029,Savings,2023-11-03,25394.44,Active
ACC06761,CUST01345,BR037,Savings,2024-07-26,46063.02,Dormant
ACC06762,CUST04551,BR018,Current,2020-05-20,29867.53,Closed
ACC06763,CUST04031,BR046,Savings,2023-04-21,28781.97,Active
ACC06764,CUST04081,BR051,Salary,2020-02-06,42919.42,Dormant
ACC06765,CUST07493,BR052,Savings,2024-07-03,3256.49,Active
ACC06766,CUST01199,BR059,Savings,2025-02-22,31960.45,Active
ACC06767,CUST00160,BR020,Savings,2023-09-16,150546.62,Dormant
ACC06768,CUST06322,BR034,Savings,2024-11-15,28391.09,Closed
ACC06769,CUST02745,BR014,Savings,2025-03-21,97296.24,Active
ACC06770,CUST04331,BR041,Salary,2022-05-06,8600.29,Closed
ACC06771,CUST07513,BR045,Savings,2021-09-05,21400.24,Closed
ACC06772,CUST02418,BR041,Savings,2020-10-08,22701.18,Active
ACC06773,CUST03110,BR017,Salary,2023-10-05,2829.02,Closed
ACC06774,CUST03694,BR007,Current,2022-02-05,11291.69,Closed
ACC06775,CUST07435,BR010,Current,2024-12-19,12126.22,Dormant
ACC06776,CUST01033,BR020,Savings,2020-06-25,46159.56,Closed
ACC06777,CUST05512,BR012,Savings,2021-11-17,48287.97,Active
ACC06778,CUST01081,BR011,Current,2024-03-05,50213.36,Active
ACC06779,CUST07407,BR005,Savings,2020-06-10,46244.26,Active
ACC06780,CUST07322,BR047,Savings,2024-07-01,19001.35,Closed
ACC06781,CUST00580,BR019,Fixed Deposit,2025-03-12,123150.07,Active
ACC06782,CUST06947,BR036,Savings,2019-06-01,22201.38,Dormant
ACC06783,CUST05699,BR058,Savings,2019-02-20,23203.95,Dormant
ACC06784,CUST04221,BR009,Savings,2025-11-26,17343.39,Closed
ACC06785,CUST00546,BR018,Savings,2020-04-10,40782.38,Closed
ACC06786,CUST04542,BR044,Savings,2025-07-30,15076.93,Active
ACC06787,CUST02853,BR026,Salary,2024-08-16,26462.98,Active
ACC06788,CUST02429,BR002,Savings,2023-01-29,7951.1,Dormant
ACC06789,CUST01485,BR054,Savings,2020-09-02,8192.51,Dormant
ACC06790,CUST02566,BR018,Savings,2019-08-18,40891.77,Dormant
ACC06791,CUST04012,BR039,Savings,2024-08-22,20339.3,Closed
ACC06792,CUST04164,BR058,Savings,2022-04-26,14639.78,Closed
ACC06793,CUST03064,BR034,Fixed Deposit,2025-06-04,102133.35,Dormant
ACC06794,CUST05884,BR040,Savings,2019-01-01,12752.27,Closed
ACC06795,CUST02588,BR048,Savings,2024-04-23,18394.72,Dormant
ACC06796,CUST02632,BR004,Current,2023-12-19,147152.97,Dormant
ACC06797,CUST05405,BR052,Fixed Deposit,2022-05-25,150766.18,Closed
ACC06798,CUST07880,BR032,Savings,2020-04-11,90686.01,Active
ACC06799,CUST01907,BR040,Savings,2024-05-16,17087.23,Dormant
ACC06800,CUST03568,BR011,Fixed Deposit,2023-07-07,125294.44,Closed
ACC06801,CUST00862,BR008,Savings,2022-09-18,9376.32,Active
ACC06802,CUST03411,BR060,Current,2025-01-06,14663.21,Active
ACC06803,CUST07678,BR024,Savings,2024-05-06,2656.04,Dormant
ACC06804,CUST03151,BR026,Savings,2020-03-10,99268.28,Dormant
ACC06805,CUST00606,BR043,Current,2023-11-27,15306.31,Dormant
ACC06806,CUST05299,BR004,Savings,2021-10-15,19655.66,Dormant
ACC06807,CUST03453,BR029,Fixed Deposit,2021-11-09,34676.08,Active
ACC06808,CUST02622,BR008,Savings,2020-01-01,41177.56,Active
ACC06809,CUST07062,BR050,Salary,2022-10-04,10270.76,Active
ACC06810,CUST00507,BR026,Fixed Deposit,2022-07-05,27367.46,Dormant
ACC06811,CUST04883,BR039,Savings,2020-05-25,32777.46,Closed
ACC06812,CUST07728,BR012,Savings,2022-04-15,6061.08,Closed
ACC06813,CUST07454,BR048,Savings,2019-12-25,10366.5,Dormant
ACC06814,CUST02781,BR053,Savings,2025-05-20,3307.01,Dormant
ACC06815,CUST03293,BR003,Savings,2019-05-14,6114.62,Dormant
ACC06816,CUST01980,BR030,Savings,2019-12-09,25865.78,Active
ACC06817,CUST04152,BR035,Fixed Deposit,2021-10-29,18421.59,Active
ACC06818,CUST00230,BR055,Savings,2020-05-16,5807.87,Active
ACC06819,CUST03067,BR046,Savings,2020-07-17,21979.55,Active
ACC06820,CUST03284,BR041,Savings,2025-06-22,13504.17,Dormant
ACC06821,CUST05588,BR048,Savings,2021-08-08,132300.74,Dormant
ACC06822,CUST06170,BR046,Savings,2022-03-19,114749.51,Closed
ACC06823,CUST02096,BR045,Savings,2020-04-10,10085.66,Dormant
ACC06824,CUST06827,BR002,Savings,2025-08-31,36367.25,Active
ACC06825,CUST00525,BR045,Savings,2020-06-14,43232.78,Closed
ACC06826,CUST05912,BR033,Savings,2021-11-30,12865.04,Closed
ACC06827,CUST03446,BR013,Current,2023-03-06,8139.29,Dormant
ACC06828,CUST07318,BR029,Salary,2024-07-12,13245.21,Closed
ACC06829,CUST02575,BR017,Savings,2024-02-02,18853.22,Active
ACC06830,CUST07595,BR039,Salary,2022-03-30,9847.42,Active
ACC06831,CUST05858,BR043,Savings,2022-08-17,32796.77,Closed
ACC06832,CUST01439,BR007,Salary,2020-05-02,7898.98,Closed
ACC06833,CUST07436,BR045,Fixed Deposit,2025-07-15,29995.46,Dormant
ACC06834,CUST05861,BR013,Salary,2023-06-09,14419.81,Dormant
ACC06835,CUST03034,BR018,Savings,2024-11-21,31175.04,Active
ACC06836,CUST00352,BR059,Savings,2024-09-27,7638.98,Dormant
ACC06837,CUST06274,BR022,Savings,2024-11-10,50781.2,Dormant
ACC06838,CUST00695,BR036,Salary,2023-10-27,3868.66,Closed
ACC06839,CUST00225,BR021,Savings,2019-06-13,13091.23,Active
ACC06840,CUST05101,BR001,Fixed Deposit,2023-01-16,51287.12,Closed
ACC06841,CUST06189,BR018,Fixed Deposit,2020-01-14,40874.67,Active
ACC06842,CUST03377,BR044,Salary,2025-08-23,8995.3,Dormant
ACC06843,CUST03426,BR050,Savings,2023-08-23,118654.01,Dormant
ACC06844,CUST07885,BR027,Savings,2021-09-07,10241.51,Active
ACC06845,CUST00370,BR045,Fixed Deposit,2019-02-08,259038.77,Active
ACC06846,CUST07623,BR022,Savings,2024-04-02,32643.93,Active
ACC06847,CUST00836,BR056,Savings,2023-09-15,23929.08,Closed
ACC06848,CUST04106,BR030,Savings,2020-05-26,33813.53,Closed
ACC06849,CUST05549,BR046,Salary,2022-06-23,78507.5,Closed
ACC06850,CUST03258,BR017,Fixed Deposit,2019-04-05,32986.19,Closed
ACC06851,CUST06973,BR026,Savings,2022-07-15,8035.49,Closed
ACC06852,CUST05502,BR005,Savings,2025-02-17,11165.91,Active
ACC06853,CUST06223,BR033,Savings,2024-02-12,22672.97,Closed
ACC06854,CUST02349,BR023,Savings,2025-10-02,4660.16,Dormant
ACC06855,CUST03304,BR012,Savings,2025-01-05,22473.8,Closed
ACC06856,CUST05211,BR031,Savings,2019-01-23,101133.07,Active
ACC06857,CUST01514,BR014,Salary,2025-12-01,14853.42,Closed
ACC06858,CUST06474,BR037,Savings,2023-06-07,16925.61,Dormant
ACC06859,CUST01323,BR026,Current,2025-09-02,19571.69,Dormant
ACC06860,CUST06931,BR023,Savings,2023-05-17,49447.19,Active
ACC06861,CUST03356,BR018,Current,2020-07-20,15901.48,Active
ACC06862,CUST06364,BR037,Savings,2022-11-25,116047.67,Closed
ACC06863,CUST06978,BR033,Savings,2019-04-20,125495.32,Closed
ACC06864,CUST04489,BR008,Salary,2020-11-21,15990.11,Dormant
ACC06865,CUST07285,BR008,Current,2019-12-05,35899.72,Active
ACC06866,CUST01868,BR040,Savings,2024-08-07,55692.11,Dormant
ACC06867,CUST01418,BR049,Savings,2019-07-26,59001.53,Closed
ACC06868,CUST07252,BR058,Salary,2019-10-05,7599.26,Dormant
ACC06869,CUST07886,BR036,Savings,2023-06-19,13713.01,Closed
ACC06870,CUST00579,BR055,Savings,2021-02-21,6700.16,Dormant
ACC06871,CUST01948,BR023,Savings,2025-10-04,31829.81,Closed
ACC06872,CUST00339,BR028,Savings,2025-01-23,40133.44,Active
ACC06873,CUST06366,BR025,Savings,2023-06-03,6535.91,Dormant
ACC06874,CUST00921,BR007,Savings,2019-02-14,14622.56,Closed
ACC06875,CUST01810,BR007,Savings,2019-12-28,6551.65,Active
ACC06876,CUST05293,BR056,Savings,2025-07-29,9809.24,Active
ACC06877,CUST03511,BR008,Fixed Deposit,2020-09-27,83333.86,Dormant
ACC06878,CUST02153,BR004,Savings,2023-12-05,11382.88,Closed
ACC06879,CUST04488,BR011,Current,2019-04-13,26880.97,Closed
ACC06880,CUST03478,BR013,Fixed Deposit,2020-01-26,22552.77,Dormant
ACC06881,CUST05440,BR004,Savings,2024-05-31,26063.5,Closed
ACC06882,CUST01396,BR027,Savings,2020-11-24,21166.06,Active
ACC06883,CUST05580,BR029,Savings,2019-11-01,11429.31,Active
ACC06884,CUST01607,BR053,Current,2024-10-21,30061.05,Dormant
ACC06885,CUST07254,BR008,Salary,2024-01-20,15156.83,Active
ACC06886,CUST04279,BR015,Current,2020-03-29,16076.79,Closed
ACC06887,CUST05221,BR022,Salary,2022-05-17,4753.4,Closed
ACC06888,CUST03700,BR007,Fixed Deposit,2022-06-16,176900.85,Closed
ACC06889,CUST00294,BR045,Savings,2021-03-08,12457.21,Closed
ACC06890,CUST03826,BR059,Savings,2024-02-14,20189.46,Closed
ACC06891,CUST00703,BR014,Salary,2023-03-13,27108.1,Dormant
ACC06892,CUST01160,BR010,Salary,2023-03-04,157998.15,Dormant
ACC06893,CUST03557,BR060,Current,2022-08-29,10462.09,Active
ACC06894,CUST07231,BR049,Savings,2024-03-18,33019.2,Dormant
ACC06895,CUST02277,BR039,Savings,2020-10-05,11651.65,Active
ACC06896,CUST01862,BR041,Savings,2019-12-14,13562.84,Closed
ACC06897,CUST07857,BR045,Salary,2022-10-30,8069.54,Dormant
ACC06898,CUST06759,BR017,Savings,2024-01-01,7997.71,Closed
ACC06899,CUST06737,BR014,Current,2019-12-15,34846.52,Closed
ACC06900,CUST02836,BR019,Salary,2019-06-20,4759.26,Closed
ACC06901,CUST04551,BR031,Savings,2020-04-06,51643.87,Closed
ACC06902,CUST01134,BR027,Savings,2025-10-31,23144.27,Closed
ACC06903,CUST04889,BR001,Fixed Deposit,2022-10-11,77146.46,Active
ACC06904,CUST07882,BR027,Current,2025-04-20,22783.94,Closed
ACC06905,CUST00785,BR019,Savings,2024-03-01,15827.69,Active
ACC06906,CUST00092,BR027,Current,2023-05-18,48414.95,Active
ACC06907,CUST02659,BR054,Fixed Deposit,2019-11-11,29779.32,Dormant
ACC06908,CUST03235,BR023,Salary,2025-07-18,10398.39,Closed
ACC06909,CUST01519,BR044,Savings,2025-12-18,10161.36,Dormant
ACC06910,CUST01948,BR005,Savings,2024-03-21,9882.18,Closed
ACC06911,CUST01001,BR034,Savings,2019-04-26,3298.24,Closed
ACC06912,CUST03081,BR008,Savings,2020-12-23,73525.97,Dormant
ACC06913,CUST04144,BR016,Salary,2020-10-19,8262.01,Active
ACC06914,CUST05709,BR050,Savings,2025-06-14,62757.82,Dormant
ACC06915,CUST03487,BR056,Current,2019-07-09,105745.69,Dormant
ACC06916,CUST07532,BR043,Savings,2022-05-18,6922.97,Closed
ACC06917,CUST04795,BR041,Current,2022-06-12,12229.29,Dormant
ACC06918,CUST07453,BR016,Savings,2019-04-28,220676.4,Active
ACC06919,CUST07801,BR058,Salary,2019-01-22,45508.22,Active
ACC06920,CUST03294,BR026,Savings,2022-02-03,21410.43,Active
ACC06921,CUST06581,BR053,Savings,2020-05-15,27767.9,Closed
ACC06922,CUST07603,BR048,Current,2025-04-15,19324.98,Active
ACC06923,CUST04182,BR059,Salary,2024-01-25,18081.54,Active
ACC06924,CUST01010,BR057,Savings,2025-04-24,11551.1,Closed
ACC06925,CUST03596,BR035,Salary,2019-11-05,3220.69,Active
ACC06926,CUST06816,BR014,Savings,2023-12-02,6704.94,Closed
ACC06927,CUST06892,BR058,Current,2025-03-08,37089.63,Closed
ACC06928,CUST01522,BR005,Savings,2023-10-03,7958.85,Active
ACC06929,CUST03340,BR006,Salary,2020-06-08,12745.15,Dormant
ACC06930,CUST01207,BR019,Savings,2020-11-23,8373.31,Closed
ACC06931,CUST03108,BR053,Savings,2023-07-06,10893.06,Closed
ACC06932,CUST06126,BR011,Savings,2025-11-24,47469.79,Closed
ACC06933,CUST04458,BR051,Salary,2024-08-01,15886.68,Active
ACC06934,CUST02505,BR038,Savings,2024-08-25,21835.71,Active
ACC06935,CUST03524,BR039,Salary,2021-05-21,24717.7,Active
ACC06936,CUST01157,BR004,Current,2021-05-03,58724.28,Active
ACC06937,CUST05542,BR022,Savings,2021-08-07,80975.91,Closed
ACC06938,CUST06612,BR013,Savings,2019-05-08,14561.36,Active
ACC06939,CUST03761,BR037,Savings,2019-02-13,14962.89,Active
ACC06940,CUST02637,BR020,Salary,2020-03-11,5373.44,Dormant
ACC06941,CUST07213,BR046,Savings,2020-04-06,14971.7,Dormant
ACC06942,CUST05848,BR001,Salary,2021-11-06,26247.84,Dormant
ACC06943,CUST06324,BR022,Current,2024-07-06,133250.67,Dormant
ACC06944,CUST00498,BR051,Current,2019-09-06,94874.02,Dormant
ACC06945,CUST03881,BR030,Fixed Deposit,2021-09-08,20403.97,Active
ACC06946,CUST00049,BR025,Savings,2022-11-10,58385.96,Dormant
ACC06947,CUST07515,BR054,Savings,2020-07-31,4210.49,Dormant
ACC06948,CUST00785,BR013,Savings,2023-06-08,49429.64,Dormant
ACC06949,CUST00152,BR016,Savings,2022-01-04,15819.43,Closed
ACC06950,CUST03721,BR041,Salary,2021-03-21,21846.0,Dormant
ACC06951,CUST03781,BR002,Savings,2019-05-31,6639.53,Dormant
ACC06952,CUST00572,BR007,Salary,2023-10-28,30327.72,Closed
ACC06953,CUST04736,BR056,Savings,2022-02-15,5893.01,Active
ACC06954,CUST04595,BR029,Salary,2023-10-02,8367.26,Active
ACC06955,CUST07819,BR042,Salary,2022-02-21,6643.1,Closed
ACC06956,CUST03586,BR047,Savings,2022-03-07,4542.09,Closed
ACC06957,CUST06747,BR053,Salary,2019-01-23,14273.63,Active
ACC06958,CUST00406,BR017,Savings,2024-06-19,111913.35,Dormant
ACC06959,CUST01591,BR005,Salary,2021-08-25,86407.84,Active
ACC06960,CUST05410,BR053,Savings,2024-04-07,24039.18,Active
ACC06961,CUST00892,BR003,Savings,2024-08-24,60175.05,Active
ACC06962,CUST04332,BR023,Salary,2024-01-12,15716.5,Dormant
ACC06963,CUST05468,BR010,Savings,2024-10-12,34509.67,Closed
ACC06964,CUST04001,BR051,Salary,2024-08-16,10514.35,Closed
ACC06965,CUST07260,BR024,Salary,2020-01-26,15314.48,Closed
ACC06966,CUST01098,BR047,Salary,2021-12-27,19462.31,Dormant
ACC06967,CUST04987,BR018,Fixed Deposit,2024-09-02,42316.15,Dormant
ACC06968,CUST00478,BR047,Fixed Deposit,2025-08-15,57153.93,Active
ACC06969,CUST02303,BR026,Fixed Deposit,2022-04-21,57811.44,Closed
ACC06970,CUST06007,BR018,Salary,2022-03-04,23824.8,Closed
ACC06971,CUST05887,BR028,Current,2025-09-05,12506.05,Active
ACC06972,CUST05334,BR050,Savings,2021-09-25,21028.04,Dormant
ACC06973,CUST07570,BR026,Savings,2023-01-30,123106.48,Dormant
ACC06974,CUST06026,BR045,Savings,2021-12-28,62796.47,Active
ACC06975,CUST03701,BR035,Savings,2023-12-24,74180.84,Active
ACC06976,CUST05933,BR005,Savings,2024-03-08,22516.16,Closed
ACC06977,CUST00572,BR025,Savings,2020-02-26,29404.35,Dormant
ACC06978,CUST04115,BR035,Current,2020-03-03,98936.76,Active
ACC06979,CUST04882,BR057,Current,2020-04-16,172863.15,Closed
ACC06980,CUST03632,BR033,Savings,2023-10-01,3803.05,Dormant
ACC06981,CUST02712,BR030,Savings,2019-03-27,6741.94,Dormant
ACC06982,CUST05787,BR006,Current,2020-10-10,134516.76,Active
ACC06983,CUST04125,BR060,Savings,2021-10-05,17167.95,Closed
ACC06984,CUST01430,BR019,Savings,2020-09-11,12033.52,Dormant
ACC06985,CUST02336,BR037,Savings,2020-01-27,7124.22,Closed
ACC06986,CUST01694,BR016,Fixed Deposit,2025-01-04,42915.57,Dormant
ACC06987,CUST06323,BR044,Savings,2024-11-21,6234.59,Active
ACC06988,CUST04645,BR049,Salary,2025-07-17,57743.5,Closed
ACC06989,CUST04019,BR052,Savings,2023-10-14,21586.16,Dormant
ACC06990,CUST02362,BR037,Savings,2019-12-06,20907.11,Closed
ACC06991,CUST05880,BR045,Savings,2024-07-27,37394.13,Active
ACC06992,CUST01187,BR024,Salary,2019-06-20,26203.33,Closed
ACC06993,CUST04692,BR016,Fixed Deposit,2019-09-04,105612.59,Active
ACC06994,CUST04946,BR007,Savings,2023-07-27,57887.67,Closed
ACC06995,CUST02587,BR013,Salary,2024-05-03,8590.46,Dormant
ACC06996,CUST07385,BR022,Savings,2020-12-10,16846.87,Closed
ACC06997,CUST02466,BR003,Savings,2023-04-29,44008.08,Closed
ACC06998,CUST01684,BR047,Savings,2024-08-22,13702.72,Active
ACC06999,CUST04711,BR056,Savings,2023-12-28,21925.47,Dormant
ACC07000,CUST05618,BR053,Salary,2021-01-30,17661.36,Closed
ACC07001,CUST04415,BR059,Savings,2021-11-07,44652.54,Active
ACC07002,CUST03806,BR043,Savings,2025-06-06,4447.45,Closed
ACC07003,CUST04813,BR048,Savings,2025-10-20,41909.64,Closed
ACC07004,CUST00823,BR028,Savings,2023-01-31,17848.03,Active
ACC07005,CUST07565,BR039,Salary,2024-11-18,21921.44,Closed
ACC07006,CUST01218,BR015,Salary,2020-02-16,23013.87,Dormant
ACC07007,CUST07678,BR005,Salary,2019-01-17,41173.11,Dormant
ACC07008,CUST05290,BR025,Savings,2020-03-16,74466.77,Dormant
ACC07009,CUST06280,BR027,Savings,2021-02-02,74006.97,Active
ACC07010,CUST07119,BR057,Savings,2024-01-12,80765.35,Active
ACC07011,CUST07534,BR021,Savings,2023-03-03,28630.88,Dormant
ACC07012,CUST02786,BR001,Savings,2023-04-18,22673.83,Dormant
ACC07013,CUST03144,BR024,Salary,2019-05-30,24611.57,Dormant
ACC07014,CUST06907,BR028,Savings,2024-03-09,42568.63,Active
ACC07015,CUST01782,BR025,Current,2024-05-12,26660.38,Dormant
ACC07016,CUST04547,BR016,Savings,2020-06-03,31708.53,Closed
ACC07017,CUST00089,BR031,Salary,2024-05-24,13035.51,Active
ACC07018,CUST05735,BR020,Current,2023-11-27,15460.86,Active
ACC07019,CUST01636,BR021,Savings,2024-09-30,70362.43,Active
ACC07020,CUST05373,BR045,Savings,2022-01-11,23148.36,Closed
ACC07021,CUST04512,BR020,Salary,2024-12-29,56055.4,Active
ACC07022,CUST04871,BR050,Fixed Deposit,2021-01-08,22577.4,Dormant
ACC07023,CUST03769,BR008,Salary,2021-08-20,9047.6,Active
ACC07024,CUST02846,BR008,Salary,2023-11-13,13668.47,Dormant
ACC07025,CUST04102,BR036,Savings,2023-01-03,61306.61,Dormant
ACC07026,CUST00637,BR015,Savings,2020-12-27,31556.11,Dormant
ACC07027,CUST02884,BR038,Savings,2022-12-08,29127.13,Active
ACC07028,CUST05453,BR040,Current,2019-06-30,11763.26,Active
ACC07029,CUST04128,BR004,Current,2024-04-27,11419.28,Closed
ACC07030,CUST07976,BR057,Savings,2022-07-08,29444.26,Active
ACC07031,CUST05390,BR020,Current,2021-10-08,9282.57,Closed
ACC07032,CUST04106,BR052,Fixed Deposit,2022-07-04,43515.54,Active
ACC07033,CUST04212,BR014,Savings,2023-04-02,34572.91,Dormant
ACC07034,CUST05266,BR030,Savings,2025-07-24,9098.89,Closed
ACC07035,CUST06675,BR027,Savings,2024-03-04,93416.23,Closed
ACC07036,CUST02083,BR014,Savings,2022-08-07,66273.32,Closed
ACC07037,CUST04642,BR022,Salary,2022-01-31,4447.09,Active
ACC07038,CUST01154,BR015,Savings,2022-04-12,9517.29,Closed
ACC07039,CUST07141,BR003,Savings,2019-09-24,2815.23,Dormant
ACC07040,CUST01468,BR009,Salary,2023-01-23,7724.76,Closed
ACC07041,CUST00483,BR055,Savings,2025-07-03,43903.51,Closed
ACC07042,CUST04018,BR009,Savings,2020-03-27,15176.36,Closed
ACC07043,CUST03331,BR058,Fixed Deposit,2021-05-24,78942.76,Closed
ACC07044,CUST03347,BR053,Savings,2022-10-12,5596.51,Dormant
ACC07045,CUST04917,BR056,Salary,2024-03-25,23355.38,Dormant
ACC07046,CUST03966,BR055,Savings,2019-05-25,13365.09,Active
ACC07047,CUST01677,BR047,Savings,2023-10-20,22269.04,Active
ACC07048,CUST01227,BR004,Salary,2021-05-17,12518.81,Active
ACC07049,CUST03295,BR052,Savings,2023-07-19,7013.6,Active
ACC07050,CUST01501,BR059,Savings,2025-09-29,7802.69,Dormant
ACC07051,CUST07459,BR054,Salary,2022-11-14,26303.47,Dormant
ACC07052,CUST06607,BR010,Savings,2021-10-06,31542.56,Closed
ACC07053,CUST06731,BR047,Savings,2025-04-15,56672.49,Active
ACC07054,CUST06179,BR021,Salary,2021-10-06,16768.56,Active
ACC07055,CUST07575,BR057,Salary,2025-02-22,14766.16,Closed
ACC07056,CUST07867,BR044,Savings,2025-09-18,4659.16,Dormant
ACC07057,CUST03906,BR059,Fixed Deposit,2025-02-20,50908.24,Dormant
ACC07058,CUST01226,BR014,Savings,2022-03-25,21490.24,Dormant
ACC07059,CUST02805,BR043,Current,2024-08-17,256044.67,Active
ACC07060,CUST00389,BR045,Fixed Deposit,2022-12-08,90415.77,Active
ACC07061,CUST07172,BR044,Savings,2019-04-29,87768.25,Dormant
ACC07062,CUST01552,BR059,Savings,2019-08-29,37713.9,Dormant
ACC07063,CUST05415,BR035,Savings,2025-09-22,11612.38,Active
ACC07064,CUST00640,BR034,Savings,2025-09-11,24475.11,Dormant
ACC07065,CUST06552,BR031,Savings,2023-03-14,27244.35,Closed
ACC07066,CUST03649,BR019,Savings,2021-12-23,9459.36,Active
ACC07067,CUST07521,BR023,Fixed Deposit,2021-10-31,47541.94,Closed
ACC07068,CUST00107,BR033,Savings,2021-03-04,18302.81,Active
ACC07069,CUST03535,BR046,Savings,2025-10-02,93438.42,Closed
ACC07070,CUST02992,BR040,Salary,2022-10-26,3113.43,Active
ACC07071,CUST03341,BR008,Fixed Deposit,2019-08-28,123437.6,Active
ACC07072,CUST04359,BR029,Savings,2024-01-20,9479.48,Active
ACC07073,CUST03199,BR017,Savings,2023-06-25,6406.89,Closed
ACC07074,CUST05031,BR002,Salary,2019-08-19,30514.57,Active
ACC07075,CUST06491,BR022,Savings,2020-04-24,42561.62,Dormant
ACC07076,CUST02321,BR001,Current,2024-03-29,127327.62,Closed
ACC07077,CUST07317,BR046,Savings,2024-10-05,45280.5,Closed
ACC07078,CUST00538,BR019,Current,2023-05-24,284886.18,Dormant
ACC07079,CUST05622,BR006,Current,2020-02-14,63495.47,Dormant
ACC07080,CUST02248,BR037,Current,2021-06-18,31055.23,Closed
ACC07081,CUST01539,BR030,Current,2024-08-22,51170.9,Dormant
ACC07082,CUST03877,BR044,Savings,2024-08-10,67448.67,Dormant
ACC07083,CUST03939,BR004,Salary,2025-05-17,7742.17,Dormant
ACC07084,CUST03687,BR046,Salary,2019-04-14,8464.85,Dormant
ACC07085,CUST07086,BR010,Salary,2020-09-27,10761.48,Dormant
ACC07086,CUST06027,BR025,Current,2025-07-14,4426.73,Closed
ACC07087,CUST07464,BR050,Savings,2022-04-07,24941.06,Closed
ACC07088,CUST05766,BR008,Savings,2022-02-28,4033.88,Dormant
ACC07089,CUST01840,BR004,Savings,2020-12-07,23103.82,Active
ACC07090,CUST04513,BR008,Salary,2019-05-08,24482.23,Active
ACC07091,CUST04226,BR018,Savings,2025-03-25,14340.04,Dormant
ACC07092,CUST05793,BR058,Savings,2020-08-09,99648.5,Active
ACC07093,CUST07576,BR024,Current,2023-10-16,8429.55,Active
ACC07094,CUST02822,BR014,Current,2025-04-26,119522.59,Dormant
ACC07095,CUST06332,BR045,Salary,2020-10-17,21431.05,Dormant
ACC07096,CUST06615,BR033,Current,2022-08-15,6528.72,Dormant
ACC07097,CUST06553,BR033,Savings,2025-12-02,252638.49,Dormant
ACC07098,CUST04244,BR053,Savings,2020-09-18,20798.36,Dormant
ACC07099,CUST06356,BR016,Fixed Deposit,2022-03-01,35366.12,Active
ACC07100,CUST06268,BR027,Fixed Deposit,2020-08-29,25738.62,Dormant
ACC07101,CUST01752,BR031,Savings,2022-04-07,18069.56,Active
ACC07102,CUST04178,BR012,Salary,2023-07-26,12219.83,Dormant
ACC07103,CUST01990,BR044,Savings,2025-03-10,24158.24,Closed
ACC07104,CUST07633,BR011,Current,2020-03-07,26962.54,Dormant
ACC07105,CUST06370,BR017,Savings,2019-05-03,38944.89,Active
ACC07106,CUST06035,BR020,Savings,2022-09-18,15539.39,Active
ACC07107,CUST05648,BR047,Salary,2019-08-29,3447.92,Active
ACC07108,CUST00350,BR054,Current,2019-07-24,31277.01,Closed
ACC07109,CUST03264,BR041,Fixed Deposit,2023-05-13,14465.38,Dormant
ACC07110,CUST05719,BR007,Savings,2021-10-13,30284.57,Active
ACC07111,CUST05503,BR013,Savings,2019-05-11,9123.69,Closed
ACC07112,CUST05008,BR019,Fixed Deposit,2022-11-08,66040.02,Closed
ACC07113,CUST07225,BR025,Savings,2020-11-02,71873.83,Closed
ACC07114,CUST03116,BR034,Savings,2020-02-09,9378.04,Active
ACC07115,CUST02372,BR005,Savings,2019-11-15,57247.01,Dormant
ACC07116,CUST07362,BR020,Current,2023-08-17,23543.63,Dormant
ACC07117,CUST06394,BR043,Savings,2022-12-15,106710.55,Closed
ACC07118,CUST06851,BR047,Savings,2022-03-17,15856.94,Closed
ACC07119,CUST05675,BR001,Savings,2019-07-29,10337.74,Closed
ACC07120,CUST06818,BR020,Salary,2022-12-22,21613.36,Active
ACC07121,CUST05091,BR058,Savings,2021-06-06,14880.24,Closed
ACC07122,CUST04586,BR038,Savings,2023-12-06,10328.84,Active
ACC07123,CUST05570,BR030,Current,2022-06-01,22520.02,Active
ACC07124,CUST03373,BR022,Savings,2020-07-15,21159.71,Active
ACC07125,CUST01224,BR029,Fixed Deposit,2021-03-09,133961.55,Dormant
ACC07126,CUST04913,BR008,Savings,2021-01-15,3863.47,Dormant
ACC07127,CUST06771,BR003,Current,2020-06-20,37163.44,Closed
ACC07128,CUST05461,BR010,Savings,2023-02-03,38654.3,Active
ACC07129,CUST04423,BR042,Salary,2020-11-27,15297.03,Dormant
ACC07130,CUST02340,BR056,Savings,2021-10-17,71602.03,Closed
ACC07131,CUST00971,BR010,Salary,2021-11-13,12682.25,Active
ACC07132,CUST00122,BR049,Fixed Deposit,2021-12-12,53598.11,Closed
ACC07133,CUST05738,BR041,Savings,2022-07-05,37537.53,Dormant
ACC07134,CUST07691,BR044,Savings,2022-02-27,24085.91,Closed
ACC07135,CUST05818,BR006,Salary,2020-06-19,10165.08,Active
ACC07136,CUST05948,BR004,Salary,2024-05-30,19173.82,Active
ACC07137,CUST00321,BR035,Salary,2020-08-28,8461.06,Dormant
ACC07138,CUST03113,BR023,Current,2020-09-25,19708.85,Closed
ACC07139,CUST02313,BR050,Savings,2024-10-28,13695.26,Closed
ACC07140,CUST00948,BR055,Fixed Deposit,2025-10-18,134839.64,Active
ACC07141,CUST06799,BR028,Salary,2025-06-28,1401.49,Active
ACC07142,CUST04782,BR047,Savings,2020-12-08,31446.37,Active
ACC07143,CUST07965,BR017,Savings,2022-06-12,22716.45,Closed
ACC07144,CUST02262,BR045,Savings,2023-09-11,4852.34,Dormant
ACC07145,CUST00547,BR030,Salary,2019-11-24,16594.2,Dormant
ACC07146,CUST00800,BR054,Savings,2024-11-26,33798.67,Closed
ACC07147,CUST03972,BR035,Savings,2022-06-09,37446.75,Dormant
ACC07148,CUST07436,BR007,Current,2022-06-26,2561.05,Dormant
ACC07149,CUST01500,BR017,Savings,2022-07-15,75338.79,Active
ACC07150,CUST02436,BR015,Fixed Deposit,2023-06-30,38459.38,Closed
ACC07151,CUST00041,BR006,Savings,2019-08-14,40860.17,Closed
ACC07152,CUST01688,BR035,Savings,2025-07-01,42914.56,Dormant
ACC07153,CUST06170,BR001,Savings,2022-01-22,10006.32,Closed
ACC07154,CUST00074,BR035,Fixed Deposit,2021-03-10,88989.71,Active
ACC07155,CUST00937,BR048,Savings,2024-03-09,15569.3,Dormant
ACC07156,CUST00571,BR019,Salary,2023-07-14,3133.91,Closed
ACC07157,CUST03028,BR018,Savings,2024-07-24,63004.9,Dormant
ACC07158,CUST05342,BR048,Savings,2021-03-14,10964.95,Active
ACC07159,CUST05223,BR057,Savings,2023-02-10,10208.29,Dormant
ACC07160,CUST03567,BR008,Fixed Deposit,2019-08-07,47012.11,Active
ACC07161,CUST08005,BR012,Savings,2022-04-23,28141.85,Dormant
ACC07162,CUST03314,BR018,Savings,2019-12-22,20919.91,Active
ACC07163,CUST06929,BR048,Fixed Deposit,2023-10-09,83186.48,Closed
ACC07164,CUST03708,BR042,Savings,2025-12-25,6597.59,Active
ACC07165,CUST01413,BR059,Savings,2023-02-18,11292.03,Closed
ACC07166,CUST03324,BR018,Fixed Deposit,2024-06-18,55848.71,Active
ACC07167,CUST05314,BR021,Salary,2024-01-07,50439.06,Active
ACC07168,CUST00906,BR025,Current,2025-10-13,32408.87,Dormant
ACC07169,CUST01801,BR053,Savings,2022-07-24,58495.2,Active
ACC07170,CUST00653,BR059,Savings,2020-05-28,22804.19,Dormant
ACC07171,CUST02504,BR029,Savings,2025-10-08,14252.78,Closed
ACC07172,CUST03955,BR019,Savings,2020-07-20,17640.42,Active
ACC07173,CUST02861,BR009,Current,2021-09-28,30686.57,Closed
ACC07174,CUST07261,BR035,Savings,2023-01-22,37921.79,Dormant
ACC07175,CUST03303,BR037,Savings,2022-06-22,75898.34,Dormant
ACC07176,CUST03681,BR047,Savings,2024-08-02,30446.09,Dormant
ACC07177,CUST01391,BR026,Savings,2022-01-19,64110.92,Active
ACC07178,CUST07932,BR012,Savings,2025-09-19,9243.62,Closed
ACC07179,CUST06976,BR012,Salary,2024-07-02,9994.18,Active
ACC07180,CUST00273,BR030,Salary,2020-08-24,8046.47,Closed
ACC07181,CUST00305,BR030,Savings,2021-03-30,29231.44,Dormant
ACC07182,CUST06500,BR012,Savings,2020-09-24,15945.59,Dormant
ACC07183,CUST06526,BR015,Savings,2025-11-28,42480.3,Dormant
ACC07184,CUST06692,BR003,Savings,2024-10-24,9529.03,Closed
ACC07185,CUST02696,BR007,Current,2022-05-03,37912.3,Closed
ACC07186,CUST00659,BR011,Savings,2019-06-07,40870.84,Active
ACC07187,CUST01002,BR021,Savings,2025-03-15,3433.13,Active
ACC07188,CUST00905,BR025,Savings,2021-09-14,148667.59,Closed
ACC07189,CUST06810,BR003,Savings,2019-07-13,17071.46,Active
ACC07190,CUST06624,BR011,Savings,2024-05-15,3559.82,Closed
ACC07191,CUST03356,BR020,Savings,2021-04-09,25394.41,Closed
ACC07192,CUST05575,BR041,Salary,2020-12-14,13676.17,Active
ACC07193,CUST05920,BR038,Salary,2020-06-01,12615.4,Active
ACC07194,CUST05508,BR029,Fixed Deposit,2020-04-04,108522.7,Dormant
ACC07195,CUST06829,BR004,Savings,2022-03-01,43161.34,Closed
ACC07196,CUST00055,BR031,Savings,2025-07-05,28798.79,Closed
ACC07197,CUST04859,BR016,Savings,2023-06-16,33028.96,Dormant
ACC07198,CUST00487,BR031,Savings,2019-11-04,20051.86,Dormant
ACC07199,CUST05558,BR003,Savings,2022-06-07,108873.48,Closed
ACC07200,CUST05363,BR060,Savings,2023-01-27,5818.07,Closed
ACC07201,CUST01486,BR034,Savings,2019-12-24,24976.4,Dormant
ACC07202,CUST00912,BR014,Fixed Deposit,2024-06-06,62256.29,Active
ACC07203,CUST02491,BR016,Salary,2025-09-17,23606.95,Active
ACC07204,CUST03591,BR038,Current,2021-02-07,15617.48,Active
ACC07205,CUST07331,BR013,Savings,2020-02-28,4585.68,Active
ACC07206,CUST00394,BR040,Savings,2024-04-14,25365.38,Closed
ACC07207,CUST04561,BR059,Savings,2021-01-10,28370.56,Closed
ACC07208,CUST04688,BR060,Savings,2022-07-12,84173.84,Closed
ACC07209,CUST03200,BR013,Savings,2024-06-20,7021.09,Active
ACC07210,CUST04750,BR014,Current,2021-01-20,115230.96,Closed
ACC07211,CUST01558,BR058,Savings,2024-09-08,185474.54,Closed
ACC07212,CUST07021,BR012,Current,2022-10-02,24890.34,Dormant
ACC07213,CUST04785,BR053,Salary,2025-02-15,5411.82,Dormant
ACC07214,CUST02330,BR032,Salary,2022-03-01,10047.89,Closed
ACC07215,CUST04891,BR017,Current,2022-02-21,36827.68,Dormant
ACC07216,CUST07170,BR037,Salary,2021-10-17,19824.06,Dormant
ACC07217,CUST06332,BR054,Savings,2019-04-10,12935.68,Active
ACC07218,CUST04076,BR040,Salary,2021-09-25,39681.44,Dormant
ACC07219,CUST07803,BR053,Savings,2021-05-13,8078.17,Dormant
ACC07220,CUST04401,BR058,Salary,2022-01-01,3954.29,Closed
ACC07221,CUST04771,BR001,Savings,2020-08-11,59637.47,Closed
ACC07222,CUST06291,BR053,Salary,2020-03-17,2718.31,Closed
ACC07223,CUST01206,BR059,Savings,2023-04-21,18329.8,Closed
ACC07224,CUST01743,BR021,Savings,2020-07-30,364365.59,Active
ACC07225,CUST05283,BR017,Salary,2020-10-13,13247.57,Dormant
ACC07226,CUST03455,BR016,Savings,2021-02-23,8032.97,Active
ACC07227,CUST01508,BR008,Salary,2023-09-30,12833.6,Closed
ACC07228,CUST04793,BR002,Current,2024-03-03,34516.72,Closed
ACC07229,CUST01611,BR038,Current,2023-05-18,42644.34,Closed
ACC07230,CUST07958,BR060,Salary,2019-05-01,21238.78,Dormant
ACC07231,CUST05676,BR041,Savings,2020-09-20,8645.55,Closed
ACC07232,CUST03767,BR054,Savings,2024-05-24,100588.5,Dormant
ACC07233,CUST01419,BR022,Current,2023-07-28,46402.76,Active
ACC07234,CUST07384,BR007,Savings,2021-01-09,42366.56,Dormant
ACC07235,CUST07562,BR006,Salary,2022-03-07,8606.69,Active
ACC07236,CUST02925,BR005,Current,2024-09-26,131450.04,Dormant
ACC07237,CUST05640,BR032,Savings,2023-04-16,17477.21,Closed
ACC07238,CUST05559,BR035,Savings,2021-04-20,28276.81,Active
ACC07239,CUST02045,BR006,Current,2021-10-17,14283.98,Active
ACC07240,CUST01966,BR051,Savings,2022-05-10,8980.06,Dormant
ACC07241,CUST03156,BR002,Salary,2021-02-26,21627.99,Dormant
ACC07242,CUST07416,BR016,Salary,2020-07-04,9793.51,Closed
ACC07243,CUST07888,BR011,Fixed Deposit,2019-09-01,35871.78,Closed
ACC07244,CUST07394,BR057,Savings,2022-12-06,12346.59,Closed
ACC07245,CUST00402,BR028,Savings,2020-11-15,41318.18,Active
ACC07246,CUST06911,BR008,Salary,2024-11-29,8601.34,Dormant
ACC07247,CUST00319,BR016,Current,2020-04-10,32284.58,Dormant
ACC07248,CUST02521,BR048,Savings,2021-11-16,22326.4,Dormant
ACC07249,CUST04967,BR039,Fixed Deposit,2023-05-31,18950.6,Closed
ACC07250,CUST00275,BR045,Savings,2020-11-11,5860.48,Active
ACC07251,CUST03873,BR011,Savings,2021-10-05,29811.52,Closed
ACC07252,CUST05449,BR005,Fixed Deposit,2019-12-31,38475.71,Active
ACC07253,CUST00543,BR018,Fixed Deposit,2023-01-29,112874.85,Dormant
ACC07254,CUST03446,BR027,Savings,2023-01-27,52581.86,Dormant
ACC07255,CUST05493,BR030,Savings,2019-01-15,42076.8,Closed
ACC07256,CUST00178,BR054,Savings,2024-10-12,113300.02,Active
ACC07257,CUST02134,BR023,Savings,2023-01-10,20439.4,Dormant
ACC07258,CUST01253,BR033,Savings,2021-05-23,39497.54,Active
ACC07259,CUST02666,BR035,Current,2024-11-02,20243.7,Active
ACC07260,CUST05518,BR009,Savings,2020-10-30,200212.17,Closed
ACC07261,CUST02116,BR038,Savings,2025-01-07,131303.97,Dormant
ACC07262,CUST03433,BR026,Savings,2019-05-06,22263.24,Active
ACC07263,CUST07020,BR003,Savings,2022-06-26,31192.33,Closed
ACC07264,CUST05943,BR023,Fixed Deposit,2025-11-25,135344.49,Closed
ACC07265,CUST04465,BR054,Savings,2025-12-28,19294.48,Closed
ACC07266,CUST00729,BR024,Fixed Deposit,2025-11-24,40377.4,Closed
ACC07267,CUST02933,BR026,Salary,2019-09-20,24631.78,Closed
ACC07268,CUST07046,BR021,Salary,2024-04-10,14113.79,Active
ACC07269,CUST00880,BR049,Current,2024-05-29,43607.94,Closed
ACC07270,CUST06220,BR039,Savings,2019-01-22,10395.79,Active
ACC07271,CUST05783,BR025,Current,2024-06-28,6518.03,Closed
ACC07272,CUST03313,BR021,Savings,2024-11-16,27242.35,Closed
ACC07273,CUST02684,BR013,Salary,2019-06-07,25171.64,Dormant
ACC07274,CUST01647,BR055,Savings,2021-05-23,17975.66,Active
ACC07275,CUST03080,BR022,Current,2024-08-29,152730.39,Closed
ACC07276,CUST01531,BR031,Savings,2024-12-27,11689.84,Active
ACC07277,CUST07598,BR053,Savings,2024-12-22,8525.07,Closed
ACC07278,CUST02911,BR004,Salary,2020-11-13,12745.57,Closed
ACC07279,CUST05082,BR040,Savings,2024-06-10,20448.54,Dormant
ACC07280,CUST03410,BR023,Fixed Deposit,2020-07-23,95033.17,Closed
ACC07281,CUST00432,BR042,Savings,2020-08-19,10965.77,Dormant
ACC07282,CUST01978,BR024,Savings,2023-12-16,75454.48,Dormant
ACC07283,CUST01160,BR034,Fixed Deposit,2022-10-22,194882.13,Closed
ACC07284,CUST04314,BR028,Current,2022-09-23,34921.43,Active
ACC07285,CUST06925,BR052,Savings,2025-05-16,67828.61,Active
ACC07286,CUST05133,BR016,Savings,2020-11-18,8511.32,Closed
ACC07287,CUST01956,BR032,Current,2019-07-03,106427.74,Active
ACC07288,CUST01232,BR032,Fixed Deposit,2023-10-23,112236.76,Active
ACC07289,CUST06430,BR030,Current,2021-06-29,86114.86,Dormant
ACC07290,CUST05633,BR035,Fixed Deposit,2025-06-30,59317.65,Dormant
ACC07291,CUST07368,BR017,Current,2021-11-29,1892.68,Active
ACC07292,CUST03792,BR010,Savings,2024-09-03,12362.78,Dormant
ACC07293,CUST04765,BR018,Salary,2020-03-23,8620.16,Closed
ACC07294,CUST01147,BR009,Salary,2025-05-08,6736.0,Active
ACC07295,CUST06278,BR035,Current,2022-09-29,41037.56,Closed
ACC07296,CUST06989,BR003,Fixed Deposit,2020-12-17,46565.81,Dormant
ACC07297,CUST07562,BR018,Salary,2025-09-05,7500.85,Dormant
ACC07298,CUST00423,BR027,Salary,2019-05-11,6366.72,Dormant
ACC07299,CUST03675,BR054,Salary,2021-08-27,8096.13,Dormant
ACC07300,CUST06672,BR056,Savings,2025-12-08,60436.55,Active
ACC07301,CUST06465,BR039,Savings,2025-03-26,12149.91,Dormant
ACC07302,CUST05933,BR027,Fixed Deposit,2024-02-20,43960.06,Active
ACC07303,CUST01429,BR010,Savings,2021-07-15,14602.85,Closed
ACC07304,CUST01137,BR059,Savings,2021-05-06,29884.47,Closed
ACC07305,CUST00453,BR030,Fixed Deposit,2023-03-08,78727.65,Active
ACC07306,CUST05951,BR042,Savings,2024-05-05,1421.99,Active
ACC07307,CUST01100,BR058,Savings,2023-10-13,55241.61,Active
ACC07308,CUST03867,BR057,Salary,2019-06-01,36514.24,Active
ACC07309,CUST05042,BR034,Savings,2025-03-19,8559.8,Active
ACC07310,CUST01318,BR048,Salary,2019-11-24,6764.15,Dormant
ACC07311,CUST00207,BR055,Savings,2025-07-17,14687.79,Active
ACC07312,CUST01019,BR051,Current,2025-07-28,17051.54,Active
ACC07313,CUST07791,BR050,Savings,2022-10-09,26944.49,Active
ACC07314,CUST00297,BR015,Fixed Deposit,2025-04-26,18621.74,Active
ACC07315,CUST02968,BR025,Savings,2021-03-23,8053.52,Dormant
ACC07316,CUST01686,BR018,Fixed Deposit,2020-02-16,150771.14,Closed
ACC07317,CUST00970,BR014,Savings,2020-03-20,9552.92,Active
ACC07318,CUST04833,BR023,Salary,2025-10-21,31901.23,Active
ACC07319,CUST06791,BR032,Fixed Deposit,2021-11-30,74102.38,Dormant
ACC07320,CUST04489,BR007,Savings,2019-01-19,4322.8,Active
ACC07321,CUST03560,BR034,Savings,2021-06-02,39018.7,Dormant
ACC07322,CUST06889,BR006,Savings,2020-01-13,19813.12,Dormant
ACC07323,CUST00176,BR026,Current,2022-05-05,23029.54,Dormant
ACC07324,CUST00985,BR008,Savings,2022-10-16,27459.33,Active
ACC07325,CUST03803,BR015,Savings,2022-09-11,33764.67,Dormant
ACC07326,CUST06552,BR010,Savings,2022-03-25,41640.67,Closed
ACC07327,CUST07799,BR013,Fixed Deposit,2024-02-13,121412.81,Dormant
ACC07328,CUST05289,BR058,Savings,2019-09-30,31803.2,Closed
ACC07329,CUST01658,BR005,Savings,2023-02-22,6386.42,Closed
ACC07330,CUST02869,BR028,Savings,2025-07-12,14381.8,Closed
ACC07331,CUST00698,BR032,Savings,2022-04-29,311371.96,Closed
ACC07332,CUST05310,BR040,Savings,2024-01-15,42278.84,Dormant
ACC07333,CUST03602,BR024,Savings,2021-08-07,185787.45,Active
ACC07334,CUST03499,BR022,Fixed Deposit,2023-09-13,138311.05,Dormant
ACC07335,CUST03767,BR060,Savings,2021-01-04,27381.47,Dormant
ACC07336,CUST00227,BR006,Salary,2025-02-20,16497.84,Active
ACC07337,CUST07876,BR017,Savings,2021-12-25,21313.12,Active
ACC07338,CUST03370,BR038,Current,2022-03-25,6388.12,Closed
ACC07339,CUST03129,BR036,Savings,2022-03-23,22387.15,Closed
ACC07340,CUST05518,BR026,Savings,2022-01-26,65487.01,Active
ACC07341,CUST02667,BR016,Savings,2021-02-19,12840.04,Closed
ACC07342,CUST04323,BR028,Savings,2024-05-19,31912.65,Dormant
ACC07343,CUST01353,BR024,Savings,2025-08-31,47402.58,Closed
ACC07344,CUST06907,BR011,Salary,2025-05-02,7067.23,Active
ACC07345,CUST05496,BR020,Savings,2025-11-04,14673.93,Dormant
ACC07346,CUST04305,BR023,Savings,2023-07-08,8812.09,Dormant
ACC07347,CUST01854,BR038,Savings,2024-11-24,10509.67,Closed
ACC07348,CUST03527,BR038,Salary,2021-11-17,5424.47,Closed
ACC07349,CUST01883,BR042,Savings,2021-03-01,9794.7,Dormant
ACC07350,CUST02062,BR003,Salary,2023-02-01,36084.51,Closed
ACC07351,CUST02685,BR012,Salary,2024-12-20,7038.61,Dormant
ACC07352,CUST05776,BR003,Current,2019-08-28,41210.95,Active
ACC07353,CUST05176,BR024,Savings,2020-08-03,14008.48,Dormant
ACC07354,CUST07063,BR019,Savings,2023-08-05,63638.85,Closed
ACC07355,CUST04367,BR060,Salary,2021-10-11,33450.22,Active
ACC07356,CUST02630,BR006,Savings,2019-06-07,47937.96,Dormant
ACC07357,CUST03927,BR013,Savings,2023-05-28,29013.63,Dormant
ACC07358,CUST01569,BR051,Savings,2024-12-24,17890.88,Dormant
ACC07359,CUST05872,BR046,Savings,2023-05-01,7534.99,Dormant
ACC07360,CUST00866,BR039,Fixed Deposit,2024-02-12,192166.47,Active
ACC07361,CUST05917,BR013,Savings,2025-10-21,11117.71,Closed
ACC07362,CUST01191,BR015,Salary,2021-01-29,21259.36,Closed
ACC07363,CUST03374,BR032,Salary,2020-12-12,28048.65,Active
ACC07364,CUST03934,BR044,Savings,2024-07-30,13363.03,Active
ACC07365,CUST01826,BR011,Savings,2020-11-16,56061.88,Closed
ACC07366,CUST06954,BR041,Salary,2024-03-03,22809.88,Dormant
ACC07367,CUST05521,BR047,Savings,2020-04-24,104314.69,Closed
ACC07368,CUST06662,BR036,Salary,2025-05-20,9618.63,Dormant
ACC07369,CUST02641,BR056,Savings,2022-03-01,6923.82,Dormant
ACC07370,CUST03624,BR025,Current,2023-08-20,21905.88,Active
ACC07371,CUST06086,BR040,Savings,2023-09-02,26581.43,Closed
ACC07372,CUST01425,BR056,Savings,2025-11-08,23211.23,Closed
ACC07373,CUST04404,BR016,Salary,2019-09-03,10143.55,Closed
ACC07374,CUST07286,BR010,Savings,2023-01-01,3950.99,Active
ACC07375,CUST07554,BR001,Savings,2023-07-06,33638.77,Closed
ACC07376,CUST03977,BR056,Salary,2019-07-30,53137.66,Closed
ACC07377,CUST04700,BR015,Savings,2020-02-11,33450.64,Dormant
ACC07378,CUST06595,BR058,Salary,2020-10-28,20463.43,Active
ACC07379,CUST03678,BR056,Current,2019-07-05,64372.73,Closed
ACC07380,CUST01456,BR026,Savings,2023-11-26,31487.38,Closed
ACC07381,CUST02876,BR014,Salary,2021-06-23,25646.6,Active
ACC07382,CUST05098,BR022,Savings,2023-05-14,31440.0,Closed
ACC07383,CUST02125,BR026,Savings,2020-01-08,16623.8,Dormant
ACC07384,CUST06591,BR023,Savings,2023-11-21,10760.21,Active
ACC07385,CUST03885,BR012,Savings,2025-05-15,17604.74,Closed
ACC07386,CUST04396,BR056,Current,2022-08-25,49718.36,Closed
ACC07387,CUST06722,BR015,Savings,2025-08-11,16572.92,Closed
ACC07388,CUST07237,BR015,Fixed Deposit,2023-09-18,72301.72,Closed
ACC07389,CUST02491,BR057,Salary,2020-01-16,18167.78,Dormant
ACC07390,CUST03067,BR002,Salary,2023-05-16,23938.08,Dormant
ACC07391,CUST03212,BR031,Salary,2025-01-10,32792.54,Dormant
ACC07392,CUST03753,BR024,Savings,2024-01-04,23628.45,Active
ACC07393,CUST07923,BR019,Savings,2020-11-18,6788.61,Dormant
ACC07394,CUST00573,BR053,Savings,2025-08-12,16145.66,Active
ACC07395,CUST05283,BR047,Savings,2025-05-27,22917.51,Active
ACC07396,CUST05151,BR021,Salary,2025-06-06,3695.84,Active
ACC07397,CUST02323,BR003,Savings,2022-01-04,76864.4,Closed
ACC07398,CUST02378,BR017,Savings,2025-03-20,25037.75,Active
ACC07399,CUST06423,BR060,Savings,2025-04-30,31045.76,Active
ACC07400,CUST02814,BR004,Current,2021-06-13,142276.33,Closed
ACC07401,CUST03855,BR060,Current,2019-07-19,19338.58,Dormant
ACC07402,CUST02570,BR033,Savings,2024-09-12,36924.76,Closed
ACC07403,CUST05281,BR054,Current,2021-05-13,32537.09,Closed
ACC07404,CUST06741,BR055,Salary,2021-07-11,11744.49,Dormant
ACC07405,CUST04944,BR010,Savings,2021-03-31,10993.14,Closed
ACC07406,CUST00214,BR031,Salary,2025-07-24,42869.77,Dormant
ACC07407,CUST05116,BR060,Savings,2025-09-13,15709.96,Active
ACC07408,CUST07235,BR004,Savings,2021-09-07,41337.19,Closed
ACC07409,CUST05234,BR050,Current,2022-06-26,5569.12,Active
ACC07410,CUST04255,BR010,Savings,2023-10-12,63703.17,Active
ACC07411,CUST04802,BR008,Savings,2021-09-02,56782.87,Closed
ACC07412,CUST04168,BR055,Salary,2024-10-06,14302.7,Dormant
ACC07413,CUST00157,BR021,Savings,2023-06-19,17957.3,Closed
ACC07414,CUST01632,BR029,Fixed Deposit,2021-10-02,76114.95,Dormant
ACC07415,CUST02169,BR053,Savings,2023-05-14,172803.71,Dormant
ACC07416,CUST06974,BR037,Savings,2020-06-29,4505.65,Dormant
ACC07417,CUST06512,BR059,Savings,2020-08-06,44525.83,Dormant
ACC07418,CUST05372,BR051,Savings,2025-09-18,9696.73,Closed
ACC07419,CUST01261,BR051,Current,2024-11-02,35599.31,Dormant
ACC07420,CUST08000,BR044,Savings,2025-04-04,17622.08,Dormant
ACC07421,CUST03287,BR021,Current,2024-05-16,23663.33,Dormant
ACC07422,CUST04553,BR010,Savings,2025-03-19,21819.98,Active
ACC07423,CUST02161,BR007,Savings,2022-11-03,7936.65,Closed
ACC07424,CUST01720,BR038,Savings,2023-07-04,55618.01,Active
ACC07425,CUST02717,BR024,Current,2021-02-25,6038.17,Dormant
ACC07426,CUST05957,BR033,Savings,2025-06-07,35803.04,Active
ACC07427,CUST07390,BR021,Current,2019-03-09,26198.68,Dormant
ACC07428,CUST06085,BR007,Savings,2024-02-10,7678.41,Closed
ACC07429,CUST06386,BR054,Savings,2024-06-17,26427.09,Dormant
ACC07430,CUST01211,BR037,Savings,2024-05-06,5424.84,Closed
ACC07431,CUST04759,BR023,Current,2021-12-18,37786.75,Active
ACC07432,CUST07898,BR049,Current,2022-09-12,8752.75,Active
ACC07433,CUST02327,BR040,Savings,2024-02-18,33361.07,Active
ACC07434,CUST03080,BR038,Savings,2025-09-19,9586.19,Closed
ACC07435,CUST00825,BR054,Savings,2025-02-10,14678.0,Active
ACC07436,CUST02728,BR003,Savings,2021-10-18,28697.19,Active
ACC07437,CUST02576,BR002,Savings,2022-11-28,10989.68,Closed
ACC07438,CUST06266,BR044,Salary,2021-04-30,12828.51,Closed
ACC07439,CUST07865,BR043,Current,2023-06-12,7991.79,Closed
ACC07440,CUST01575,BR022,Savings,2025-12-08,38862.62,Active
ACC07441,CUST05983,BR014,Salary,2022-12-20,45956.0,Closed
ACC07442,CUST01603,BR029,Salary,2023-01-23,94329.21,Dormant
ACC07443,CUST01942,BR033,Current,2023-05-14,39781.93,Closed
ACC07444,CUST07952,BR023,Savings,2019-12-26,44774.04,Closed
ACC07445,CUST04947,BR045,Fixed Deposit,2022-11-22,20570.73,Dormant
ACC07446,CUST05336,BR028,Current,2020-11-24,163200.43,Closed
ACC07447,CUST01104,BR031,Fixed Deposit,2024-02-01,95390.77,Closed
ACC07448,CUST01466,BR013,Fixed Deposit,2023-07-02,44785.51,Closed
ACC07449,CUST00573,BR058,Fixed Deposit,2019-11-20,125782.37,Dormant
ACC07450,CUST01990,BR020,Savings,2021-10-21,17517.78,Active
ACC07451,CUST06538,BR020,Current,2021-07-10,22970.7,Closed
ACC07452,CUST04982,BR030,Salary,2023-10-27,18633.84,Closed
ACC07453,CUST02135,BR059,Current,2024-10-14,12539.58,Dormant
ACC07454,CUST05001,BR002,Savings,2019-02-26,55241.09,Dormant
ACC07455,CUST05512,BR057,Savings,2021-03-06,8515.21,Active
ACC07456,CUST05995,BR012,Current,2023-03-29,12707.47,Closed
ACC07457,CUST04578,BR040,Savings,2020-04-15,9713.57,Closed
ACC07458,CUST06787,BR050,Salary,2022-06-17,22734.75,Dormant
ACC07459,CUST03119,BR045,Savings,2022-08-11,12643.55,Active
ACC07460,CUST06821,BR034,Savings,2023-01-10,6547.27,Active
ACC07461,CUST05181,BR025,Savings,2023-04-12,12770.43,Closed
ACC07462,CUST06992,BR058,Salary,2022-09-20,13063.41,Active
ACC07463,CUST05310,BR001,Savings,2021-02-11,7609.29,Closed
ACC07464,CUST07956,BR020,Current,2019-04-20,11479.51,Dormant
ACC07465,CUST03650,BR046,Fixed Deposit,2024-01-25,212517.11,Closed
ACC07466,CUST02915,BR006,Savings,2022-07-04,10152.66,Dormant
ACC07467,CUST03145,BR012,Savings,2022-07-14,16469.44,Active
ACC07468,CUST02942,BR015,Salary,2020-12-27,10331.31,Active
ACC07469,CUST03341,BR031,Savings,2024-12-21,15074.79,Active
ACC07470,CUST02493,BR057,Savings,2024-01-29,38530.76,Closed
ACC07471,CUST03878,BR052,Savings,2021-10-04,51705.98,Closed
ACC07472,CUST00449,BR006,Savings,2024-12-01,16724.68,Dormant
ACC07473,CUST06094,BR018,Savings,2025-12-28,7238.5,Active
ACC07474,CUST00788,BR004,Savings,2022-04-30,69355.19,Closed
ACC07475,CUST00425,BR012,Savings,2022-09-09,20215.26,Dormant
ACC07476,CUST04907,BR004,Salary,2019-10-03,44856.57,Closed
ACC07477,CUST04560,BR046,Fixed Deposit,2024-04-21,15562.95,Active
ACC07478,CUST01033,BR014,Current,2022-12-26,44152.43,Closed
ACC07479,CUST01916,BR048,Savings,2021-06-23,123840.0,Dormant
ACC07480,CUST03937,BR038,Savings,2020-12-03,16027.52,Closed
ACC07481,CUST05509,BR037,Fixed Deposit,2023-05-08,52297.51,Dormant
ACC07482,CUST06179,BR006,Savings,2024-11-13,28737.57,Active
ACC07483,CUST00897,BR041,Salary,2021-01-20,9034.83,Closed
ACC07484,CUST02516,BR037,Current,2021-02-27,26580.37,Closed
ACC07485,CUST01246,BR036,Salary,2021-05-15,10546.29,Active
ACC07486,CUST02701,BR021,Fixed Deposit,2022-04-08,41091.13,Dormant
ACC07487,CUST02519,BR022,Current,2025-07-04,124101.69,Active
ACC07488,CUST03039,BR035,Savings,2021-10-23,33355.24,Active
ACC07489,CUST00496,BR046,Savings,2023-11-22,27599.84,Dormant
ACC07490,CUST04532,BR036,Salary,2025-09-22,23529.25,Dormant
ACC07491,CUST06979,BR046,Savings,2020-05-25,17362.7,Active
ACC07492,CUST00017,BR007,Salary,2022-03-08,7770.25,Dormant
ACC07493,CUST02371,BR008,Salary,2022-06-10,8761.86,Closed
ACC07494,CUST07202,BR048,Savings,2025-12-14,22061.84,Active
ACC07495,CUST03493,BR015,Savings,2023-06-13,8490.55,Dormant
ACC07496,CUST00570,BR047,Fixed Deposit,2021-11-09,44348.91,Closed
ACC07497,CUST07057,BR034,Current,2023-05-16,21674.32,Dormant
ACC07498,CUST04754,BR015,Savings,2025-12-23,149059.47,Active
ACC07499,CUST06854,BR001,Savings,2020-02-20,1814.5,Active
ACC07500,CUST02735,BR046,Salary,2020-03-20,11781.27,Dormant
ACC07501,CUST06258,BR037,Salary,2022-05-26,44711.48,Active
ACC07502,CUST04623,BR057,Savings,2024-11-24,24579.3,Closed
ACC07503,CUST02683,BR057,Salary,2023-05-15,22638.16,Closed
ACC07504,CUST03566,BR049,Savings,2025-02-17,24097.03,Closed
ACC07505,CUST02313,BR029,Fixed Deposit,2022-09-18,40118.79,Closed
ACC07506,CUST03203,BR047,Savings,2020-01-19,2928.59,Closed
ACC07507,CUST04026,BR022,Savings,2019-03-29,26500.27,Closed
ACC07508,CUST03522,BR049,Savings,2019-01-28,10959.41,Closed
ACC07509,CUST01237,BR055,Savings,2022-10-07,10718.2,Closed
ACC07510,CUST02831,BR010,Savings,2020-05-19,14057.5,Active
ACC07511,CUST00110,BR042,Savings,2025-11-09,105913.21,Dormant
ACC07512,CUST03500,BR007,Salary,2019-06-03,71925.51,Active
ACC07513,CUST03002,BR043,Savings,2021-05-07,26782.05,Active
ACC07514,CUST02401,BR058,Fixed Deposit,2020-11-25,45303.5,Active
ACC07515,CUST05913,BR045,Savings,2019-07-26,7634.98,Closed
ACC07516,CUST06827,BR014,Savings,2024-06-10,33580.01,Dormant
ACC07517,CUST05442,BR044,Salary,2021-11-13,46538.44,Closed
ACC07518,CUST06504,BR031,Salary,2022-05-02,11235.82,Dormant
ACC07519,CUST03878,BR016,Salary,2025-10-21,2526.78,Dormant
ACC07520,CUST05931,BR002,Savings,2021-03-08,40257.22,Active
ACC07521,CUST00258,BR025,Savings,2021-07-30,53469.13,Active
ACC07522,CUST06625,BR052,Current,2024-05-01,7436.49,Closed
ACC07523,CUST03823,BR059,Savings,2020-06-27,25818.22,Active
ACC07524,CUST07909,BR056,Salary,2019-07-23,18322.01,Dormant
ACC07525,CUST05819,BR019,Savings,2020-04-29,20623.85,Dormant
ACC07526,CUST03455,BR055,Salary,2019-06-28,7680.66,Dormant
ACC07527,CUST01404,BR039,Salary,2025-12-18,27205.0,Closed
ACC07528,CUST06406,BR038,Savings,2021-02-27,15320.67,Dormant
ACC07529,CUST02692,BR032,Savings,2024-12-09,5786.79,Active
ACC07530,CUST02423,BR053,Savings,2020-08-07,3482.39,Dormant
ACC07531,CUST03912,BR056,Savings,2025-09-18,68512.03,Active
ACC07532,CUST02117,BR057,Savings,2021-07-25,38368.71,Active
ACC07533,CUST07244,BR014,Savings,2020-08-18,23841.34,Dormant
ACC07534,CUST07694,BR050,Savings,2025-06-02,14820.3,Active
ACC07535,CUST06509,BR001,Savings,2020-02-09,13682.89,Closed
ACC07536,CUST00237,BR037,Fixed Deposit,2025-04-02,31399.84,Dormant
ACC07537,CUST06624,BR042,Savings,2019-12-10,14938.39,Closed
ACC07538,CUST05424,BR049,Savings,2021-02-21,3267.96,Active
ACC07539,CUST01496,BR056,Salary,2019-09-08,7980.49,Closed
ACC07540,CUST03276,BR048,Current,2021-07-07,26610.54,Closed
ACC07541,CUST04998,BR024,Current,2022-02-24,66828.17,Active
ACC07542,CUST00058,BR016,Salary,2021-11-26,12991.51,Closed
ACC07543,CUST07165,BR023,Fixed Deposit,2022-11-14,96466.77,Active
ACC07544,CUST00877,BR017,Fixed Deposit,2021-04-17,134521.73,Active
ACC07545,CUST05547,BR052,Savings,2021-06-13,57088.22,Active
ACC07546,CUST00244,BR012,Savings,2025-08-21,33639.59,Active
ACC07547,CUST00448,BR043,Savings,2021-09-20,22262.89,Dormant
ACC07548,CUST05403,BR043,Salary,2022-09-04,6724.07,Dormant
ACC07549,CUST03023,BR003,Salary,2022-06-07,22425.65,Closed
ACC07550,CUST06995,BR052,Fixed Deposit,2021-01-28,164037.19,Active
ACC07551,CUST07340,BR053,Savings,2021-03-02,29968.3,Dormant
ACC07552,CUST04934,BR039,Fixed Deposit,2022-10-03,189161.32,Dormant
ACC07553,CUST05871,BR023,Savings,2024-10-15,5580.23,Active
ACC07554,CUST07589,BR042,Savings,2025-07-21,7795.12,Closed
ACC07555,CUST00854,BR047,Salary,2021-01-31,24309.95,Closed
ACC07556,CUST00177,BR009,Savings,2019-07-31,27941.3,Active
ACC07557,CUST00584,BR015,Savings,2023-07-14,71854.89,Dormant
ACC07558,CUST05766,BR001,Savings,2020-03-12,21721.88,Dormant
ACC07559,CUST07639,BR027,Savings,2025-12-06,10085.18,Active
ACC07560,CUST03624,BR037,Current,2021-09-17,29331.19,Closed
ACC07561,CUST00512,BR035,Savings,2023-01-04,5544.63,Dormant
ACC07562,CUST02897,BR003,Savings,2023-10-07,7976.61,Active
ACC07563,CUST06456,BR046,Savings,2019-07-18,52849.29,Closed
ACC07564,CUST02678,BR033,Salary,2023-01-18,24611.06,Active
ACC07565,CUST05505,BR004,Savings,2024-01-05,30537.29,Dormant
ACC07566,CUST07635,BR047,Current,2019-05-15,6495.87,Closed
ACC07567,CUST07104,BR038,Current,2019-07-02,25376.95,Dormant
ACC07568,CUST01293,BR058,Salary,2025-02-12,5667.48,Active
ACC07569,CUST07396,BR040,Salary,2024-09-11,30441.84,Dormant
ACC07570,CUST07167,BR010,Savings,2025-05-02,13025.32,Dormant
ACC07571,CUST03364,BR013,Savings,2024-12-09,8290.18,Closed
ACC07572,CUST03508,BR020,Savings,2023-03-25,22625.13,Active
ACC07573,CUST06984,BR019,Salary,2022-02-09,8534.67,Active
ACC07574,CUST01951,BR017,Current,2025-04-26,160130.42,Closed
ACC07575,CUST06128,BR010,Fixed Deposit,2023-01-04,38526.96,Dormant
ACC07576,CUST04801,BR023,Fixed Deposit,2023-02-25,25860.27,Active
ACC07577,CUST04604,BR054,Current,2020-10-01,4217.87,Active
ACC07578,CUST03521,BR047,Savings,2020-06-17,21424.54,Closed
ACC07579,CUST06088,BR016,Savings,2020-12-30,13283.3,Closed
ACC07580,CUST03755,BR038,Current,2023-01-16,8700.15,Dormant
ACC07581,CUST01559,BR028,Fixed Deposit,2024-02-12,122214.85,Dormant
ACC07582,CUST04955,BR037,Savings,2020-07-01,40155.74,Dormant
ACC07583,CUST06163,BR048,Savings,2025-03-09,21474.12,Closed
ACC07584,CUST06527,BR026,Savings,2019-10-25,75199.03,Active
ACC07585,CUST03332,BR006,Savings,2023-07-24,39985.91,Closed
ACC07586,CUST05823,BR027,Savings,2019-08-14,10503.14,Closed
ACC07587,CUST07774,BR013,Savings,2024-10-05,8644.7,Dormant
ACC07588,CUST06150,BR020,Salary,2025-11-29,23684.76,Active
ACC07589,CUST01142,BR038,Salary,2021-04-01,17631.76,Active
ACC07590,CUST02389,BR013,Savings,2021-08-05,25662.16,Active
ACC07591,CUST07197,BR006,Fixed Deposit,2019-10-22,36029.79,Dormant
ACC07592,CUST02983,BR060,Savings,2020-04-22,38068.89,Dormant
ACC07593,CUST05178,BR050,Current,2020-10-30,17060.16,Active
ACC07594,CUST02665,BR053,Salary,2023-10-25,12439.22,Dormant
ACC07595,CUST05340,BR018,Savings,2024-05-13,81003.67,Dormant
ACC07596,CUST01246,BR039,Savings,2025-03-04,12152.0,Closed
ACC07597,CUST06874,BR003,Savings,2019-07-10,5347.1,Dormant
ACC07598,CUST04254,BR049,Savings,2019-02-08,8541.63,Closed
ACC07599,CUST05167,BR025,Salary,2025-09-07,26796.03,Closed
ACC07600,CUST06209,BR018,Savings,2022-05-12,27701.95,Closed
ACC07601,CUST04812,BR056,Salary,2023-01-23,12207.26,Closed
ACC07602,CUST07001,BR031,Current,2024-10-16,21827.07,Active
ACC07603,CUST05525,BR054,Savings,2022-05-05,34092.2,Dormant
ACC07604,CUST00565,BR006,Fixed Deposit,2023-11-24,35973.47,Active
ACC07605,CUST05169,BR053,Salary,2024-04-27,16547.1,Active
ACC07606,CUST06807,BR001,Savings,2019-07-27,11405.73,Dormant
ACC07607,CUST05309,BR038,Salary,2025-02-17,7126.95,Active
ACC07608,CUST02617,BR024,Savings,2025-02-15,12410.04,Active
ACC07609,CUST00121,BR026,Savings,2023-06-11,15711.27,Active
ACC07610,CUST01453,BR036,Salary,2023-04-04,12910.8,Dormant
ACC07611,CUST01002,BR015,Savings,2019-04-22,27225.52,Closed
ACC07612,CUST05707,BR044,Salary,2021-04-17,1010.44,Closed
ACC07613,CUST06377,BR021,Savings,2024-02-12,10647.86,Closed
ACC07614,CUST01250,BR054,Savings,2025-12-04,15484.38,Dormant
ACC07615,CUST05035,BR006,Fixed Deposit,2019-02-27,147714.59,Active
ACC07616,CUST06846,BR057,Current,2025-02-24,12332.55,Closed
ACC07617,CUST05453,BR035,Current,2019-04-22,42735.99,Dormant
ACC07618,CUST05268,BR011,Savings,2020-06-30,84586.27,Dormant
ACC07619,CUST05924,BR057,Savings,2022-04-29,6756.96,Active
ACC07620,CUST05014,BR012,Savings,2025-06-30,31400.46,Active
ACC07621,CUST02571,BR013,Salary,2023-11-12,7619.07,Active
ACC07622,CUST05030,BR006,Current,2025-01-07,21924.64,Dormant
ACC07623,CUST04315,BR030,Fixed Deposit,2022-09-09,36980.04,Closed
ACC07624,CUST01085,BR060,Salary,2021-03-06,8004.03,Dormant
ACC07625,CUST05630,BR027,Savings,2020-12-11,255179.1,Dormant
ACC07626,CUST00917,BR003,Savings,2024-04-04,47099.15,Active
ACC07627,CUST01646,BR008,Current,2022-06-03,109287.56,Dormant
ACC07628,CUST06141,BR011,Savings,2020-03-26,34296.35,Active
ACC07629,CUST06056,BR008,Current,2019-12-24,7286.24,Active
ACC07630,CUST06666,BR039,Salary,2019-01-13,17614.37,Dormant
ACC07631,CUST01695,BR041,Fixed Deposit,2019-07-19,113977.66,Closed
ACC07632,CUST06126,BR037,Savings,2023-04-13,10218.35,Closed
ACC07633,CUST07633,BR043,Savings,2024-05-16,52511.84,Active
ACC07634,CUST05881,BR039,Savings,2025-02-09,41518.84,Closed
ACC07635,CUST01753,BR009,Savings,2025-06-30,116638.66,Closed
ACC07636,CUST02046,BR049,Savings,2023-09-18,15123.35,Active
ACC07637,CUST01409,BR011,Savings,2019-08-07,8202.14,Dormant
ACC07638,CUST01678,BR005,Fixed Deposit,2024-06-24,48195.61,Active
ACC07639,CUST03917,BR021,Salary,2023-06-14,36493.87,Active
ACC07640,CUST04217,BR014,Savings,2023-03-30,4248.98,Dormant
ACC07641,CUST02955,BR060,Salary,2023-06-26,3140.5,Active
ACC07642,CUST05745,BR030,Savings,2024-01-22,23871.86,Active
ACC07643,CUST06398,BR013,Salary,2022-10-01,9800.49,Dormant
ACC07644,CUST07442,BR030,Savings,2022-02-14,22180.2,Active
ACC07645,CUST00543,BR034,Current,2023-01-18,93462.15,Closed
ACC07646,CUST05818,BR040,Savings,2025-03-31,13395.68,Closed
ACC07647,CUST02761,BR027,Salary,2024-12-29,3600.74,Closed
ACC07648,CUST03126,BR059,Savings,2023-02-26,138695.12,Dormant
ACC07649,CUST06526,BR013,Savings,2019-11-06,8977.66,Closed
ACC07650,CUST01944,BR021,Current,2025-05-27,12593.84,Active
ACC07651,CUST07163,BR057,Savings,2023-06-12,59477.18,Dormant
ACC07652,CUST03991,BR039,Savings,2024-11-06,15583.37,Closed
ACC07653,CUST07298,BR038,Salary,2024-09-11,12779.88,Dormant
ACC07654,CUST01089,BR052,Salary,2022-09-08,18731.34,Closed
ACC07655,CUST07526,BR036,Salary,2023-05-09,28524.2,Dormant
ACC07656,CUST05198,BR009,Savings,2021-12-27,16315.74,Closed
ACC07657,CUST03234,BR052,Salary,2020-06-30,38714.38,Dormant
ACC07658,CUST04461,BR031,Savings,2019-12-03,3222.07,Closed
ACC07659,CUST05722,BR031,Savings,2024-05-08,43643.45,Active
ACC07660,CUST04299,BR058,Savings,2025-07-01,10346.72,Active
ACC07661,CUST01701,BR020,Salary,2022-05-27,34912.14,Active
ACC07662,CUST04792,BR027,Savings,2021-05-17,25030.24,Active
ACC07663,CUST01257,BR008,Savings,2025-02-05,12020.7,Dormant
ACC07664,CUST00921,BR034,Savings,2023-07-13,39996.89,Dormant
ACC07665,CUST06279,BR010,Savings,2019-02-16,49210.86,Active
ACC07666,CUST04955,BR001,Fixed Deposit,2025-01-16,88003.91,Dormant
ACC07667,CUST05505,BR044,Savings,2025-09-21,8719.12,Dormant
ACC07668,CUST01297,BR035,Salary,2025-11-04,9520.36,Closed
ACC07669,CUST03019,BR029,Fixed Deposit,2020-04-09,59728.01,Closed
ACC07670,CUST06559,BR002,Savings,2019-01-07,21223.54,Active
ACC07671,CUST03027,BR016,Salary,2021-12-09,22580.05,Closed
ACC07672,CUST02114,BR031,Savings,2024-08-03,3592.45,Closed
ACC07673,CUST01556,BR039,Savings,2023-07-15,29759.22,Dormant
ACC07674,CUST03975,BR040,Salary,2025-11-25,10905.4,Active
ACC07675,CUST05103,BR032,Savings,2020-07-30,10356.29,Active
ACC07676,CUST07184,BR024,Savings,2025-05-19,11291.01,Active
ACC07677,CUST01590,BR041,Current,2019-09-13,29303.5,Active
ACC07678,CUST06538,BR050,Savings,2020-10-19,861.8,Closed
ACC07679,CUST06671,BR037,Savings,2025-05-14,11717.51,Dormant
ACC07680,CUST03800,BR016,Fixed Deposit,2019-12-26,35401.56,Active
ACC07681,CUST03299,BR002,Savings,2025-07-12,35578.79,Dormant
ACC07682,CUST01278,BR006,Savings,2022-01-16,10668.24,Closed
ACC07683,CUST00276,BR021,Savings,2025-08-03,18149.49,Active
ACC07684,CUST05348,BR040,Savings,2021-09-12,88260.59,Closed
ACC07685,CUST06246,BR052,Salary,2024-08-19,26797.02,Closed
ACC07686,CUST03363,BR022,Savings,2019-05-23,49614.79,Dormant
ACC07687,CUST06806,BR055,Savings,2023-07-12,14046.31,Closed
ACC07688,CUST06181,BR008,Savings,2019-07-31,35908.49,Dormant
ACC07689,CUST02700,BR045,Savings,2025-01-25,17845.24,Active
ACC07690,CUST00920,BR007,Fixed Deposit,2022-12-15,53228.22,Closed
ACC07691,CUST01003,BR041,Savings,2021-03-04,31847.58,Dormant
ACC07692,CUST06801,BR050,Savings,2019-03-05,12870.66,Dormant
ACC07693,CUST06246,BR038,Salary,2022-04-02,37990.91,Closed
ACC07694,CUST04493,BR011,Current,2025-09-20,30942.0,Active
ACC07695,CUST05015,BR034,Savings,2025-03-04,38427.34,Active
ACC07696,CUST02804,BR001,Savings,2025-07-28,81637.21,Active
ACC07697,CUST04943,BR044,Salary,2021-04-08,27505.95,Closed
ACC07698,CUST03532,BR007,Savings,2019-07-08,6197.94,Dormant
ACC07699,CUST01480,BR028,Fixed Deposit,2024-05-14,78193.17,Active
ACC07700,CUST03375,BR009,Current,2022-07-13,85026.6,Dormant
ACC07701,CUST01256,BR025,Salary,2022-12-30,24941.89,Dormant
ACC07702,CUST07549,BR035,Salary,2023-05-01,6128.43,Dormant
ACC07703,CUST03772,BR051,Savings,2023-03-16,12193.62,Closed
ACC07704,CUST00180,BR010,Savings,2020-06-16,53911.68,Dormant
ACC07705,CUST00378,BR047,Salary,2020-07-15,7838.23,Closed
ACC07706,CUST06000,BR007,Savings,2025-08-22,16819.15,Closed
ACC07707,CUST01438,BR013,Salary,2019-07-14,40259.97,Active
ACC07708,CUST07360,BR027,Fixed Deposit,2025-06-02,58181.37,Closed
ACC07709,CUST00857,BR056,Current,2020-04-17,17557.31,Dormant
ACC07710,CUST03988,BR011,Savings,2020-10-11,9998.04,Closed
ACC07711,CUST05240,BR047,Salary,2020-01-30,16863.44,Closed
ACC07712,CUST01699,BR028,Savings,2020-10-17,6635.35,Closed
ACC07713,CUST02159,BR014,Current,2022-05-04,28357.99,Active
ACC07714,CUST06435,BR059,Savings,2025-01-28,29729.87,Closed
ACC07715,CUST02076,BR046,Savings,2019-06-07,70914.83,Dormant
ACC07716,CUST06264,BR046,Salary,2022-11-09,21317.5,Closed
ACC07717,CUST04416,BR025,Savings,2024-09-06,11583.55,Dormant
ACC07718,CUST06289,BR015,Savings,2020-04-25,63613.27,Dormant
ACC07719,CUST07535,BR040,Salary,2024-08-26,10832.86,Closed
ACC07720,CUST05204,BR010,Savings,2023-11-22,7243.55,Closed
ACC07721,CUST06958,BR046,Salary,2022-12-26,11843.93,Closed
ACC07722,CUST07779,BR044,Current,2019-06-29,152996.33,Dormant
ACC07723,CUST03378,BR011,Savings,2024-07-23,25558.27,Active
ACC07724,CUST05653,BR010,Savings,2020-11-09,22276.1,Active
ACC07725,CUST05312,BR032,Savings,2020-06-02,96133.25,Active
ACC07726,CUST00456,BR022,Savings,2019-05-09,6074.05,Active
ACC07727,CUST06378,BR029,Savings,2021-12-28,6925.47,Dormant
ACC07728,CUST02230,BR019,Savings,2021-01-02,5144.78,Dormant
ACC07729,CUST00580,BR029,Savings,2024-10-17,30803.49,Closed
ACC07730,CUST02277,BR006,Current,2023-03-15,42894.25,Active
ACC07731,CUST05390,BR012,Fixed Deposit,2020-08-08,151091.64,Dormant
ACC07732,CUST04462,BR015,Current,2020-05-11,46326.76,Dormant
ACC07733,CUST04707,BR022,Savings,2023-02-04,15309.96,Closed
ACC07734,CUST05799,BR039,Salary,2021-03-06,13376.52,Closed
ACC07735,CUST01400,BR042,Savings,2025-07-06,24487.96,Active
ACC07736,CUST01847,BR011,Salary,2019-09-12,4145.45,Closed
ACC07737,CUST00228,BR029,Savings,2020-03-16,252533.32,Active
ACC07738,CUST00838,BR034,Fixed Deposit,2025-02-28,81791.01,Closed
ACC07739,CUST07933,BR046,Fixed Deposit,2022-08-10,67914.51,Dormant
ACC07740,CUST05289,BR012,Savings,2020-12-20,38316.95,Active
ACC07741,CUST04826,BR058,Fixed Deposit,2022-05-12,91642.15,Dormant
ACC07742,CUST02802,BR030,Savings,2023-10-06,19409.19,Active
ACC07743,CUST07170,BR040,Current,2019-03-27,19317.35,Dormant
ACC07744,CUST06249,BR016,Salary,2020-04-08,20325.17,Closed
ACC07745,CUST03487,BR036,Savings,2024-02-16,31167.77,Dormant
ACC07746,CUST04279,BR024,Savings,2024-01-20,10626.42,Dormant
ACC07747,CUST02038,BR009,Salary,2023-05-24,36073.9,Closed
ACC07748,CUST00814,BR053,Savings,2020-05-07,28681.76,Closed
ACC07749,CUST01346,BR046,Savings,2021-02-22,42482.07,Active
ACC07750,CUST04640,BR030,Current,2022-10-19,146081.63,Active
ACC07751,CUST01332,BR008,Salary,2023-01-14,13566.0,Active
ACC07752,CUST00874,BR006,Savings,2024-04-24,29297.48,Dormant
ACC07753,CUST05025,BR031,Current,2023-11-19,81636.13,Closed
ACC07754,CUST05226,BR027,Fixed Deposit,2021-03-26,38757.65,Closed
ACC07755,CUST00863,BR014,Savings,2023-06-30,23124.47,Active
ACC07756,CUST02357,BR024,Savings,2025-09-22,24661.38,Active
ACC07757,CUST02567,BR018,Salary,2019-01-14,6841.48,Closed
ACC07758,CUST07647,BR015,Savings,2022-11-28,177348.7,Active
ACC07759,CUST01209,BR037,Savings,2025-12-22,6207.02,Dormant
ACC07760,CUST06956,BR035,Current,2019-07-10,9915.91,Closed
ACC07761,CUST02785,BR012,Savings,2023-03-29,71883.64,Closed
ACC07762,CUST01509,BR029,Savings,2020-07-21,41853.87,Dormant
ACC07763,CUST04607,BR021,Savings,2023-09-02,8748.45,Active
ACC07764,CUST07357,BR022,Savings,2025-07-06,38046.34,Closed
ACC07765,CUST04344,BR060,Savings,2022-10-19,82542.24,Dormant
ACC07766,CUST03931,BR055,Savings,2024-11-30,21434.63,Closed
ACC07767,CUST03653,BR059,Salary,2024-01-28,82386.43,Dormant
ACC07768,CUST07406,BR021,Fixed Deposit,2024-11-21,21280.85,Dormant
ACC07769,CUST04545,BR014,Current,2021-11-28,72680.14,Active
ACC07770,CUST01298,BR018,Savings,2023-09-26,62936.12,Active
ACC07771,CUST07527,BR005,Savings,2021-12-14,49129.23,Active
ACC07772,CUST04187,BR015,Savings,2019-04-18,18326.07,Dormant
ACC07773,CUST04297,BR037,Savings,2022-02-25,16959.83,Dormant
ACC07774,CUST05520,BR017,Savings,2025-04-13,32850.78,Closed
ACC07775,CUST06294,BR030,Savings,2022-02-05,45898.1,Closed
ACC07776,CUST00063,BR040,Current,2022-08-24,66335.03,Dormant
ACC07777,CUST01297,BR040,Fixed Deposit,2025-02-03,111751.7,Active
ACC07778,CUST03684,BR006,Savings,2025-12-16,8804.49,Dormant
ACC07779,CUST05776,BR024,Savings,2019-09-21,17943.91,Dormant
ACC07780,CUST05242,BR001,Current,2020-03-19,14185.62,Dormant
ACC07781,CUST06423,BR031,Current,2025-02-15,24683.42,Dormant
ACC07782,CUST06123,BR055,Current,2025-10-06,100229.81,Closed
ACC07783,CUST05882,BR026,Savings,2023-04-03,24274.59,Closed
ACC07784,CUST02667,BR034,Current,2025-11-19,492307.68,Closed
ACC07785,CUST02477,BR039,Savings,2022-07-01,26214.44,Dormant
ACC07786,CUST03056,BR035,Savings,2019-08-29,23242.15,Closed
ACC07787,CUST02060,BR002,Current,2025-09-02,40383.76,Closed
ACC07788,CUST06072,BR057,Salary,2023-06-12,8548.69,Dormant
ACC07789,CUST05237,BR014,Salary,2025-12-01,12829.65,Closed
ACC07790,CUST00299,BR009,Salary,2024-10-14,29420.64,Dormant
ACC07791,CUST06370,BR022,Salary,2021-01-10,14469.23,Dormant
ACC07792,CUST00513,BR027,Savings,2025-07-11,10784.73,Dormant
ACC07793,CUST07256,BR019,Savings,2024-01-24,9579.91,Closed
ACC07794,CUST05769,BR024,Savings,2025-05-12,14688.47,Closed
ACC07795,CUST06763,BR041,Salary,2025-04-21,14068.65,Active
ACC07796,CUST02089,BR013,Savings,2020-11-30,64487.58,Dormant
ACC07797,CUST07092,BR005,Savings,2020-11-22,6591.66,Closed
ACC07798,CUST07433,BR016,Savings,2023-08-22,16517.18,Closed
ACC07799,CUST01986,BR013,Savings,2021-07-31,25081.33,Dormant
ACC07800,CUST07759,BR017,Savings,2020-12-19,4228.76,Dormant
ACC07801,CUST07226,BR005,Savings,2024-05-24,10402.08,Dormant
ACC07802,CUST04507,BR002,Current,2019-02-19,18400.1,Active
ACC07803,CUST05718,BR056,Salary,2019-11-03,7652.75,Dormant
ACC07804,CUST04589,BR007,Salary,2024-10-13,15280.35,Dormant
ACC07805,CUST00428,BR019,Savings,2025-06-23,19062.84,Closed
ACC07806,CUST05549,BR013,Savings,2019-03-06,13362.97,Active
ACC07807,CUST06013,BR018,Savings,2021-04-21,32375.8,Dormant
ACC07808,CUST02010,BR058,Savings,2019-10-20,103856.69,Closed
ACC07809,CUST02284,BR030,Savings,2019-02-12,96310.33,Dormant
ACC07810,CUST04879,BR052,Current,2024-07-25,5309.37,Active
ACC07811,CUST05661,BR047,Current,2020-02-25,64671.26,Closed
ACC07812,CUST01808,BR055,Savings,2021-04-12,18765.57,Closed
ACC07813,CUST02284,BR008,Savings,2021-06-21,25327.34,Active
ACC07814,CUST00217,BR027,Salary,2025-04-18,10109.21,Active
ACC07815,CUST06274,BR022,Savings,2019-01-29,24485.34,Closed
ACC07816,CUST06309,BR053,Savings,2023-11-01,25242.05,Active
ACC07817,CUST03875,BR031,Savings,2020-11-20,13081.36,Dormant
ACC07818,CUST07977,BR004,Savings,2020-12-16,9830.74,Active
ACC07819,CUST06347,BR053,Savings,2022-10-27,14708.4,Closed
ACC07820,CUST00248,BR038,Current,2024-12-13,45901.78,Closed
ACC07821,CUST07722,BR011,Fixed Deposit,2020-10-31,85767.7,Dormant
ACC07822,CUST03336,BR049,Savings,2025-03-24,47477.64,Active
ACC07823,CUST07074,BR019,Salary,2025-02-09,9452.81,Dormant
ACC07824,CUST00103,BR013,Savings,2023-02-19,28437.39,Active
ACC07825,CUST03561,BR031,Salary,2019-10-18,26206.21,Dormant
ACC07826,CUST03192,BR021,Savings,2022-01-17,62883.27,Dormant
ACC07827,CUST01868,BR034,Savings,2020-12-28,20890.51,Closed
ACC07828,CUST00868,BR049,Salary,2019-10-01,11445.45,Closed
ACC07829,CUST05251,BR003,Salary,2021-11-26,15272.16,Closed
ACC07830,CUST06490,BR030,Savings,2025-01-24,7826.44,Active
ACC07831,CUST00200,BR057,Savings,2020-02-28,18504.17,Active
ACC07832,CUST00867,BR006,Salary,2020-11-17,22498.65,Dormant
ACC07833,CUST02137,BR032,Savings,2022-07-11,39251.79,Dormant
ACC07834,CUST00466,BR043,Current,2024-11-27,27715.09,Dormant
ACC07835,CUST05182,BR047,Savings,2019-06-11,26794.35,Dormant
ACC07836,CUST06028,BR012,Savings,2021-11-04,10486.19,Dormant
ACC07837,CUST03215,BR054,Salary,2022-04-16,21860.67,Dormant
ACC07838,CUST04969,BR049,Fixed Deposit,2023-06-25,57142.71,Active
ACC07839,CUST04466,BR021,Savings,2022-04-11,17182.45,Active
ACC07840,CUST04134,BR058,Savings,2020-06-08,15905.95,Dormant
ACC07841,CUST00408,BR011,Salary,2024-08-14,12784.31,Dormant
ACC07842,CUST06246,BR021,Savings,2019-12-05,14719.23,Closed
ACC07843,CUST02796,BR053,Savings,2019-10-03,39828.13,Closed
ACC07844,CUST01462,BR017,Savings,2021-04-02,15432.71,Active
ACC07845,CUST06717,BR007,Savings,2019-01-15,92380.18,Active
ACC07846,CUST04922,BR045,Savings,2024-12-11,82346.35,Active
ACC07847,CUST05896,BR038,Salary,2019-12-31,7157.53,Closed
ACC07848,CUST07498,BR054,Salary,2025-12-14,14027.75,Closed
ACC07849,CUST03841,BR026,Savings,2021-08-21,12263.82,Active
ACC07850,CUST05384,BR017,Savings,2020-11-02,16416.09,Dormant
ACC07851,CUST05681,BR009,Savings,2022-11-29,133543.79,Active
ACC07852,CUST06235,BR013,Current,2023-11-11,26700.26,Closed
ACC07853,CUST04121,BR046,Savings,2019-10-14,30461.03,Dormant
ACC07854,CUST04552,BR010,Savings,2024-02-03,35853.24,Dormant
ACC07855,CUST00298,BR056,Savings,2021-11-21,8950.22,Closed
ACC07856,CUST01265,BR047,Savings,2024-01-23,10202.77,Active
ACC07857,CUST06449,BR024,Current,2023-02-24,10872.34,Dormant
ACC07858,CUST01045,BR003,Savings,2020-06-03,9923.16,Closed
ACC07859,CUST02064,BR037,Savings,2023-02-25,1694.21,Active
ACC07860,CUST01586,BR041,Savings,2025-09-21,35958.62,Closed
ACC07861,CUST06637,BR038,Savings,2024-11-23,139912.77,Dormant
ACC07862,CUST06186,BR057,Fixed Deposit,2019-06-22,65427.14,Closed
ACC07863,CUST03855,BR005,Salary,2021-09-12,4957.28,Active
ACC07864,CUST05459,BR012,Savings,2023-07-13,12351.11,Closed
ACC07865,CUST00246,BR007,Savings,2025-08-02,14574.24,Closed
ACC07866,CUST02091,BR057,Salary,2024-04-19,6553.08,Dormant
ACC07867,CUST02771,BR040,Savings,2022-12-05,47770.54,Dormant
ACC07868,CUST03284,BR011,Savings,2019-06-28,45671.7,Closed
ACC07869,CUST02580,BR011,Fixed Deposit,2023-11-09,29933.36,Closed
ACC07870,CUST00986,BR055,Savings,2023-09-11,42301.29,Closed
ACC07871,CUST06715,BR027,Savings,2025-03-03,87040.73,Dormant
ACC07872,CUST06320,BR016,Current,2022-03-20,243423.55,Active
ACC07873,CUST02651,BR051,Savings,2019-11-14,290306.0,Closed
ACC07874,CUST00761,BR051,Salary,2019-03-26,7105.36,Closed
ACC07875,CUST01025,BR048,Fixed Deposit,2022-07-01,325960.75,Dormant
ACC07876,CUST03751,BR045,Savings,2024-04-08,16013.93,Closed
ACC07877,CUST01112,BR043,Current,2020-10-30,20081.1,Active
ACC07878,CUST06438,BR034,Fixed Deposit,2020-02-01,72856.24,Closed
ACC07879,CUST01775,BR037,Fixed Deposit,2021-06-03,42224.81,Dormant
ACC07880,CUST01095,BR037,Fixed Deposit,2025-02-07,76071.31,Active
ACC07881,CUST04569,BR032,Savings,2020-11-12,6713.87,Active
ACC07882,CUST07413,BR059,Current,2019-07-24,28602.44,Closed
ACC07883,CUST07609,BR048,Savings,2022-02-15,70054.17,Dormant
ACC07884,CUST00368,BR054,Current,2021-05-26,34301.31,Active
ACC07885,CUST03382,BR059,Salary,2025-05-20,14751.75,Closed
ACC07886,CUST02229,BR035,Savings,2024-05-30,33783.67,Active
ACC07887,CUST05452,BR006,Savings,2024-09-06,63170.67,Dormant
ACC07888,CUST03178,BR016,Savings,2020-12-18,4965.64,Dormant
ACC07889,CUST06423,BR031,Savings,2020-10-03,37274.76,Dormant
ACC07890,CUST02475,BR058,Fixed Deposit,2023-05-02,50976.32,Closed
ACC07891,CUST06936,BR055,Salary,2021-08-04,15012.62,Active
ACC07892,CUST04052,BR009,Savings,2021-05-21,57179.75,Active
ACC07893,CUST01102,BR048,Salary,2023-11-11,5791.05,Closed
ACC07894,CUST07067,BR050,Savings,2020-01-25,8853.96,Closed
ACC07895,CUST02341,BR026,Salary,2025-10-18,3446.79,Dormant
ACC07896,CUST03202,BR008,Savings,2020-11-05,13436.86,Closed
ACC07897,CUST03216,BR052,Savings,2019-09-10,72939.76,Dormant
ACC07898,CUST01880,BR013,Salary,2020-11-27,12278.3,Closed
ACC07899,CUST00070,BR014,Savings,2019-01-19,6593.82,Active
ACC07900,CUST04903,BR035,Fixed Deposit,2025-01-05,44738.64,Closed
ACC07901,CUST01685,BR038,Savings,2020-04-09,5772.87,Dormant
ACC07902,CUST03980,BR020,Savings,2021-12-15,8001.09,Active
ACC07903,CUST04520,BR034,Savings,2020-05-19,31255.07,Closed
ACC07904,CUST02527,BR057,Savings,2021-01-07,7658.06,Closed
ACC07905,CUST04134,BR045,Salary,2020-12-17,29110.2,Active
ACC07906,CUST00912,BR004,Salary,2020-05-30,12710.91,Active
ACC07907,CUST05406,BR035,Savings,2019-11-23,23790.35,Dormant
ACC07908,CUST02344,BR034,Savings,2024-06-15,17145.04,Closed
ACC07909,CUST05565,BR039,Savings,2021-08-12,44159.49,Active
ACC07910,CUST05291,BR032,Savings,2021-01-15,44571.23,Active
ACC07911,CUST06620,BR012,Savings,2022-09-20,29778.71,Active
ACC07912,CUST05037,BR057,Savings,2022-02-26,36618.55,Active
ACC07913,CUST01424,BR045,Savings,2024-12-23,18198.95,Dormant
ACC07914,CUST06742,BR055,Savings,2023-09-02,35881.7,Active
ACC07915,CUST04047,BR018,Savings,2025-01-03,16251.0,Closed
ACC07916,CUST00695,BR041,Savings,2022-03-20,22070.75,Dormant
ACC07917,CUST04615,BR034,Savings,2025-12-16,17202.68,Closed
ACC07918,CUST06636,BR059,Savings,2021-03-14,14596.01,Closed
ACC07919,CUST04691,BR015,Salary,2024-06-24,8247.14,Dormant
ACC07920,CUST07696,BR041,Savings,2019-02-23,33554.33,Closed
ACC07921,CUST04756,BR022,Savings,2019-11-17,71649.78,Dormant
ACC07922,CUST04580,BR052,Savings,2019-11-02,63195.71,Closed
ACC07923,CUST01738,BR040,Savings,2022-03-31,7108.82,Closed
ACC07924,CUST01958,BR034,Salary,2024-05-10,32939.97,Active
ACC07925,CUST01913,BR049,Savings,2021-09-17,16541.99,Closed
ACC07926,CUST00954,BR022,Current,2025-09-03,66219.68,Active
ACC07927,CUST05307,BR054,Savings,2022-12-15,9743.99,Active
ACC07928,CUST02897,BR040,Savings,2023-11-27,25028.79,Dormant
ACC07929,CUST02611,BR031,Savings,2023-10-24,29212.47,Closed
ACC07930,CUST01299,BR057,Salary,2020-05-07,4725.73,Closed
ACC07931,CUST05176,BR013,Fixed Deposit,2025-03-21,86246.12,Closed
ACC07932,CUST06797,BR031,Salary,2023-07-13,34274.42,Active
ACC07933,CUST01178,BR001,Savings,2022-08-16,18822.66,Dormant
ACC07934,CUST05262,BR034,Savings,2019-08-02,74918.14,Active
ACC07935,CUST05492,BR039,Salary,2023-08-19,11698.48,Dormant
ACC07936,CUST06583,BR049,Savings,2020-05-26,47317.05,Active
ACC07937,CUST00525,BR048,Savings,2021-10-15,2990.77,Closed
ACC07938,CUST06891,BR015,Salary,2019-11-27,72630.81,Active
ACC07939,CUST05783,BR040,Fixed Deposit,2019-07-22,146865.86,Closed
ACC07940,CUST03238,BR052,Fixed Deposit,2020-08-29,50474.56,Closed
ACC07941,CUST02575,BR008,Savings,2022-01-09,3733.57,Closed
ACC07942,CUST05318,BR040,Savings,2020-12-29,28544.67,Closed
ACC07943,CUST07928,BR044,Savings,2025-10-15,6005.72,Active
ACC07944,CUST00509,BR043,Savings,2019-10-01,32871.73,Active
ACC07945,CUST06325,BR009,Savings,2021-02-21,31901.53,Active
ACC07946,CUST06568,BR007,Savings,2025-08-07,9440.24,Closed
ACC07947,CUST00401,BR045,Savings,2020-11-24,60407.61,Dormant
ACC07948,CUST05952,BR001,Savings,2020-02-28,45479.51,Closed
ACC07949,CUST02930,BR005,Savings,2020-12-02,53010.27,Dormant
ACC07950,CUST05475,BR057,Savings,2023-01-26,22202.76,Active
ACC07951,CUST06978,BR002,Savings,2023-07-11,6161.21,Dormant
ACC07952,CUST04199,BR021,Savings,2019-04-07,53108.12,Active
ACC07953,CUST06753,BR019,Savings,2023-11-19,17268.96,Active
ACC07954,CUST02523,BR007,Savings,2019-05-17,6305.63,Active
ACC07955,CUST03623,BR053,Current,2019-06-19,140370.32,Closed
ACC07956,CUST03507,BR050,Salary,2019-07-18,58080.5,Dormant
ACC07957,CUST05209,BR055,Savings,2020-07-20,21223.76,Dormant
ACC07958,CUST07432,BR046,Savings,2025-09-03,153769.35,Dormant
ACC07959,CUST04549,BR046,Savings,2021-06-26,23913.14,Dormant
ACC07960,CUST05940,BR025,Salary,2019-05-25,10236.15,Closed
ACC07961,CUST06350,BR010,Savings,2025-05-13,12488.8,Dormant
ACC07962,CUST02342,BR024,Savings,2023-12-21,96122.06,Closed
ACC07963,CUST05534,BR041,Salary,2022-01-06,7738.01,Closed
ACC07964,CUST04240,BR005,Current,2021-05-02,75755.73,Dormant
ACC07965,CUST06425,BR007,Savings,2025-08-26,13316.41,Active
ACC07966,CUST05019,BR056,Savings,2019-11-25,14555.5,Active
ACC07967,CUST03467,BR036,Savings,2020-03-26,55671.56,Dormant
ACC07968,CUST05169,BR032,Savings,2019-06-06,15645.94,Active
ACC07969,CUST03698,BR040,Current,2019-11-11,24226.55,Closed
ACC07970,CUST01460,BR050,Salary,2020-02-29,29524.13,Closed
ACC07971,CUST00481,BR018,Salary,2025-07-04,40871.08,Closed
ACC07972,CUST03571,BR038,Savings,2024-06-28,39348.8,Active
ACC07973,CUST03653,BR028,Current,2021-11-18,18868.14,Active
ACC07974,CUST00920,BR057,Savings,2020-08-06,13911.24,Active
ACC07975,CUST00262,BR013,Salary,2023-02-28,14128.38,Closed
ACC07976,CUST01258,BR027,Current,2021-01-31,50057.62,Dormant
ACC07977,CUST04126,BR028,Current,2023-07-23,13522.82,Active
ACC07978,CUST05413,BR023,Fixed Deposit,2021-03-12,92394.5,Dormant
ACC07979,CUST06352,BR047,Savings,2021-08-15,23788.61,Active
ACC07980,CUST06402,BR057,Current,2019-12-20,6530.85,Dormant
ACC07981,CUST04329,BR051,Savings,2020-02-05,9546.85,Closed
ACC07982,CUST03612,BR022,Savings,2020-07-14,13992.6,Closed
ACC07983,CUST06413,BR053,Fixed Deposit,2022-02-17,57313.15,Active
ACC07984,CUST04797,BR015,Fixed Deposit,2021-11-19,186012.15,Active
ACC07985,CUST06456,BR016,Savings,2019-05-01,27292.14,Active
ACC07986,CUST01882,BR013,Savings,2023-07-28,10335.14,Dormant
ACC07987,CUST00736,BR035,Salary,2020-05-24,15590.88,Dormant
ACC07988,CUST07919,BR010,Savings,2025-09-01,16044.49,Active
ACC07989,CUST03702,BR003,Savings,2023-05-09,29504.04,Closed
ACC07990,CUST04886,BR006,Savings,2019-02-12,37142.27,Closed
ACC07991,CUST06458,BR030,Savings,2021-01-06,65401.96,Dormant
ACC07992,CUST06413,BR009,Current,2025-07-14,35444.15,Closed
ACC07993,CUST00390,BR057,Salary,2023-04-03,42077.67,Active
ACC07994,CUST05947,BR052,Salary,2023-09-15,25225.63,Dormant
ACC07995,CUST03707,BR015,Current,2020-12-27,17900.08,Closed
ACC07996,CUST01828,BR042,Fixed Deposit,2021-01-18,225463.46,Closed
ACC07997,CUST02737,BR008,Savings,2023-08-27,29563.48,Closed
ACC07998,CUST05539,BR014,Savings,2020-01-15,10387.81,Dormant
ACC07999,CUST06561,BR045,Savings,2019-06-30,97501.37,Active
ACC08000,CUST03997,BR005,Salary,2025-05-19,57207.73,Closed
ACC08001,CUST07043,BR047,Savings,2019-07-01,21381.41,Dormant
ACC08002,CUST02640,BR005,Salary,2024-04-08,9390.42,Closed
ACC08003,CUST06854,BR020,Savings,2025-03-16,18861.21,Active
ACC08004,CUST05040,BR051,Current,2022-05-13,74215.75,Active
ACC08005,CUST07283,BR028,Savings,2025-11-04,69568.77,Active
ACC08006,CUST03678,BR015,Savings,2022-11-10,36806.83,Closed
ACC08007,CUST01721,BR008,Current,2020-06-01,40204.06,Dormant
ACC08008,CUST00462,BR041,Savings,2025-03-15,84813.55,Active
ACC08009,CUST05947,BR012,Current,2023-01-31,26560.05,Closed
ACC08010,CUST03811,BR056,Savings,2025-03-03,55705.12,Closed
ACC08011,CUST07506,BR001,Savings,2019-11-03,16996.17,Dormant
ACC08012,CUST03708,BR036,Savings,2023-12-07,32465.09,Active
ACC08013,CUST04980,BR022,Fixed Deposit,2020-08-22,55930.35,Active
ACC08014,CUST06196,BR054,Salary,2020-01-30,12847.49,Active
ACC08015,CUST07918,BR031,Salary,2024-07-24,10258.17,Closed
ACC08016,CUST02177,BR051,Savings,2023-06-20,73892.65,Closed
ACC08017,CUST04584,BR033,Current,2024-06-05,17449.63,Active
ACC08018,CUST05621,BR050,Savings,2025-01-11,11313.94,Dormant
ACC08019,CUST03120,BR006,Savings,2023-04-24,148582.29,Active
ACC08020,CUST03373,BR012,Current,2021-02-15,96553.02,Dormant
ACC08021,CUST07429,BR019,Savings,2023-05-27,2574.47,Active
ACC08022,CUST00719,BR037,Fixed Deposit,2024-11-13,42652.65,Active
ACC08023,CUST06334,BR005,Savings,2020-09-08,4312.23,Active
ACC08024,CUST04041,BR054,Savings,2022-10-08,9361.66,Closed
ACC08025,CUST05867,BR001,Current,2020-02-12,1574.17,Active
ACC08026,CUST06920,BR026,Current,2020-08-24,31666.37,Dormant
ACC08027,CUST01787,BR011,Salary,2025-03-11,6006.76,Dormant
ACC08028,CUST00132,BR023,Current,2025-08-12,38557.47,Active
ACC08029,CUST02092,BR032,Salary,2025-08-27,4283.03,Active
ACC08030,CUST06085,BR026,Fixed Deposit,2019-08-16,62928.04,Dormant
ACC08031,CUST02268,BR050,Savings,2020-08-31,15162.42,Active
ACC08032,CUST05523,BR032,Current,2020-01-23,163072.96,Closed
ACC08033,CUST01811,BR024,Savings,2021-01-09,78450.35,Dormant
ACC08034,CUST06041,BR006,Current,2025-04-09,79645.88,Active
ACC08035,CUST01318,BR037,Savings,2019-11-01,16416.59,Active
ACC08036,CUST05855,BR050,Salary,2023-08-12,53624.77,Closed
ACC08037,CUST03463,BR025,Fixed Deposit,2025-11-11,23580.58,Closed
ACC08038,CUST05951,BR039,Fixed Deposit,2019-04-17,25793.17,Closed
ACC08039,CUST02529,BR056,Current,2022-11-25,33396.85,Closed
ACC08040,CUST00626,BR028,Savings,2019-07-29,167482.53,Dormant
ACC08041,CUST00184,BR023,Savings,2025-11-16,18359.36,Active
ACC08042,CUST05806,BR011,Fixed Deposit,2024-01-24,53640.13,Active
ACC08043,CUST04379,BR026,Fixed Deposit,2021-10-19,25206.41,Dormant
ACC08044,CUST02889,BR058,Current,2019-05-09,93519.91,Active
ACC08045,CUST06725,BR018,Savings,2021-06-19,51940.73,Active
ACC08046,CUST05852,BR037,Savings,2020-03-11,44809.15,Dormant
ACC08047,CUST02475,BR047,Salary,2021-11-30,8600.24,Active
ACC08048,CUST01864,BR054,Salary,2025-02-28,8146.19,Dormant
ACC08049,CUST01526,BR020,Savings,2019-08-26,6878.73,Closed
ACC08050,CUST07390,BR018,Fixed Deposit,2022-07-07,62964.32,Active
ACC08051,CUST02251,BR016,Savings,2021-03-21,8330.12,Dormant
ACC08052,CUST00567,BR043,Savings,2023-06-13,7633.68,Closed
ACC08053,CUST05929,BR058,Savings,2020-02-08,15043.16,Active
ACC08054,CUST05793,BR017,Savings,2022-04-01,14182.43,Closed
ACC08055,CUST06678,BR022,Salary,2021-08-29,9167.46,Active
ACC08056,CUST04182,BR058,Savings,2023-08-29,33516.73,Closed
ACC08057,CUST06774,BR031,Savings,2024-02-16,23650.58,Closed
ACC08058,CUST04595,BR007,Savings,2023-01-04,16994.75,Closed
ACC08059,CUST02163,BR014,Savings,2024-12-27,25970.37,Active
ACC08060,CUST06739,BR009,Savings,2020-04-04,9023.84,Dormant
ACC08061,CUST00354,BR058,Savings,2022-09-07,24215.56,Dormant
ACC08062,CUST04012,BR055,Salary,2023-01-17,14845.05,Closed
ACC08063,CUST05204,BR030,Savings,2019-10-13,5694.51,Closed
ACC08064,CUST01468,BR003,Savings,2022-09-11,53966.8,Closed
ACC08065,CUST01768,BR019,Savings,2025-05-31,9963.76,Closed
ACC08066,CUST01174,BR059,Savings,2025-09-13,23891.52,Dormant
ACC08067,CUST00793,BR038,Current,2020-11-28,116356.23,Dormant
ACC08068,CUST02094,BR024,Fixed Deposit,2023-12-10,104339.58,Active
ACC08069,CUST04160,BR007,Savings,2020-06-07,22717.71,Active
ACC08070,CUST03606,BR028,Savings,2020-11-29,15894.86,Dormant
ACC08071,CUST05845,BR037,Savings,2022-10-14,51676.62,Dormant
ACC08072,CUST00595,BR059,Savings,2021-02-07,40425.88,Active
ACC08073,CUST03600,BR038,Salary,2023-10-25,8665.84,Active
ACC08074,CUST01990,BR052,Savings,2023-07-30,10770.82,Closed
ACC08075,CUST01679,BR027,Current,2019-01-10,4571.72,Dormant
ACC08076,CUST00011,BR032,Savings,2022-06-23,25301.75,Dormant
ACC08077,CUST06054,BR007,Savings,2022-04-09,20446.6,Dormant
ACC08078,CUST02444,BR026,Savings,2022-09-12,61241.0,Active
ACC08079,CUST02099,BR055,Savings,2023-05-03,30428.95,Active
ACC08080,CUST05934,BR010,Savings,2023-05-17,73189.43,Active
ACC08081,CUST01710,BR059,Savings,2024-10-21,11758.98,Active
ACC08082,CUST03654,BR014,Salary,2022-08-09,29634.82,Active
ACC08083,CUST00691,BR058,Savings,2020-10-16,13683.9,Dormant
ACC08084,CUST07461,BR018,Savings,2024-04-09,44348.6,Closed
ACC08085,CUST03044,BR003,Savings,2022-06-03,5926.08,Closed
ACC08086,CUST01527,BR049,Savings,2024-08-12,27217.67,Closed
ACC08087,CUST00331,BR045,Salary,2025-05-11,3329.97,Dormant
ACC08088,CUST05016,BR003,Fixed Deposit,2019-10-02,51006.97,Dormant
ACC08089,CUST06941,BR016,Salary,2024-07-13,18183.1,Active
ACC08090,CUST07919,BR047,Salary,2024-01-26,9277.26,Dormant
ACC08091,CUST00106,BR001,Fixed Deposit,2020-02-18,31880.1,Active
ACC08092,CUST01279,BR028,Savings,2021-08-10,47169.68,Closed
ACC08093,CUST07291,BR004,Savings,2019-11-10,20068.03,Closed
ACC08094,CUST06337,BR060,Salary,2025-08-14,9483.42,Closed
ACC08095,CUST07399,BR046,Current,2024-12-03,37869.3,Active
ACC08096,CUST05105,BR055,Savings,2024-10-02,236334.21,Closed
ACC08097,CUST07043,BR054,Savings,2019-06-11,62202.63,Dormant
ACC08098,CUST02690,BR002,Savings,2023-06-06,62712.51,Closed
ACC08099,CUST00748,BR033,Savings,2023-02-15,32597.53,Closed
ACC08100,CUST05209,BR054,Savings,2021-02-01,25586.92,Dormant
ACC08101,CUST00594,BR014,Savings,2020-03-04,2549.18,Dormant
ACC08102,CUST06506,BR034,Savings,2019-02-27,11955.15,Closed
ACC08103,CUST04608,BR006,Savings,2020-01-26,14292.4,Dormant
ACC08104,CUST01968,BR047,Savings,2020-10-15,4074.88,Dormant
ACC08105,CUST00572,BR053,Savings,2023-11-27,7772.33,Active
ACC08106,CUST06001,BR022,Savings,2022-02-04,3704.29,Dormant
ACC08107,CUST01805,BR028,Savings,2020-08-26,21279.69,Closed
ACC08108,CUST00465,BR017,Savings,2020-12-24,46022.67,Dormant
ACC08109,CUST07212,BR034,Savings,2021-10-12,59640.91,Active
ACC08110,CUST05201,BR058,Savings,2023-04-14,31994.08,Closed
ACC08111,CUST05006,BR023,Savings,2025-04-14,9255.22,Dormant
ACC08112,CUST01406,BR046,Savings,2025-05-08,3870.51,Dormant
ACC08113,CUST00855,BR031,Savings,2025-04-12,4531.54,Active
ACC08114,CUST06026,BR005,Savings,2021-04-13,7029.82,Active
ACC08115,CUST01432,BR051,Current,2020-07-11,14930.19,Closed
ACC08116,CUST04110,BR008,Current,2020-06-14,30953.81,Dormant
ACC08117,CUST07850,BR019,Salary,2022-12-06,6568.79,Closed
ACC08118,CUST01222,BR028,Savings,2022-02-07,29883.99,Closed
ACC08119,CUST06395,BR034,Savings,2025-09-23,17871.34,Closed
ACC08120,CUST07764,BR033,Salary,2023-12-02,13458.71,Dormant
ACC08121,CUST05832,BR007,Savings,2022-09-10,61465.14,Active
ACC08122,CUST00511,BR049,Salary,2020-05-01,5847.9,Closed
ACC08123,CUST00029,BR050,Salary,2021-08-09,17909.62,Dormant
ACC08124,CUST03520,BR031,Current,2020-09-03,35811.59,Active
ACC08125,CUST02714,BR012,Savings,2025-06-15,16315.36,Active
ACC08126,CUST05788,BR035,Savings,2022-12-31,48860.8,Active
ACC08127,CUST04080,BR055,Savings,2019-11-29,48587.07,Dormant
ACC08128,CUST00671,BR043,Savings,2024-02-26,9397.12,Closed
ACC08129,CUST05038,BR045,Savings,2020-06-23,18695.82,Dormant
ACC08130,CUST03650,BR001,Fixed Deposit,2019-11-22,70878.83,Active
ACC08131,CUST07183,BR021,Fixed Deposit,2020-09-27,50827.66,Dormant
ACC08132,CUST07001,BR052,Savings,2024-01-22,37291.44,Closed
ACC08133,CUST00581,BR058,Current,2021-04-11,48107.43,Dormant
ACC08134,CUST06389,BR031,Salary,2022-12-20,48184.51,Dormant
ACC08135,CUST05409,BR016,Savings,2019-02-09,5556.64,Active
ACC08136,CUST04159,BR010,Savings,2020-10-10,19728.26,Active
ACC08137,CUST04358,BR051,Savings,2025-08-22,9723.96,Dormant
ACC08138,CUST01534,BR051,Savings,2021-04-10,37937.55,Closed
ACC08139,CUST01864,BR028,Savings,2021-05-21,5138.65,Closed
ACC08140,CUST04264,BR050,Savings,2024-03-05,30081.98,Dormant
ACC08141,CUST01923,BR016,Current,2020-10-25,19340.4,Active
ACC08142,CUST02323,BR012,Current,2020-09-05,17428.08,Closed
ACC08143,CUST04889,BR028,Savings,2019-01-01,5991.83,Dormant
ACC08144,CUST02115,BR029,Salary,2021-06-13,9647.43,Active
ACC08145,CUST02836,BR044,Savings,2024-03-01,58457.22,Active
ACC08146,CUST04556,BR009,Savings,2024-01-21,21532.75,Closed
ACC08147,CUST07814,BR045,Savings,2023-03-21,38751.02,Dormant
ACC08148,CUST01526,BR049,Salary,2024-09-05,42840.93,Closed
ACC08149,CUST07319,BR038,Savings,2025-01-27,27927.86,Closed
ACC08150,CUST02970,BR059,Fixed Deposit,2022-08-29,42818.27,Active
ACC08151,CUST07180,BR024,Salary,2020-10-24,18528.71,Closed
ACC08152,CUST00337,BR026,Salary,2021-04-12,9127.0,Active
ACC08153,CUST03991,BR004,Savings,2024-02-10,13988.9,Closed
ACC08154,CUST06727,BR008,Savings,2020-07-08,5608.82,Closed
ACC08155,CUST06468,BR021,Fixed Deposit,2024-06-14,104375.94,Closed
ACC08156,CUST04547,BR031,Savings,2020-09-04,15562.16,Active
ACC08157,CUST05844,BR055,Savings,2025-04-21,25949.0,Active
ACC08158,CUST01741,BR002,Salary,2024-12-23,6469.32,Closed
ACC08159,CUST00276,BR058,Salary,2021-08-02,18127.1,Dormant
ACC08160,CUST03018,BR040,Current,2024-01-06,16950.6,Active
ACC08161,CUST02162,BR050,Salary,2020-05-19,12098.1,Closed
ACC08162,CUST01377,BR015,Salary,2023-10-12,24698.02,Dormant
ACC08163,CUST03169,BR026,Savings,2022-03-05,44877.12,Closed
ACC08164,CUST03018,BR036,Current,2022-10-01,35524.22,Active
ACC08165,CUST06613,BR010,Savings,2021-07-14,4485.84,Dormant
ACC08166,CUST03661,BR052,Salary,2024-12-01,108550.13,Dormant
ACC08167,CUST03723,BR050,Salary,2023-03-06,45347.09,Closed
ACC08168,CUST06246,BR018,Savings,2025-10-25,42209.78,Dormant
ACC08169,CUST00014,BR042,Savings,2021-11-13,11182.63,Active
ACC08170,CUST07058,BR015,Savings,2021-07-23,19885.92,Active
ACC08171,CUST02444,BR047,Savings,2021-07-21,13506.44,Active
ACC08172,CUST07111,BR055,Current,2022-07-12,128522.07,Dormant
ACC08173,CUST03446,BR046,Savings,2024-02-15,27896.39,Active
ACC08174,CUST03489,BR051,Current,2022-12-21,16578.07,Dormant
ACC08175,CUST01398,BR026,Salary,2025-01-12,9609.15,Dormant
ACC08176,CUST04682,BR055,Savings,2020-08-27,60419.63,Closed
ACC08177,CUST06653,BR022,Savings,2019-07-02,92975.2,Closed
ACC08178,CUST00740,BR001,Current,2023-12-14,167431.83,Closed
ACC08179,CUST06690,BR033,Savings,2022-06-04,43535.36,Dormant
ACC08180,CUST07450,BR038,Savings,2024-09-25,17546.99,Closed
ACC08181,CUST01632,BR018,Savings,2025-09-17,1191.11,Dormant
ACC08182,CUST06900,BR005,Savings,2023-08-11,28780.23,Dormant
ACC08183,CUST07551,BR018,Savings,2025-10-17,21990.24,Active
ACC08184,CUST03852,BR027,Savings,2020-06-27,24983.82,Dormant
ACC08185,CUST07197,BR046,Savings,2024-12-19,23121.26,Closed
ACC08186,CUST07379,BR033,Savings,2024-04-01,6676.6,Closed
ACC08187,CUST02205,BR037,Fixed Deposit,2022-10-29,83654.05,Dormant
ACC08188,CUST06131,BR035,Savings,2023-06-21,38909.54,Dormant
ACC08189,CUST05487,BR033,Salary,2021-11-20,21539.36,Dormant
ACC08190,CUST07896,BR028,Salary,2021-12-28,25915.69,Closed
ACC08191,CUST04784,BR060,Fixed Deposit,2022-12-12,86028.25,Closed
ACC08192,CUST04874,BR010,Savings,2022-11-15,15229.26,Closed
ACC08193,CUST06146,BR046,Fixed Deposit,2020-05-14,57382.69,Active
ACC08194,CUST03565,BR006,Fixed Deposit,2021-07-22,63238.9,Dormant
ACC08195,CUST01807,BR015,Fixed Deposit,2023-04-30,63870.93,Dormant
ACC08196,CUST06954,BR007,Current,2025-03-07,98539.98,Closed
ACC08197,CUST05956,BR034,Salary,2019-11-19,20964.13,Active
ACC08198,CUST05615,BR029,Salary,2019-10-27,57190.35,Active
ACC08199,CUST06547,BR051,Salary,2021-11-05,62600.48,Closed
ACC08200,CUST07181,BR009,Savings,2024-07-28,23663.4,Closed
ACC08201,CUST02311,BR025,Current,2023-03-11,783.17,Active
ACC08202,CUST06799,BR051,Fixed Deposit,2022-12-10,125756.09,Dormant
ACC08203,CUST03255,BR011,Current,2020-12-07,21154.83,Closed
ACC08204,CUST01700,BR049,Savings,2023-02-03,10707.12,Active
ACC08205,CUST07407,BR001,Savings,2021-08-17,15388.86,Active
ACC08206,CUST04050,BR001,Savings,2021-01-23,14735.59,Dormant
ACC08207,CUST05545,BR044,Savings,2023-06-29,38217.27,Dormant
ACC08208,CUST01273,BR011,Savings,2025-01-28,5412.72,Closed
ACC08209,CUST03184,BR051,Savings,2022-10-03,8350.29,Closed
ACC08210,CUST07785,BR060,Salary,2020-10-20,16987.13,Dormant
ACC08211,CUST00386,BR031,Savings,2021-02-09,38586.19,Active
ACC08212,CUST04872,BR049,Salary,2025-09-23,20932.94,Closed
ACC08213,CUST03785,BR021,Savings,2021-06-05,10847.26,Dormant
ACC08214,CUST06211,BR030,Current,2023-02-14,13653.27,Closed
ACC08215,CUST01712,BR006,Savings,2019-12-22,13961.08,Closed
ACC08216,CUST07985,BR030,Savings,2024-04-26,27333.97,Dormant
ACC08217,CUST05308,BR030,Salary,2019-06-04,37791.3,Closed
ACC08218,CUST01797,BR025,Salary,2019-01-15,3186.87,Active
ACC08219,CUST02490,BR010,Savings,2019-12-23,18058.0,Closed
ACC08220,CUST03586,BR044,Savings,2022-07-29,6638.16,Dormant
ACC08221,CUST01165,BR014,Savings,2019-07-06,4978.99,Dormant
ACC08222,CUST06047,BR053,Savings,2023-08-12,52588.93,Active
ACC08223,CUST03473,BR001,Fixed Deposit,2024-05-30,83014.85,Dormant
ACC08224,CUST03884,BR054,Savings,2023-12-09,33007.5,Dormant
ACC08225,CUST07913,BR031,Savings,2019-12-18,50459.35,Active
ACC08226,CUST00357,BR045,Savings,2020-04-06,14303.41,Active
ACC08227,CUST07224,BR043,Savings,2024-02-13,14922.51,Dormant
ACC08228,CUST06275,BR007,Savings,2023-07-21,157496.35,Dormant
ACC08229,CUST01175,BR038,Fixed Deposit,2025-04-05,51640.29,Closed
ACC08230,CUST06067,BR052,Salary,2023-01-06,22350.24,Closed
ACC08231,CUST07344,BR028,Savings,2025-01-14,22153.34,Closed
ACC08232,CUST00543,BR051,Salary,2024-09-10,3663.66,Dormant
ACC08233,CUST04391,BR059,Current,2022-10-07,4700.25,Active
ACC08234,CUST07319,BR021,Savings,2023-03-08,13080.98,Closed
ACC08235,CUST01841,BR053,Savings,2023-08-14,56982.02,Dormant
ACC08236,CUST04285,BR029,Savings,2022-04-19,44777.56,Active
ACC08237,CUST00631,BR002,Salary,2023-12-05,25332.77,Active
ACC08238,CUST05425,BR020,Savings,2022-01-26,9060.31,Dormant
ACC08239,CUST06286,BR019,Salary,2020-01-17,41403.09,Dormant
ACC08240,CUST06716,BR057,Savings,2021-08-02,9242.76,Closed
ACC08241,CUST01566,BR035,Savings,2019-08-17,26676.6,Closed
ACC08242,CUST07789,BR044,Savings,2020-07-11,21822.2,Closed
ACC08243,CUST06537,BR023,Current,2025-12-15,30519.65,Closed
ACC08244,CUST01163,BR051,Savings,2020-11-01,73477.38,Active
ACC08245,CUST04266,BR005,Savings,2020-04-22,11677.28,Closed
ACC08246,CUST04355,BR011,Fixed Deposit,2021-05-19,26641.8,Active
ACC08247,CUST06391,BR011,Current,2020-04-11,37048.96,Closed
ACC08248,CUST07409,BR018,Fixed Deposit,2019-01-09,47103.56,Closed
ACC08249,CUST00040,BR054,Savings,2022-09-17,460305.02,Active
ACC08250,CUST04288,BR049,Salary,2020-03-09,21451.62,Dormant
ACC08251,CUST05884,BR030,Salary,2023-01-19,10031.26,Active
ACC08252,CUST07742,BR018,Savings,2025-12-07,8514.28,Active
ACC08253,CUST02677,BR001,Savings,2021-06-14,4055.14,Active
ACC08254,CUST01406,BR026,Current,2020-07-14,13027.02,Closed
ACC08255,CUST01623,BR037,Fixed Deposit,2023-08-05,64149.08,Closed
ACC08256,CUST07716,BR031,Current,2025-07-10,151346.72,Active
ACC08257,CUST03357,BR016,Salary,2024-05-20,29295.3,Closed
ACC08258,CUST03583,BR035,Savings,2024-09-07,27070.11,Closed
ACC08259,CUST04288,BR036,Savings,2021-05-22,16467.58,Closed
ACC08260,CUST06975,BR004,Salary,2022-12-19,16125.69,Active
ACC08261,CUST01284,BR016,Savings,2020-10-14,13811.07,Dormant
ACC08262,CUST00598,BR058,Fixed Deposit,2020-10-19,167882.3,Closed
ACC08263,CUST03049,BR052,Salary,2021-03-08,11702.61,Dormant
ACC08264,CUST02075,BR031,Fixed Deposit,2020-07-31,56851.47,Dormant
ACC08265,CUST03427,BR005,Savings,2019-07-01,2998.18,Closed
ACC08266,CUST05247,BR032,Salary,2019-07-14,11651.56,Closed
ACC08267,CUST05970,BR032,Current,2021-03-05,83824.8,Dormant
ACC08268,CUST00554,BR007,Savings,2024-06-29,8425.77,Dormant
ACC08269,CUST00976,BR016,Savings,2020-09-26,11207.65,Dormant
ACC08270,CUST00043,BR054,Savings,2024-11-30,44956.02,Dormant
ACC08271,CUST04167,BR001,Salary,2021-05-23,4752.09,Active
ACC08272,CUST02319,BR001,Current,2025-07-11,104589.77,Dormant
ACC08273,CUST07419,BR051,Savings,2021-01-30,13644.21,Closed
ACC08274,CUST01962,BR018,Fixed Deposit,2024-07-23,47422.83,Dormant
ACC08275,CUST02552,BR035,Savings,2020-08-29,8010.51,Closed
ACC08276,CUST00756,BR018,Salary,2024-07-28,17407.08,Active
ACC08277,CUST03343,BR001,Savings,2023-09-21,201568.55,Active
ACC08278,CUST00633,BR054,Savings,2024-05-15,44504.59,Active
ACC08279,CUST01478,BR014,Savings,2025-09-06,10118.73,Dormant
ACC08280,CUST00302,BR035,Fixed Deposit,2025-12-04,118346.54,Closed
ACC08281,CUST06402,BR022,Savings,2019-06-16,16564.02,Closed
ACC08282,CUST07312,BR044,Current,2024-09-27,143556.65,Active
ACC08283,CUST06139,BR008,Fixed Deposit,2022-06-16,97149.45,Closed
ACC08284,CUST00415,BR056,Current,2020-01-12,1913.82,Closed
ACC08285,CUST06482,BR036,Savings,2019-12-30,8922.47,Active
ACC08286,CUST06595,BR039,Savings,2023-09-11,51531.4,Closed
ACC08287,CUST05324,BR029,Savings,2025-02-09,25247.73,Active
ACC08288,CUST04555,BR011,Savings,2021-02-21,8765.86,Closed
ACC08289,CUST00705,BR001,Current,2020-02-07,19272.04,Closed
ACC08290,CUST01686,BR039,Salary,2019-10-30,3517.95,Active
ACC08291,CUST07039,BR044,Fixed Deposit,2022-08-06,56782.08,Dormant
ACC08292,CUST02556,BR008,Savings,2019-09-14,161074.26,Dormant
ACC08293,CUST07498,BR043,Savings,2019-01-04,45453.27,Dormant
ACC08294,CUST01854,BR015,Fixed Deposit,2019-11-04,222849.11,Closed
ACC08295,CUST05067,BR012,Current,2024-06-29,87763.16,Closed
ACC08296,CUST05266,BR009,Current,2021-10-10,101466.03,Active
ACC08297,CUST05971,BR003,Savings,2020-01-16,130179.67,Dormant
ACC08298,CUST01590,BR058,Savings,2025-09-21,30931.7,Closed
ACC08299,CUST02324,BR048,Savings,2023-09-29,18610.76,Active
ACC08300,CUST00333,BR048,Salary,2025-09-05,27525.28,Closed
ACC08301,CUST02010,BR026,Salary,2022-07-15,36963.57,Closed
ACC08302,CUST06588,BR049,Current,2023-10-21,22472.22,Closed
ACC08303,CUST01591,BR018,Savings,2019-06-02,11505.58,Dormant
ACC08304,CUST04127,BR035,Savings,2023-09-14,24958.52,Closed
ACC08305,CUST00886,BR045,Salary,2025-09-25,23909.93,Active
ACC08306,CUST06511,BR008,Fixed Deposit,2020-09-29,96650.3,Closed
ACC08307,CUST01647,BR006,Current,2024-09-16,8741.46,Active
ACC08308,CUST03504,BR042,Savings,2021-02-12,123062.23,Dormant
ACC08309,CUST04910,BR037,Salary,2019-01-22,8528.63,Closed
ACC08310,CUST00888,BR010,Savings,2020-02-03,17351.63,Dormant
ACC08311,CUST03229,BR003,Savings,2021-10-19,9775.27,Closed
ACC08312,CUST03695,BR044,Current,2019-02-28,539462.65,Closed
ACC08313,CUST02561,BR044,Savings,2023-08-01,27388.09,Active
ACC08314,CUST06655,BR059,Salary,2023-09-11,7363.7,Closed
ACC08315,CUST05811,BR052,Savings,2020-02-18,47931.64,Active
ACC08316,CUST01677,BR019,Savings,2024-06-13,44012.2,Dormant
ACC08317,CUST02781,BR055,Salary,2019-01-28,11714.6,Active
ACC08318,CUST02100,BR044,Salary,2022-01-04,24062.86,Active
ACC08319,CUST06888,BR027,Current,2025-05-21,15910.08,Active
ACC08320,CUST00317,BR054,Fixed Deposit,2024-01-17,44544.73,Dormant
ACC08321,CUST05720,BR006,Savings,2020-12-09,3607.63,Active
ACC08322,CUST01372,BR029,Savings,2019-06-06,6690.5,Closed
ACC08323,CUST06218,BR046,Salary,2020-07-24,47350.92,Dormant
ACC08324,CUST06912,BR019,Savings,2021-04-16,96498.79,Dormant
ACC08325,CUST01516,BR010,Savings,2019-06-24,23370.03,Closed
ACC08326,CUST00753,BR054,Salary,2023-01-28,42789.67,Closed
ACC08327,CUST00295,BR056,Savings,2022-08-12,19071.17,Active
ACC08328,CUST06224,BR032,Savings,2020-02-11,17693.11,Active
ACC08329,CUST00263,BR048,Current,2020-03-01,38426.81,Dormant
ACC08330,CUST03593,BR032,Current,2020-06-06,32050.83,Closed
ACC08331,CUST05731,BR060,Savings,2024-08-23,18148.14,Active
ACC08332,CUST05082,BR025,Savings,2020-10-31,61639.51,Closed
ACC08333,CUST07433,BR031,Fixed Deposit,2023-04-09,65518.08,Dormant
ACC08334,CUST01260,BR046,Current,2025-06-10,74048.96,Active
ACC08335,CUST01830,BR049,Savings,2025-04-28,55728.25,Dormant
ACC08336,CUST05179,BR014,Current,2022-01-05,53540.08,Closed
ACC08337,CUST01507,BR014,Savings,2023-06-04,9198.13,Dormant
ACC08338,CUST04919,BR019,Savings,2024-01-30,6518.64,Active
ACC08339,CUST01640,BR005,Savings,2019-11-04,25182.45,Closed
ACC08340,CUST04732,BR060,Savings,2025-02-17,18880.21,Dormant
ACC08341,CUST03232,BR027,Savings,2021-08-05,23828.85,Active
ACC08342,CUST06048,BR037,Savings,2023-09-09,21710.5,Active
ACC08343,CUST04283,BR039,Savings,2024-10-26,225306.35,Active
ACC08344,CUST06013,BR031,Salary,2025-12-17,5265.03,Closed
ACC08345,CUST02754,BR012,Savings,2025-11-20,3674.04,Active
ACC08346,CUST05285,BR046,Salary,2023-02-14,16859.4,Closed
ACC08347,CUST02065,BR024,Salary,2022-12-29,10265.09,Active
ACC08348,CUST02082,BR005,Savings,2023-05-05,29274.18,Dormant
ACC08349,CUST06221,BR016,Savings,2021-01-23,37253.26,Active
ACC08350,CUST04665,BR023,Salary,2024-06-04,32822.62,Closed
ACC08351,CUST02207,BR021,Current,2024-12-16,8044.74,Dormant
ACC08352,CUST04333,BR057,Savings,2020-08-23,13345.76,Closed
ACC08353,CUST05518,BR028,Savings,2021-04-11,32399.07,Active
ACC08354,CUST02056,BR019,Salary,2023-09-20,22909.9,Closed
ACC08355,CUST01702,BR029,Current,2025-08-13,325608.02,Active
ACC08356,CUST03233,BR024,Savings,2025-10-01,52059.03,Dormant
ACC08357,CUST07303,BR011,Savings,2025-07-19,20928.98,Dormant
ACC08358,CUST00924,BR044,Current,2021-04-08,14906.67,Active
ACC08359,CUST00249,BR044,Savings,2019-10-06,13255.12,Active
ACC08360,CUST07425,BR015,Savings,2021-10-02,12920.46,Active
ACC08361,CUST03705,BR016,Salary,2021-08-09,21134.53,Dormant
ACC08362,CUST00730,BR038,Savings,2021-06-07,27758.51,Dormant
ACC08363,CUST05579,BR015,Savings,2025-09-28,6692.32,Active
ACC08364,CUST05886,BR031,Salary,2021-02-19,9846.48,Closed
ACC08365,CUST07240,BR035,Savings,2020-11-12,48522.98,Dormant
ACC08366,CUST02631,BR004,Savings,2025-03-09,30227.16,Closed
ACC08367,CUST06837,BR024,Savings,2024-02-01,36745.83,Dormant
ACC08368,CUST07919,BR025,Current,2024-08-15,53258.98,Active
ACC08369,CUST02706,BR013,Salary,2019-05-22,41710.22,Dormant
ACC08370,CUST06341,BR030,Current,2023-10-09,45983.74,Active
ACC08371,CUST00802,BR015,Savings,2023-08-30,15561.88,Closed
ACC08372,CUST04393,BR018,Savings,2019-11-20,9660.69,Closed
ACC08373,CUST02252,BR039,Fixed Deposit,2019-02-27,69547.53,Dormant
ACC08374,CUST06445,BR003,Savings,2024-03-25,2448.83,Closed
ACC08375,CUST02010,BR012,Fixed Deposit,2021-03-08,53606.55,Dormant
ACC08376,CUST03867,BR002,Savings,2021-10-12,18301.61,Dormant
ACC08377,CUST05852,BR041,Savings,2019-03-19,6450.91,Dormant
ACC08378,CUST00938,BR042,Salary,2023-02-16,6975.88,Active
ACC08379,CUST05961,BR059,Savings,2025-11-29,45646.94,Active
ACC08380,CUST07552,BR030,Salary,2024-12-11,15701.29,Active
ACC08381,CUST02883,BR022,Current,2022-06-26,40206.68,Dormant
ACC08382,CUST05237,BR037,Salary,2023-07-25,16555.0,Active
ACC08383,CUST07448,BR022,Current,2021-09-02,39840.03,Active
ACC08384,CUST05924,BR040,Salary,2023-05-30,31888.6,Active
ACC08385,CUST01579,BR015,Savings,2021-01-07,24614.38,Dormant
ACC08386,CUST01651,BR014,Current,2020-04-15,8448.86,Closed
ACC08387,CUST07564,BR053,Salary,2020-09-08,41818.37,Closed
ACC08388,CUST07372,BR009,Salary,2021-06-03,17313.44,Active
ACC08389,CUST01555,BR055,Salary,2025-02-12,8844.25,Dormant
ACC08390,CUST05275,BR028,Savings,2023-09-30,7129.09,Active
ACC08391,CUST06987,BR014,Savings,2019-02-09,31455.3,Closed
ACC08392,CUST03172,BR015,Savings,2021-11-30,19821.95,Closed
ACC08393,CUST05185,BR040,Current,2020-11-24,175281.19,Dormant
ACC08394,CUST05050,BR010,Savings,2024-11-23,16133.99,Closed
ACC08395,CUST04981,BR045,Salary,2020-02-23,7434.1,Closed
ACC08396,CUST03040,BR050,Current,2019-08-04,88947.02,Closed
ACC08397,CUST07739,BR060,Savings,2025-02-03,50653.0,Closed
ACC08398,CUST02193,BR017,Savings,2023-06-10,25636.85,Closed
ACC08399,CUST01128,BR041,Salary,2023-04-22,21449.36,Dormant
ACC08400,CUST01049,BR039,Savings,2021-04-08,21291.89,Active
ACC08401,CUST03047,BR045,Savings,2022-09-22,27186.58,Active
ACC08402,CUST02115,BR046,Fixed Deposit,2024-02-21,120450.54,Active
ACC08403,CUST06226,BR028,Current,2025-02-17,67867.89,Closed
ACC08404,CUST04662,BR004,Savings,2020-11-22,18913.91,Active
ACC08405,CUST00127,BR040,Savings,2023-06-18,74393.68,Closed
ACC08406,CUST04592,BR017,Savings,2020-01-22,2621.84,Closed
ACC08407,CUST05748,BR055,Savings,2021-05-29,139646.01,Active
ACC08408,CUST03789,BR045,Savings,2024-10-15,4744.0,Closed
ACC08409,CUST00346,BR013,Salary,2023-01-27,8613.06,Closed
ACC08410,CUST06551,BR059,Savings,2023-10-26,21230.08,Dormant
ACC08411,CUST07303,BR054,Savings,2023-06-05,19305.93,Dormant
ACC08412,CUST07852,BR051,Savings,2025-11-17,54489.86,Closed
ACC08413,CUST05262,BR042,Current,2023-06-15,12608.97,Active
ACC08414,CUST01734,BR054,Savings,2021-04-24,27852.84,Closed
ACC08415,CUST00894,BR001,Savings,2023-03-02,13090.07,Closed
ACC08416,CUST01018,BR006,Current,2021-04-22,48783.19,Dormant
ACC08417,CUST01611,BR031,Savings,2024-05-09,20779.14,Closed
ACC08418,CUST00666,BR012,Savings,2025-11-06,23948.05,Active
ACC08419,CUST00261,BR046,Salary,2022-08-28,9091.11,Dormant
ACC08420,CUST02786,BR020,Savings,2023-01-21,13918.06,Active
ACC08421,CUST02410,BR006,Current,2019-07-01,48400.84,Closed
ACC08422,CUST05493,BR032,Salary,2022-02-08,25863.83,Active
ACC08423,CUST04405,BR042,Savings,2019-02-21,12855.78,Closed
ACC08424,CUST07856,BR054,Savings,2021-03-17,10077.99,Dormant
ACC08425,CUST04489,BR014,Savings,2025-06-19,38258.24,Closed
ACC08426,CUST07382,BR002,Savings,2021-07-15,21391.45,Dormant
ACC08427,CUST01836,BR033,Current,2019-08-14,83324.52,Active
ACC08428,CUST02005,BR050,Current,2021-08-13,14679.43,Dormant
ACC08429,CUST01016,BR056,Savings,2024-06-23,4440.42,Closed
ACC08430,CUST00323,BR060,Savings,2021-08-07,13633.65,Active
ACC08431,CUST07791,BR011,Savings,2021-05-18,11051.07,Closed
ACC08432,CUST06479,BR059,Savings,2025-10-19,20518.67,Active
ACC08433,CUST00284,BR002,Savings,2025-09-30,12417.22,Active
ACC08434,CUST02367,BR043,Salary,2023-01-31,22442.5,Closed
ACC08435,CUST07597,BR045,Savings,2021-04-08,16994.84,Active
ACC08436,CUST05497,BR043,Savings,2019-03-22,25220.87,Dormant
ACC08437,CUST02448,BR058,Salary,2020-09-06,14918.3,Dormant
ACC08438,CUST03921,BR010,Savings,2022-02-13,26251.01,Dormant
ACC08439,CUST01493,BR005,Savings,2020-02-22,21553.29,Active
ACC08440,CUST06169,BR032,Savings,2020-11-17,34875.53,Closed
ACC08441,CUST01158,BR037,Current,2024-03-16,16388.66,Closed
ACC08442,CUST06830,BR009,Fixed Deposit,2023-03-23,138642.06,Dormant
ACC08443,CUST02744,BR040,Savings,2024-01-23,17802.89,Closed
ACC08444,CUST06219,BR026,Salary,2020-04-15,5334.31,Closed
ACC08445,CUST05314,BR050,Savings,2022-08-25,26088.92,Closed
ACC08446,CUST00507,BR036,Savings,2024-11-08,10238.78,Closed
ACC08447,CUST00901,BR031,Fixed Deposit,2024-09-20,89250.36,Dormant
ACC08448,CUST02186,BR055,Savings,2019-11-26,160917.17,Closed
ACC08449,CUST04225,BR060,Savings,2021-04-21,10851.79,Closed
ACC08450,CUST00525,BR013,Savings,2025-02-24,29706.91,Active
ACC08451,CUST05075,BR006,Current,2019-11-14,6276.04,Closed
ACC08452,CUST03845,BR005,Savings,2021-03-04,33140.61,Active
ACC08453,CUST06196,BR021,Fixed Deposit,2023-03-14,35191.92,Dormant
ACC08454,CUST07178,BR054,Fixed Deposit,2021-10-04,41154.94,Closed
ACC08455,CUST04604,BR006,Savings,2022-01-15,8175.05,Dormant
ACC08456,CUST02212,BR011,Savings,2021-02-28,42571.32,Closed
ACC08457,CUST03739,BR050,Savings,2021-10-27,54533.69,Dormant
ACC08458,CUST04150,BR058,Savings,2024-11-09,22494.96,Active
ACC08459,CUST01055,BR055,Savings,2019-08-17,10117.44,Closed
ACC08460,CUST05444,BR032,Savings,2021-03-21,92094.52,Active
ACC08461,CUST01443,BR032,Current,2020-09-30,17147.19,Active
ACC08462,CUST01033,BR003,Salary,2025-11-18,2941.21,Active
ACC08463,CUST05430,BR034,Salary,2024-03-08,18414.11,Dormant
ACC08464,CUST05377,BR029,Savings,2022-09-02,8149.43,Dormant
ACC08465,CUST08005,BR044,Salary,2025-07-25,26689.52,Active
ACC08466,CUST06760,BR029,Salary,2020-11-07,10231.27,Active
ACC08467,CUST04380,BR004,Savings,2020-03-13,37924.09,Dormant
ACC08468,CUST02917,BR057,Savings,2020-05-28,77757.5,Dormant
ACC08469,CUST03756,BR055,Savings,2024-02-26,7420.69,Dormant
ACC08470,CUST00211,BR040,Salary,2020-04-05,8989.78,Dormant
ACC08471,CUST04101,BR025,Savings,2023-11-28,20576.32,Closed
ACC08472,CUST03758,BR024,Current,2022-02-27,168982.65,Active
ACC08473,CUST02279,BR025,Current,2019-05-06,18800.1,Dormant
ACC08474,CUST06129,BR011,Savings,2019-02-15,12899.54,Dormant
ACC08475,CUST01732,BR017,Salary,2023-10-28,18670.47,Closed
ACC08476,CUST02121,BR023,Savings,2025-03-30,13101.66,Dormant
ACC08477,CUST00169,BR052,Current,2019-01-07,42299.3,Dormant
ACC08478,CUST01105,BR029,Savings,2025-04-29,5451.34,Closed
ACC08479,CUST03352,BR006,Savings,2021-07-09,161602.83,Dormant
ACC08480,CUST00222,BR033,Current,2019-05-07,9436.03,Dormant
ACC08481,CUST06512,BR041,Salary,2022-01-21,10665.54,Dormant
ACC08482,CUST07526,BR004,Savings,2024-05-23,21391.89,Active
ACC08483,CUST07722,BR027,Savings,2022-06-07,123182.14,Closed
ACC08484,CUST07123,BR012,Savings,2023-11-20,6685.12,Dormant
ACC08485,CUST03662,BR008,Savings,2020-08-28,131312.3,Active
ACC08486,CUST00561,BR048,Fixed Deposit,2023-10-17,94306.57,Closed
ACC08487,CUST07687,BR022,Savings,2021-01-04,32060.68,Closed
ACC08488,CUST05733,BR021,Fixed Deposit,2024-06-29,33163.99,Closed
ACC08489,CUST04059,BR029,Salary,2025-03-22,19926.36,Closed
ACC08490,CUST06657,BR005,Current,2022-03-07,17615.13,Active
ACC08491,CUST03378,BR019,Savings,2020-05-13,68871.32,Dormant
ACC08492,CUST06291,BR023,Fixed Deposit,2024-05-14,33435.14,Active
ACC08493,CUST05036,BR013,Current,2024-12-31,32430.07,Closed
ACC08494,CUST06760,BR051,Current,2021-10-21,20842.03,Dormant
ACC08495,CUST01642,BR035,Savings,2025-01-23,9056.42,Dormant
ACC08496,CUST05497,BR054,Salary,2023-03-27,22447.26,Closed
ACC08497,CUST01904,BR005,Fixed Deposit,2022-02-06,82559.56,Closed
ACC08498,CUST01315,BR032,Savings,2025-03-18,65388.99,Active
ACC08499,CUST07171,BR050,Savings,2022-04-25,4438.68,Closed
ACC08500,CUST04455,BR051,Salary,2019-01-21,28139.22,Active
ACC08501,CUST01488,BR022,Current,2023-12-16,444830.64,Closed
ACC08502,CUST05646,BR057,Current,2022-09-08,23117.82,Dormant
ACC08503,CUST02924,BR007,Salary,2024-12-16,50342.45,Dormant
ACC08504,CUST00634,BR027,Savings,2021-03-11,17381.38,Dormant
ACC08505,CUST05421,BR010,Savings,2021-11-26,6404.98,Active
ACC08506,CUST04772,BR044,Salary,2019-10-22,10786.57,Dormant
ACC08507,CUST06180,BR001,Salary,2022-10-22,27826.46,Active
ACC08508,CUST07438,BR034,Savings,2019-03-13,10359.31,Active
ACC08509,CUST07647,BR052,Savings,2023-04-22,12831.97,Closed
ACC08510,CUST01330,BR005,Savings,2021-04-22,37578.43,Closed
ACC08511,CUST06102,BR010,Savings,2021-10-07,22087.21,Active
ACC08512,CUST05758,BR043,Savings,2025-01-20,37278.08,Closed
ACC08513,CUST04510,BR002,Savings,2020-06-07,27283.75,Active
ACC08514,CUST06466,BR032,Savings,2025-05-03,33916.7,Active
ACC08515,CUST01218,BR039,Savings,2019-05-29,14927.03,Active
ACC08516,CUST02038,BR044,Salary,2025-10-29,15712.5,Active
ACC08517,CUST00065,BR052,Fixed Deposit,2023-10-09,34323.18,Closed
ACC08518,CUST07329,BR024,Savings,2019-09-26,70234.17,Dormant
ACC08519,CUST03122,BR032,Salary,2023-10-21,8569.87,Active
ACC08520,CUST03137,BR042,Savings,2020-08-29,60837.57,Closed
ACC08521,CUST02783,BR016,Current,2025-04-05,28750.0,Closed
ACC08522,CUST06678,BR017,Savings,2022-03-15,26417.95,Active
ACC08523,CUST00315,BR033,Savings,2024-05-21,14108.49,Closed
ACC08524,CUST06819,BR040,Savings,2022-05-15,8827.3,Active
ACC08525,CUST07549,BR001,Savings,2021-01-04,4581.2,Dormant
ACC08526,CUST03073,BR047,Salary,2023-06-06,6382.23,Active
ACC08527,CUST05800,BR034,Current,2021-03-02,26267.59,Active
ACC08528,CUST00155,BR027,Savings,2020-01-09,26653.91,Active
ACC08529,CUST05708,BR045,Fixed Deposit,2019-08-15,109779.34,Closed
ACC08530,CUST04978,BR054,Salary,2023-08-26,9778.78,Dormant
ACC08531,CUST01343,BR011,Fixed Deposit,2019-01-19,35271.25,Dormant
ACC08532,CUST01902,BR043,Savings,2024-05-28,6012.26,Closed
ACC08533,CUST00048,BR008,Current,2021-09-04,58692.29,Dormant
ACC08534,CUST01917,BR050,Savings,2024-07-20,76486.92,Closed
ACC08535,CUST07145,BR059,Savings,2023-08-16,68850.81,Dormant
ACC08536,CUST01506,BR052,Savings,2025-09-04,41728.49,Active
ACC08537,CUST04669,BR004,Current,2019-09-28,68771.41,Active
ACC08538,CUST01061,BR039,Salary,2024-05-27,43841.52,Dormant
ACC08539,CUST07785,BR046,Savings,2021-07-30,29699.14,Dormant
ACC08540,CUST03970,BR014,Current,2020-05-04,69295.11,Active
ACC08541,CUST03065,BR049,Salary,2019-01-12,10672.77,Closed
ACC08542,CUST06603,BR020,Fixed Deposit,2021-11-29,26443.72,Active
ACC08543,CUST03105,BR034,Savings,2021-04-28,11902.88,Dormant
ACC08544,CUST00723,BR003,Current,2025-03-19,35984.41,Active
ACC08545,CUST05471,BR035,Fixed Deposit,2025-03-01,62098.13,Dormant
ACC08546,CUST00821,BR011,Current,2025-11-14,249268.49,Active
ACC08547,CUST03397,BR023,Savings,2019-12-31,23698.08,Dormant
ACC08548,CUST06757,BR041,Current,2025-03-28,118047.63,Closed
ACC08549,CUST01357,BR041,Current,2023-11-15,23503.93,Dormant
ACC08550,CUST05670,BR054,Savings,2022-11-08,16638.79,Dormant
ACC08551,CUST01413,BR023,Current,2024-10-15,9614.16,Active
ACC08552,CUST05365,BR019,Salary,2025-12-04,7945.57,Closed
ACC08553,CUST02989,BR026,Savings,2023-08-22,35393.49,Active
ACC08554,CUST03939,BR012,Savings,2025-01-24,22176.85,Active
ACC08555,CUST05921,BR021,Current,2024-08-10,93240.61,Active
ACC08556,CUST05278,BR058,Savings,2023-08-22,25929.29,Dormant
ACC08557,CUST03013,BR041,Fixed Deposit,2024-06-01,48461.64,Closed
ACC08558,CUST01915,BR044,Savings,2021-09-26,152278.62,Dormant
ACC08559,CUST04561,BR013,Savings,2021-05-09,20241.43,Dormant
ACC08560,CUST06121,BR054,Salary,2021-06-06,30154.84,Active
ACC08561,CUST01830,BR029,Savings,2022-09-30,15350.63,Closed
ACC08562,CUST04582,BR049,Salary,2022-12-27,21954.33,Closed
ACC08563,CUST06881,BR019,Salary,2019-10-27,25581.15,Closed
ACC08564,CUST07773,BR014,Savings,2022-02-14,26572.78,Active
ACC08565,CUST07614,BR051,Savings,2025-01-31,2646.43,Active
ACC08566,CUST04196,BR006,Salary,2019-06-07,13531.52,Closed
ACC08567,CUST05611,BR036,Salary,2022-06-03,31612.95,Active
ACC08568,CUST07055,BR053,Savings,2020-12-19,35409.41,Closed
ACC08569,CUST05611,BR041,Savings,2021-02-20,32900.89,Active
ACC08570,CUST00656,BR060,Savings,2020-01-16,4674.93,Closed
ACC08571,CUST07742,BR060,Savings,2019-04-04,11517.13,Closed
ACC08572,CUST07961,BR049,Savings,2021-02-03,31895.55,Closed
ACC08573,CUST07520,BR031,Current,2023-06-14,54741.82,Active
ACC08574,CUST04334,BR035,Savings,2024-05-17,65722.73,Closed
ACC08575,CUST05579,BR008,Current,2022-10-18,31417.91,Closed
ACC08576,CUST04840,BR057,Savings,2022-12-07,31737.1,Closed
ACC08577,CUST02058,BR010,Salary,2024-06-07,13513.74,Closed
ACC08578,CUST05121,BR011,Savings,2019-05-28,9061.15,Closed
ACC08579,CUST01287,BR007,Savings,2022-08-03,2892.24,Closed
ACC08580,CUST00679,BR011,Salary,2025-05-07,18064.55,Closed
ACC08581,CUST06084,BR011,Current,2021-07-27,43215.18,Active
ACC08582,CUST06954,BR001,Savings,2024-08-28,12627.63,Dormant
ACC08583,CUST03344,BR028,Salary,2022-10-29,4300.9,Dormant
ACC08584,CUST05800,BR007,Fixed Deposit,2019-12-29,87364.45,Closed
ACC08585,CUST01335,BR014,Fixed Deposit,2024-07-22,51044.24,Active
ACC08586,CUST04485,BR036,Fixed Deposit,2024-04-14,83627.26,Closed
ACC08587,CUST04611,BR031,Fixed Deposit,2022-01-26,183217.48,Active
ACC08588,CUST02013,BR037,Current,2023-12-04,4266.59,Active
ACC08589,CUST06767,BR005,Current,2024-08-05,18040.95,Dormant
ACC08590,CUST00061,BR025,Savings,2023-10-25,18243.46,Active
ACC08591,CUST02498,BR037,Current,2022-03-09,155566.13,Closed
ACC08592,CUST04178,BR021,Savings,2023-02-12,5050.47,Closed
ACC08593,CUST01095,BR008,Savings,2025-12-07,125778.15,Dormant
ACC08594,CUST02266,BR014,Fixed Deposit,2021-12-28,64959.13,Active
ACC08595,CUST00486,BR028,Savings,2019-12-26,20203.26,Closed
ACC08596,CUST05690,BR032,Savings,2024-12-26,18430.21,Closed
ACC08597,CUST07869,BR006,Current,2025-11-08,23476.07,Dormant
ACC08598,CUST00225,BR032,Salary,2019-08-21,27824.77,Closed
ACC08599,CUST02374,BR053,Current,2023-09-09,12474.97,Dormant
ACC08600,CUST00512,BR008,Savings,2025-02-28,30057.66,Closed
ACC08601,CUST07644,BR043,Salary,2024-04-16,10209.49,Active
ACC08602,CUST00563,BR040,Current,2024-12-27,16947.35,Dormant
ACC08603,CUST03767,BR045,Savings,2020-02-26,225793.84,Dormant
ACC08604,CUST05603,BR023,Savings,2020-07-09,32117.16,Closed
ACC08605,CUST01786,BR029,Salary,2021-09-07,20522.68,Closed
ACC08606,CUST02973,BR050,Savings,2023-03-27,61328.45,Active
ACC08607,CUST05690,BR024,Salary,2020-10-20,4939.68,Dormant
ACC08608,CUST03559,BR054,Fixed Deposit,2022-11-01,171334.86,Closed
ACC08609,CUST06381,BR054,Current,2021-05-23,2954.38,Closed
ACC08610,CUST00966,BR029,Fixed Deposit,2019-05-13,37749.98,Closed
ACC08611,CUST00033,BR005,Salary,2019-10-30,9688.33,Active
ACC08612,CUST06786,BR020,Salary,2025-02-01,20074.51,Closed
ACC08613,CUST07149,BR001,Savings,2021-07-26,26818.48,Dormant
ACC08614,CUST05109,BR006,Savings,2022-01-28,18955.83,Active
ACC08615,CUST06387,BR028,Savings,2023-11-19,21789.91,Dormant
ACC08616,CUST03242,BR041,Current,2022-10-17,13656.58,Active
ACC08617,CUST04600,BR043,Savings,2021-09-22,5724.39,Active
ACC08618,CUST00731,BR043,Savings,2021-08-05,42355.79,Dormant
ACC08619,CUST03758,BR018,Savings,2025-12-14,41123.52,Active
ACC08620,CUST07953,BR056,Savings,2023-09-09,91678.66,Active
ACC08621,CUST04165,BR055,Savings,2025-02-24,10818.19,Closed
ACC08622,CUST07596,BR035,Savings,2019-10-29,41090.56,Dormant
ACC08623,CUST06664,BR038,Savings,2025-07-20,17062.94,Active
ACC08624,CUST02490,BR036,Current,2022-10-09,119428.72,Dormant
ACC08625,CUST02901,BR032,Salary,2025-06-03,27319.99,Closed
ACC08626,CUST04574,BR040,Savings,2021-09-12,26637.85,Closed
ACC08627,CUST06487,BR033,Savings,2021-01-19,16226.85,Dormant
ACC08628,CUST02495,BR017,Savings,2025-01-24,52304.57,Dormant
ACC08629,CUST05090,BR039,Savings,2025-10-07,39427.31,Dormant
ACC08630,CUST06433,BR052,Savings,2022-12-01,11896.55,Dormant
ACC08631,CUST06541,BR043,Fixed Deposit,2023-03-31,26992.67,Dormant
ACC08632,CUST06222,BR031,Current,2020-07-20,27213.46,Active
ACC08633,CUST07285,BR018,Current,2019-04-07,165282.9,Closed
ACC08634,CUST00082,BR053,Current,2025-06-11,114289.18,Dormant
ACC08635,CUST05281,BR019,Savings,2019-09-12,8094.22,Dormant
ACC08636,CUST03539,BR024,Savings,2022-11-25,7700.33,Active
ACC08637,CUST05045,BR032,Salary,2020-04-03,32606.88,Dormant
ACC08638,CUST00769,BR035,Salary,2020-07-16,6033.33,Active
ACC08639,CUST07975,BR048,Savings,2019-03-24,34834.58,Active
ACC08640,CUST04030,BR035,Salary,2023-02-03,8679.77,Closed
ACC08641,CUST01144,BR032,Savings,2025-02-03,94404.16,Dormant
ACC08642,CUST06388,BR004,Savings,2023-04-02,11010.64,Closed
ACC08643,CUST05951,BR057,Salary,2024-12-12,29743.12,Closed
ACC08644,CUST02899,BR018,Savings,2020-06-12,26013.55,Dormant
ACC08645,CUST03862,BR059,Savings,2022-01-02,27638.79,Closed
ACC08646,CUST05701,BR040,Salary,2020-08-04,3363.66,Dormant
ACC08647,CUST05448,BR010,Savings,2019-10-28,3033.21,Closed
ACC08648,CUST06366,BR036,Current,2022-05-12,29127.38,Active
ACC08649,CUST05342,BR031,Savings,2023-10-01,27507.54,Dormant
ACC08650,CUST05514,BR014,Current,2023-05-18,11787.59,Closed
ACC08651,CUST01929,BR056,Savings,2022-07-06,8268.23,Closed
ACC08652,CUST05449,BR052,Current,2022-01-12,63670.25,Closed
ACC08653,CUST06462,BR047,Salary,2024-04-26,19811.11,Active
ACC08654,CUST07802,BR026,Savings,2025-12-30,19458.38,Active
ACC08655,CUST03321,BR051,Savings,2020-08-31,44452.73,Dormant
ACC08656,CUST05411,BR059,Savings,2019-11-28,7655.79,Active
ACC08657,CUST06264,BR008,Fixed Deposit,2022-07-26,48360.52,Dormant
ACC08658,CUST00232,BR054,Current,2019-07-14,188693.18,Active
ACC08659,CUST01549,BR049,Fixed Deposit,2024-01-24,62379.58,Closed
ACC08660,CUST02900,BR059,Savings,2021-11-23,24678.34,Closed
ACC08661,CUST04943,BR008,Salary,2025-02-18,67114.98,Dormant
ACC08662,CUST01214,BR028,Savings,2019-01-03,6251.6,Closed
ACC08663,CUST05412,BR040,Salary,2024-03-12,23330.14,Dormant
ACC08664,CUST01923,BR016,Salary,2022-11-14,42821.28,Closed
ACC08665,CUST04551,BR059,Current,2023-07-10,26242.67,Dormant
ACC08666,CUST05679,BR016,Savings,2022-05-06,47746.82,Closed
ACC08667,CUST00419,BR058,Savings,2024-02-06,9101.39,Closed
ACC08668,CUST01717,BR025,Savings,2022-05-11,11872.03,Dormant
ACC08669,CUST00352,BR019,Savings,2019-08-10,31146.89,Dormant
ACC08670,CUST01947,BR038,Salary,2024-09-11,23365.05,Active
ACC08671,CUST01979,BR035,Savings,2023-07-07,60405.95,Dormant
ACC08672,CUST06326,BR055,Savings,2020-10-06,90460.24,Active
ACC08673,CUST06611,BR057,Savings,2025-07-20,20729.19,Closed
ACC08674,CUST04612,BR059,Savings,2021-12-12,64489.04,Dormant
ACC08675,CUST00446,BR031,Salary,2025-03-30,10513.2,Dormant
ACC08676,CUST05419,BR053,Salary,2025-09-01,25121.11,Active
ACC08677,CUST01104,BR048,Salary,2023-07-18,15448.11,Dormant
ACC08678,CUST04972,BR006,Savings,2023-09-18,32896.12,Active
ACC08679,CUST06230,BR009,Fixed Deposit,2022-05-10,77196.14,Active
ACC08680,CUST00500,BR001,Salary,2024-08-22,4344.68,Closed
ACC08681,CUST07033,BR014,Salary,2023-04-23,6082.16,Closed
ACC08682,CUST03168,BR041,Savings,2020-11-09,24155.98,Closed
ACC08683,CUST07285,BR016,Savings,2020-03-16,4824.43,Active
ACC08684,CUST03655,BR030,Savings,2022-06-20,46541.05,Active
ACC08685,CUST00209,BR060,Current,2024-11-08,86816.85,Active
ACC08686,CUST06512,BR018,Savings,2020-02-29,29568.16,Active
ACC08687,CUST03490,BR053,Current,2024-09-06,11835.59,Dormant
ACC08688,CUST04840,BR002,Current,2023-01-23,144370.61,Closed
ACC08689,CUST02508,BR028,Savings,2021-02-17,137790.48,Dormant
ACC08690,CUST06094,BR016,Savings,2019-12-30,25143.86,Dormant
ACC08691,CUST04011,BR019,Savings,2022-06-08,34873.48,Active
ACC08692,CUST04069,BR025,Savings,2022-09-09,26411.76,Active
ACC08693,CUST02433,BR051,Savings,2020-02-01,35501.57,Active
ACC08694,CUST05451,BR048,Fixed Deposit,2022-04-07,55729.49,Dormant
ACC08695,CUST06621,BR026,Savings,2019-01-30,21351.82,Closed
ACC08696,CUST06543,BR028,Savings,2020-03-26,49768.91,Dormant
ACC08697,CUST05126,BR046,Savings,2022-09-28,181872.6,Active
ACC08698,CUST06515,BR044,Savings,2022-06-15,6247.5,Active
ACC08699,CUST07298,BR023,Current,2022-09-26,32734.59,Closed
ACC08700,CUST05422,BR059,Savings,2021-03-12,7612.79,Closed
ACC08701,CUST03893,BR017,Salary,2019-04-30,40717.67,Closed
ACC08702,CUST05766,BR046,Salary,2023-12-10,8853.64,Active
ACC08703,CUST05676,BR003,Savings,2019-10-26,6009.63,Closed
ACC08704,CUST04104,BR018,Salary,2021-07-10,20883.84,Dormant
ACC08705,CUST06699,BR022,Salary,2019-12-26,45297.98,Dormant
ACC08706,CUST04698,BR043,Salary,2025-05-19,21258.64,Dormant
ACC08707,CUST04380,BR032,Savings,2020-06-29,26484.58,Closed
ACC08708,CUST00520,BR036,Salary,2024-11-14,17790.12,Dormant
ACC08709,CUST02122,BR013,Salary,2023-04-24,35968.13,Dormant
ACC08710,CUST06196,BR010,Savings,2020-08-17,10028.84,Closed
ACC08711,CUST03200,BR019,Fixed Deposit,2019-03-29,55987.95,Closed
ACC08712,CUST06358,BR038,Savings,2020-08-24,14655.62,Active
ACC08713,CUST01931,BR020,Current,2020-08-02,11295.22,Dormant
ACC08714,CUST06634,BR033,Fixed Deposit,2021-06-12,49166.85,Active
ACC08715,CUST01296,BR017,Salary,2020-03-21,29010.26,Closed
ACC08716,CUST05597,BR043,Savings,2021-06-18,36678.35,Active
ACC08717,CUST02385,BR022,Fixed Deposit,2023-05-12,88131.59,Dormant
ACC08718,CUST03135,BR052,Savings,2022-06-09,25130.26,Active
ACC08719,CUST04338,BR036,Savings,2022-03-06,35277.17,Dormant
ACC08720,CUST02445,BR039,Savings,2022-11-05,10715.74,Closed
ACC08721,CUST07776,BR051,Savings,2021-05-10,16671.25,Active
ACC08722,CUST00399,BR028,Salary,2025-10-09,15281.57,Closed
ACC08723,CUST06850,BR047,Salary,2025-04-14,16224.23,Closed
ACC08724,CUST04592,BR047,Salary,2020-05-07,16716.17,Active
ACC08725,CUST04274,BR008,Savings,2020-02-13,19447.98,Closed
ACC08726,CUST02395,BR018,Fixed Deposit,2020-12-03,47741.01,Active
ACC08727,CUST01857,BR028,Savings,2022-07-28,377752.37,Closed
ACC08728,CUST00289,BR033,Savings,2023-02-25,49816.85,Active
ACC08729,CUST02060,BR008,Savings,2020-03-02,31946.97,Dormant
ACC08730,CUST03627,BR011,Savings,2024-03-28,17856.31,Active
ACC08731,CUST05191,BR037,Savings,2024-11-13,14675.04,Active
ACC08732,CUST03566,BR021,Fixed Deposit,2022-11-10,55354.85,Closed
ACC08733,CUST03461,BR010,Savings,2024-12-04,28668.26,Dormant
ACC08734,CUST00408,BR045,Savings,2019-01-28,4054.6,Active
ACC08735,CUST01672,BR028,Current,2020-10-28,7559.88,Closed
ACC08736,CUST06288,BR018,Current,2025-06-08,19208.68,Closed
ACC08737,CUST02545,BR029,Current,2025-01-21,44673.66,Closed
ACC08738,CUST03133,BR024,Salary,2020-04-08,11299.44,Closed
ACC08739,CUST04242,BR035,Savings,2023-02-23,83308.77,Active
ACC08740,CUST03037,BR018,Savings,2020-11-28,5801.33,Dormant
ACC08741,CUST02982,BR014,Savings,2020-11-15,11201.34,Closed
ACC08742,CUST00236,BR038,Savings,2023-02-03,86515.82,Active
ACC08743,CUST02123,BR007,Salary,2022-07-24,14643.96,Closed
ACC08744,CUST04343,BR041,Current,2024-07-04,87978.05,Active
ACC08745,CUST02995,BR018,Savings,2019-06-21,139542.19,Dormant
ACC08746,CUST07631,BR018,Savings,2024-10-18,11796.71,Closed
ACC08747,CUST05150,BR052,Current,2023-06-01,32882.16,Dormant
ACC08748,CUST05296,BR025,Savings,2021-03-03,17237.04,Active
ACC08749,CUST04774,BR013,Current,2020-09-18,5143.08,Closed
ACC08750,CUST00003,BR005,Savings,2019-08-08,16657.95,Closed
ACC08751,CUST05715,BR017,Savings,2020-01-08,48676.71,Dormant
ACC08752,CUST00184,BR027,Salary,2025-02-08,19504.74,Dormant
ACC08753,CUST06094,BR037,Current,2020-10-09,67446.04,Closed
ACC08754,CUST06486,BR046,Salary,2020-02-13,10271.66,Dormant
ACC08755,CUST04766,BR048,Savings,2021-02-06,12203.92,Closed
ACC08756,CUST02173,BR056,Fixed Deposit,2020-12-27,128226.49,Active
ACC08757,CUST03334,BR027,Salary,2020-03-31,9432.14,Closed
ACC08758,CUST06787,BR033,Savings,2023-08-22,28700.62,Dormant
ACC08759,CUST00082,BR022,Current,2025-10-28,42758.99,Active
ACC08760,CUST04213,BR011,Savings,2022-07-06,82087.85,Closed
ACC08761,CUST00364,BR057,Salary,2025-05-02,26370.17,Active
ACC08762,CUST06521,BR018,Savings,2024-11-18,6865.52,Active
ACC08763,CUST03923,BR008,Savings,2023-07-20,7564.35,Closed
ACC08764,CUST04052,BR004,Salary,2020-08-16,20035.02,Dormant
ACC08765,CUST01240,BR053,Current,2024-06-13,34052.62,Dormant
ACC08766,CUST05345,BR019,Savings,2019-11-04,14622.92,Active
ACC08767,CUST05498,BR005,Savings,2019-02-09,54943.74,Dormant
ACC08768,CUST00147,BR044,Savings,2022-11-07,26074.51,Closed
ACC08769,CUST04831,BR044,Savings,2022-02-16,23091.31,Active
ACC08770,CUST06099,BR049,Savings,2022-01-26,44437.8,Active
ACC08771,CUST05915,BR011,Savings,2019-11-17,15715.49,Active
ACC08772,CUST02082,BR005,Fixed Deposit,2022-08-20,153447.14,Closed
ACC08773,CUST04015,BR002,Savings,2019-11-15,10837.39,Active
ACC08774,CUST01790,BR041,Fixed Deposit,2023-08-10,88801.38,Active
ACC08775,CUST06366,BR043,Savings,2020-06-15,80053.43,Dormant
ACC08776,CUST06956,BR048,Salary,2019-10-06,5094.38,Active
ACC08777,CUST03233,BR042,Savings,2019-05-01,16171.38,Closed
ACC08778,CUST04241,BR032,Savings,2019-08-22,61573.49,Active
ACC08779,CUST04600,BR034,Salary,2025-08-16,30033.57,Closed
ACC08780,CUST05115,BR013,Fixed Deposit,2022-04-18,54019.62,Closed
ACC08781,CUST03916,BR047,Fixed Deposit,2021-02-02,38530.19,Closed
ACC08782,CUST07998,BR045,Current,2020-09-10,94460.39,Active
ACC08783,CUST01644,BR057,Salary,2021-03-26,30591.71,Dormant
ACC08784,CUST07271,BR017,Savings,2023-08-21,7721.8,Active
ACC08785,CUST06702,BR003,Salary,2020-10-28,5751.76,Active
ACC08786,CUST02665,BR027,Salary,2024-10-19,15641.45,Closed
ACC08787,CUST01677,BR026,Savings,2021-06-05,38809.66,Dormant
ACC08788,CUST07642,BR005,Current,2022-03-28,26928.24,Active
ACC08789,CUST03216,BR042,Savings,2025-06-13,40593.55,Dormant
ACC08790,CUST06372,BR023,Savings,2022-12-18,11624.58,Dormant
ACC08791,CUST07815,BR007,Savings,2024-06-02,3283.86,Closed
ACC08792,CUST07218,BR050,Salary,2024-07-03,9929.54,Dormant
ACC08793,CUST01168,BR052,Salary,2020-03-28,13964.34,Dormant
ACC08794,CUST03563,BR024,Current,2019-09-23,27561.08,Closed
ACC08795,CUST01236,BR010,Savings,2025-01-23,7764.03,Active
ACC08796,CUST00067,BR032,Savings,2023-10-20,4298.05,Dormant
ACC08797,CUST01540,BR047,Savings,2025-09-20,13867.73,Active
ACC08798,CUST01117,BR012,Salary,2020-12-07,25043.24,Dormant
ACC08799,CUST03132,BR049,Savings,2020-05-01,68225.77,Closed
ACC08800,CUST00968,BR053,Savings,2019-08-21,64147.61,Closed
ACC08801,CUST07195,BR031,Savings,2024-07-20,10569.01,Closed
ACC08802,CUST00728,BR030,Savings,2024-05-29,7798.33,Closed
ACC08803,CUST03043,BR048,Fixed Deposit,2021-07-29,80658.6,Closed
ACC08804,CUST03515,BR036,Savings,2019-03-30,39010.65,Active
ACC08805,CUST05941,BR034,Salary,2025-07-31,17678.75,Dormant
ACC08806,CUST03802,BR031,Current,2023-07-10,4846.13,Dormant
ACC08807,CUST02973,BR050,Savings,2022-09-21,10095.08,Dormant
ACC08808,CUST07728,BR059,Savings,2021-08-11,21445.71,Closed
ACC08809,CUST04975,BR024,Salary,2024-06-28,18789.49,Dormant
ACC08810,CUST02778,BR001,Savings,2021-05-24,43939.84,Closed
ACC08811,CUST02797,BR013,Salary,2022-04-28,14779.22,Active
ACC08812,CUST04588,BR017,Savings,2020-04-23,29664.47,Active
ACC08813,CUST07834,BR053,Savings,2021-02-16,23774.74,Dormant
ACC08814,CUST05322,BR060,Savings,2021-09-21,40825.31,Closed
ACC08815,CUST07910,BR023,Savings,2024-08-15,29189.93,Active
ACC08816,CUST07907,BR012,Fixed Deposit,2022-06-26,62282.93,Closed
ACC08817,CUST07970,BR010,Savings,2023-10-09,17300.11,Dormant
ACC08818,CUST04696,BR001,Fixed Deposit,2020-10-21,62866.89,Active
ACC08819,CUST00577,BR012,Savings,2025-08-22,34068.63,Active
ACC08820,CUST04681,BR017,Savings,2022-05-09,28021.51,Dormant
ACC08821,CUST06212,BR010,Savings,2019-07-01,31031.06,Active
ACC08822,CUST04527,BR058,Savings,2022-05-30,73750.99,Active
ACC08823,CUST07886,BR048,Savings,2023-06-03,27963.28,Closed
ACC08824,CUST03302,BR050,Savings,2019-09-26,12282.14,Dormant
ACC08825,CUST03734,BR035,Savings,2019-03-26,48788.31,Active
ACC08826,CUST05584,BR056,Fixed Deposit,2021-11-18,26377.88,Dormant
ACC08827,CUST06215,BR053,Savings,2025-07-18,8322.58,Active
ACC08828,CUST03491,BR035,Savings,2025-11-14,29799.97,Dormant
ACC08829,CUST04021,BR006,Fixed Deposit,2021-07-25,81620.68,Active
ACC08830,CUST07161,BR045,Savings,2023-07-02,7182.87,Active
ACC08831,CUST06519,BR040,Savings,2024-11-23,15606.84,Closed
ACC08832,CUST06435,BR009,Savings,2024-06-08,12765.79,Active
ACC08833,CUST05343,BR058,Savings,2019-01-08,14214.12,Active
ACC08834,CUST04941,BR042,Salary,2022-04-03,25861.7,Closed
ACC08835,CUST01335,BR056,Salary,2025-03-18,21906.83,Active
ACC08836,CUST06477,BR053,Current,2024-11-03,35627.67,Active
ACC08837,CUST03972,BR015,Salary,2019-07-12,9116.37,Closed
ACC08838,CUST04944,BR036,Salary,2024-03-11,5193.93,Active
ACC08839,CUST02049,BR034,Savings,2022-06-11,79076.14,Closed
ACC08840,CUST05623,BR027,Savings,2023-10-13,37530.25,Active
ACC08841,CUST06611,BR052,Savings,2019-05-04,11660.91,Dormant
ACC08842,CUST03327,BR033,Savings,2019-04-17,42093.12,Closed
ACC08843,CUST02088,BR031,Savings,2021-04-24,20677.44,Closed
ACC08844,CUST00046,BR025,Fixed Deposit,2021-11-20,50399.39,Closed
ACC08845,CUST05447,BR027,Savings,2025-05-11,32587.71,Dormant
ACC08846,CUST00111,BR060,Current,2024-04-29,17300.69,Closed
ACC08847,CUST02801,BR010,Salary,2023-01-21,10502.52,Dormant
ACC08848,CUST01494,BR005,Savings,2020-11-03,24570.82,Closed
ACC08849,CUST07522,BR030,Savings,2023-02-10,14051.63,Active
ACC08850,CUST07690,BR010,Savings,2019-01-15,40222.29,Active
ACC08851,CUST05994,BR031,Fixed Deposit,2019-07-05,183769.94,Closed
ACC08852,CUST05187,BR032,Savings,2021-11-17,11171.62,Active
ACC08853,CUST04049,BR015,Savings,2024-08-22,4921.59,Active
ACC08854,CUST02780,BR014,Current,2020-08-04,4906.22,Dormant
ACC08855,CUST01577,BR033,Savings,2022-04-05,19236.77,Dormant
ACC08856,CUST05122,BR001,Savings,2024-08-02,12126.54,Active
ACC08857,CUST04861,BR026,Salary,2023-09-07,15452.13,Active
ACC08858,CUST03664,BR057,Fixed Deposit,2024-01-13,64832.26,Active
ACC08859,CUST02285,BR015,Current,2020-02-06,7308.43,Active
ACC08860,CUST07449,BR009,Salary,2023-10-13,3750.26,Dormant
ACC08861,CUST06449,BR026,Salary,2024-09-08,16434.75,Active
ACC08862,CUST06499,BR052,Savings,2025-05-29,24881.65,Dormant
ACC08863,CUST04103,BR038,Current,2021-11-24,23722.57,Dormant
ACC08864,CUST05153,BR019,Fixed Deposit,2024-02-07,22152.68,Closed
ACC08865,CUST05017,BR050,Savings,2022-09-14,33666.28,Active
ACC08866,CUST07001,BR055,Savings,2019-11-07,69196.78,Closed
ACC08867,CUST06871,BR005,Fixed Deposit,2022-02-20,70741.63,Dormant
ACC08868,CUST04598,BR036,Savings,2021-12-24,10272.99,Closed
ACC08869,CUST02952,BR034,Savings,2023-12-08,22927.61,Active
ACC08870,CUST05126,BR014,Savings,2019-10-16,6441.38,Active
ACC08871,CUST02352,BR005,Current,2020-02-18,104606.47,Active
ACC08872,CUST02822,BR008,Savings,2022-01-25,23710.18,Active
ACC08873,CUST03109,BR060,Fixed Deposit,2022-08-24,20725.2,Closed
ACC08874,CUST00263,BR041,Savings,2025-03-31,16804.35,Closed
ACC08875,CUST03453,BR047,Current,2024-10-28,57716.68,Closed
ACC08876,CUST06505,BR028,Savings,2025-12-16,16321.8,Dormant
ACC08877,CUST01818,BR041,Savings,2022-10-11,17183.31,Dormant
ACC08878,CUST00171,BR042,Savings,2025-09-18,7317.6,Active
ACC08879,CUST01607,BR039,Savings,2025-08-08,36676.33,Active
ACC08880,CUST03420,BR030,Savings,2024-01-02,12287.99,Closed
ACC08881,CUST07014,BR049,Savings,2025-02-28,3162.76,Active
ACC08882,CUST05047,BR052,Savings,2021-02-24,15770.06,Dormant
ACC08883,CUST05603,BR046,Salary,2025-03-08,26550.53,Closed
ACC08884,CUST07856,BR043,Fixed Deposit,2021-06-11,47469.48,Dormant
ACC08885,CUST03323,BR043,Salary,2020-02-25,45097.83,Dormant
ACC08886,CUST01137,BR029,Savings,2019-05-17,32405.1,Closed
ACC08887,CUST01656,BR044,Savings,2020-10-14,29878.14,Closed
ACC08888,CUST00135,BR050,Salary,2025-12-15,12211.35,Dormant
ACC08889,CUST07506,BR056,Savings,2021-12-15,20713.53,Dormant
ACC08890,CUST01075,BR029,Fixed Deposit,2020-06-19,51120.75,Closed
ACC08891,CUST03417,BR055,Salary,2025-11-10,10811.99,Dormant
ACC08892,CUST00648,BR006,Current,2021-10-02,61751.11,Dormant
ACC08893,CUST01635,BR017,Savings,2021-05-10,9487.7,Dormant
ACC08894,CUST02663,BR051,Savings,2019-07-31,8364.03,Closed
ACC08895,CUST05776,BR027,Savings,2021-12-12,8015.44,Closed
ACC08896,CUST05928,BR016,Current,2021-10-03,280872.06,Dormant
ACC08897,CUST05729,BR023,Savings,2021-06-03,35500.73,Active
ACC08898,CUST04909,BR001,Current,2020-10-07,49241.51,Closed
ACC08899,CUST06350,BR026,Fixed Deposit,2020-01-10,31745.02,Dormant
ACC08900,CUST03532,BR012,Fixed Deposit,2021-07-13,87029.76,Closed
ACC08901,CUST01881,BR025,Salary,2020-03-24,12312.87,Dormant
ACC08902,CUST06233,BR037,Savings,2023-02-21,26708.9,Dormant
ACC08903,CUST05368,BR026,Savings,2019-03-05,9145.72,Closed
ACC08904,CUST01809,BR041,Savings,2022-03-23,25444.17,Closed
ACC08905,CUST01261,BR027,Savings,2020-12-24,15041.22,Dormant
ACC08906,CUST07188,BR001,Salary,2022-10-21,7817.13,Dormant
ACC08907,CUST06896,BR014,Salary,2024-06-30,22334.2,Active
ACC08908,CUST05895,BR043,Savings,2022-08-22,5519.61,Active
ACC08909,CUST03783,BR002,Fixed Deposit,2025-12-24,84024.67,Dormant
ACC08910,CUST00522,BR021,Savings,2024-03-19,40783.69,Active
ACC08911,CUST05603,BR054,Current,2020-11-24,15068.42,Closed
ACC08912,CUST06446,BR016,Fixed Deposit,2019-02-19,36599.98,Dormant
ACC08913,CUST07615,BR031,Savings,2025-03-23,18020.71,Dormant
ACC08914,CUST05907,BR027,Current,2024-05-15,48148.06,Closed
ACC08915,CUST07198,BR051,Savings,2023-07-20,19195.49,Active
ACC08916,CUST06612,BR049,Savings,2025-04-19,32539.38,Dormant
ACC08917,CUST05490,BR055,Savings,2020-12-23,107654.43,Closed
ACC08918,CUST05190,BR054,Savings,2019-10-24,13947.49,Dormant
ACC08919,CUST00028,BR058,Current,2024-09-12,6534.3,Closed
ACC08920,CUST06245,BR016,Savings,2025-06-29,46320.1,Closed
ACC08921,CUST07491,BR015,Current,2020-03-05,195499.79,Active
ACC08922,CUST07504,BR051,Savings,2024-03-09,31366.37,Dormant
ACC08923,CUST05239,BR028,Savings,2022-04-09,8275.26,Dormant
ACC08924,CUST06801,BR017,Salary,2020-12-20,12249.93,Dormant
ACC08925,CUST03836,BR057,Savings,2021-02-04,8049.21,Active
ACC08926,CUST02107,BR018,Savings,2021-04-16,39283.9,Closed
ACC08927,CUST03870,BR056,Savings,2022-10-14,6527.89,Closed
ACC08928,CUST05196,BR006,Fixed Deposit,2020-12-27,50007.22,Dormant
ACC08929,CUST02502,BR030,Current,2020-08-22,13301.9,Closed
ACC08930,CUST06229,BR040,Savings,2025-01-06,24689.72,Closed
ACC08931,CUST04618,BR038,Savings,2020-02-11,15839.98,Dormant
ACC08932,CUST04813,BR023,Current,2025-10-12,43337.0,Active
ACC08933,CUST02263,BR031,Savings,2023-06-05,22474.03,Active
ACC08934,CUST05925,BR019,Savings,2023-09-20,9063.47,Closed
ACC08935,CUST06097,BR019,Savings,2019-09-27,38723.01,Dormant
ACC08936,CUST00335,BR059,Savings,2023-09-06,21080.65,Closed
ACC08937,CUST06179,BR025,Current,2023-10-18,13513.86,Closed
ACC08938,CUST02808,BR023,Savings,2022-06-15,165517.78,Dormant
ACC08939,CUST00518,BR052,Savings,2023-10-28,33819.31,Dormant
ACC08940,CUST01371,BR054,Savings,2020-06-20,19188.48,Active
ACC08941,CUST07633,BR028,Savings,2022-04-01,78722.48,Closed
ACC08942,CUST03828,BR033,Savings,2022-01-17,115570.27,Closed
ACC08943,CUST03308,BR022,Fixed Deposit,2025-01-28,54873.75,Active
ACC08944,CUST05293,BR050,Salary,2022-12-18,17037.61,Closed
ACC08945,CUST07545,BR025,Savings,2025-04-19,9052.51,Dormant
ACC08946,CUST05039,BR011,Savings,2023-02-27,19293.56,Dormant
ACC08947,CUST01396,BR011,Savings,2022-05-06,18413.58,Dormant
ACC08948,CUST00303,BR029,Salary,2023-01-31,15204.99,Closed
ACC08949,CUST05656,BR049,Salary,2021-08-15,16863.93,Dormant
ACC08950,CUST07978,BR009,Salary,2024-03-22,19769.19,Closed
ACC08951,CUST04831,BR001,Savings,2020-11-27,27279.16,Dormant
ACC08952,CUST06703,BR037,Fixed Deposit,2022-09-15,28956.63,Closed
ACC08953,CUST01193,BR054,Current,2021-11-16,14207.61,Active
ACC08954,CUST00355,BR033,Salary,2023-05-01,9113.52,Closed
ACC08955,CUST01836,BR020,Savings,2022-01-26,17085.47,Closed
ACC08956,CUST01169,BR030,Current,2025-06-30,103857.42,Closed
ACC08957,CUST01380,BR023,Salary,2025-12-02,5919.12,Closed
ACC08958,CUST07500,BR058,Salary,2023-08-19,10402.58,Closed
ACC08959,CUST01495,BR030,Current,2020-12-26,94184.37,Closed
ACC08960,CUST00755,BR053,Fixed Deposit,2022-09-11,50014.76,Closed
ACC08961,CUST06371,BR005,Savings,2022-05-25,33335.36,Dormant
ACC08962,CUST06675,BR030,Savings,2021-11-17,19426.86,Dormant
ACC08963,CUST01310,BR054,Savings,2019-10-21,27753.16,Active
ACC08964,CUST00885,BR051,Salary,2020-01-24,11385.2,Active
ACC08965,CUST06956,BR048,Savings,2019-03-01,40149.25,Dormant
ACC08966,CUST06480,BR008,Savings,2019-11-21,5483.23,Active
ACC08967,CUST00593,BR008,Savings,2023-09-02,15883.23,Dormant
ACC08968,CUST03758,BR031,Savings,2021-07-27,28765.02,Active
ACC08969,CUST05414,BR009,Fixed Deposit,2021-11-27,82472.25,Active
ACC08970,CUST04593,BR029,Savings,2025-06-01,84428.25,Dormant
ACC08971,CUST07260,BR042,Salary,2021-10-12,10160.7,Active
ACC08972,CUST01247,BR026,Savings,2019-03-16,83410.84,Dormant
ACC08973,CUST01185,BR024,Savings,2020-06-04,12171.82,Closed
ACC08974,CUST04734,BR057,Salary,2022-09-26,33862.13,Active
ACC08975,CUST02771,BR058,Savings,2025-11-25,45968.9,Dormant
ACC08976,CUST01158,BR033,Savings,2020-01-10,9680.68,Dormant
ACC08977,CUST04677,BR048,Salary,2023-04-26,16563.01,Closed
ACC08978,CUST03461,BR027,Savings,2020-06-04,21033.84,Closed
ACC08979,CUST02877,BR043,Savings,2019-08-27,38678.0,Active
ACC08980,CUST04629,BR019,Savings,2020-09-13,18016.72,Closed
ACC08981,CUST04127,BR039,Current,2024-11-26,26708.94,Active
ACC08982,CUST06368,BR017,Fixed Deposit,2019-05-17,136142.41,Dormant
ACC08983,CUST01236,BR024,Salary,2020-03-13,12467.68,Dormant
ACC08984,CUST04968,BR032,Savings,2021-05-01,46340.89,Dormant
ACC08985,CUST04698,BR030,Savings,2022-09-06,17983.03,Active
ACC08986,CUST03746,BR019,Current,2022-09-19,192271.41,Active
ACC08987,CUST03053,BR012,Salary,2022-10-28,8309.59,Dormant
ACC08988,CUST00106,BR033,Savings,2024-06-24,12673.53,Closed
ACC08989,CUST05399,BR001,Savings,2019-12-21,86861.09,Active
ACC08990,CUST03797,BR060,Savings,2021-04-19,14758.11,Dormant
ACC08991,CUST07512,BR048,Savings,2025-03-14,93056.94,Closed
ACC08992,CUST05342,BR005,Savings,2022-10-09,49151.2,Closed
ACC08993,CUST07501,BR019,Savings,2025-02-22,19164.51,Dormant
ACC08994,CUST07269,BR006,Savings,2022-08-04,4307.17,Closed
ACC08995,CUST02969,BR022,Salary,2021-05-07,13180.28,Active
ACC08996,CUST00186,BR005,Current,2021-05-09,40200.31,Dormant
ACC08997,CUST01551,BR057,Fixed Deposit,2023-06-01,120611.59,Active
ACC08998,CUST07176,BR003,Savings,2025-09-11,92005.39,Dormant
ACC08999,CUST03011,BR023,Salary,2023-07-31,8270.99,Active
ACC09000,CUST04700,BR005,Savings,2025-11-28,45300.06,Dormant
ACC09001,CUST04996,BR048,Savings,2024-11-14,43864.56,Active
ACC09002,CUST01578,BR011,Salary,2024-01-29,28321.85,Active
ACC09003,CUST02870,BR039,Salary,2022-11-24,18940.98,Dormant
ACC09004,CUST02104,BR031,Savings,2022-11-06,3834.34,Closed
ACC09005,CUST02477,BR043,Savings,2019-11-03,19151.18,Closed
ACC09006,CUST06245,BR032,Savings,2025-02-27,7784.29,Active
ACC09007,CUST00758,BR003,Current,2025-09-26,29655.24,Active
ACC09008,CUST06262,BR043,Savings,2021-10-15,53210.12,Dormant
ACC09009,CUST00495,BR058,Savings,2019-10-25,28987.96,Closed
ACC09010,CUST07158,BR059,Fixed Deposit,2025-01-29,119235.35,Dormant
ACC09011,CUST01512,BR036,Current,2020-02-04,51110.94,Dormant
ACC09012,CUST02358,BR032,Savings,2021-08-28,6846.59,Closed
ACC09013,CUST01818,BR026,Savings,2023-10-30,2278.42,Active
ACC09014,CUST00904,BR044,Savings,2023-09-09,25183.09,Active
ACC09015,CUST03337,BR046,Salary,2023-10-30,11501.72,Dormant
ACC09016,CUST03894,BR045,Savings,2023-01-03,9143.05,Dormant
ACC09017,CUST00872,BR052,Fixed Deposit,2024-02-25,21582.19,Active
ACC09018,CUST04605,BR051,Savings,2020-05-11,11369.97,Dormant
ACC09019,CUST04370,BR054,Salary,2021-08-15,11659.26,Dormant
ACC09020,CUST02757,BR036,Savings,2022-05-17,40106.35,Dormant
ACC09021,CUST04840,BR025,Savings,2025-04-29,26102.02,Active
ACC09022,CUST01294,BR011,Savings,2025-09-18,93644.46,Active
ACC09023,CUST02446,BR046,Savings,2022-05-23,8672.88,Closed
ACC09024,CUST05665,BR034,Savings,2025-02-05,48676.57,Closed
ACC09025,CUST02874,BR006,Savings,2023-04-20,22984.35,Active
ACC09026,CUST03450,BR057,Fixed Deposit,2019-11-15,90835.14,Active
ACC09027,CUST04027,BR040,Savings,2025-11-08,14870.53,Active
ACC09028,CUST07278,BR007,Savings,2024-05-14,57786.61,Active
ACC09029,CUST06674,BR021,Fixed Deposit,2022-11-21,71477.28,Dormant
ACC09030,CUST01904,BR025,Current,2021-11-16,18408.26,Dormant
ACC09031,CUST05787,BR037,Current,2021-12-24,35881.46,Dormant
ACC09032,CUST00408,BR045,Savings,2021-09-25,17754.6,Dormant
ACC09033,CUST07249,BR030,Savings,2023-04-26,34209.56,Active
ACC09034,CUST05730,BR013,Fixed Deposit,2024-08-06,29499.66,Dormant
ACC09035,CUST00559,BR004,Salary,2022-08-10,13088.04,Active
ACC09036,CUST01545,BR041,Salary,2019-11-30,17618.68,Closed
ACC09037,CUST00087,BR032,Salary,2025-08-19,13672.15,Dormant
ACC09038,CUST00006,BR008,Fixed Deposit,2021-10-18,134344.78,Closed
ACC09039,CUST01935,BR056,Salary,2025-05-13,22967.05,Dormant
ACC09040,CUST04491,BR002,Savings,2021-03-14,21878.67,Dormant
ACC09041,CUST00543,BR001,Savings,2019-07-22,26769.55,Active
ACC09042,CUST04964,BR045,Savings,2020-09-28,28741.55,Dormant
ACC09043,CUST07301,BR001,Current,2025-03-17,54355.42,Active
ACC09044,CUST05750,BR038,Savings,2025-08-11,4259.5,Closed
ACC09045,CUST04538,BR024,Savings,2023-11-27,16791.47,Dormant
ACC09046,CUST06215,BR025,Savings,2024-06-19,5790.68,Dormant
ACC09047,CUST04679,BR041,Savings,2021-05-30,69595.34,Dormant
ACC09048,CUST06144,BR039,Current,2025-12-29,34171.61,Closed
ACC09049,CUST06980,BR009,Savings,2021-06-24,18508.64,Active
ACC09050,CUST01703,BR030,Savings,2025-02-28,49370.96,Active
ACC09051,CUST07219,BR011,Current,2025-01-09,55399.44,Closed
ACC09052,CUST06171,BR026,Savings,2025-06-15,7976.29,Closed
ACC09053,CUST07397,BR054,Savings,2020-04-26,20664.76,Closed
ACC09054,CUST00524,BR002,Savings,2022-10-31,16290.7,Active
ACC09055,CUST05306,BR055,Salary,2021-01-05,3939.57,Dormant
ACC09056,CUST05810,BR030,Savings,2023-06-12,11834.23,Closed
ACC09057,CUST03461,BR030,Salary,2024-04-19,11748.98,Dormant
ACC09058,CUST02716,BR027,Savings,2024-08-29,19861.61,Closed
ACC09059,CUST04624,BR027,Salary,2021-10-15,4733.58,Closed
ACC09060,CUST05346,BR014,Savings,2021-04-04,62099.86,Dormant
ACC09061,CUST04515,BR014,Savings,2023-03-09,20092.61,Active
ACC09062,CUST01889,BR013,Savings,2025-10-20,22783.63,Dormant
ACC09063,CUST07623,BR048,Savings,2022-02-26,31589.42,Dormant
ACC09064,CUST00034,BR057,Savings,2021-06-29,10837.11,Dormant
ACC09065,CUST04030,BR045,Savings,2024-02-23,33213.79,Active
ACC09066,CUST03380,BR058,Savings,2025-11-22,15829.54,Active
ACC09067,CUST03212,BR056,Savings,2023-04-11,9828.81,Active
ACC09068,CUST01473,BR057,Salary,2022-10-27,19958.56,Closed
ACC09069,CUST03439,BR054,Salary,2020-04-01,37955.58,Dormant
ACC09070,CUST04974,BR038,Savings,2019-05-24,42291.71,Closed
ACC09071,CUST06719,BR015,Savings,2020-08-23,50548.06,Active
ACC09072,CUST06052,BR054,Savings,2021-08-10,13786.33,Closed
ACC09073,CUST05386,BR040,Savings,2019-11-12,5229.87,Active
ACC09074,CUST00207,BR010,Savings,2021-10-28,84214.62,Active
ACC09075,CUST07825,BR007,Savings,2023-02-17,139953.21,Closed
ACC09076,CUST04367,BR051,Savings,2022-11-26,88302.71,Active
ACC09077,CUST01473,BR011,Salary,2025-05-06,10561.28,Active
ACC09078,CUST07929,BR048,Salary,2024-12-28,5953.63,Closed
ACC09079,CUST02203,BR051,Savings,2019-01-19,8441.25,Active
ACC09080,CUST06689,BR024,Savings,2024-07-16,4839.86,Dormant
ACC09081,CUST06734,BR013,Salary,2023-11-16,12392.35,Dormant
ACC09082,CUST06721,BR035,Current,2024-08-26,180896.07,Dormant
ACC09083,CUST05965,BR034,Fixed Deposit,2020-06-09,54995.27,Dormant
ACC09084,CUST03257,BR014,Savings,2025-07-10,28914.27,Closed
ACC09085,CUST03778,BR049,Salary,2021-08-23,34993.51,Closed
ACC09086,CUST04531,BR002,Salary,2022-12-25,10068.16,Active
ACC09087,CUST04519,BR022,Salary,2025-11-26,55540.74,Closed
ACC09088,CUST06388,BR059,Savings,2023-06-08,132307.62,Closed
ACC09089,CUST03106,BR021,Savings,2025-12-27,19574.83,Active
ACC09090,CUST01031,BR050,Current,2022-03-31,20383.19,Dormant
ACC09091,CUST07961,BR011,Fixed Deposit,2020-11-07,90975.26,Active
ACC09092,CUST04243,BR035,Salary,2024-01-08,10474.85,Dormant
ACC09093,CUST07900,BR037,Fixed Deposit,2025-08-11,29913.55,Closed
ACC09094,CUST04227,BR004,Savings,2020-07-02,69780.84,Active
ACC09095,CUST01760,BR010,Fixed Deposit,2022-09-07,124227.33,Active
ACC09096,CUST07101,BR054,Savings,2025-05-22,25335.46,Active
ACC09097,CUST02968,BR037,Current,2019-09-29,10271.57,Dormant
ACC09098,CUST07281,BR019,Current,2021-03-04,10619.78,Closed
ACC09099,CUST03795,BR035,Savings,2023-01-04,24258.11,Active
ACC09100,CUST03846,BR039,Fixed Deposit,2019-05-05,44359.29,Closed
ACC09101,CUST05182,BR038,Salary,2019-10-10,10522.12,Dormant
ACC09102,CUST04049,BR012,Fixed Deposit,2020-01-21,110544.99,Closed
ACC09103,CUST03450,BR058,Current,2025-04-02,75597.56,Active
ACC09104,CUST05504,BR001,Fixed Deposit,2020-05-12,136883.52,Active
ACC09105,CUST01338,BR023,Savings,2022-07-27,9031.19,Closed
ACC09106,CUST01324,BR051,Salary,2021-07-23,10506.67,Dormant
ACC09107,CUST04936,BR007,Current,2023-02-08,77573.54,Closed
ACC09108,CUST02141,BR028,Savings,2022-01-17,32967.27,Active
ACC09109,CUST06304,BR060,Savings,2020-10-13,87477.98,Active
ACC09110,CUST05181,BR029,Current,2024-09-08,55300.47,Active
ACC09111,CUST07409,BR022,Salary,2024-03-07,48711.79,Dormant
ACC09112,CUST07636,BR015,Savings,2024-12-24,35811.2,Active
ACC09113,CUST02566,BR053,Salary,2021-06-28,28099.79,Closed
ACC09114,CUST03859,BR014,Savings,2020-05-02,16462.44,Closed
ACC09115,CUST06939,BR013,Salary,2023-01-04,13494.01,Dormant
ACC09116,CUST02313,BR042,Savings,2021-05-02,50003.58,Dormant
ACC09117,CUST07412,BR054,Savings,2019-07-13,94059.27,Closed
ACC09118,CUST02809,BR057,Salary,2025-05-25,22258.2,Active
ACC09119,CUST03060,BR003,Savings,2022-10-02,20437.88,Closed
ACC09120,CUST00102,BR019,Savings,2025-06-11,76084.63,Active
ACC09121,CUST07151,BR035,Savings,2025-07-05,3063.21,Active
ACC09122,CUST00393,BR021,Current,2025-11-07,8758.37,Dormant
ACC09123,CUST02949,BR021,Current,2019-09-27,71799.6,Active
ACC09124,CUST00623,BR050,Savings,2024-08-11,22307.93,Dormant
ACC09125,CUST06739,BR043,Current,2020-09-20,66537.01,Closed
ACC09126,CUST00328,BR053,Savings,2022-04-07,23341.0,Active
ACC09127,CUST00381,BR002,Savings,2022-10-25,36822.01,Active
ACC09128,CUST04059,BR033,Fixed Deposit,2019-12-21,36730.34,Dormant
ACC09129,CUST03257,BR006,Savings,2021-10-31,36806.78,Closed
ACC09130,CUST05710,BR008,Savings,2025-02-06,53904.71,Dormant
ACC09131,CUST04124,BR043,Fixed Deposit,2021-03-31,124533.54,Active
ACC09132,CUST04157,BR010,Savings,2022-03-11,134887.84,Active
ACC09133,CUST03980,BR032,Fixed Deposit,2019-11-21,69317.94,Active
ACC09134,CUST04098,BR019,Fixed Deposit,2025-01-20,70569.03,Dormant
ACC09135,CUST05445,BR010,Savings,2023-04-19,5592.29,Closed
ACC09136,CUST01753,BR058,Salary,2019-03-18,9209.7,Closed
ACC09137,CUST02431,BR026,Savings,2021-12-23,18512.96,Closed
ACC09138,CUST05831,BR012,Savings,2022-06-22,56686.29,Closed
ACC09139,CUST07614,BR056,Savings,2021-10-26,12709.42,Dormant
ACC09140,CUST06998,BR017,Savings,2025-10-22,45103.09,Active
ACC09141,CUST01704,BR052,Savings,2022-04-24,21994.34,Dormant
ACC09142,CUST05902,BR020,Savings,2023-12-21,18780.02,Active
ACC09143,CUST03282,BR008,Savings,2021-09-22,27556.8,Active
ACC09144,CUST04310,BR020,Salary,2025-05-08,10159.76,Active
ACC09145,CUST07521,BR058,Savings,2025-07-21,14970.94,Closed
ACC09146,CUST04121,BR024,Savings,2020-01-07,4749.02,Dormant
ACC09147,CUST03843,BR005,Savings,2023-11-09,17620.9,Dormant
ACC09148,CUST01160,BR055,Savings,2022-07-12,14300.2,Closed
ACC09149,CUST03855,BR039,Savings,2020-12-25,13844.14,Closed
ACC09150,CUST06019,BR007,Current,2024-05-08,55098.24,Closed
ACC09151,CUST03973,BR042,Savings,2025-11-30,39845.66,Dormant
ACC09152,CUST05609,BR001,Savings,2025-09-09,27145.73,Active
ACC09153,CUST07122,BR025,Savings,2023-04-09,53953.27,Closed
ACC09154,CUST03328,BR003,Savings,2024-05-17,36975.31,Dormant
ACC09155,CUST00042,BR037,Savings,2023-03-24,16889.53,Dormant
ACC09156,CUST01503,BR010,Savings,2023-08-29,14522.14,Active
ACC09157,CUST04701,BR048,Current,2025-09-05,49653.4,Active
ACC09158,CUST02713,BR008,Salary,2021-12-11,19963.02,Active
ACC09159,CUST00216,BR039,Salary,2024-07-28,35542.73,Closed
ACC09160,CUST06035,BR029,Fixed Deposit,2025-03-02,122357.68,Closed
ACC09161,CUST07392,BR054,Fixed Deposit,2023-08-31,43265.73,Closed
ACC09162,CUST00032,BR001,Current,2025-10-26,32793.77,Active
ACC09163,CUST05143,BR028,Savings,2025-01-24,40292.31,Dormant
ACC09164,CUST00861,BR003,Savings,2021-10-22,57595.4,Closed
ACC09165,CUST02933,BR020,Savings,2023-10-19,51280.84,Closed
ACC09166,CUST01531,BR052,Fixed Deposit,2024-11-12,57622.78,Active
ACC09167,CUST07100,BR009,Current,2019-08-12,10362.8,Dormant
ACC09168,CUST01152,BR047,Savings,2019-08-19,8963.87,Closed
ACC09169,CUST00172,BR007,Savings,2024-10-06,28151.9,Active
ACC09170,CUST04304,BR053,Fixed Deposit,2023-10-10,73521.66,Active
ACC09171,CUST01269,BR045,Savings,2020-05-08,8194.25,Active
ACC09172,CUST01146,BR030,Current,2024-11-03,37970.68,Active
ACC09173,CUST04058,BR014,Salary,2019-01-11,20782.3,Dormant
ACC09174,CUST07073,BR027,Salary,2024-05-17,5967.85,Dormant
ACC09175,CUST03757,BR023,Savings,2021-04-08,59545.59,Dormant
ACC09176,CUST04086,BR059,Fixed Deposit,2019-01-31,47737.92,Dormant
ACC09177,CUST02138,BR004,Salary,2019-12-22,32219.57,Dormant
ACC09178,CUST00176,BR014,Savings,2025-09-10,13628.15,Dormant
ACC09179,CUST07026,BR045,Salary,2021-02-18,6511.74,Active
ACC09180,CUST04258,BR050,Fixed Deposit,2022-02-16,45484.09,Active
ACC09181,CUST06148,BR038,Savings,2022-08-08,20218.77,Dormant
ACC09182,CUST01761,BR049,Savings,2025-02-25,15527.5,Active
ACC09183,CUST03762,BR019,Salary,2019-10-04,11485.02,Dormant
ACC09184,CUST05174,BR059,Current,2023-06-26,50714.4,Closed
ACC09185,CUST02706,BR050,Current,2021-08-05,30602.0,Active
ACC09186,CUST03800,BR051,Current,2025-01-24,33992.24,Closed
ACC09187,CUST07799,BR024,Salary,2022-04-25,4038.15,Dormant
ACC09188,CUST03471,BR010,Savings,2020-12-29,31336.17,Closed
ACC09189,CUST03172,BR026,Fixed Deposit,2022-10-26,56753.81,Active
ACC09190,CUST03541,BR007,Savings,2019-08-28,93832.23,Active
ACC09191,CUST06981,BR041,Current,2021-02-27,14192.02,Active
ACC09192,CUST05706,BR025,Savings,2019-03-06,4326.59,Active
ACC09193,CUST00405,BR018,Savings,2019-09-23,38417.24,Active
ACC09194,CUST01136,BR015,Savings,2024-12-15,30087.78,Closed
ACC09195,CUST07815,BR038,Current,2020-01-13,13247.54,Closed
ACC09196,CUST04703,BR011,Current,2024-06-14,7865.58,Dormant
ACC09197,CUST06754,BR029,Current,2023-04-16,168956.53,Active
ACC09198,CUST06408,BR013,Salary,2019-03-14,35949.75,Closed
ACC09199,CUST04964,BR006,Fixed Deposit,2020-10-14,13460.65,Active
ACC09200,CUST02719,BR037,Fixed Deposit,2023-03-21,45481.74,Dormant
ACC09201,CUST03112,BR003,Salary,2025-07-27,42827.45,Active
ACC09202,CUST01932,BR034,Savings,2021-02-26,14350.55,Active
ACC09203,CUST04430,BR044,Salary,2020-11-02,9476.51,Active
ACC09204,CUST04122,BR025,Savings,2020-03-29,17077.49,Dormant
ACC09205,CUST07481,BR007,Current,2025-05-16,11838.39,Closed
ACC09206,CUST07646,BR017,Fixed Deposit,2023-10-28,21528.54,Closed
ACC09207,CUST02749,BR051,Current,2024-09-05,104041.73,Dormant
ACC09208,CUST00894,BR035,Savings,2021-07-09,4193.78,Dormant
ACC09209,CUST05777,BR003,Savings,2022-05-24,27516.59,Active
ACC09210,CUST04504,BR003,Current,2020-06-18,88130.99,Dormant
ACC09211,CUST07909,BR020,Savings,2019-04-12,5966.38,Closed
ACC09212,CUST01671,BR019,Savings,2019-02-05,9586.95,Active
ACC09213,CUST06203,BR002,Savings,2019-02-10,65634.8,Active
ACC09214,CUST06285,BR019,Salary,2025-10-05,19399.92,Closed
ACC09215,CUST06619,BR039,Salary,2023-10-09,8672.39,Active
ACC09216,CUST02733,BR054,Savings,2021-10-30,64992.3,Dormant
ACC09217,CUST06269,BR020,Current,2022-08-22,121362.32,Active
ACC09218,CUST00759,BR040,Savings,2022-11-25,28061.32,Closed
ACC09219,CUST05610,BR055,Current,2019-12-03,14762.42,Closed
ACC09220,CUST04144,BR023,Savings,2022-06-19,15182.46,Dormant
ACC09221,CUST06690,BR047,Savings,2023-03-07,28502.53,Closed
ACC09222,CUST00205,BR053,Savings,2020-06-03,18587.87,Dormant
ACC09223,CUST07548,BR041,Savings,2025-05-27,51280.28,Dormant
ACC09224,CUST04653,BR005,Savings,2023-11-27,5559.17,Active
ACC09225,CUST05287,BR033,Savings,2019-10-27,5739.7,Active
ACC09226,CUST06172,BR020,Savings,2019-08-11,25920.36,Closed
ACC09227,CUST03900,BR020,Savings,2020-12-11,14151.98,Active
ACC09228,CUST02928,BR029,Salary,2023-01-06,8613.33,Closed
ACC09229,CUST00620,BR048,Fixed Deposit,2019-03-18,20726.45,Active
ACC09230,CUST00135,BR048,Salary,2021-05-12,13543.77,Closed
ACC09231,CUST05870,BR030,Savings,2025-06-12,21005.1,Closed
ACC09232,CUST02377,BR050,Salary,2022-09-22,21108.59,Closed
ACC09233,CUST01215,BR029,Savings,2020-08-21,23435.69,Dormant
ACC09234,CUST06326,BR011,Savings,2024-02-21,19548.55,Closed
ACC09235,CUST06466,BR005,Savings,2022-08-02,63532.1,Active
ACC09236,CUST07544,BR039,Salary,2025-12-22,5330.89,Closed
ACC09237,CUST07791,BR016,Savings,2023-01-08,35694.44,Closed
ACC09238,CUST05672,BR019,Fixed Deposit,2023-10-01,21967.33,Active
ACC09239,CUST02593,BR037,Savings,2025-07-24,10357.58,Dormant
ACC09240,CUST06715,BR060,Savings,2022-11-22,7395.36,Active
ACC09241,CUST00357,BR039,Savings,2019-06-01,44522.43,Active
ACC09242,CUST01146,BR050,Current,2025-03-22,34016.12,Dormant
ACC09243,CUST06515,BR040,Savings,2024-05-26,21760.4,Dormant
ACC09244,CUST06738,BR035,Savings,2024-02-03,8135.08,Dormant
ACC09245,CUST04492,BR052,Savings,2021-09-11,16819.19,Active
ACC09246,CUST07055,BR055,Salary,2022-02-19,7828.88,Dormant
ACC09247,CUST07957,BR006,Savings,2022-07-29,31104.55,Dormant
ACC09248,CUST02658,BR035,Savings,2019-05-17,9027.38,Closed
ACC09249,CUST06903,BR057,Salary,2025-03-13,33889.35,Active
ACC09250,CUST01191,BR014,Savings,2020-04-12,4875.5,Dormant
ACC09251,CUST04034,BR004,Current,2020-10-28,16211.57,Dormant
ACC09252,CUST05292,BR029,Savings,2021-07-31,99656.09,Dormant
ACC09253,CUST04084,BR021,Salary,2025-09-22,9851.74,Active
ACC09254,CUST03261,BR008,Salary,2025-10-02,5321.9,Dormant
ACC09255,CUST01330,BR013,Salary,2024-08-05,15573.87,Active
ACC09256,CUST04168,BR015,Salary,2022-07-12,9578.01,Active
ACC09257,CUST04309,BR002,Current,2024-04-04,15742.66,Dormant
ACC09258,CUST04828,BR054,Salary,2023-12-05,6203.63,Dormant
ACC09259,CUST04924,BR029,Fixed Deposit,2019-02-05,315219.39,Dormant
ACC09260,CUST03020,BR012,Salary,2023-12-08,11202.74,Closed
ACC09261,CUST06699,BR028,Savings,2021-10-28,3893.21,Closed
ACC09262,CUST06153,BR043,Savings,2019-02-08,84485.8,Active
ACC09263,CUST05838,BR039,Fixed Deposit,2020-01-14,86391.32,Active
ACC09264,CUST00817,BR043,Savings,2022-06-18,11049.94,Closed
ACC09265,CUST06147,BR059,Savings,2020-05-25,9510.89,Dormant
ACC09266,CUST03273,BR058,Current,2022-07-14,71216.0,Closed
ACC09267,CUST01358,BR032,Savings,2021-04-07,17637.34,Active
ACC09268,CUST05005,BR027,Savings,2019-05-25,3891.77,Dormant
ACC09269,CUST06304,BR003,Savings,2023-11-16,110030.84,Dormant
ACC09270,CUST02879,BR034,Fixed Deposit,2024-01-15,46147.85,Closed
ACC09271,CUST05971,BR040,Savings,2024-10-29,84627.5,Active
ACC09272,CUST01049,BR038,Savings,2020-05-15,69604.98,Dormant
ACC09273,CUST00160,BR028,Savings,2020-09-18,8947.16,Closed
ACC09274,CUST05624,BR014,Current,2022-01-14,102047.11,Closed
ACC09275,CUST01244,BR017,Fixed Deposit,2021-08-23,40503.13,Active
ACC09276,CUST07673,BR016,Savings,2024-05-10,4105.03,Dormant
ACC09277,CUST01852,BR051,Savings,2023-04-29,15030.87,Dormant
ACC09278,CUST00200,BR004,Savings,2022-09-09,31504.12,Dormant
ACC09279,CUST00339,BR027,Salary,2020-03-19,9663.24,Active
ACC09280,CUST06501,BR010,Savings,2022-09-27,16708.23,Active
ACC09281,CUST01006,BR058,Current,2020-11-30,113955.81,Dormant
ACC09282,CUST01758,BR007,Savings,2020-12-06,24242.06,Closed
ACC09283,CUST03627,BR009,Savings,2023-02-10,10311.67,Closed
ACC09284,CUST07346,BR023,Salary,2025-12-30,21838.31,Dormant
ACC09285,CUST04756,BR053,Savings,2024-09-01,26315.36,Dormant
ACC09286,CUST01598,BR028,Savings,2019-08-08,2276.87,Active
ACC09287,CUST03524,BR007,Savings,2025-03-31,32387.17,Dormant
ACC09288,CUST03904,BR057,Current,2020-08-20,53735.48,Dormant
ACC09289,CUST01485,BR043,Savings,2021-02-15,22428.98,Active
ACC09290,CUST05999,BR036,Savings,2019-05-09,49145.01,Closed
ACC09291,CUST02345,BR024,Savings,2021-03-11,12026.23,Dormant
ACC09292,CUST05760,BR058,Salary,2022-04-12,16908.13,Active
ACC09293,CUST01870,BR050,Savings,2023-03-30,5376.2,Active
ACC09294,CUST01589,BR048,Savings,2022-12-10,31773.29,Closed
ACC09295,CUST07748,BR039,Current,2025-09-10,256032.51,Active
ACC09296,CUST01697,BR015,Savings,2023-11-18,8996.85,Closed
ACC09297,CUST03355,BR024,Savings,2021-07-28,11116.41,Closed
ACC09298,CUST06859,BR012,Current,2022-07-22,17854.03,Active
ACC09299,CUST04070,BR058,Salary,2019-02-06,14632.48,Closed
ACC09300,CUST00358,BR035,Savings,2023-07-14,8461.38,Closed
ACC09301,CUST02529,BR016,Salary,2025-12-22,17941.53,Closed
ACC09302,CUST05960,BR018,Salary,2024-10-20,24168.08,Closed
ACC09303,CUST01520,BR021,Current,2022-11-22,61966.38,Active
ACC09304,CUST07106,BR037,Savings,2019-11-13,4484.7,Active
ACC09305,CUST03307,BR035,Salary,2025-05-29,26812.34,Closed
ACC09306,CUST01024,BR008,Savings,2022-09-12,51206.96,Closed
ACC09307,CUST06752,BR016,Savings,2024-04-10,46497.1,Closed
ACC09308,CUST06479,BR015,Current,2020-03-20,52724.85,Dormant
ACC09309,CUST01433,BR039,Savings,2022-09-04,26854.01,Closed
ACC09310,CUST03736,BR031,Savings,2025-01-05,55778.87,Closed
ACC09311,CUST01750,BR002,Salary,2024-03-09,51352.01,Dormant
ACC09312,CUST05635,BR054,Savings,2022-06-25,9341.89,Closed
ACC09313,CUST04116,BR050,Savings,2021-02-06,58122.77,Closed
ACC09314,CUST01786,BR008,Savings,2024-03-24,20381.94,Active
ACC09315,CUST02124,BR041,Salary,2023-03-06,12200.46,Active
ACC09316,CUST06134,BR059,Savings,2024-06-24,5525.46,Active
ACC09317,CUST05836,BR039,Salary,2024-11-03,10945.1,Dormant
ACC09318,CUST01074,BR044,Savings,2021-05-27,8977.36,Dormant
ACC09319,CUST04149,BR037,Savings,2019-07-07,14509.1,Closed
ACC09320,CUST01325,BR047,Current,2022-11-16,12110.32,Active
ACC09321,CUST00615,BR046,Current,2019-04-13,23181.08,Dormant
ACC09322,CUST02953,BR014,Fixed Deposit,2022-11-05,46926.31,Closed
ACC09323,CUST07542,BR030,Current,2019-05-01,40004.81,Active
ACC09324,CUST07724,BR050,Savings,2025-07-05,5149.86,Closed
ACC09325,CUST00143,BR004,Savings,2021-11-15,5997.11,Dormant
ACC09326,CUST03544,BR055,Salary,2024-05-06,17211.62,Closed
ACC09327,CUST07118,BR040,Salary,2022-12-18,7644.89,Dormant
ACC09328,CUST03241,BR020,Savings,2019-04-04,57934.99,Active
ACC09329,CUST07876,BR030,Fixed Deposit,2020-12-19,68539.25,Dormant
ACC09330,CUST03383,BR060,Savings,2025-06-30,38028.3,Dormant
ACC09331,CUST07694,BR022,Fixed Deposit,2025-07-14,139583.1,Closed
ACC09332,CUST02512,BR016,Savings,2019-09-11,16668.24,Dormant
ACC09333,CUST04538,BR037,Savings,2025-09-03,13134.03,Active
ACC09334,CUST04347,BR044,Savings,2019-02-15,48268.4,Dormant
ACC09335,CUST04388,BR042,Savings,2024-03-09,34841.42,Active
ACC09336,CUST03737,BR020,Current,2022-09-24,30111.72,Closed
ACC09337,CUST00949,BR012,Savings,2020-08-24,77057.88,Active
ACC09338,CUST00032,BR038,Fixed Deposit,2022-02-12,52714.9,Closed
ACC09339,CUST00588,BR058,Savings,2025-01-18,22685.84,Dormant
ACC09340,CUST02637,BR041,Salary,2021-12-16,13559.68,Closed
ACC09341,CUST05885,BR038,Savings,2020-06-20,9498.28,Active
ACC09342,CUST00063,BR057,Current,2021-12-13,39245.24,Dormant
ACC09343,CUST07210,BR007,Savings,2023-10-13,77426.48,Dormant
ACC09344,CUST03064,BR054,Savings,2021-12-02,32875.12,Closed
ACC09345,CUST03122,BR057,Savings,2020-10-23,22650.95,Closed
ACC09346,CUST00535,BR049,Savings,2022-02-21,19042.14,Closed
ACC09347,CUST03909,BR009,Salary,2025-10-27,16841.59,Active
ACC09348,CUST06704,BR019,Current,2024-05-30,76861.98,Active
ACC09349,CUST05947,BR029,Savings,2023-07-27,38113.16,Dormant
ACC09350,CUST04893,BR049,Current,2024-07-24,26059.43,Closed
ACC09351,CUST02720,BR002,Savings,2020-07-04,29504.66,Dormant
ACC09352,CUST03095,BR060,Savings,2023-11-14,33926.3,Dormant
ACC09353,CUST05154,BR031,Savings,2025-01-08,8897.49,Active
ACC09354,CUST00795,BR005,Savings,2021-07-26,25627.15,Active
ACC09355,CUST03886,BR011,Savings,2019-10-15,3148.96,Closed
ACC09356,CUST03865,BR022,Savings,2020-04-06,34005.59,Active
ACC09357,CUST02314,BR036,Savings,2023-07-03,39907.07,Closed
ACC09358,CUST03627,BR043,Fixed Deposit,2025-06-17,93763.19,Closed
ACC09359,CUST04795,BR060,Savings,2020-01-11,15436.0,Dormant
ACC09360,CUST00066,BR031,Salary,2025-09-20,16586.31,Dormant
ACC09361,CUST07693,BR014,Current,2024-01-22,150836.82,Dormant
ACC09362,CUST02282,BR001,Savings,2020-07-02,78620.89,Closed
ACC09363,CUST04656,BR038,Salary,2023-05-25,13089.68,Dormant
ACC09364,CUST03794,BR056,Savings,2022-06-27,24968.93,Active
ACC09365,CUST05096,BR054,Savings,2020-08-11,59863.37,Dormant
ACC09366,CUST02286,BR044,Savings,2025-01-24,5706.03,Dormant
ACC09367,CUST06763,BR012,Salary,2024-12-25,10655.67,Closed
ACC09368,CUST03123,BR045,Current,2023-10-18,138077.51,Closed
ACC09369,CUST04293,BR027,Savings,2025-09-22,52980.57,Active
ACC09370,CUST07909,BR051,Savings,2022-06-19,30709.81,Active
ACC09371,CUST01598,BR051,Savings,2020-04-27,5680.25,Closed
ACC09372,CUST00423,BR036,Savings,2020-04-19,21058.95,Dormant
ACC09373,CUST03478,BR052,Savings,2019-04-30,12952.92,Closed
ACC09374,CUST03555,BR042,Salary,2024-11-05,16843.62,Dormant
ACC09375,CUST00088,BR060,Salary,2021-09-18,7581.43,Closed
ACC09376,CUST05508,BR014,Savings,2021-03-05,8750.35,Dormant
ACC09377,CUST04685,BR050,Savings,2020-11-18,3434.48,Dormant
ACC09378,CUST07213,BR037,Savings,2021-10-20,66146.3,Dormant
ACC09379,CUST05556,BR051,Savings,2024-11-30,15370.52,Active
ACC09380,CUST07654,BR019,Salary,2025-11-08,14913.2,Closed
ACC09381,CUST03134,BR060,Savings,2019-05-21,21982.14,Active
ACC09382,CUST06982,BR017,Salary,2021-10-20,6328.36,Dormant
ACC09383,CUST01498,BR016,Salary,2021-05-15,5533.94,Active
ACC09384,CUST02640,BR048,Savings,2020-07-30,8912.56,Active
ACC09385,CUST05208,BR046,Savings,2021-01-16,11489.04,Active
ACC09386,CUST00538,BR003,Salary,2021-08-20,17268.24,Closed
ACC09387,CUST07429,BR035,Fixed Deposit,2024-08-13,37144.44,Closed
ACC09388,CUST07645,BR025,Current,2025-10-28,208249.18,Active
ACC09389,CUST03458,BR019,Current,2021-07-23,101432.72,Active
ACC09390,CUST06134,BR025,Salary,2019-07-12,23525.77,Closed
ACC09391,CUST01064,BR011,Savings,2020-10-03,19777.63,Dormant
ACC09392,CUST03969,BR058,Current,2019-07-01,165095.72,Active
ACC09393,CUST05280,BR011,Savings,2021-08-20,18102.31,Active
ACC09394,CUST07968,BR009,Savings,2022-08-28,21415.38,Closed
ACC09395,CUST07831,BR016,Savings,2022-06-16,25667.4,Closed
ACC09396,CUST05608,BR029,Savings,2021-12-31,41425.04,Closed
ACC09397,CUST02989,BR026,Savings,2020-10-13,39074.18,Closed
ACC09398,CUST03627,BR057,Savings,2025-10-22,14362.66,Active
ACC09399,CUST03858,BR056,Savings,2019-06-27,13633.78,Dormant
ACC09400,CUST03536,BR013,Savings,2022-12-26,39179.65,Dormant
ACC09401,CUST01418,BR002,Salary,2020-04-09,22041.13,Dormant
ACC09402,CUST06714,BR043,Savings,2025-09-04,15459.58,Closed
ACC09403,CUST01031,BR006,Savings,2020-05-26,5279.2,Active
ACC09404,CUST04778,BR008,Current,2024-09-25,29515.89,Active
ACC09405,CUST04687,BR008,Fixed Deposit,2021-06-07,87039.34,Dormant
ACC09406,CUST01375,BR056,Current,2021-07-19,220889.28,Active
ACC09407,CUST02678,BR014,Savings,2020-02-20,7493.85,Active
ACC09408,CUST04344,BR018,Current,2021-04-01,23704.7,Active
ACC09409,CUST02003,BR048,Salary,2020-03-31,10172.24,Closed
ACC09410,CUST01283,BR004,Savings,2024-12-03,74624.55,Dormant
ACC09411,CUST06277,BR015,Savings,2022-03-02,21344.57,Dormant
ACC09412,CUST01162,BR024,Fixed Deposit,2025-11-28,34738.51,Dormant
ACC09413,CUST08007,BR043,Savings,2019-03-10,36418.27,Active
ACC09414,CUST05669,BR021,Savings,2020-05-25,15303.32,Dormant
ACC09415,CUST05701,BR014,Savings,2020-09-04,7317.7,Closed
ACC09416,CUST01340,BR023,Salary,2023-01-25,7151.37,Dormant
ACC09417,CUST00158,BR036,Savings,2023-11-11,104886.88,Active
ACC09418,CUST00353,BR048,Savings,2022-11-29,31125.67,Active
ACC09419,CUST03308,BR017,Fixed Deposit,2025-01-14,63873.26,Closed
ACC09420,CUST07328,BR056,Savings,2024-02-04,17590.17,Dormant
ACC09421,CUST03532,BR033,Savings,2025-09-19,28650.72,Closed
ACC09422,CUST00414,BR026,Salary,2020-06-20,16255.15,Dormant
ACC09423,CUST05875,BR050,Savings,2023-01-22,28651.24,Closed
ACC09424,CUST01778,BR048,Salary,2019-04-24,14478.09,Closed
ACC09425,CUST00618,BR033,Fixed Deposit,2022-03-04,100838.85,Closed
ACC09426,CUST07636,BR035,Savings,2021-11-19,22489.28,Active
ACC09427,CUST00539,BR005,Salary,2024-07-11,6737.49,Active
ACC09428,CUST01093,BR035,Fixed Deposit,2021-08-21,41462.57,Dormant
ACC09429,CUST01005,BR047,Current,2023-05-11,5018.98,Active
ACC09430,CUST01846,BR045,Savings,2022-09-01,136507.58,Closed
ACC09431,CUST02152,BR040,Salary,2022-07-16,24438.82,Active
ACC09432,CUST06521,BR037,Savings,2021-04-19,10435.16,Active
ACC09433,CUST02523,BR050,Salary,2019-11-26,10967.69,Closed
ACC09434,CUST03568,BR017,Savings,2019-12-19,12416.87,Closed
ACC09435,CUST03236,BR012,Savings,2019-04-30,88282.09,Dormant
ACC09436,CUST00521,BR011,Savings,2024-04-24,6137.12,Dormant
ACC09437,CUST00780,BR020,Salary,2019-01-06,14474.35,Active
ACC09438,CUST01347,BR008,Salary,2019-09-09,12382.39,Closed
ACC09439,CUST00888,BR008,Savings,2020-07-02,46358.26,Closed
ACC09440,CUST00943,BR024,Savings,2019-01-13,20058.17,Active
ACC09441,CUST04821,BR059,Savings,2025-05-02,4526.08,Dormant
ACC09442,CUST02837,BR049,Savings,2024-09-24,17570.8,Dormant
ACC09443,CUST02150,BR053,Savings,2024-12-04,9182.49,Active
ACC09444,CUST02511,BR018,Salary,2024-10-05,14125.06,Closed
ACC09445,CUST04913,BR031,Savings,2024-05-18,80078.23,Dormant
ACC09446,CUST05259,BR026,Savings,2024-05-08,4603.25,Active
ACC09447,CUST05799,BR003,Current,2024-01-16,16313.97,Closed
ACC09448,CUST04126,BR022,Savings,2023-08-23,13394.19,Closed
ACC09449,CUST01544,BR049,Savings,2019-11-02,15623.51,Dormant
ACC09450,CUST04309,BR033,Savings,2023-07-10,42877.95,Active
ACC09451,CUST01504,BR003,Savings,2023-08-02,18841.37,Closed
ACC09452,CUST01695,BR047,Fixed Deposit,2024-04-15,76840.08,Dormant
ACC09453,CUST02130,BR021,Fixed Deposit,2020-08-24,41131.77,Closed
ACC09454,CUST00223,BR038,Current,2024-04-28,45703.23,Active
ACC09455,CUST01816,BR043,Savings,2022-07-19,44356.65,Closed
ACC09456,CUST07831,BR029,Savings,2023-06-26,11395.01,Dormant
ACC09457,CUST04372,BR026,Salary,2020-02-24,23085.29,Active
ACC09458,CUST02143,BR003,Savings,2020-10-08,23089.55,Active
ACC09459,CUST02494,BR007,Savings,2019-03-14,56438.92,Active
ACC09460,CUST00686,BR005,Savings,2023-11-13,18374.55,Closed
ACC09461,CUST06773,BR049,Current,2019-08-27,53169.74,Dormant
ACC09462,CUST05764,BR029,Savings,2024-10-20,21236.03,Active
ACC09463,CUST05879,BR052,Current,2025-03-29,32984.33,Dormant
ACC09464,CUST00312,BR010,Savings,2019-01-24,27806.84,Closed
ACC09465,CUST07901,BR044,Savings,2025-01-25,35707.88,Dormant
ACC09466,CUST01268,BR004,Savings,2023-05-08,7153.75,Closed
ACC09467,CUST05204,BR024,Salary,2025-06-07,36444.42,Active
ACC09468,CUST04571,BR036,Salary,2025-03-19,3634.53,Active
ACC09469,CUST02876,BR004,Savings,2019-07-07,11892.57,Closed
ACC09470,CUST03510,BR019,Fixed Deposit,2024-08-06,56581.57,Closed
ACC09471,CUST07146,BR045,Savings,2024-09-08,31924.22,Active
ACC09472,CUST01672,BR045,Salary,2025-08-14,40268.34,Dormant
ACC09473,CUST06984,BR052,Fixed Deposit,2023-12-25,19634.14,Dormant
ACC09474,CUST06750,BR022,Savings,2025-05-03,13947.78,Active
ACC09475,CUST05647,BR017,Savings,2025-06-22,3248.18,Active
ACC09476,CUST02314,BR015,Savings,2024-03-26,22662.34,Dormant
ACC09477,CUST00554,BR057,Salary,2024-01-01,16158.13,Active
ACC09478,CUST04341,BR007,Savings,2023-08-04,92200.07,Dormant
ACC09479,CUST03776,BR034,Savings,2024-12-01,24552.56,Dormant
ACC09480,CUST03086,BR013,Salary,2025-11-01,27745.19,Dormant
ACC09481,CUST06396,BR010,Salary,2022-02-07,20104.24,Dormant
ACC09482,CUST07663,BR020,Salary,2025-11-22,9850.98,Active
ACC09483,CUST05838,BR035,Current,2024-03-03,8875.41,Closed
ACC09484,CUST03510,BR013,Savings,2019-01-08,28211.98,Active
ACC09485,CUST01300,BR015,Savings,2023-02-12,5750.88,Dormant
ACC09486,CUST01511,BR017,Salary,2022-12-06,33078.7,Dormant
ACC09487,CUST05119,BR010,Savings,2025-08-04,19037.08,Dormant
ACC09488,CUST03415,BR038,Savings,2025-02-15,64579.98,Active
ACC09489,CUST01826,BR051,Current,2020-03-29,22466.61,Active
ACC09490,CUST07453,BR007,Savings,2025-10-22,28056.22,Active
ACC09491,CUST02043,BR022,Current,2019-12-18,44772.48,Dormant
ACC09492,CUST03361,BR023,Current,2020-01-01,34716.0,Closed
ACC09493,CUST02415,BR030,Fixed Deposit,2024-07-08,46184.72,Active
ACC09494,CUST00386,BR050,Savings,2022-07-14,31357.55,Dormant
ACC09495,CUST06875,BR017,Savings,2024-03-14,9570.62,Dormant
ACC09496,CUST01541,BR056,Salary,2022-04-12,5729.57,Closed
ACC09497,CUST03482,BR030,Current,2025-04-05,125847.6,Active
ACC09498,CUST05062,BR026,Savings,2021-10-31,42380.82,Active
ACC09499,CUST07007,BR026,Savings,2024-01-02,23372.2,Closed
ACC09500,CUST03108,BR012,Savings,2024-08-01,98580.44,Closed
ACC09501,CUST04752,BR040,Savings,2020-03-19,17309.5,Closed
ACC09502,CUST07198,BR026,Salary,2023-09-02,33721.55,Active
ACC09503,CUST04133,BR043,Current,2025-01-21,43285.55,Active
ACC09504,CUST07900,BR044,Savings,2023-12-09,8758.01,Closed
ACC09505,CUST02248,BR007,Savings,2022-06-10,116219.53,Active
ACC09506,CUST01613,BR050,Current,2023-07-31,97803.03,Active
ACC09507,CUST04132,BR027,Savings,2023-09-04,19753.4,Closed
ACC09508,CUST04054,BR035,Savings,2024-05-11,42380.95,Active
ACC09509,CUST04636,BR002,Savings,2019-06-02,15316.21,Closed
ACC09510,CUST00670,BR055,Savings,2021-10-09,46454.76,Dormant
ACC09511,CUST00277,BR055,Salary,2023-02-06,2505.5,Active
ACC09512,CUST06270,BR020,Current,2025-06-04,13097.79,Active
ACC09513,CUST04557,BR013,Savings,2019-07-15,53174.48,Closed
ACC09514,CUST00009,BR014,Savings,2020-01-09,17593.94,Dormant
ACC09515,CUST07023,BR034,Salary,2020-11-26,15448.69,Closed
ACC09516,CUST02746,BR007,Savings,2020-05-02,6554.41,Active
ACC09517,CUST01375,BR007,Salary,2022-12-23,48703.54,Dormant
ACC09518,CUST03877,BR052,Current,2021-03-18,119435.25,Active
ACC09519,CUST06462,BR031,Current,2019-06-27,29712.25,Closed
ACC09520,CUST05175,BR031,Savings,2024-01-30,15302.53,Active
ACC09521,CUST02299,BR051,Savings,2024-12-13,55639.24,Active
ACC09522,CUST01456,BR014,Savings,2019-06-19,131166.58,Active
ACC09523,CUST07523,BR038,Savings,2023-01-30,51968.04,Active
ACC09524,CUST05789,BR055,Savings,2024-06-19,155534.43,Active
ACC09525,CUST07005,BR044,Savings,2022-12-22,9603.51,Closed
ACC09526,CUST02713,BR021,Current,2025-07-05,16004.31,Closed
ACC09527,CUST06281,BR058,Savings,2024-04-19,7554.91,Active
ACC09528,CUST05855,BR052,Savings,2020-10-17,32780.35,Active
ACC09529,CUST05314,BR042,Fixed Deposit,2022-01-22,66526.93,Active
ACC09530,CUST04253,BR054,Savings,2025-11-03,19211.11,Dormant
ACC09531,CUST05403,BR039,Fixed Deposit,2023-09-19,97300.09,Active
ACC09532,CUST03196,BR049,Salary,2020-04-22,31654.32,Closed
ACC09533,CUST07576,BR048,Salary,2021-06-16,4591.84,Dormant
ACC09534,CUST06111,BR022,Savings,2019-09-17,12870.91,Dormant
ACC09535,CUST03051,BR004,Salary,2020-11-27,23720.63,Dormant
ACC09536,CUST03703,BR008,Savings,2025-11-10,14458.46,Closed
ACC09537,CUST05492,BR031,Savings,2024-09-02,10738.76,Dormant
ACC09538,CUST04972,BR021,Savings,2022-01-18,55087.81,Active
ACC09539,CUST01818,BR003,Savings,2021-06-04,6901.2,Dormant
ACC09540,CUST06310,BR054,Salary,2024-08-23,10817.22,Active
ACC09541,CUST05228,BR040,Savings,2025-08-21,29607.4,Closed
ACC09542,CUST03131,BR043,Savings,2019-02-03,13141.92,Dormant
ACC09543,CUST02173,BR045,Savings,2023-02-27,44571.06,Dormant
ACC09544,CUST05134,BR025,Savings,2019-08-25,13200.51,Active
ACC09545,CUST03767,BR032,Savings,2022-08-23,78257.31,Active
ACC09546,CUST04097,BR059,Savings,2022-12-02,19669.58,Active
ACC09547,CUST04353,BR050,Current,2023-10-09,71059.31,Active
ACC09548,CUST07802,BR034,Savings,2022-04-13,43106.18,Dormant
ACC09549,CUST00657,BR047,Salary,2023-11-29,8610.37,Dormant
ACC09550,CUST00059,BR022,Savings,2021-04-04,3469.83,Dormant
ACC09551,CUST07741,BR004,Salary,2025-10-30,17197.67,Active
ACC09552,CUST03175,BR055,Savings,2021-02-19,23507.14,Active
ACC09553,CUST06877,BR005,Salary,2024-06-19,19713.88,Dormant
ACC09554,CUST02952,BR003,Savings,2020-12-24,17964.0,Closed
ACC09555,CUST05189,BR004,Salary,2024-02-25,9884.28,Closed
ACC09556,CUST05742,BR030,Savings,2020-10-01,134272.38,Active
ACC09557,CUST01181,BR055,Savings,2023-11-14,5854.01,Dormant
ACC09558,CUST01238,BR022,Savings,2022-06-19,42640.31,Active
ACC09559,CUST03493,BR029,Salary,2025-05-17,8935.42,Active
ACC09560,CUST05596,BR017,Salary,2021-06-02,10561.33,Closed
ACC09561,CUST00964,BR012,Savings,2022-02-23,16557.72,Dormant
ACC09562,CUST00784,BR031,Savings,2023-07-11,10688.34,Closed
ACC09563,CUST05015,BR057,Salary,2023-10-23,19927.52,Dormant
ACC09564,CUST00750,BR053,Salary,2019-03-03,35364.03,Active
ACC09565,CUST05684,BR022,Savings,2023-08-27,33624.57,Dormant
ACC09566,CUST00698,BR059,Salary,2022-04-03,14362.38,Dormant
ACC09567,CUST01060,BR011,Savings,2022-10-14,9065.25,Closed
ACC09568,CUST06579,BR008,Savings,2020-01-23,35071.45,Active
ACC09569,CUST04969,BR048,Savings,2023-01-29,153386.27,Dormant
ACC09570,CUST03043,BR029,Savings,2019-11-23,15636.68,Closed
ACC09571,CUST06701,BR039,Salary,2025-01-13,10268.25,Dormant
ACC09572,CUST05470,BR038,Savings,2021-04-15,13293.36,Active
ACC09573,CUST05176,BR023,Current,2023-06-29,22260.87,Dormant
ACC09574,CUST04127,BR045,Savings,2021-01-30,1861.67,Active
ACC09575,CUST06392,BR055,Savings,2019-10-17,31714.58,Active
ACC09576,CUST05860,BR024,Savings,2025-03-10,10290.77,Dormant
ACC09577,CUST07409,BR057,Savings,2022-05-25,5170.7,Active
ACC09578,CUST03811,BR039,Salary,2021-06-24,22634.55,Active
ACC09579,CUST03920,BR005,Savings,2022-01-16,8318.06,Active
ACC09580,CUST03442,BR039,Current,2025-10-05,25882.72,Active
ACC09581,CUST02131,BR020,Savings,2021-04-05,82437.7,Dormant
ACC09582,CUST05985,BR006,Fixed Deposit,2019-04-26,25705.76,Dormant
ACC09583,CUST00669,BR013,Savings,2019-04-29,5545.05,Active
ACC09584,CUST07820,BR022,Salary,2020-04-02,16131.26,Dormant
ACC09585,CUST07072,BR016,Savings,2022-10-02,61978.24,Dormant
ACC09586,CUST02706,BR008,Savings,2022-03-28,5340.6,Active
ACC09587,CUST06595,BR012,Salary,2023-09-22,17772.06,Dormant
ACC09588,CUST01340,BR035,Current,2020-04-27,64925.75,Dormant
ACC09589,CUST02727,BR005,Salary,2023-10-21,3160.82,Active
ACC09590,CUST07019,BR022,Savings,2021-12-02,45190.91,Active
ACC09591,CUST05887,BR024,Savings,2020-12-26,48481.87,Active
ACC09592,CUST04287,BR042,Salary,2025-08-14,10740.21,Dormant
ACC09593,CUST07492,BR019,Savings,2023-12-14,67989.72,Dormant
ACC09594,CUST06133,BR033,Savings,2021-10-06,61255.57,Closed
ACC09595,CUST00158,BR054,Current,2022-03-27,40260.17,Closed
ACC09596,CUST01227,BR050,Current,2024-08-01,23122.34,Closed
ACC09597,CUST00656,BR001,Savings,2022-01-16,9176.99,Active
ACC09598,CUST01019,BR059,Savings,2022-11-21,21294.26,Active
ACC09599,CUST06343,BR040,Savings,2025-09-07,36782.7,Active
ACC09600,CUST02659,BR039,Savings,2023-07-19,16452.63,Active
ACC09601,CUST05235,BR016,Salary,2022-03-04,2869.09,Dormant
ACC09602,CUST02874,BR032,Current,2022-07-06,129147.95,Dormant
ACC09603,CUST04336,BR043,Current,2021-09-25,43924.31,Closed
ACC09604,CUST02882,BR005,Savings,2022-11-08,15651.75,Active
ACC09605,CUST00397,BR019,Fixed Deposit,2022-12-24,100137.05,Dormant
ACC09606,CUST07289,BR006,Savings,2023-03-18,86870.58,Dormant
ACC09607,CUST04549,BR030,Savings,2022-01-06,1769.19,Closed
ACC09608,CUST01789,BR009,Current,2022-04-30,56064.81,Closed
ACC09609,CUST01487,BR046,Salary,2025-01-26,4921.39,Closed
ACC09610,CUST07109,BR054,Current,2025-09-21,59820.91,Active
ACC09611,CUST07141,BR060,Salary,2019-02-26,14611.28,Closed
ACC09612,CUST00158,BR045,Savings,2019-02-12,39032.65,Dormant
ACC09613,CUST03352,BR014,Savings,2024-03-27,14054.21,Active
ACC09614,CUST05629,BR018,Savings,2024-07-23,4080.95,Closed
ACC09615,CUST05154,BR038,Savings,2020-10-17,14686.27,Active
ACC09616,CUST03495,BR030,Savings,2023-01-19,31766.35,Active
ACC09617,CUST02243,BR050,Savings,2020-07-10,54932.1,Dormant
ACC09618,CUST04968,BR009,Fixed Deposit,2020-10-22,29640.63,Closed
ACC09619,CUST02613,BR058,Savings,2025-11-02,55511.99,Closed
ACC09620,CUST01832,BR056,Savings,2022-12-09,12294.59,Active
ACC09621,CUST07785,BR003,Savings,2024-04-14,30522.06,Closed
ACC09622,CUST07699,BR045,Salary,2023-04-18,9349.46,Active
ACC09623,CUST00831,BR011,Savings,2021-01-18,25950.69,Dormant
ACC09624,CUST01356,BR054,Savings,2024-02-11,49152.84,Active
ACC09625,CUST03668,BR021,Fixed Deposit,2023-05-27,28675.3,Closed
ACC09626,CUST05698,BR018,Savings,2023-07-10,11945.2,Active
ACC09627,CUST02933,BR006,Salary,2019-09-16,15206.43,Closed
ACC09628,CUST05280,BR058,Savings,2022-04-12,191266.93,Active
ACC09629,CUST02576,BR042,Current,2023-09-26,15318.4,Active
ACC09630,CUST05576,BR019,Salary,2020-08-29,55719.96,Dormant
ACC09631,CUST06201,BR007,Current,2025-10-17,269526.85,Active
ACC09632,CUST01030,BR036,Savings,2019-04-10,20179.45,Dormant
ACC09633,CUST03208,BR027,Current,2020-09-18,26952.93,Closed
ACC09634,CUST06010,BR033,Salary,2024-04-10,8230.11,Closed
ACC09635,CUST00190,BR010,Savings,2021-12-01,20715.09,Closed
ACC09636,CUST04889,BR057,Savings,2024-03-04,6210.23,Dormant
ACC09637,CUST02928,BR045,Savings,2023-03-12,20565.8,Dormant
ACC09638,CUST05874,BR002,Savings,2019-12-08,84727.22,Dormant
ACC09639,CUST01290,BR035,Savings,2021-02-03,12708.46,Closed
ACC09640,CUST04375,BR043,Savings,2020-12-15,17735.94,Active
ACC09641,CUST02766,BR050,Current,2023-01-03,6626.68,Active
ACC09642,CUST06274,BR049,Savings,2025-01-31,30842.72,Closed
ACC09643,CUST00556,BR005,Current,2025-11-20,47310.22,Dormant
ACC09644,CUST06599,BR022,Savings,2022-07-30,23326.19,Closed
ACC09645,CUST06354,BR002,Savings,2025-10-12,18121.52,Closed
ACC09646,CUST04869,BR031,Fixed Deposit,2021-08-22,50228.87,Dormant
ACC09647,CUST06763,BR036,Savings,2020-07-23,34603.5,Closed
ACC09648,CUST02275,BR041,Savings,2020-03-19,21462.55,Dormant
ACC09649,CUST03924,BR048,Savings,2024-08-23,29245.32,Closed
ACC09650,CUST00558,BR015,Salary,2025-12-10,15529.36,Dormant
ACC09651,CUST00317,BR059,Savings,2022-12-14,60541.51,Dormant
ACC09652,CUST01488,BR009,Savings,2022-03-22,40509.62,Active
ACC09653,CUST01638,BR026,Savings,2024-09-05,26201.6,Closed
ACC09654,CUST00164,BR023,Savings,2020-11-20,86385.91,Active
ACC09655,CUST05315,BR044,Fixed Deposit,2021-11-09,77046.25,Closed
ACC09656,CUST05813,BR051,Savings,2025-07-11,71286.8,Dormant
ACC09657,CUST07997,BR038,Salary,2022-07-21,20432.05,Dormant
ACC09658,CUST03429,BR001,Fixed Deposit,2019-11-01,19827.96,Closed
ACC09659,CUST00074,BR059,Fixed Deposit,2023-02-08,130993.22,Active
ACC09660,CUST07484,BR035,Savings,2022-03-19,24876.0,Dormant
ACC09661,CUST05215,BR021,Current,2019-01-23,34476.91,Active
ACC09662,CUST06010,BR005,Salary,2023-04-04,16267.81,Active
ACC09663,CUST02260,BR041,Savings,2024-04-14,16147.41,Active
ACC09664,CUST07695,BR037,Fixed Deposit,2021-01-14,68611.63,Dormant
ACC09665,CUST03161,BR038,Current,2020-08-24,20092.94,Dormant
ACC09666,CUST05119,BR028,Savings,2019-11-17,69344.7,Dormant
ACC09667,CUST03379,BR008,Salary,2024-07-11,12338.61,Dormant
ACC09668,CUST07490,BR006,Salary,2024-10-26,10220.91,Active
ACC09669,CUST00816,BR022,Savings,2024-08-28,9581.28,Active
ACC09670,CUST06756,BR046,Savings,2020-07-15,28054.33,Dormant
ACC09671,CUST00484,BR054,Savings,2021-10-31,26066.24,Closed
ACC09672,CUST00281,BR003,Savings,2025-03-05,31243.98,Closed
ACC09673,CUST00922,BR003,Savings,2022-03-17,8738.32,Dormant
ACC09674,CUST03083,BR029,Current,2023-01-30,7323.32,Closed
ACC09675,CUST05024,BR028,Fixed Deposit,2019-11-29,87147.27,Dormant
ACC09676,CUST06671,BR032,Fixed Deposit,2024-03-28,145915.81,Closed
ACC09677,CUST07092,BR059,Savings,2022-05-07,8745.39,Dormant
ACC09678,CUST06325,BR047,Current,2019-01-05,177982.64,Active
ACC09679,CUST02040,BR016,Savings,2022-11-13,28439.09,Active
ACC09680,CUST00641,BR031,Current,2023-02-01,36059.91,Closed
ACC09681,CUST04467,BR014,Fixed Deposit,2020-09-20,47167.99,Active
ACC09682,CUST00094,BR030,Current,2024-05-31,9095.02,Dormant
ACC09683,CUST05998,BR019,Salary,2020-06-02,26673.08,Active
ACC09684,CUST05559,BR009,Savings,2019-05-23,10959.42,Active
ACC09685,CUST03168,BR056,Savings,2019-03-30,10918.06,Closed
ACC09686,CUST05624,BR007,Savings,2025-03-18,53784.13,Dormant
ACC09687,CUST01700,BR034,Fixed Deposit,2024-11-20,19345.4,Dormant
ACC09688,CUST07159,BR013,Current,2025-01-22,7914.11,Closed
ACC09689,CUST00381,BR026,Savings,2025-06-03,21669.89,Active
ACC09690,CUST06449,BR054,Savings,2025-01-20,28680.02,Active
ACC09691,CUST04981,BR027,Savings,2022-06-06,34073.02,Closed
ACC09692,CUST01255,BR039,Fixed Deposit,2021-09-07,49957.15,Closed
ACC09693,CUST06281,BR005,Salary,2020-11-27,78531.79,Active
ACC09694,CUST02694,BR026,Savings,2019-08-21,17941.95,Closed
ACC09695,CUST03861,BR023,Current,2023-01-18,28831.21,Closed
ACC09696,CUST06711,BR032,Current,2023-05-28,16366.85,Active
ACC09697,CUST04167,BR048,Savings,2023-07-07,24624.97,Closed
ACC09698,CUST00614,BR029,Savings,2025-06-03,38309.96,Active
ACC09699,CUST00959,BR053,Fixed Deposit,2024-10-10,123271.79,Closed
ACC09700,CUST06054,BR013,Savings,2020-12-26,5765.48,Dormant
ACC09701,CUST05949,BR042,Salary,2020-08-17,11246.4,Active
ACC09702,CUST03564,BR049,Current,2021-04-25,56766.61,Active
ACC09703,CUST01205,BR033,Savings,2025-07-18,37359.85,Closed
ACC09704,CUST02008,BR044,Savings,2022-01-06,22156.67,Dormant
ACC09705,CUST07170,BR003,Savings,2021-04-24,35888.84,Dormant
ACC09706,CUST02505,BR032,Savings,2024-12-17,10635.28,Dormant
ACC09707,CUST04409,BR040,Current,2025-03-16,172457.38,Active
ACC09708,CUST07902,BR056,Salary,2020-12-03,26764.71,Closed
ACC09709,CUST06409,BR010,Savings,2024-07-08,6565.38,Active
ACC09710,CUST05810,BR013,Salary,2021-12-05,6294.48,Closed
ACC09711,CUST04542,BR007,Salary,2022-06-22,6419.88,Closed
ACC09712,CUST05812,BR050,Savings,2020-12-17,40545.21,Active
ACC09713,CUST02162,BR044,Savings,2020-08-27,6930.9,Closed
ACC09714,CUST01761,BR035,Current,2023-08-24,26081.35,Dormant
ACC09715,CUST00504,BR052,Savings,2023-08-27,33164.46,Closed
ACC09716,CUST00171,BR017,Fixed Deposit,2020-11-23,57543.73,Dormant
ACC09717,CUST00464,BR022,Savings,2024-04-07,27805.77,Active
ACC09718,CUST02701,BR006,Salary,2024-08-16,6335.59,Dormant
ACC09719,CUST02116,BR050,Savings,2021-10-20,37622.93,Active
ACC09720,CUST07688,BR017,Salary,2025-04-01,8697.16,Active
ACC09721,CUST06315,BR023,Savings,2019-08-09,16446.08,Dormant
ACC09722,CUST02630,BR027,Savings,2019-05-08,27281.35,Active
ACC09723,CUST01776,BR030,Savings,2022-12-22,24167.65,Active
ACC09724,CUST06397,BR004,Current,2020-02-15,37196.87,Dormant
ACC09725,CUST04029,BR038,Salary,2025-03-25,7899.55,Active
ACC09726,CUST02831,BR033,Salary,2025-10-03,10832.6,Active
ACC09727,CUST06569,BR037,Savings,2019-05-11,22069.8,Closed
ACC09728,CUST01386,BR011,Salary,2024-02-24,5102.27,Active
ACC09729,CUST03602,BR011,Savings,2020-09-19,14526.36,Active
ACC09730,CUST01949,BR009,Current,2021-09-23,53513.0,Dormant
ACC09731,CUST06785,BR054,Current,2020-11-25,10122.98,Dormant
ACC09732,CUST04693,BR005,Fixed Deposit,2019-05-26,119844.34,Active
ACC09733,CUST02829,BR059,Savings,2019-08-21,69054.54,Closed
ACC09734,CUST00145,BR024,Savings,2023-06-24,7182.22,Active
ACC09735,CUST05513,BR004,Savings,2024-12-04,74746.5,Closed
ACC09736,CUST06220,BR021,Current,2025-07-31,31458.31,Closed
ACC09737,CUST01098,BR056,Current,2019-01-19,55188.76,Active
ACC09738,CUST00008,BR045,Salary,2025-07-17,9436.54,Dormant
ACC09739,CUST05627,BR043,Salary,2024-02-14,25492.29,Closed
ACC09740,CUST04585,BR004,Savings,2022-07-09,31744.81,Active
ACC09741,CUST04661,BR006,Savings,2023-12-07,10585.73,Active
ACC09742,CUST02167,BR011,Salary,2019-07-24,5909.75,Active
ACC09743,CUST03929,BR032,Salary,2021-10-16,4806.81,Active
ACC09744,CUST04697,BR023,Savings,2019-02-13,26085.83,Closed
ACC09745,CUST03884,BR043,Savings,2024-02-24,36872.61,Dormant
ACC09746,CUST04696,BR024,Savings,2019-01-06,39571.68,Dormant
ACC09747,CUST04310,BR043,Savings,2020-11-22,19807.52,Active
ACC09748,CUST02978,BR041,Savings,2020-07-24,7775.27,Closed
ACC09749,CUST02046,BR029,Savings,2025-11-19,11921.9,Active
ACC09750,CUST01440,BR047,Salary,2023-11-23,29930.82,Active
ACC09751,CUST03178,BR041,Salary,2019-06-12,9516.29,Dormant
ACC09752,CUST07256,BR011,Savings,2021-02-15,25061.19,Active
ACC09753,CUST07935,BR004,Current,2024-08-17,12386.34,Active
ACC09754,CUST05377,BR021,Fixed Deposit,2022-06-26,73273.17,Dormant
ACC09755,CUST05458,BR019,Current,2022-02-21,22978.53,Closed
ACC09756,CUST07880,BR018,Current,2020-08-08,103436.45,Closed
ACC09757,CUST05128,BR050,Salary,2021-03-02,22959.58,Dormant
ACC09758,CUST06738,BR041,Savings,2022-06-06,14099.08,Dormant
ACC09759,CUST04545,BR015,Savings,2025-08-17,19653.34,Dormant
ACC09760,CUST00971,BR010,Savings,2020-03-19,13413.21,Dormant
ACC09761,CUST06777,BR057,Savings,2023-10-10,6139.57,Dormant
ACC09762,CUST01876,BR020,Salary,2021-10-25,7330.44,Dormant
ACC09763,CUST07043,BR003,Current,2021-05-02,44276.85,Active
ACC09764,CUST07179,BR008,Salary,2020-11-05,16775.62,Closed
ACC09765,CUST05471,BR046,Savings,2019-02-22,25177.18,Closed
ACC09766,CUST05972,BR038,Salary,2021-06-02,10816.05,Active
ACC09767,CUST06904,BR055,Fixed Deposit,2019-07-07,104803.24,Dormant
ACC09768,CUST00662,BR019,Savings,2022-06-07,23322.82,Closed
ACC09769,CUST03742,BR059,Savings,2024-02-19,41478.41,Dormant
ACC09770,CUST00178,BR047,Savings,2024-12-23,4463.12,Dormant
ACC09771,CUST03032,BR040,Current,2020-12-28,718.81,Dormant
ACC09772,CUST05172,BR017,Salary,2019-08-10,16295.62,Active
ACC09773,CUST03298,BR002,Current,2021-04-25,8736.23,Active
ACC09774,CUST02210,BR034,Fixed Deposit,2019-12-24,52708.34,Active
ACC09775,CUST01672,BR017,Savings,2025-02-04,16782.85,Dormant
ACC09776,CUST07323,BR031,Savings,2025-04-12,91918.77,Active
ACC09777,CUST02487,BR037,Savings,2024-09-15,31571.08,Closed
ACC09778,CUST03872,BR017,Salary,2022-02-03,15004.44,Dormant
ACC09779,CUST02179,BR053,Current,2023-11-19,83867.31,Closed
ACC09780,CUST03696,BR008,Current,2021-09-21,52496.28,Active
ACC09781,CUST05116,BR004,Savings,2025-02-17,14589.99,Closed
ACC09782,CUST02129,BR008,Salary,2023-01-14,28283.48,Dormant
ACC09783,CUST00621,BR047,Fixed Deposit,2021-06-24,30765.52,Dormant
ACC09784,CUST01384,BR020,Savings,2019-07-05,29463.94,Dormant
ACC09785,CUST04500,BR034,Savings,2025-01-03,5470.84,Active
ACC09786,CUST07063,BR033,Salary,2024-04-21,15409.83,Active
ACC09787,CUST02124,BR036,Savings,2023-07-23,26204.61,Closed
ACC09788,CUST07312,BR023,Salary,2023-07-28,43196.66,Dormant
ACC09789,CUST06810,BR027,Savings,2022-04-09,5385.81,Closed
ACC09790,CUST00215,BR037,Savings,2019-03-02,12825.64,Active
ACC09791,CUST05553,BR047,Savings,2023-07-24,46185.18,Active
ACC09792,CUST06134,BR008,Fixed Deposit,2024-08-31,73217.54,Active
ACC09793,CUST02148,BR020,Savings,2021-04-05,25907.16,Active
ACC09794,CUST07877,BR023,Savings,2023-01-31,9315.9,Closed
ACC09795,CUST05810,BR002,Savings,2025-09-25,12942.39,Active
ACC09796,CUST05507,BR024,Savings,2021-11-04,67544.16,Active
ACC09797,CUST00930,BR001,Savings,2020-03-07,21028.66,Dormant
ACC09798,CUST05961,BR008,Savings,2024-01-14,30878.76,Closed
ACC09799,CUST00214,BR048,Fixed Deposit,2024-05-09,55875.82,Active
ACC09800,CUST04205,BR007,Savings,2019-08-09,7594.83,Dormant
ACC09801,CUST07585,BR012,Savings,2020-10-05,51043.29,Dormant
ACC09802,CUST01731,BR004,Fixed Deposit,2021-09-09,80978.54,Dormant
ACC09803,CUST06342,BR018,Savings,2020-09-05,175443.64,Closed
ACC09804,CUST04785,BR003,Fixed Deposit,2025-07-22,32553.86,Dormant
ACC09805,CUST04435,BR008,Savings,2019-12-15,46180.63,Active
ACC09806,CUST04705,BR031,Salary,2021-11-02,5334.33,Active
ACC09807,CUST06717,BR030,Savings,2019-06-27,25377.34,Closed
ACC09808,CUST02769,BR007,Fixed Deposit,2024-12-30,107570.74,Dormant
ACC09809,CUST01879,BR014,Salary,2022-07-24,3132.25,Dormant
ACC09810,CUST06508,BR006,Current,2022-03-23,29586.32,Dormant
ACC09811,CUST07515,BR036,Salary,2025-02-02,9006.96,Active
ACC09812,CUST01615,BR056,Savings,2019-02-04,11710.47,Active
ACC09813,CUST06718,BR034,Savings,2024-12-06,31153.8,Dormant
ACC09814,CUST04436,BR039,Current,2019-08-15,111378.07,Active
ACC09815,CUST03352,BR014,Current,2024-02-27,31784.09,Active
ACC09816,CUST01780,BR049,Current,2023-08-15,44599.88,Active
ACC09817,CUST03522,BR010,Savings,2022-10-16,24413.17,Closed
ACC09818,CUST02013,BR028,Salary,2023-05-29,13376.6,Active
ACC09819,CUST04696,BR014,Current,2025-11-12,12217.9,Closed
ACC09820,CUST05121,BR036,Savings,2019-02-08,59730.62,Closed
ACC09821,CUST07672,BR035,Savings,2019-07-04,28729.39,Closed
ACC09822,CUST07009,BR022,Fixed Deposit,2020-12-21,75881.55,Dormant
ACC09823,CUST02422,BR021,Salary,2024-12-02,7596.5,Dormant
ACC09824,CUST03766,BR039,Fixed Deposit,2020-01-20,45454.53,Closed
ACC09825,CUST03945,BR011,Savings,2024-10-16,18797.5,Closed
ACC09826,CUST00220,BR012,Salary,2024-02-04,4564.72,Active
ACC09827,CUST02068,BR005,Salary,2024-11-20,4098.5,Closed
ACC09828,CUST03734,BR024,Savings,2020-09-17,12827.25,Dormant
ACC09829,CUST03572,BR031,Salary,2022-06-06,19259.59,Active
ACC09830,CUST00659,BR018,Savings,2023-04-28,12236.47,Dormant
ACC09831,CUST04065,BR019,Salary,2023-12-02,6547.49,Active
ACC09832,CUST07147,BR049,Savings,2019-04-18,10580.66,Dormant
ACC09833,CUST03935,BR029,Savings,2024-08-18,14620.67,Closed
ACC09834,CUST07721,BR059,Savings,2020-11-03,16018.94,Dormant
ACC09835,CUST06512,BR015,Savings,2023-02-11,154657.66,Closed
ACC09836,CUST07816,BR056,Savings,2019-11-27,56906.14,Closed
ACC09837,CUST03208,BR013,Savings,2023-03-11,55397.89,Dormant
ACC09838,CUST01644,BR026,Salary,2025-05-22,30272.84,Dormant
ACC09839,CUST03019,BR008,Savings,2023-02-17,8964.8,Dormant
ACC09840,CUST01090,BR026,Current,2020-06-19,10696.11,Dormant
ACC09841,CUST07378,BR036,Salary,2020-09-24,6156.05,Active
ACC09842,CUST04869,BR055,Savings,2020-01-01,73207.67,Active
ACC09843,CUST03508,BR004,Savings,2025-11-14,13460.67,Dormant
ACC09844,CUST05010,BR044,Savings,2019-07-21,7142.22,Active
ACC09845,CUST01900,BR032,Current,2022-09-02,23600.04,Active
ACC09846,CUST02147,BR054,Fixed Deposit,2020-10-20,51887.68,Active
ACC09847,CUST06040,BR002,Savings,2023-08-05,28045.18,Active
ACC09848,CUST05008,BR018,Savings,2024-02-07,27607.86,Active
ACC09849,CUST06661,BR036,Savings,2020-04-11,10452.93,Closed
ACC09850,CUST03368,BR031,Current,2024-07-16,72088.97,Closed
ACC09851,CUST01396,BR032,Savings,2025-05-21,12391.0,Closed
ACC09852,CUST06992,BR033,Savings,2025-03-08,19136.47,Dormant
ACC09853,CUST00030,BR006,Savings,2022-12-06,40867.76,Closed
ACC09854,CUST06186,BR053,Salary,2023-01-31,8524.72,Dormant
ACC09855,CUST01232,BR011,Salary,2023-12-30,8968.32,Active
ACC09856,CUST02425,BR028,Savings,2020-05-08,37515.19,Closed
ACC09857,CUST04430,BR002,Savings,2022-10-24,10178.57,Closed
ACC09858,CUST01626,BR060,Savings,2020-05-08,15579.13,Dormant
ACC09859,CUST03318,BR011,Savings,2024-09-17,36321.6,Closed
ACC09860,CUST02355,BR058,Salary,2024-05-16,56267.07,Closed
ACC09861,CUST02863,BR032,Savings,2019-12-31,37981.86,Closed
ACC09862,CUST00844,BR036,Savings,2023-10-26,33704.13,Closed
ACC09863,CUST05403,BR056,Savings,2023-06-19,35515.39,Dormant
ACC09864,CUST05261,BR037,Current,2023-11-16,12416.85,Active
ACC09865,CUST06331,BR030,Salary,2021-04-03,14485.71,Active
ACC09866,CUST06078,BR041,Savings,2022-05-24,21444.21,Dormant
ACC09867,CUST04433,BR051,Salary,2025-05-17,16732.52,Active
ACC09868,CUST04429,BR060,Current,2024-03-05,40802.88,Active
ACC09869,CUST01244,BR052,Savings,2022-01-07,30999.6,Dormant
ACC09870,CUST07337,BR019,Savings,2019-03-15,16641.91,Dormant
ACC09871,CUST05468,BR004,Fixed Deposit,2023-11-02,62017.09,Dormant
ACC09872,CUST07562,BR058,Fixed Deposit,2025-11-03,28661.29,Active
ACC09873,CUST01815,BR045,Fixed Deposit,2025-05-09,49417.29,Active
ACC09874,CUST04238,BR039,Savings,2025-09-23,77014.59,Closed
ACC09875,CUST04058,BR003,Savings,2022-06-21,29346.47,Dormant
ACC09876,CUST07481,BR046,Savings,2020-12-19,21615.61,Active
ACC09877,CUST01927,BR021,Fixed Deposit,2022-03-04,186777.62,Closed
ACC09878,CUST07768,BR038,Fixed Deposit,2024-05-02,26462.9,Closed
ACC09879,CUST02910,BR037,Salary,2021-02-21,6144.92,Dormant
ACC09880,CUST01621,BR033,Savings,2023-09-16,102892.52,Active
ACC09881,CUST01427,BR050,Current,2022-11-07,38023.55,Dormant
ACC09882,CUST02795,BR043,Current,2021-01-02,28493.09,Active
ACC09883,CUST00603,BR045,Savings,2021-03-24,7485.45,Closed
ACC09884,CUST07515,BR049,Salary,2025-01-05,18276.79,Dormant
ACC09885,CUST06662,BR035,Current,2020-05-20,62596.2,Active
ACC09886,CUST03468,BR009,Savings,2025-09-30,8225.18,Closed
ACC09887,CUST05309,BR015,Current,2025-06-18,31562.48,Active
ACC09888,CUST01789,BR023,Savings,2021-09-21,16285.59,Active
ACC09889,CUST07470,BR042,Savings,2020-08-21,27733.03,Active
ACC09890,CUST05526,BR022,Current,2023-08-10,11857.9,Closed
ACC09891,CUST03161,BR043,Salary,2020-02-26,32092.04,Active
ACC09892,CUST03826,BR057,Savings,2022-03-31,50223.65,Dormant
ACC09893,CUST01730,BR040,Salary,2020-07-22,10360.72,Active
ACC09894,CUST06906,BR053,Savings,2019-10-03,18128.18,Active
ACC09895,CUST02203,BR049,Current,2025-03-06,31684.34,Dormant
ACC09896,CUST02640,BR032,Savings,2025-12-13,10932.8,Closed
ACC09897,CUST02576,BR030,Savings,2024-06-15,14778.28,Dormant
ACC09898,CUST02721,BR021,Savings,2020-03-06,17270.53,Closed
ACC09899,CUST00633,BR044,Savings,2023-03-12,94049.97,Dormant
ACC09900,CUST05307,BR046,Savings,2022-05-14,51635.08,Active
ACC09901,CUST01341,BR013,Savings,2025-06-29,51082.09,Dormant
ACC09902,CUST06415,BR011,Savings,2022-12-10,30728.11,Closed
ACC09903,CUST07482,BR024,Savings,2024-01-30,8057.88,Closed
ACC09904,CUST05818,BR004,Savings,2019-09-10,21219.12,Closed
ACC09905,CUST00692,BR046,Current,2019-11-08,95845.08,Dormant
ACC09906,CUST00337,BR060,Fixed Deposit,2024-12-23,28142.64,Closed
ACC09907,CUST02265,BR053,Fixed Deposit,2023-11-19,87722.34,Active
ACC09908,CUST04984,BR019,Fixed Deposit,2022-11-21,241244.33,Dormant
ACC09909,CUST03978,BR024,Current,2025-07-11,105010.61,Closed
ACC09910,CUST02554,BR058,Savings,2019-04-05,78639.25,Active
ACC09911,CUST01653,BR013,Current,2022-10-20,45176.79,Closed
ACC09912,CUST00337,BR030,Current,2022-04-27,95600.37,Closed
ACC09913,CUST05956,BR006,Savings,2025-04-09,11544.13,Active
ACC09914,CUST01263,BR019,Savings,2020-06-21,45083.76,Dormant
ACC09915,CUST03463,BR019,Savings,2021-07-07,39693.76,Dormant
ACC09916,CUST05021,BR034,Salary,2025-10-13,16365.62,Active
ACC09917,CUST05316,BR017,Fixed Deposit,2025-10-24,131874.3,Active
ACC09918,CUST05908,BR009,Savings,2020-02-14,13562.9,Closed
ACC09919,CUST00102,BR010,Savings,2022-02-14,18613.61,Active
ACC09920,CUST01548,BR026,Salary,2023-09-22,14282.97,Dormant
ACC09921,CUST01126,BR056,Savings,2024-05-07,8719.79,Dormant
ACC09922,CUST06983,BR054,Savings,2019-01-02,27017.46,Closed
ACC09923,CUST04060,BR058,Salary,2025-04-15,4010.81,Active
ACC09924,CUST05178,BR009,Savings,2025-01-21,56514.87,Active
ACC09925,CUST02910,BR027,Salary,2020-02-15,13803.07,Dormant
ACC09926,CUST05934,BR045,Current,2024-01-17,21571.04,Active
ACC09927,CUST01907,BR042,Savings,2020-01-06,10394.83,Closed
ACC09928,CUST00992,BR034,Fixed Deposit,2021-09-09,52013.19,Closed
ACC09929,CUST03817,BR036,Savings,2020-12-02,40922.44,Dormant
ACC09930,CUST04183,BR031,Salary,2023-08-04,19602.6,Active
ACC09931,CUST03689,BR030,Savings,2023-06-19,11672.79,Active
ACC09932,CUST06036,BR013,Savings,2020-05-01,10286.26,Dormant
ACC09933,CUST07383,BR037,Savings,2023-09-24,39783.55,Active
ACC09934,CUST06987,BR057,Fixed Deposit,2022-06-17,38816.15,Dormant
ACC09935,CUST03822,BR058,Fixed Deposit,2020-06-12,62065.52,Dormant
ACC09936,CUST07902,BR046,Savings,2024-11-17,24621.59,Closed
ACC09937,CUST05968,BR034,Savings,2019-02-12,29168.83,Closed
ACC09938,CUST02831,BR004,Current,2024-03-22,85671.07,Dormant
ACC09939,CUST06865,BR038,Fixed Deposit,2019-01-18,28063.42,Dormant
ACC09940,CUST04153,BR003,Current,2024-04-05,5371.38,Active
ACC09941,CUST05211,BR030,Salary,2025-09-04,8980.29,Active
ACC09942,CUST07218,BR039,Salary,2023-01-03,47149.09,Closed
ACC09943,CUST04315,BR036,Savings,2021-11-06,135938.34,Dormant
ACC09944,CUST01499,BR017,Salary,2022-02-08,48137.85,Dormant
ACC09945,CUST03810,BR045,Savings,2020-09-05,18514.63,Active
ACC09946,CUST00123,BR034,Savings,2020-02-27,4429.74,Closed
ACC09947,CUST00846,BR058,Fixed Deposit,2021-05-29,14679.05,Closed
ACC09948,CUST04479,BR042,Savings,2019-04-14,12674.73,Closed
ACC09949,CUST05042,BR050,Savings,2020-04-11,18429.98,Closed
ACC09950,CUST00788,BR050,Salary,2020-03-10,33204.4,Dormant
ACC09951,CUST00407,BR058,Current,2020-07-07,86491.85,Dormant
ACC09952,CUST04564,BR037,Savings,2022-10-21,27028.97,Active
ACC09953,CUST04767,BR047,Salary,2022-08-21,7166.04,Active
ACC09954,CUST01078,BR055,Salary,2020-11-25,6818.91,Dormant
ACC09955,CUST00206,BR047,Savings,2022-11-12,27686.91,Closed
ACC09956,CUST01399,BR030,Savings,2021-05-07,41247.5,Closed
ACC09957,CUST01940,BR027,Savings,2025-07-27,31341.34,Dormant
ACC09958,CUST07473,BR008,Current,2025-12-03,12905.41,Active
ACC09959,CUST07966,BR037,Salary,2023-09-18,21067.09,Closed
ACC09960,CUST02418,BR041,Savings,2020-05-15,32316.07,Closed
ACC09961,CUST00968,BR041,Salary,2025-10-04,6314.06,Dormant
ACC09962,CUST04079,BR033,Savings,2021-10-31,10873.8,Dormant
ACC09963,CUST03052,BR049,Fixed Deposit,2025-12-02,90499.32,Dormant
ACC09964,CUST06241,BR014,Savings,2019-07-07,17835.45,Dormant
ACC09965,CUST00161,BR054,Savings,2024-11-06,92063.38,Active
ACC09966,CUST04259,BR008,Current,2024-07-31,59941.79,Dormant
ACC09967,CUST04926,BR038,Savings,2021-02-18,14214.7,Closed
ACC09968,CUST00109,BR017,Savings,2024-12-20,21825.08,Closed
ACC09969,CUST03524,BR014,Current,2020-01-06,38691.82,Active
ACC09970,CUST06854,BR020,Savings,2019-04-21,11435.17,Closed
ACC09971,CUST05096,BR031,Salary,2019-05-24,7052.86,Dormant
ACC09972,CUST06813,BR034,Savings,2019-09-15,41408.89,Closed
ACC09973,CUST07987,BR019,Savings,2024-09-05,47133.82,Dormant
ACC09974,CUST06381,BR013,Salary,2020-03-23,20386.88,Closed
ACC09975,CUST01466,BR050,Savings,2022-04-09,86144.92,Dormant
ACC09976,CUST06720,BR016,Current,2023-11-22,21125.3,Closed
ACC09977,CUST04205,BR001,Current,2020-05-29,193739.7,Dormant
ACC09978,CUST06117,BR044,Savings,2019-01-15,9790.53,Dormant
ACC09979,CUST04629,BR003,Salary,2023-12-12,6575.59,Dormant
ACC09980,CUST07786,BR020,Savings,2020-03-10,4518.96,Closed
ACC09981,CUST00258,BR005,Savings,2022-08-06,14746.84,Active
ACC09982,CUST03559,BR055,Savings,2025-02-24,13997.72,Active
ACC09983,CUST02405,BR050,Savings,2023-04-05,35360.25,Closed
ACC09984,CUST05930,BR053,Salary,2019-01-11,15846.81,Active
ACC09985,CUST02989,BR037,Savings,2019-08-06,7527.54,Active
ACC09986,CUST07765,BR018,Fixed Deposit,2019-12-31,47304.67,Dormant
ACC09987,CUST01388,BR001,Salary,2024-09-25,10300.8,Closed
ACC09988,CUST01224,BR037,Fixed Deposit,2023-08-08,20628.12,Dormant
ACC09989,CUST03627,BR055,Savings,2023-07-05,9110.18,Active
ACC09990,CUST00637,BR014,Savings,2022-03-16,11006.79,Active
ACC09991,CUST02324,BR033,Current,2023-12-07,152302.66,Dormant
ACC09992,CUST03212,BR039,Savings,2019-02-01,26168.34,Closed
ACC09993,CUST02636,BR038,Current,2020-12-10,70415.5,Active
ACC09994,CUST07357,BR032,Savings,2024-04-29,5717.16,Active
ACC09995,CUST04084,BR046,Savings,2024-02-02,64524.03,Closed
ACC09996,CUST06014,BR028,Savings,2020-09-22,71039.54,Active
ACC09997,CUST02674,BR018,Fixed Deposit,2021-06-07,18051.66,Dormant
ACC09998,CUST06601,BR050,Salary,2023-06-27,8154.12,Closed
ACC09999,CUST05873,BR044,Savings,2022-05-18,34412.98,Dormant
ACC10000,CUST06345,BR027,Savings,2023-03-08,39338.13,Closed
ACC10001,CUST00008,BR050,Current,2022-03-16,18425.77,Dormant
ACC10002,CUST00108,BR045,Current,2021-10-17,26755.64,Active
ACC10003,CUST06020,BR048,Savings,2020-08-29,12866.17,Active
ACC10004,CUST02723,BR054,Current,2023-08-03,40555.15,Active
ACC10005,CUST07032,BR042,Savings,2022-05-07,64696.39,Dormant
ACC10006,CUST05497,BR007,Savings,2021-01-28,11004.53,Active
ACC10007,CUST01590,BR017,Savings,2022-03-08,54216.38,Active
ACC10008,CUST06792,BR055,Savings,2025-08-20,10899.75,Dormant
ACC10009,CUST02063,BR032,Savings,2019-11-16,10271.57,Closed
ACC10010,CUST08003,BR025,Fixed Deposit,2019-05-13,97846.65,Dormant
ACC10011,CUST04318,BR002,Savings,2021-08-21,50500.71,Dormant
ACC10012,CUST04459,BR033,Savings,2022-11-12,47394.85,Dormant
ACC10013,CUST04557,BR008,Savings,2023-07-18,6739.78,Active
ACC10014,CUST05500,BR052,Salary,2024-02-24,9641.52,Active
ACC10015,CUST04794,BR035,Savings,2020-06-23,46197.91,Closed
ACC10016,CUST00058,BR034,Current,2025-08-05,37855.89,Active
ACC10017,CUST01729,BR008,Salary,2025-01-05,6300.69,Active
ACC10018,CUST01537,BR024,Savings,2025-01-31,33272.49,Closed
ACC10019,CUST06894,BR007,Savings,2021-07-05,11575.82,Closed
ACC10020,CUST00456,BR056,Salary,2025-06-10,46918.5,Closed
ACC10021,CUST04337,BR001,Salary,2020-11-30,39394.8,Closed
ACC10022,CUST02942,BR057,Savings,2020-11-08,37937.21,Closed
ACC10023,CUST03508,BR049,Salary,2021-12-21,34637.93,Dormant
ACC10024,CUST07052,BR056,Current,2022-04-24,38746.33,Dormant
ACC10025,CUST06376,BR026,Current,2023-10-28,78075.96,Closed
ACC10026,CUST00735,BR058,Salary,2021-01-16,37586.65,Dormant
ACC10027,CUST04346,BR022,Savings,2021-09-15,27472.72,Dormant
ACC10028,CUST03767,BR004,Current,2022-12-02,28136.22,Active
ACC10029,CUST01163,BR017,Savings,2023-12-14,4749.72,Closed
ACC10030,CUST02531,BR012,Salary,2022-09-22,12604.47,Active
ACC10031,CUST04822,BR009,Savings,2019-09-09,46215.98,Active
ACC10032,CUST06927,BR040,Savings,2020-07-20,51589.33,Closed
ACC10033,CUST07580,BR022,Fixed Deposit,2020-08-23,81033.59,Dormant
ACC10034,CUST03756,BR007,Savings,2024-07-20,13532.25,Dormant
ACC10035,CUST02003,BR046,Savings,2024-11-19,3717.7,Dormant
ACC10036,CUST00202,BR038,Current,2019-02-14,22132.11,Dormant
ACC10037,CUST02912,BR003,Savings,2025-12-16,16748.93,Dormant
ACC10038,CUST06774,BR031,Savings,2019-08-10,16620.03,Dormant
ACC10039,CUST03446,BR037,Savings,2021-03-29,38434.11,Dormant
ACC10040,CUST04443,BR051,Current,2021-02-02,264521.13,Active
ACC10041,CUST04324,BR037,Current,2024-03-30,41090.38,Closed
ACC10042,CUST01571,BR051,Savings,2023-04-21,18123.08,Closed
ACC10043,CUST03936,BR003,Savings,2023-07-22,17443.12,Dormant
ACC10044,CUST02924,BR042,Savings,2019-09-20,24635.56,Active
ACC10045,CUST07799,BR024,Savings,2025-03-01,10451.86,Closed
ACC10046,CUST07572,BR023,Current,2024-05-30,40953.75,Dormant
ACC10047,CUST02916,BR039,Salary,2022-12-30,18316.7,Dormant
ACC10048,CUST04629,BR004,Savings,2022-12-19,26601.36,Active
ACC10049,CUST04741,BR046,Savings,2025-09-30,33249.26,Dormant
ACC10050,CUST00070,BR019,Fixed Deposit,2024-04-20,77671.88,Active
ACC10051,CUST05857,BR015,Salary,2019-01-09,3864.83,Dormant
ACC10052,CUST01102,BR044,Fixed Deposit,2021-12-26,87739.03,Active
ACC10053,CUST04762,BR008,Salary,2022-03-02,8352.28,Dormant
ACC10054,CUST07683,BR035,Salary,2020-12-16,6203.77,Closed
ACC10055,CUST03708,BR002,Current,2020-11-21,12034.68,Closed
ACC10056,CUST07589,BR046,Savings,2023-07-25,32538.77,Closed
ACC10057,CUST00286,BR034,Fixed Deposit,2023-07-19,52389.16,Active
ACC10058,CUST03201,BR060,Savings,2020-05-11,4847.55,Active
ACC10059,CUST05785,BR007,Savings,2024-02-13,33868.28,Active
ACC10060,CUST06123,BR027,Current,2020-10-26,8607.52,Active
ACC10061,CUST02895,BR026,Current,2022-12-09,41765.31,Dormant
ACC10062,CUST04742,BR035,Savings,2022-09-21,27300.19,Closed
ACC10063,CUST01129,BR027,Current,2019-09-13,88042.69,Closed
ACC10064,CUST07164,BR003,Savings,2024-08-28,109482.1,Closed
ACC10065,CUST05198,BR032,Salary,2022-04-29,5139.58,Closed
ACC10066,CUST02273,BR006,Savings,2025-05-31,21010.41,Dormant
ACC10067,CUST06666,BR049,Savings,2023-11-24,17176.51,Active
ACC10068,CUST05820,BR056,Savings,2023-12-22,32544.86,Closed
ACC10069,CUST01859,BR053,Savings,2021-07-12,26744.98,Dormant
ACC10070,CUST03320,BR040,Current,2020-01-21,25526.02,Closed
ACC10071,CUST06190,BR004,Savings,2019-06-01,14811.93,Dormant
ACC10072,CUST01240,BR041,Savings,2023-03-14,8064.24,Dormant
ACC10073,CUST07734,BR012,Current,2020-01-30,97524.76,Active
ACC10074,CUST01128,BR006,Savings,2025-12-03,33299.04,Dormant
ACC10075,CUST01685,BR030,Current,2023-04-08,90922.99,Active
ACC10076,CUST03587,BR004,Savings,2022-01-10,16657.96,Closed
ACC10077,CUST04007,BR034,Salary,2024-02-24,8435.59,Closed
ACC10078,CUST04196,BR029,Savings,2025-01-30,8345.82,Closed
ACC10079,CUST03443,BR023,Current,2021-01-08,51995.77,Active
ACC10080,CUST05669,BR025,Fixed Deposit,2019-05-17,32084.36,Dormant
ACC10081,CUST01072,BR029,Savings,2024-09-13,116284.7,Closed
ACC10082,CUST01488,BR036,Savings,2025-01-25,6789.43,Active
ACC10083,CUST01257,BR039,Savings,2022-07-15,28177.92,Dormant
ACC10084,CUST01140,BR016,Savings,2019-12-02,90234.69,Dormant
ACC10085,CUST03054,BR057,Savings,2025-09-10,37766.61,Dormant
ACC10086,CUST00455,BR009,Savings,2023-07-24,25799.4,Dormant
ACC10087,CUST04625,BR026,Salary,2025-08-01,6782.23,Closed
ACC10088,CUST06460,BR005,Savings,2019-10-23,6351.26,Dormant
ACC10089,CUST06004,BR017,Fixed Deposit,2023-07-09,95037.81,Closed
ACC10090,CUST02388,BR035,Savings,2020-01-23,85436.83,Active
ACC10091,CUST01452,BR021,Savings,2024-01-13,14839.31,Active
ACC10092,CUST05298,BR035,Savings,2024-02-22,7901.79,Dormant
ACC10093,CUST02437,BR013,Savings,2024-02-02,2410.64,Dormant
ACC10094,CUST02807,BR040,Savings,2023-08-09,9111.67,Active
ACC10095,CUST00653,BR056,Savings,2022-10-29,19884.76,Closed
ACC10096,CUST07679,BR059,Salary,2021-12-17,40920.49,Closed
ACC10097,CUST00625,BR025,Current,2023-05-01,71191.85,Active
ACC10098,CUST05736,BR012,Salary,2023-06-12,16540.38,Dormant
ACC10099,CUST04270,BR006,Savings,2021-07-03,15365.69,Closed
ACC10100,CUST01422,BR059,Savings,2024-03-12,13031.84,Dormant
ACC10101,CUST02444,BR050,Current,2021-01-19,148100.68,Closed
ACC10102,CUST01416,BR003,Salary,2023-04-27,15375.29,Dormant
ACC10103,CUST05100,BR053,Salary,2021-10-07,3066.15,Closed
ACC10104,CUST03012,BR032,Savings,2025-09-30,12013.84,Closed
ACC10105,CUST06158,BR020,Savings,2021-06-27,10174.15,Closed
ACC10106,CUST06940,BR036,Current,2023-10-18,21030.65,Dormant
ACC10107,CUST02933,BR022,Savings,2019-02-27,36556.69,Dormant
ACC10108,CUST00784,BR005,Savings,2025-04-21,19996.24,Closed
ACC10109,CUST02347,BR053,Current,2025-06-26,33628.68,Dormant
ACC10110,CUST00952,BR016,Current,2020-12-25,135059.83,Dormant
ACC10111,CUST06951,BR039,Fixed Deposit,2024-03-04,39423.74,Closed
ACC10112,CUST01114,BR057,Fixed Deposit,2023-10-05,183234.08,Active
ACC10113,CUST01526,BR042,Current,2024-11-28,18558.67,Active
ACC10114,CUST01332,BR031,Salary,2021-05-18,14220.48,Active
ACC10115,CUST05800,BR043,Salary,2020-10-22,10972.61,Dormant
ACC10116,CUST07106,BR005,Fixed Deposit,2021-02-06,64476.2,Active
ACC10117,CUST06463,BR021,Savings,2019-07-13,32863.99,Closed
ACC10118,CUST05998,BR029,Savings,2024-03-14,32547.37,Dormant
ACC10119,CUST07673,BR060,Current,2024-01-21,17100.84,Active
ACC10120,CUST07159,BR041,Fixed Deposit,2022-06-05,30523.47,Dormant
ACC10121,CUST02446,BR034,Savings,2023-10-09,209578.7,Active
ACC10122,CUST00177,BR035,Savings,2021-07-08,14248.6,Active
ACC10123,CUST05510,BR045,Savings,2020-08-23,41327.82,Active
ACC10124,CUST02202,BR010,Current,2021-08-27,7276.16,Dormant
ACC10125,CUST06568,BR022,Current,2021-09-22,27457.3,Closed
ACC10126,CUST03969,BR051,Fixed Deposit,2019-02-25,55474.59,Active
ACC10127,CUST05884,BR007,Salary,2019-01-04,18601.0,Active
ACC10128,CUST01211,BR017,Salary,2020-01-31,1986.8,Active
ACC10129,CUST01882,BR010,Salary,2021-01-05,15007.4,Dormant
ACC10130,CUST06173,BR052,Current,2024-04-12,11501.8,Dormant
ACC10131,CUST04554,BR014,Savings,2024-06-10,29493.09,Closed
ACC10132,CUST02028,BR031,Savings,2023-06-17,8667.22,Active
ACC10133,CUST04197,BR048,Savings,2025-01-30,10199.21,Closed
ACC10134,CUST07881,BR023,Fixed Deposit,2022-02-26,50808.73,Closed
ACC10135,CUST04695,BR057,Savings,2024-02-03,8543.31,Closed
ACC10136,CUST01449,BR006,Savings,2021-04-11,14357.37,Active
ACC10137,CUST00013,BR036,Savings,2022-08-19,7524.82,Dormant
ACC10138,CUST01255,BR026,Current,2022-12-22,5807.06,Active
ACC10139,CUST00126,BR054,Savings,2025-12-28,55059.04,Closed
ACC10140,CUST03523,BR033,Savings,2023-10-17,6860.64,Closed
ACC10141,CUST07789,BR031,Savings,2022-09-29,18754.47,Dormant
ACC10142,CUST06768,BR006,Savings,2025-03-31,43373.41,Active
ACC10143,CUST02532,BR060,Current,2024-03-17,19634.74,Closed
ACC10144,CUST02853,BR017,Salary,2022-01-30,7497.94,Active
ACC10145,CUST01012,BR046,Savings,2023-03-05,27000.6,Closed
ACC10146,CUST05576,BR009,Salary,2021-12-13,29218.39,Active
ACC10147,CUST01268,BR026,Savings,2019-08-03,7689.54,Closed
ACC10148,CUST01421,BR028,Savings,2025-08-20,19242.31,Active
ACC10149,CUST06872,BR016,Fixed Deposit,2025-02-20,21173.45,Active
ACC10150,CUST06515,BR030,Savings,2023-04-23,15461.67,Active
ACC10151,CUST00222,BR049,Current,2020-12-25,37579.15,Dormant
ACC10152,CUST00963,BR034,Salary,2021-05-20,7344.91,Closed
ACC10153,CUST05934,BR016,Savings,2024-02-10,14598.99,Dormant
ACC10154,CUST05676,BR001,Current,2019-06-19,8881.92,Closed
ACC10155,CUST06632,BR027,Savings,2022-03-16,23608.7,Active
ACC10156,CUST05099,BR030,Savings,2021-05-25,56961.16,Dormant
ACC10157,CUST03459,BR007,Current,2024-08-09,12122.96,Active
ACC10158,CUST04451,BR026,Savings,2022-12-06,12576.63,Dormant
ACC10159,CUST05331,BR027,Salary,2021-04-11,18992.18,Active
ACC10160,CUST07862,BR023,Savings,2025-11-13,65570.53,Active
ACC10161,CUST00218,BR020,Savings,2024-11-03,5745.25,Dormant
ACC10162,CUST00741,BR050,Savings,2024-05-27,18922.25,Closed
ACC10163,CUST07794,BR042,Salary,2023-04-04,16288.12,Dormant
ACC10164,CUST01472,BR033,Savings,2022-10-06,20093.45,Active
ACC10165,CUST07577,BR018,Salary,2025-03-25,2359.6,Active
ACC10166,CUST03704,BR005,Savings,2020-08-21,34578.28,Closed
ACC10167,CUST00271,BR046,Salary,2021-08-26,38697.7,Active
ACC10168,CUST02177,BR042,Savings,2025-05-08,24464.92,Active
ACC10169,CUST02534,BR015,Current,2020-08-10,12950.56,Dormant
ACC10170,CUST06033,BR031,Savings,2022-12-03,13879.74,Active
ACC10171,CUST01781,BR034,Salary,2020-12-30,46117.1,Closed
ACC10172,CUST07048,BR051,Savings,2022-05-17,49959.42,Active
ACC10173,CUST05120,BR015,Savings,2022-08-21,39184.01,Dormant
ACC10174,CUST06530,BR027,Savings,2023-08-29,30356.66,Closed
ACC10175,CUST06268,BR059,Fixed Deposit,2023-03-01,40268.22,Dormant
ACC10176,CUST02594,BR019,Savings,2024-03-18,18388.6,Active
ACC10177,CUST00360,BR039,Savings,2019-01-19,20534.66,Active
ACC10178,CUST00394,BR010,Salary,2022-08-13,19627.8,Dormant
ACC10179,CUST04934,BR019,Fixed Deposit,2020-03-26,148056.81,Dormant
ACC10180,CUST00868,BR001,Savings,2025-07-04,60264.85,Dormant
ACC10181,CUST07916,BR015,Savings,2019-08-25,6139.84,Active
ACC10182,CUST01002,BR041,Savings,2019-03-07,26946.14,Closed
ACC10183,CUST07313,BR026,Current,2020-09-24,75868.99,Active
ACC10184,CUST01249,BR005,Savings,2020-10-28,38444.63,Active
ACC10185,CUST00116,BR019,Salary,2020-11-12,8600.16,Dormant
ACC10186,CUST02525,BR047,Savings,2025-06-05,303366.92,Active
ACC10187,CUST03710,BR008,Savings,2021-01-31,6978.74,Closed
ACC10188,CUST01662,BR016,Current,2021-07-15,12293.32,Closed
ACC10189,CUST04802,BR009,Salary,2023-02-27,15733.01,Active
ACC10190,CUST03021,BR060,Salary,2020-03-06,58792.06,Dormant
ACC10191,CUST07745,BR007,Salary,2020-11-16,7440.28,Active
ACC10192,CUST06492,BR013,Savings,2025-04-03,17339.71,Dormant
ACC10193,CUST00937,BR048,Fixed Deposit,2024-02-23,114276.5,Dormant
ACC10194,CUST01069,BR034,Current,2019-09-26,35672.59,Closed
ACC10195,CUST03528,BR050,Fixed Deposit,2020-08-25,48983.45,Dormant
ACC10196,CUST00930,BR053,Savings,2019-12-20,36646.37,Closed
ACC10197,CUST01804,BR009,Salary,2021-03-06,16167.57,Active
ACC10198,CUST05878,BR006,Savings,2025-02-04,55681.04,Closed
ACC10199,CUST03007,BR008,Current,2023-07-03,132120.4,Active
ACC10200,CUST01208,BR030,Savings,2022-05-26,29036.32,Closed
ACC10201,CUST05088,BR009,Salary,2023-07-28,16386.5,Closed
ACC10202,CUST02566,BR008,Savings,2019-06-15,26707.5,Active
ACC10203,CUST02925,BR002,Savings,2023-07-01,34208.09,Closed
ACC10204,CUST03902,BR020,Savings,2020-07-11,23147.77,Dormant
ACC10205,CUST03564,BR021,Savings,2019-05-10,22014.41,Active
ACC10206,CUST04228,BR018,Fixed Deposit,2021-06-01,122758.74,Closed
ACC10207,CUST07920,BR022,Savings,2025-05-03,86206.82,Dormant
ACC10208,CUST02233,BR053,Savings,2022-05-28,5671.46,Active
ACC10209,CUST03771,BR054,Savings,2019-03-01,22226.02,Active
ACC10210,CUST06892,BR032,Savings,2025-10-31,11851.09,Active
ACC10211,CUST00573,BR002,Salary,2024-01-23,10746.33,Active
ACC10212,CUST02070,BR054,Current,2025-02-02,54312.85,Active
ACC10213,CUST05890,BR014,Fixed Deposit,2023-08-24,89470.39,Closed
ACC10214,CUST00324,BR047,Salary,2020-09-27,12351.24,Closed
ACC10215,CUST00466,BR058,Savings,2025-05-28,3936.29,Active
ACC10216,CUST07435,BR002,Savings,2025-10-31,9241.5,Dormant
ACC10217,CUST06123,BR059,Savings,2021-08-21,49357.73,Closed
ACC10218,CUST02510,BR058,Savings,2019-12-26,1869.86,Dormant
ACC10219,CUST02466,BR034,Fixed Deposit,2024-09-28,122082.98,Closed
ACC10220,CUST04785,BR033,Salary,2022-01-25,19242.2,Active
ACC10221,CUST00846,BR021,Savings,2020-10-14,72009.87,Active
ACC10222,CUST04527,BR023,Fixed Deposit,2019-12-05,53149.21,Active
ACC10223,CUST01442,BR039,Savings,2023-07-14,3445.19,Dormant
ACC10224,CUST05033,BR039,Savings,2024-04-30,32445.8,Dormant
ACC10225,CUST05091,BR016,Salary,2024-01-27,32606.18,Dormant
ACC10226,CUST05322,BR031,Savings,2021-02-19,50627.47,Active
ACC10227,CUST02973,BR038,Savings,2020-07-31,12131.71,Active
ACC10228,CUST08002,BR045,Salary,2019-02-10,14196.24,Dormant
ACC10229,CUST03952,BR060,Savings,2023-10-23,13635.71,Closed
ACC10230,CUST06913,BR055,Savings,2020-11-15,10537.13,Dormant
ACC10231,CUST05923,BR015,Savings,2020-07-17,52044.26,Dormant
ACC10232,CUST04442,BR011,Savings,2020-05-05,7496.72,Active
ACC10233,CUST02736,BR034,Fixed Deposit,2025-01-23,35021.24,Active
ACC10234,CUST00401,BR033,Savings,2019-05-28,8154.92,Active
ACC10235,CUST07422,BR023,Savings,2019-05-19,5760.49,Active
ACC10236,CUST02976,BR045,Salary,2022-08-13,14801.59,Active
ACC10237,CUST04179,BR060,Savings,2020-03-31,62652.12,Closed
ACC10238,CUST05044,BR013,Savings,2023-03-25,18650.18,Closed
ACC10239,CUST07110,BR020,Fixed Deposit,2024-07-08,24259.2,Closed
ACC10240,CUST03104,BR047,Current,2021-09-25,84115.37,Dormant
ACC10241,CUST05770,BR008,Savings,2020-03-15,100421.5,Closed
ACC10242,CUST00603,BR022,Salary,2023-12-16,8498.38,Closed
ACC10243,CUST04976,BR012,Fixed Deposit,2019-01-24,44930.29,Active
ACC10244,CUST07607,BR036,Salary,2024-08-16,19167.33,Dormant
ACC10245,CUST01341,BR026,Savings,2025-09-27,94815.33,Closed
ACC10246,CUST02134,BR008,Current,2022-06-11,21593.89,Active
ACC10247,CUST03574,BR043,Savings,2024-01-28,6639.52,Active
ACC10248,CUST06153,BR010,Savings,2024-04-20,38881.61,Active
ACC10249,CUST02445,BR024,Current,2019-12-28,80746.35,Closed
ACC10250,CUST01643,BR010,Savings,2025-07-03,22148.35,Closed
ACC10251,CUST02573,BR038,Savings,2023-07-20,13328.77,Dormant
ACC10252,CUST06976,BR059,Current,2019-09-16,98162.42,Active
ACC10253,CUST06273,BR057,Savings,2022-09-23,35427.1,Closed
ACC10254,CUST03361,BR060,Current,2020-03-19,16840.88,Active
ACC10255,CUST05128,BR036,Savings,2019-12-08,23021.53,Closed
ACC10256,CUST07106,BR029,Fixed Deposit,2023-09-30,26608.22,Closed
ACC10257,CUST03364,BR059,Current,2022-02-23,72105.85,Closed
ACC10258,CUST03295,BR031,Savings,2019-12-05,17395.9,Closed
ACC10259,CUST03419,BR005,Savings,2019-07-20,14881.29,Dormant
ACC10260,CUST02619,BR057,Savings,2020-01-07,21384.31,Dormant
ACC10261,CUST03620,BR041,Savings,2021-07-31,22840.19,Closed
ACC10262,CUST03231,BR030,Fixed Deposit,2020-04-02,102432.37,Dormant
ACC10263,CUST01112,BR034,Salary,2020-08-31,20206.58,Dormant
ACC10264,CUST02328,BR046,Savings,2025-11-16,19134.18,Active
ACC10265,CUST01498,BR025,Salary,2022-05-06,22801.18,Active
ACC10266,CUST00267,BR039,Savings,2020-02-25,31592.14,Dormant
ACC10267,CUST03302,BR012,Savings,2021-03-01,15003.82,Active
ACC10268,CUST00025,BR006,Current,2019-10-07,32057.35,Closed
ACC10269,CUST00376,BR039,Current,2022-02-06,31312.64,Dormant
ACC10270,CUST07249,BR039,Savings,2023-05-11,34708.34,Dormant
ACC10271,CUST04777,BR010,Current,2023-06-14,25159.16,Dormant
ACC10272,CUST04074,BR007,Savings,2025-09-21,15500.56,Closed
ACC10273,CUST03210,BR013,Current,2023-11-16,260083.32,Closed
ACC10274,CUST07915,BR020,Savings,2022-03-10,51316.21,Closed
ACC10275,CUST02143,BR008,Savings,2022-11-24,11108.43,Active
ACC10276,CUST05473,BR030,Savings,2024-05-31,36821.86,Closed
ACC10277,CUST00662,BR032,Current,2023-01-07,40878.11,Active
ACC10278,CUST02877,BR041,Savings,2021-04-19,31332.03,Active
ACC10279,CUST04941,BR033,Salary,2019-06-11,14707.88,Active
ACC10280,CUST01525,BR050,Salary,2023-01-17,30722.48,Active
ACC10281,CUST00763,BR036,Savings,2025-05-05,30063.24,Active
ACC10282,CUST02651,BR043,Savings,2025-09-23,20829.39,Dormant
ACC10283,CUST05111,BR044,Savings,2021-06-17,56273.08,Closed
ACC10284,CUST02935,BR052,Savings,2021-02-10,27172.39,Closed
ACC10285,CUST03710,BR041,Savings,2022-03-12,24571.21,Dormant
ACC10286,CUST03688,BR058,Fixed Deposit,2019-03-10,72288.01,Active
ACC10287,CUST07346,BR050,Salary,2024-09-10,12512.38,Active
ACC10288,CUST04228,BR055,Salary,2021-05-28,13446.3,Closed
ACC10289,CUST00098,BR002,Savings,2021-04-18,12990.52,Dormant
ACC10290,CUST06731,BR043,Salary,2021-11-05,7896.56,Dormant
ACC10291,CUST02208,BR028,Savings,2019-11-11,8966.82,Active
ACC10292,CUST07239,BR010,Savings,2025-08-11,6293.14,Closed
ACC10293,CUST03801,BR028,Salary,2021-04-29,7217.02,Active
ACC10294,CUST00937,BR032,Savings,2019-08-22,18829.12,Closed
ACC10295,CUST04893,BR049,Current,2021-12-27,40260.16,Dormant
ACC10296,CUST05939,BR031,Savings,2023-11-13,17254.58,Dormant
ACC10297,CUST01378,BR046,Savings,2020-10-11,2643.52,Active
ACC10298,CUST04416,BR050,Savings,2022-11-25,90864.78,Dormant
ACC10299,CUST00980,BR015,Savings,2021-08-31,58561.46,Closed
ACC10300,CUST03143,BR024,Salary,2023-11-18,18252.04,Active
ACC10301,CUST00324,BR018,Salary,2022-11-07,50779.27,Closed
ACC10302,CUST03919,BR007,Salary,2020-05-13,6740.2,Active
ACC10303,CUST04686,BR045,Savings,2022-05-17,120434.66,Active
ACC10304,CUST04212,BR028,Savings,2024-01-02,9240.09,Dormant
ACC10305,CUST06949,BR056,Salary,2021-11-15,15789.75,Dormant
ACC10306,CUST04751,BR052,Savings,2023-06-12,6999.17,Closed
ACC10307,CUST02400,BR005,Savings,2022-07-15,22319.69,Active
ACC10308,CUST02959,BR056,Savings,2022-05-07,31180.55,Active
ACC10309,CUST06996,BR031,Savings,2021-02-18,19163.81,Active
ACC10310,CUST01275,BR041,Salary,2022-01-28,22020.17,Dormant
ACC10311,CUST01860,BR033,Current,2019-01-24,40095.3,Dormant
ACC10312,CUST05061,BR020,Savings,2023-07-21,13764.21,Dormant
ACC10313,CUST05484,BR001,Savings,2022-10-27,13225.05,Closed
ACC10314,CUST03719,BR006,Salary,2024-11-25,23567.87,Dormant
ACC10315,CUST03324,BR034,Current,2020-09-08,18887.54,Closed
ACC10316,CUST03513,BR023,Fixed Deposit,2025-10-01,103698.38,Dormant
ACC10317,CUST00745,BR032,Salary,2022-08-13,31441.95,Active
ACC10318,CUST05589,BR003,Savings,2023-04-28,4905.72,Dormant
ACC10319,CUST00835,BR038,Savings,2020-12-21,61061.31,Active
ACC10320,CUST06943,BR033,Salary,2023-11-21,56516.95,Dormant
ACC10321,CUST04894,BR054,Savings,2020-12-05,27634.03,Dormant
ACC10322,CUST02128,BR013,Salary,2019-07-19,20319.96,Closed
ACC10323,CUST01386,BR057,Savings,2020-06-09,56011.08,Active
ACC10324,CUST03864,BR056,Fixed Deposit,2019-12-21,50752.22,Active
ACC10325,CUST03709,BR016,Savings,2021-11-27,25953.25,Dormant
ACC10326,CUST06944,BR011,Savings,2022-09-19,6749.48,Active
ACC10327,CUST07031,BR015,Salary,2025-10-08,14721.21,Active
ACC10328,CUST05281,BR044,Savings,2020-06-13,34485.73,Closed
ACC10329,CUST05438,BR035,Savings,2025-05-25,35050.55,Dormant
ACC10330,CUST05803,BR013,Savings,2023-07-14,57462.18,Active
ACC10331,CUST06775,BR016,Savings,2025-12-26,10967.35,Closed
ACC10332,CUST00884,BR056,Savings,2025-09-08,13638.53,Active
ACC10333,CUST01207,BR050,Current,2022-02-14,241713.24,Active
ACC10334,CUST06074,BR044,Savings,2025-12-15,19239.19,Dormant
ACC10335,CUST01513,BR033,Current,2023-04-29,44357.35,Closed
ACC10336,CUST04621,BR040,Fixed Deposit,2023-02-26,57514.59,Closed
ACC10337,CUST07762,BR045,Savings,2020-08-30,10514.26,Dormant
ACC10338,CUST06666,BR060,Savings,2023-05-19,94956.7,Dormant
ACC10339,CUST04034,BR005,Savings,2024-05-16,13698.87,Active
ACC10340,CUST00309,BR041,Savings,2024-06-13,7985.98,Active
ACC10341,CUST02017,BR006,Savings,2024-12-19,14681.36,Closed
ACC10342,CUST02308,BR048,Current,2025-01-27,4906.39,Active
ACC10343,CUST03243,BR002,Savings,2024-12-10,12256.86,Dormant
ACC10344,CUST06205,BR037,Salary,2021-06-30,6783.92,Active
ACC10345,CUST02033,BR003,Savings,2025-02-04,38395.12,Closed
ACC10346,CUST04920,BR027,Savings,2025-09-25,12015.19,Closed
ACC10347,CUST03712,BR027,Salary,2025-09-14,24871.12,Active
ACC10348,CUST00329,BR025,Fixed Deposit,2020-12-26,138564.39,Active
ACC10349,CUST02016,BR056,Savings,2023-06-25,44491.69,Active
ACC10350,CUST00302,BR060,Salary,2025-06-10,11489.95,Closed
ACC10351,CUST04474,BR030,Savings,2021-08-31,25009.3,Closed
ACC10352,CUST07988,BR023,Savings,2022-01-10,5583.18,Dormant
ACC10353,CUST04584,BR017,Current,2024-01-11,31768.19,Closed
ACC10354,CUST05180,BR035,Current,2025-11-01,15360.61,Dormant
ACC10355,CUST04112,BR043,Savings,2019-08-19,41146.48,Active
ACC10356,CUST04692,BR046,Salary,2023-12-25,80896.57,Closed
ACC10357,CUST00383,BR028,Salary,2022-01-06,18955.99,Closed
ACC10358,CUST03031,BR042,Salary,2023-07-15,3314.96,Dormant
ACC10359,CUST07287,BR001,Salary,2023-11-04,10374.84,Dormant
ACC10360,CUST07647,BR034,Salary,2024-05-11,14555.78,Dormant
ACC10361,CUST06179,BR021,Fixed Deposit,2023-03-16,63096.11,Dormant
ACC10362,CUST03394,BR047,Salary,2019-08-21,8009.88,Closed
ACC10363,CUST05821,BR004,Current,2024-08-08,46411.0,Dormant
ACC10364,CUST05166,BR059,Savings,2021-10-07,7199.37,Closed
ACC10365,CUST04789,BR013,Savings,2019-08-27,9410.51,Closed
ACC10366,CUST05678,BR055,Savings,2024-02-13,39388.06,Closed
ACC10367,CUST03079,BR043,Savings,2020-05-22,8829.94,Active
ACC10368,CUST03945,BR014,Salary,2025-01-27,19472.3,Dormant
ACC10369,CUST07959,BR015,Salary,2023-04-11,5122.38,Closed
ACC10370,CUST00562,BR002,Savings,2024-02-05,107833.46,Closed
ACC10371,CUST03575,BR019,Savings,2021-11-30,10972.61,Closed
ACC10372,CUST02529,BR005,Savings,2022-02-04,18010.32,Active
ACC10373,CUST01922,BR031,Savings,2023-10-05,29659.92,Closed
ACC10374,CUST05842,BR046,Current,2023-10-22,20633.06,Dormant
ACC10375,CUST01097,BR055,Savings,2021-02-22,25060.93,Closed
ACC10376,CUST03949,BR027,Savings,2021-08-30,36968.48,Closed
ACC10377,CUST03902,BR036,Savings,2019-11-28,52289.55,Closed
ACC10378,CUST00604,BR054,Savings,2019-03-16,44906.94,Active
ACC10379,CUST01985,BR034,Fixed Deposit,2024-10-05,54009.42,Dormant
ACC10380,CUST02371,BR045,Fixed Deposit,2023-04-08,54831.54,Dormant
ACC10381,CUST07068,BR024,Savings,2021-10-27,182443.84,Active
ACC10382,CUST02414,BR018,Savings,2020-01-25,51787.3,Active
ACC10383,CUST01378,BR044,Current,2019-07-07,14446.05,Dormant
ACC10384,CUST06241,BR037,Fixed Deposit,2023-07-20,63576.1,Closed
ACC10385,CUST00742,BR018,Savings,2019-04-07,16291.05,Closed
ACC10386,CUST02347,BR052,Fixed Deposit,2025-05-01,55204.48,Active
ACC10387,CUST05437,BR035,Current,2023-03-24,10620.11,Active
ACC10388,CUST03970,BR035,Salary,2019-04-23,10013.14,Dormant
ACC10389,CUST00872,BR016,Fixed Deposit,2021-04-13,177536.85,Dormant
ACC10390,CUST07216,BR055,Salary,2025-03-13,20037.35,Active
ACC10391,CUST00917,BR017,Savings,2023-01-20,2340.11,Dormant
ACC10392,CUST02738,BR004,Current,2022-09-24,122605.05,Dormant
ACC10393,CUST02486,BR022,Savings,2025-08-03,58727.69,Dormant
ACC10394,CUST01214,BR042,Fixed Deposit,2025-06-29,48263.4,Closed
ACC10395,CUST03171,BR019,Salary,2025-07-24,22072.43,Closed
ACC10396,CUST05569,BR009,Savings,2025-09-19,10163.32,Closed
ACC10397,CUST01650,BR044,Current,2020-06-12,22691.47,Closed
ACC10398,CUST01792,BR059,Fixed Deposit,2024-04-06,147138.24,Dormant
ACC10399,CUST07415,BR026,Salary,2021-12-03,11045.62,Closed
ACC10400,CUST05934,BR045,Savings,2019-06-06,4093.85,Active
ACC10401,CUST05839,BR012,Savings,2022-06-25,20806.63,Active
ACC10402,CUST06738,BR017,Savings,2022-11-23,20522.36,Dormant
ACC10403,CUST02859,BR040,Salary,2025-07-17,30910.71,Dormant
ACC10404,CUST05813,BR054,Savings,2023-05-20,22312.51,Dormant
ACC10405,CUST00873,BR013,Savings,2024-12-08,15071.73,Active
ACC10406,CUST07488,BR007,Fixed Deposit,2022-12-05,112087.34,Closed
ACC10407,CUST00916,BR007,Savings,2024-12-12,24555.99,Dormant
ACC10408,CUST06288,BR013,Savings,2021-03-24,11214.69,Closed
ACC10409,CUST02426,BR027,Salary,2024-04-22,29986.37,Dormant
ACC10410,CUST05345,BR055,Savings,2020-05-13,26220.47,Closed
ACC10411,CUST06686,BR012,Savings,2022-12-20,22084.55,Closed
ACC10412,CUST02145,BR005,Savings,2024-08-27,25851.34,Active
ACC10413,CUST07457,BR010,Savings,2020-12-04,8403.46,Active
ACC10414,CUST05764,BR037,Savings,2022-11-01,13699.46,Dormant
ACC10415,CUST03040,BR004,Savings,2024-01-19,22097.6,Active
ACC10416,CUST04950,BR050,Savings,2022-09-07,18486.62,Dormant
ACC10417,CUST05276,BR054,Savings,2021-05-13,69229.72,Active
ACC10418,CUST03711,BR029,Savings,2020-12-13,26786.82,Closed
ACC10419,CUST03354,BR020,Savings,2023-03-19,47544.13,Active
ACC10420,CUST06299,BR037,Salary,2023-12-22,13447.88,Active
ACC10421,CUST07510,BR012,Savings,2019-03-24,56991.63,Dormant
ACC10422,CUST06205,BR024,Savings,2020-09-23,31501.01,Active
ACC10423,CUST01058,BR047,Salary,2020-10-03,13485.82,Closed
ACC10424,CUST03860,BR001,Savings,2024-12-20,21764.71,Dormant
ACC10425,CUST02217,BR038,Savings,2021-07-29,9330.14,Active
ACC10426,CUST06357,BR047,Savings,2019-10-21,34760.05,Closed
ACC10427,CUST07459,BR019,Savings,2021-03-30,21243.7,Closed
ACC10428,CUST06050,BR056,Savings,2023-12-04,14019.54,Dormant
ACC10429,CUST03989,BR060,Fixed Deposit,2022-08-03,116294.04,Dormant
ACC10430,CUST04110,BR040,Salary,2021-01-27,5568.32,Dormant
ACC10431,CUST02252,BR057,Savings,2023-11-06,15059.34,Dormant
ACC10432,CUST06059,BR010,Savings,2020-01-07,55544.89,Closed
ACC10433,CUST03471,BR017,Salary,2022-03-05,16661.67,Dormant
ACC10434,CUST02037,BR049,Savings,2021-03-08,21097.86,Active
ACC10435,CUST03582,BR034,Savings,2020-10-08,27609.17,Active
ACC10436,CUST05642,BR017,Savings,2020-05-27,25886.39,Dormant
ACC10437,CUST00575,BR016,Savings,2022-11-11,5625.15,Dormant
ACC10438,CUST05699,BR038,Salary,2022-02-14,10462.12,Closed
ACC10439,CUST04205,BR033,Savings,2025-12-13,94359.71,Closed
ACC10440,CUST00836,BR040,Salary,2020-03-26,8420.91,Active
ACC10441,CUST00255,BR048,Savings,2021-12-25,16539.87,Dormant
ACC10442,CUST00118,BR028,Savings,2019-11-05,13528.33,Dormant
ACC10443,CUST00356,BR032,Savings,2025-05-21,20367.31,Active
ACC10444,CUST07303,BR039,Savings,2023-08-25,13032.34,Active
ACC10445,CUST02209,BR060,Savings,2022-04-09,34134.62,Closed
ACC10446,CUST04212,BR009,Savings,2020-09-20,26306.78,Dormant
ACC10447,CUST03772,BR024,Savings,2020-02-21,44187.31,Active
ACC10448,CUST04737,BR037,Savings,2022-10-28,8553.99,Closed
ACC10449,CUST02965,BR010,Savings,2022-02-21,16215.03,Active
ACC10450,CUST06892,BR026,Savings,2024-06-02,17977.02,Active
ACC10451,CUST07774,BR037,Salary,2025-09-10,18378.8,Active
ACC10452,CUST00661,BR009,Salary,2019-10-05,7667.49,Closed
ACC10453,CUST05532,BR034,Current,2022-09-24,90730.95,Dormant
ACC10454,CUST07427,BR053,Savings,2021-07-20,64072.72,Active
ACC10455,CUST00348,BR015,Savings,2019-06-17,9045.43,Active
ACC10456,CUST01591,BR042,Current,2025-08-17,22228.42,Dormant
ACC10457,CUST00012,BR015,Fixed Deposit,2020-03-07,43514.13,Dormant
ACC10458,CUST02996,BR032,Current,2022-10-21,505036.61,Active
ACC10459,CUST05649,BR051,Savings,2020-09-08,14959.32,Active
ACC10460,CUST05980,BR014,Current,2025-12-01,194390.72,Active
ACC10461,CUST00901,BR047,Salary,2022-07-16,5504.7,Dormant
ACC10462,CUST07729,BR038,Current,2024-01-15,13498.7,Active
ACC10463,CUST02946,BR060,Fixed Deposit,2025-04-20,39657.58,Dormant
ACC10464,CUST00276,BR029,Savings,2025-12-06,10289.5,Dormant
ACC10465,CUST04975,BR046,Salary,2024-05-12,11075.28,Closed
ACC10466,CUST01852,BR029,Savings,2022-07-01,11638.8,Active
ACC10467,CUST04114,BR047,Salary,2019-01-09,7528.57,Active
ACC10468,CUST07675,BR027,Fixed Deposit,2024-03-18,119980.34,Closed
ACC10469,CUST01175,BR013,Savings,2024-03-30,66264.81,Closed
ACC10470,CUST00888,BR022,Salary,2023-03-21,25965.07,Closed
ACC10471,CUST06572,BR001,Savings,2019-01-25,35298.62,Active
ACC10472,CUST02790,BR019,Fixed Deposit,2024-09-29,63300.33,Active
ACC10473,CUST03684,BR053,Savings,2019-02-09,14082.28,Active
ACC10474,CUST03522,BR044,Current,2024-08-11,14000.42,Dormant
ACC10475,CUST06453,BR033,Savings,2025-05-01,30537.05,Closed
ACC10476,CUST06764,BR045,Current,2019-08-24,11230.29,Closed
ACC10477,CUST05465,BR035,Salary,2023-07-03,6662.54,Dormant
ACC10478,CUST03516,BR031,Savings,2025-02-27,62169.63,Active
ACC10479,CUST03757,BR021,Savings,2019-04-28,121854.64,Active
ACC10480,CUST05763,BR020,Savings,2025-07-08,31381.24,Dormant
ACC10481,CUST04665,BR038,Savings,2022-11-07,59623.88,Dormant
ACC10482,CUST05204,BR038,Fixed Deposit,2021-06-11,51662.68,Closed
ACC10483,CUST05583,BR052,Savings,2020-05-24,6608.38,Active
ACC10484,CUST04574,BR008,Salary,2021-06-22,20506.97,Closed
ACC10485,CUST00928,BR019,Savings,2022-02-09,36767.16,Dormant
ACC10486,CUST03536,BR035,Savings,2022-08-29,23494.03,Closed
ACC10487,CUST05231,BR017,Savings,2025-02-02,17709.6,Closed
ACC10488,CUST05430,BR044,Salary,2024-08-28,26200.86,Active
ACC10489,CUST07916,BR024,Savings,2024-08-27,9071.02,Active
ACC10490,CUST07146,BR038,Savings,2021-05-07,10977.44,Dormant
ACC10491,CUST00671,BR008,Fixed Deposit,2022-09-06,32700.19,Dormant
ACC10492,CUST06862,BR044,Savings,2024-06-20,23777.04,Closed
ACC10493,CUST07323,BR021,Savings,2022-04-24,8274.19,Active
ACC10494,CUST03962,BR059,Current,2025-11-27,18320.17,Closed
ACC10495,CUST07165,BR036,Salary,2021-06-11,8151.61,Active
ACC10496,CUST05391,BR056,Current,2020-12-31,27984.1,Active
ACC10497,CUST05310,BR050,Savings,2020-04-03,5775.4,Closed
ACC10498,CUST01366,BR053,Salary,2022-02-25,14200.66,Closed
ACC10499,CUST02967,BR001,Salary,2023-05-22,31987.89,Dormant
ACC10500,CUST02202,BR012,Savings,2022-06-18,24883.05,Active
ACC10501,CUST03427,BR036,Savings,2019-05-09,88184.72,Active
ACC10502,CUST04114,BR007,Savings,2024-06-20,73174.21,Dormant
ACC10503,CUST07899,BR041,Current,2019-05-28,79042.03,Active
ACC10504,CUST01204,BR001,Salary,2025-12-12,14076.75,Active
ACC10505,CUST02106,BR026,Savings,2023-09-03,22477.06,Active
ACC10506,CUST06967,BR028,Savings,2020-10-01,43801.34,Dormant
ACC10507,CUST02058,BR037,Fixed Deposit,2022-11-13,47334.64,Dormant
ACC10508,CUST00991,BR011,Savings,2021-08-21,4047.0,Closed
ACC10509,CUST02007,BR014,Savings,2021-09-21,34296.67,Active
ACC10510,CUST00408,BR003,Current,2019-06-21,11718.59,Closed
ACC10511,CUST05868,BR049,Fixed Deposit,2023-02-22,33614.58,Closed
ACC10512,CUST00840,BR002,Current,2023-12-24,36323.64,Dormant
ACC10513,CUST04873,BR015,Savings,2021-10-13,20219.19,Dormant
ACC10514,CUST00477,BR042,Savings,2020-02-21,6180.36,Closed
ACC10515,CUST03466,BR008,Savings,2024-12-02,25564.05,Dormant
ACC10516,CUST03835,BR025,Savings,2024-07-24,52550.28,Active
ACC10517,CUST05768,BR045,Savings,2022-09-11,7978.4,Closed
ACC10518,CUST07920,BR036,Current,2025-10-18,129635.68,Active
ACC10519,CUST04250,BR045,Savings,2022-04-15,5409.14,Closed
ACC10520,CUST02796,BR051,Salary,2019-05-08,58813.51,Active
ACC10521,CUST00609,BR004,Current,2023-12-04,24070.43,Closed
ACC10522,CUST03659,BR016,Savings,2022-03-18,25110.85,Active
ACC10523,CUST04779,BR056,Savings,2023-02-14,4012.5,Dormant
ACC10524,CUST01748,BR020,Salary,2019-03-11,12791.1,Active
ACC10525,CUST01628,BR019,Savings,2025-09-10,27055.19,Dormant
ACC10526,CUST04175,BR033,Savings,2024-12-26,20382.95,Closed
ACC10527,CUST05343,BR049,Savings,2023-12-07,13269.55,Active
ACC10528,CUST00660,BR037,Savings,2024-09-18,9396.49,Dormant
ACC10529,CUST04536,BR053,Savings,2021-03-25,60929.57,Closed
ACC10530,CUST02821,BR028,Salary,2021-01-25,13650.96,Active
ACC10531,CUST03670,BR005,Savings,2024-05-18,88139.59,Dormant
ACC10532,CUST07076,BR045,Savings,2021-06-16,13713.91,Closed
ACC10533,CUST04835,BR024,Savings,2020-09-10,14893.57,Closed
ACC10534,CUST00706,BR007,Savings,2020-01-19,45891.48,Active
ACC10535,CUST00283,BR049,Savings,2024-05-15,5111.88,Dormant
ACC10536,CUST06010,BR028,Salary,2022-05-24,5713.43,Closed
ACC10537,CUST04678,BR036,Current,2025-11-18,108823.76,Closed
ACC10538,CUST02619,BR027,Savings,2024-02-14,7671.44,Dormant
ACC10539,CUST00525,BR017,Savings,2020-09-02,4284.91,Closed
ACC10540,CUST05997,BR028,Salary,2019-09-14,49413.01,Closed
ACC10541,CUST01267,BR045,Fixed Deposit,2020-04-08,25944.36,Active
ACC10542,CUST06437,BR012,Salary,2025-07-17,15197.46,Dormant
ACC10543,CUST04030,BR009,Savings,2021-02-25,23439.47,Dormant
ACC10544,CUST02714,BR013,Fixed Deposit,2023-08-29,11088.05,Closed
ACC10545,CUST00116,BR042,Current,2021-06-16,27796.99,Dormant
ACC10546,CUST05128,BR055,Salary,2025-10-08,18285.97,Closed
ACC10547,CUST04194,BR023,Fixed Deposit,2019-06-26,74056.65,Dormant
ACC10548,CUST01997,BR001,Current,2021-05-08,89636.75,Closed
ACC10549,CUST02934,BR060,Savings,2019-09-28,15541.32,Dormant
ACC10550,CUST04264,BR005,Current,2020-03-23,74050.64,Dormant
ACC10551,CUST03722,BR059,Salary,2020-06-30,8245.89,Closed
ACC10552,CUST07697,BR009,Savings,2019-01-05,6189.31,Closed
ACC10553,CUST06397,BR003,Current,2019-08-03,9919.64,Active
ACC10554,CUST07531,BR048,Savings,2024-08-02,5908.22,Active
ACC10555,CUST05783,BR002,Savings,2019-10-01,54645.79,Active
ACC10556,CUST02232,BR060,Savings,2021-01-18,5635.74,Dormant
ACC10557,CUST05353,BR016,Salary,2025-01-06,16184.79,Active
ACC10558,CUST04761,BR044,Savings,2023-10-12,17338.21,Closed
ACC10559,CUST04732,BR024,Current,2020-06-02,32772.71,Active
ACC10560,CUST04054,BR021,Fixed Deposit,2024-12-08,135694.92,Active
ACC10561,CUST01345,BR003,Savings,2022-06-07,14844.96,Active
ACC10562,CUST03075,BR017,Current,2019-03-16,66943.32,Closed
ACC10563,CUST01241,BR019,Savings,2019-06-11,22783.85,Closed
ACC10564,CUST05456,BR014,Savings,2020-08-08,19209.94,Closed
ACC10565,CUST03613,BR059,Savings,2024-01-01,174550.99,Closed
ACC10566,CUST06552,BR007,Savings,2019-04-24,6019.7,Active
ACC10567,CUST01058,BR019,Salary,2025-04-14,32938.33,Dormant
ACC10568,CUST04716,BR060,Savings,2019-05-06,39765.93,Dormant
ACC10569,CUST06656,BR045,Salary,2024-07-25,9550.34,Dormant
ACC10570,CUST02193,BR009,Current,2019-05-04,185223.51,Closed
ACC10571,CUST02254,BR018,Savings,2019-05-12,4174.3,Closed
ACC10572,CUST01623,BR030,Savings,2021-06-29,13772.24,Dormant
ACC10573,CUST04668,BR059,Current,2024-02-06,10845.63,Active
ACC10574,CUST05406,BR050,Savings,2020-09-20,31916.4,Active
ACC10575,CUST03860,BR056,Savings,2023-01-20,8088.85,Active
ACC10576,CUST06904,BR017,Salary,2023-02-09,18090.55,Closed
ACC10577,CUST06953,BR006,Savings,2023-04-26,18624.02,Dormant
ACC10578,CUST06160,BR059,Fixed Deposit,2024-02-04,44908.74,Closed
ACC10579,CUST07641,BR012,Savings,2024-12-17,31250.25,Active
ACC10580,CUST00253,BR025,Savings,2021-08-03,17296.17,Closed
ACC10581,CUST02587,BR040,Salary,2020-02-29,6235.14,Active
ACC10582,CUST05864,BR015,Savings,2020-11-07,274096.55,Active
ACC10583,CUST03984,BR018,Savings,2019-05-17,14207.84,Closed
ACC10584,CUST03292,BR037,Current,2022-08-19,3953.64,Dormant
ACC10585,CUST02791,BR041,Savings,2023-01-02,10322.81,Closed
ACC10586,CUST04357,BR042,Savings,2024-03-23,7040.62,Active
ACC10587,CUST06516,BR052,Salary,2019-06-05,23820.5,Dormant
ACC10588,CUST04782,BR014,Savings,2024-02-28,29421.69,Dormant
ACC10589,CUST06047,BR007,Savings,2025-02-12,31534.63,Active
ACC10590,CUST00546,BR033,Current,2021-02-04,25083.8,Active
ACC10591,CUST01959,BR044,Current,2022-10-22,27464.51,Active
ACC10592,CUST06484,BR011,Salary,2021-06-11,10304.63,Dormant
ACC10593,CUST06294,BR014,Savings,2022-07-09,20474.31,Dormant
ACC10594,CUST04087,BR029,Fixed Deposit,2019-10-23,98834.31,Closed
ACC10595,CUST06984,BR022,Savings,2021-04-20,29806.09,Closed
ACC10596,CUST06540,BR042,Current,2021-11-21,59880.9,Closed
ACC10597,CUST02223,BR014,Savings,2019-05-22,34530.66,Dormant
ACC10598,CUST01183,BR015,Salary,2019-11-17,24812.67,Closed
ACC10599,CUST04034,BR023,Savings,2019-06-23,28547.8,Closed
ACC10600,CUST00888,BR056,Current,2020-08-15,51992.15,Closed
ACC10601,CUST00407,BR040,Savings,2025-07-25,64210.73,Active
ACC10602,CUST05569,BR053,Fixed Deposit,2021-11-19,40173.89,Active
ACC10603,CUST06373,BR001,Savings,2024-07-07,10196.83,Dormant
ACC10604,CUST04345,BR056,Savings,2020-12-29,7575.47,Dormant
ACC10605,CUST01651,BR030,Savings,2020-08-09,25968.07,Active
ACC10606,CUST02725,BR022,Fixed Deposit,2021-02-23,19687.92,Active
ACC10607,CUST04038,BR009,Savings,2022-07-23,33387.56,Dormant
ACC10608,CUST07339,BR003,Savings,2024-09-08,19964.8,Dormant
ACC10609,CUST00685,BR021,Salary,2025-05-25,29562.08,Active
ACC10610,CUST06104,BR009,Savings,2020-05-04,12031.39,Active
ACC10611,CUST01674,BR032,Savings,2025-11-11,18343.19,Active
ACC10612,CUST00015,BR007,Savings,2020-03-07,60474.86,Dormant
ACC10613,CUST06230,BR002,Savings,2021-07-14,76482.87,Active
ACC10614,CUST02136,BR017,Savings,2024-01-01,11942.55,Dormant
ACC10615,CUST05481,BR058,Salary,2021-04-15,15172.61,Closed
ACC10616,CUST05709,BR009,Savings,2020-10-10,28709.32,Dormant
ACC10617,CUST05757,BR048,Savings,2019-09-20,30831.37,Dormant
ACC10618,CUST01960,BR008,Salary,2019-08-24,11116.63,Closed
ACC10619,CUST00387,BR038,Savings,2023-02-24,69789.93,Active
ACC10620,CUST01071,BR024,Savings,2025-04-18,4020.92,Active
ACC10621,CUST06485,BR054,Salary,2024-04-06,9948.82,Closed
ACC10622,CUST02387,BR028,Current,2023-03-14,56836.31,Dormant
ACC10623,CUST07138,BR042,Current,2023-12-20,57367.02,Dormant
ACC10624,CUST07318,BR008,Savings,2019-02-03,74420.23,Active
ACC10625,CUST05948,BR042,Current,2020-01-31,120357.94,Closed
ACC10626,CUST01789,BR021,Salary,2025-10-08,10939.34,Closed
ACC10627,CUST06448,BR010,Salary,2024-04-03,33186.88,Closed
ACC10628,CUST00541,BR024,Current,2024-06-21,17782.29,Closed
ACC10629,CUST03209,BR039,Savings,2021-04-04,50909.19,Closed
ACC10630,CUST02708,BR019,Current,2019-02-01,222019.94,Active
ACC10631,CUST03304,BR012,Savings,2025-01-03,65739.14,Closed
ACC10632,CUST03468,BR058,Salary,2020-10-10,14386.41,Active
ACC10633,CUST00190,BR012,Salary,2019-12-24,10590.95,Closed
ACC10634,CUST02247,BR016,Savings,2019-06-05,5565.09,Closed
ACC10635,CUST01111,BR051,Fixed Deposit,2022-02-05,72137.1,Dormant
ACC10636,CUST00213,BR012,Salary,2025-10-19,6120.19,Active
ACC10637,CUST01504,BR038,Savings,2021-06-04,10787.88,Closed
ACC10638,CUST02239,BR019,Savings,2022-01-17,7542.65,Closed
ACC10639,CUST06186,BR057,Savings,2020-03-04,14554.37,Closed
ACC10640,CUST04147,BR022,Fixed Deposit,2019-12-24,58877.74,Dormant
ACC10641,CUST05912,BR050,Fixed Deposit,2025-09-28,70556.48,Closed
ACC10642,CUST03933,BR049,Savings,2020-12-23,12830.03,Dormant
ACC10643,CUST02132,BR019,Savings,2025-04-08,57662.1,Active
ACC10644,CUST04219,BR022,Savings,2025-02-19,18262.69,Active
ACC10645,CUST05398,BR026,Savings,2019-11-02,10840.56,Dormant
ACC10646,CUST04472,BR036,Savings,2025-10-14,27001.91,Closed
ACC10647,CUST03329,BR008,Salary,2020-01-05,52811.64,Closed
ACC10648,CUST02845,BR002,Savings,2024-03-22,29781.55,Dormant
ACC10649,CUST00485,BR045,Salary,2021-07-15,10363.04,Active
ACC10650,CUST02856,BR018,Savings,2022-12-07,5570.75,Closed
ACC10651,CUST04624,BR019,Savings,2022-03-23,18079.41,Dormant
ACC10652,CUST01009,BR009,Savings,2020-03-06,27212.6,Closed
ACC10653,CUST02461,BR019,Savings,2020-08-26,15540.07,Active
ACC10654,CUST00408,BR016,Savings,2019-03-23,4920.44,Closed
ACC10655,CUST02493,BR001,Savings,2021-06-11,10244.45,Dormant
ACC10656,CUST04944,BR040,Savings,2020-10-09,81559.22,Active
ACC10657,CUST02107,BR023,Salary,2023-04-15,36453.79,Closed
ACC10658,CUST06131,BR032,Savings,2020-02-05,9917.19,Closed
ACC10659,CUST06935,BR045,Savings,2022-03-09,40355.42,Active
ACC10660,CUST07338,BR019,Savings,2025-07-08,7625.74,Dormant
ACC10661,CUST05141,BR013,Current,2024-08-13,147903.64,Active
ACC10662,CUST07054,BR056,Current,2024-08-20,46408.4,Dormant
ACC10663,CUST06823,BR056,Current,2021-07-02,93867.69,Closed
ACC10664,CUST03883,BR057,Salary,2019-01-30,4021.6,Active
ACC10665,CUST04063,BR021,Savings,2024-01-31,40533.07,Dormant
ACC10666,CUST05260,BR011,Savings,2025-07-26,21874.86,Closed
ACC10667,CUST00102,BR054,Current,2020-02-03,85129.51,Active
ACC10668,CUST04684,BR007,Savings,2023-12-05,50180.46,Dormant
ACC10669,CUST01054,BR044,Savings,2021-09-11,23369.95,Closed
ACC10670,CUST03901,BR059,Savings,2021-01-21,12826.3,Closed
ACC10671,CUST00079,BR003,Savings,2019-03-02,44432.5,Closed
ACC10672,CUST00753,BR038,Savings,2025-07-06,20865.68,Active
ACC10673,CUST06278,BR057,Salary,2023-08-20,7252.13,Closed
ACC10674,CUST02677,BR008,Savings,2025-10-12,9622.53,Closed
ACC10675,CUST01334,BR032,Savings,2025-08-30,5828.72,Active
ACC10676,CUST05158,BR037,Current,2021-12-03,21800.95,Dormant
ACC10677,CUST06554,BR043,Savings,2021-04-27,59422.18,Closed
ACC10678,CUST04850,BR039,Savings,2025-11-28,25849.51,Closed
ACC10679,CUST05879,BR039,Salary,2024-04-24,9220.3,Closed
ACC10680,CUST00278,BR053,Savings,2019-10-14,45450.1,Active
ACC10681,CUST04934,BR058,Savings,2022-11-23,10412.59,Dormant
ACC10682,CUST02820,BR020,Savings,2023-08-30,24000.15,Dormant
ACC10683,CUST00698,BR056,Current,2023-07-31,30344.47,Dormant
ACC10684,CUST05213,BR058,Savings,2023-03-05,44409.89,Dormant
ACC10685,CUST05265,BR018,Salary,2023-09-13,4429.05,Closed
ACC10686,CUST06967,BR050,Savings,2019-07-23,10247.84,Dormant
ACC10687,CUST03931,BR001,Savings,2024-01-08,5042.1,Active
ACC10688,CUST00650,BR033,Savings,2021-01-19,17437.23,Active
ACC10689,CUST02185,BR044,Savings,2023-09-03,65531.4,Dormant
ACC10690,CUST02732,BR036,Current,2021-01-05,21906.81,Active
ACC10691,CUST05292,BR035,Savings,2019-12-04,13910.29,Closed
ACC10692,CUST03723,BR012,Savings,2025-10-31,48269.35,Dormant
ACC10693,CUST03276,BR031,Salary,2022-02-24,28225.6,Active
ACC10694,CUST05443,BR010,Salary,2020-04-05,12556.58,Dormant
ACC10695,CUST03074,BR007,Savings,2021-07-12,40792.09,Active
ACC10696,CUST02292,BR035,Savings,2021-06-27,8356.05,Dormant
ACC10697,CUST00463,BR059,Current,2022-01-18,144058.44,Closed
ACC10698,CUST02145,BR046,Savings,2020-01-26,152334.75,Closed
ACC10699,CUST04359,BR055,Fixed Deposit,2019-03-02,81857.03,Closed
ACC10700,CUST00579,BR057,Savings,2023-04-19,3374.83,Dormant
ACC10701,CUST01938,BR053,Current,2020-11-21,20780.49,Active
ACC10702,CUST00858,BR038,Savings,2021-04-27,38236.38,Active
ACC10703,CUST00495,BR040,Savings,2025-11-02,15073.07,Closed
ACC10704,CUST00425,BR025,Savings,2023-12-20,69215.4,Dormant
ACC10705,CUST03088,BR033,Salary,2019-07-29,20165.13,Active
ACC10706,CUST06519,BR039,Savings,2022-12-04,11662.95,Dormant
ACC10707,CUST07448,BR053,Savings,2021-06-17,22675.45,Closed
ACC10708,CUST05401,BR058,Current,2025-06-17,14856.11,Active
ACC10709,CUST05464,BR051,Current,2019-08-29,30254.95,Dormant
ACC10710,CUST01193,BR027,Fixed Deposit,2022-05-23,42926.48,Closed
ACC10711,CUST00641,BR029,Savings,2023-01-25,63404.21,Dormant
ACC10712,CUST02364,BR027,Savings,2022-10-17,147917.63,Closed
ACC10713,CUST06541,BR021,Fixed Deposit,2023-06-14,25369.1,Closed
ACC10714,CUST03370,BR057,Salary,2020-10-27,3476.39,Dormant
ACC10715,CUST04197,BR025,Savings,2023-03-30,17665.08,Active
ACC10716,CUST06018,BR003,Savings,2025-07-05,5616.29,Dormant
ACC10717,CUST06485,BR044,Fixed Deposit,2020-02-02,61557.5,Closed
ACC10718,CUST05187,BR059,Salary,2019-08-28,22567.26,Active
ACC10719,CUST06545,BR010,Fixed Deposit,2022-12-25,146749.91,Active
ACC10720,CUST05953,BR004,Savings,2022-06-10,26403.59,Closed
ACC10721,CUST00260,BR033,Savings,2024-02-17,18511.74,Closed
ACC10722,CUST02119,BR058,Savings,2022-05-06,3712.47,Closed
ACC10723,CUST00336,BR002,Savings,2019-05-06,22551.72,Active
ACC10724,CUST05939,BR041,Savings,2025-03-12,23485.97,Closed
ACC10725,CUST07566,BR035,Fixed Deposit,2024-02-23,87848.95,Dormant
ACC10726,CUST02417,BR054,Savings,2019-12-14,11641.84,Active
ACC10727,CUST01340,BR037,Savings,2021-05-16,14890.11,Active
ACC10728,CUST01794,BR060,Fixed Deposit,2020-05-18,24666.43,Dormant
ACC10729,CUST03621,BR048,Current,2019-03-24,3672.79,Dormant
ACC10730,CUST07768,BR041,Salary,2019-11-19,6149.04,Closed
ACC10731,CUST07150,BR031,Savings,2022-10-20,5359.93,Closed
ACC10732,CUST00218,BR056,Savings,2020-03-04,29823.18,Closed
ACC10733,CUST07208,BR034,Salary,2022-01-17,9295.69,Active
ACC10734,CUST05440,BR037,Savings,2021-05-24,13569.59,Closed
ACC10735,CUST00097,BR027,Current,2023-02-15,13569.6,Active
ACC10736,CUST01648,BR006,Fixed Deposit,2020-04-02,8608.12,Active
ACC10737,CUST04025,BR051,Savings,2021-07-02,85603.35,Active
ACC10738,CUST07133,BR008,Savings,2020-03-22,8953.11,Closed
ACC10739,CUST00120,BR002,Savings,2023-05-19,15196.52,Dormant
ACC10740,CUST04883,BR037,Savings,2024-03-11,5946.73,Active
ACC10741,CUST00908,BR043,Current,2023-11-13,95983.38,Closed
ACC10742,CUST01709,BR006,Fixed Deposit,2025-07-12,65254.96,Dormant
ACC10743,CUST07798,BR027,Savings,2024-11-12,10470.02,Dormant
ACC10744,CUST06643,BR043,Current,2019-09-09,24532.9,Closed
ACC10745,CUST03100,BR002,Savings,2022-05-27,99743.97,Active
ACC10746,CUST04956,BR003,Fixed Deposit,2023-05-10,57309.31,Active
ACC10747,CUST04788,BR035,Savings,2022-08-14,18703.01,Active
ACC10748,CUST00347,BR021,Current,2020-06-08,14166.26,Dormant
ACC10749,CUST02182,BR043,Savings,2025-06-28,4003.31,Active
ACC10750,CUST04494,BR041,Savings,2019-07-02,19071.78,Active
ACC10751,CUST02599,BR033,Savings,2025-02-18,29523.35,Active
ACC10752,CUST07157,BR007,Savings,2024-09-05,59256.22,Active
ACC10753,CUST04847,BR038,Salary,2019-10-07,2768.48,Active
ACC10754,CUST05503,BR022,Savings,2024-03-22,8001.73,Dormant
ACC10755,CUST02435,BR022,Savings,2025-02-21,13060.31,Active
ACC10756,CUST05475,BR036,Savings,2022-09-23,21957.57,Dormant
ACC10757,CUST05461,BR021,Savings,2019-12-21,19331.08,Dormant
ACC10758,CUST05058,BR004,Current,2021-11-11,32154.62,Dormant
ACC10759,CUST07430,BR058,Current,2022-04-02,54616.76,Dormant
ACC10760,CUST03741,BR025,Savings,2023-07-13,9769.65,Active
ACC10761,CUST04054,BR031,Salary,2020-08-30,25691.08,Active
ACC10762,CUST04042,BR057,Savings,2019-12-10,32536.15,Closed
ACC10763,CUST06554,BR030,Savings,2021-09-11,16517.09,Active
ACC10764,CUST07938,BR019,Current,2019-09-20,180035.26,Dormant
ACC10765,CUST01593,BR008,Savings,2020-03-03,89390.92,Active
ACC10766,CUST05304,BR016,Salary,2020-03-25,25668.68,Dormant
ACC10767,CUST05595,BR014,Savings,2021-06-08,1455.78,Dormant
ACC10768,CUST05131,BR019,Salary,2020-06-01,40346.57,Closed
ACC10769,CUST07159,BR033,Fixed Deposit,2022-09-04,96457.24,Dormant
ACC10770,CUST06432,BR006,Savings,2019-08-17,134023.14,Dormant
ACC10771,CUST01574,BR013,Salary,2024-05-05,31768.33,Dormant
ACC10772,CUST01959,BR056,Savings,2019-02-07,91172.48,Closed
ACC10773,CUST01616,BR044,Savings,2020-09-18,48571.36,Closed
ACC10774,CUST00671,BR057,Current,2024-08-27,139901.4,Closed
ACC10775,CUST07436,BR053,Savings,2019-04-23,132549.49,Active
ACC10776,CUST04596,BR014,Salary,2023-10-06,15546.46,Dormant
ACC10777,CUST01319,BR023,Current,2020-01-04,7538.43,Dormant
ACC10778,CUST05139,BR054,Fixed Deposit,2019-02-17,49787.71,Closed
ACC10779,CUST04300,BR052,Current,2024-02-25,53634.38,Dormant
ACC10780,CUST07763,BR060,Savings,2024-07-14,23562.2,Closed
ACC10781,CUST03805,BR020,Savings,2020-11-25,7173.11,Closed
ACC10782,CUST00056,BR025,Savings,2025-08-05,5074.78,Active
ACC10783,CUST07519,BR006,Savings,2019-08-22,11304.47,Closed
ACC10784,CUST04837,BR023,Savings,2023-02-28,45568.21,Active
ACC10785,CUST04705,BR006,Salary,2022-08-27,40385.97,Closed
ACC10786,CUST01650,BR010,Salary,2024-05-17,25376.97,Dormant
ACC10787,CUST05306,BR043,Current,2021-05-04,104550.69,Dormant
ACC10788,CUST04491,BR018,Savings,2024-12-15,20481.27,Closed
ACC10789,CUST04147,BR004,Salary,2019-02-18,3946.33,Dormant
ACC10790,CUST03767,BR012,Current,2021-11-18,23035.22,Dormant
ACC10791,CUST03931,BR005,Savings,2023-06-19,17450.3,Dormant
ACC10792,CUST03828,BR011,Savings,2023-12-29,14082.0,Closed
ACC10793,CUST07455,BR060,Savings,2019-07-23,23137.86,Closed
ACC10794,CUST00441,BR005,Savings,2022-02-24,32770.3,Dormant
ACC10795,CUST03098,BR046,Fixed Deposit,2019-05-30,99888.43,Dormant
ACC10796,CUST06193,BR039,Savings,2025-02-04,17148.95,Dormant
ACC10797,CUST01448,BR041,Savings,2021-04-30,3970.38,Closed
ACC10798,CUST05659,BR026,Savings,2023-07-09,14262.8,Closed
ACC10799,CUST06603,BR019,Salary,2023-12-10,13774.82,Closed
ACC10800,CUST04190,BR003,Savings,2022-12-22,66206.05,Dormant
ACC10801,CUST01486,BR057,Savings,2022-10-19,13213.22,Closed
ACC10802,CUST04805,BR032,Savings,2020-01-27,34936.56,Closed
ACC10803,CUST03259,BR041,Savings,2021-03-25,28597.63,Dormant
ACC10804,CUST02605,BR032,Savings,2021-11-13,22914.16,Active
ACC10805,CUST07171,BR025,Savings,2019-06-12,50892.97,Closed
ACC10806,CUST04973,BR057,Savings,2025-01-08,12151.93,Active
ACC10807,CUST05586,BR016,Savings,2021-08-29,13125.76,Closed
ACC10808,CUST04492,BR006,Current,2025-06-27,35885.88,Active
ACC10809,CUST03694,BR057,Savings,2022-12-13,12380.38,Closed
ACC10810,CUST05874,BR037,Salary,2020-09-24,19064.98,Closed
ACC10811,CUST04013,BR059,Savings,2019-11-04,11592.65,Dormant
ACC10812,CUST03687,BR050,Salary,2025-08-09,15652.92,Active
ACC10813,CUST02376,BR020,Savings,2021-05-12,20127.54,Dormant
ACC10814,CUST06047,BR027,Salary,2025-07-19,15528.75,Dormant
ACC10815,CUST01325,BR015,Salary,2021-09-16,9683.52,Dormant
ACC10816,CUST00540,BR042,Current,2024-10-08,25871.87,Closed
ACC10817,CUST06392,BR025,Salary,2019-12-30,14288.45,Dormant
ACC10818,CUST00641,BR038,Fixed Deposit,2022-03-08,67591.99,Dormant
ACC10819,CUST06439,BR059,Savings,2022-06-12,21943.33,Dormant
ACC10820,CUST01613,BR041,Savings,2024-06-11,102214.22,Dormant
ACC10821,CUST01375,BR009,Savings,2022-12-09,9030.26,Active
ACC10822,CUST04705,BR015,Salary,2019-03-22,12772.6,Dormant
ACC10823,CUST02729,BR025,Savings,2020-10-27,5344.02,Dormant
ACC10824,CUST01987,BR052,Fixed Deposit,2023-06-22,74850.56,Active
ACC10825,CUST02133,BR039,Current,2024-11-08,11905.47,Closed
ACC10826,CUST00749,BR011,Current,2024-06-01,27493.08,Closed
ACC10827,CUST08004,BR050,Current,2025-02-20,25032.64,Closed
ACC10828,CUST00366,BR055,Current,2024-09-24,48092.96,Active
ACC10829,CUST05441,BR041,Current,2023-09-15,20893.83,Closed
ACC10830,CUST03983,BR046,Salary,2023-11-17,8806.86,Dormant
ACC10831,CUST01461,BR032,Savings,2023-08-16,80199.36,Active
ACC10832,CUST07440,BR005,Current,2024-01-02,48270.06,Closed
ACC10833,CUST05375,BR006,Savings,2019-09-24,13293.82,Active
ACC10834,CUST01043,BR003,Savings,2022-08-03,17575.3,Closed
ACC10835,CUST07433,BR054,Salary,2019-02-21,42266.43,Dormant
ACC10836,CUST07338,BR006,Salary,2022-02-02,11331.99,Closed
ACC10837,CUST04954,BR060,Savings,2025-01-08,11844.88,Closed
ACC10838,CUST05544,BR009,Savings,2019-12-11,11890.6,Dormant
ACC10839,CUST02891,BR033,Savings,2020-04-17,13437.25,Dormant
ACC10840,CUST01623,BR007,Current,2022-01-23,20040.34,Dormant
ACC10841,CUST07217,BR001,Current,2025-05-22,10100.62,Closed
ACC10842,CUST07446,BR057,Savings,2022-11-22,8008.19,Dormant
ACC10843,CUST07656,BR020,Savings,2022-11-12,10442.21,Active
ACC10844,CUST02349,BR051,Savings,2025-01-12,37511.92,Dormant
ACC10845,CUST03771,BR021,Savings,2020-06-19,15629.05,Active
ACC10846,CUST00085,BR009,Savings,2020-12-22,18279.85,Closed
ACC10847,CUST04693,BR037,Current,2024-05-19,129325.53,Closed
ACC10848,CUST02613,BR050,Savings,2023-07-25,70650.92,Active
ACC10849,CUST03379,BR024,Salary,2024-05-26,10965.54,Active
ACC10850,CUST01269,BR055,Savings,2019-07-05,12484.25,Closed
ACC10851,CUST03844,BR059,Current,2019-08-28,15299.41,Active
ACC10852,CUST06677,BR053,Savings,2022-11-23,41089.1,Dormant
ACC10853,CUST05222,BR033,Savings,2021-10-15,18320.27,Active
ACC10854,CUST01867,BR033,Savings,2020-05-23,15555.27,Dormant
ACC10855,CUST00454,BR057,Savings,2019-01-19,10590.39,Active
ACC10856,CUST07215,BR016,Savings,2024-04-30,11018.16,Active
ACC10857,CUST07265,BR048,Savings,2023-04-27,29379.5,Dormant
ACC10858,CUST03119,BR018,Salary,2023-10-22,5319.81,Active
ACC10859,CUST02462,BR009,Salary,2019-05-10,26806.73,Closed
ACC10860,CUST04924,BR029,Savings,2020-04-17,13623.34,Closed
ACC10861,CUST06093,BR049,Salary,2023-01-04,12031.16,Dormant
ACC10862,CUST05823,BR018,Savings,2019-06-19,6612.52,Closed
ACC10863,CUST06886,BR059,Current,2021-07-31,35869.19,Closed
ACC10864,CUST03172,BR005,Savings,2023-09-19,16391.38,Active
ACC10865,CUST01462,BR047,Savings,2021-03-01,21055.72,Closed
ACC10866,CUST04331,BR013,Savings,2019-08-29,82829.37,Dormant
ACC10867,CUST06779,BR046,Current,2023-05-04,43377.58,Dormant
ACC10868,CUST03650,BR030,Savings,2025-10-24,10773.09,Closed
ACC10869,CUST02729,BR031,Salary,2020-06-24,8119.92,Dormant
ACC10870,CUST01233,BR027,Savings,2023-10-02,37632.3,Active
ACC10871,CUST02234,BR008,Current,2020-09-05,133078.34,Active
ACC10872,CUST02474,BR005,Current,2019-09-29,48142.37,Active
ACC10873,CUST04759,BR050,Current,2020-11-04,72309.64,Closed
ACC10874,CUST05651,BR046,Current,2024-12-12,66818.66,Closed
ACC10875,CUST02547,BR056,Savings,2019-07-21,78996.43,Closed
ACC10876,CUST06489,BR031,Savings,2025-10-07,3809.94,Dormant
ACC10877,CUST06603,BR056,Current,2025-11-14,70772.02,Closed
ACC10878,CUST07154,BR008,Savings,2021-06-23,53389.13,Closed
ACC10879,CUST04694,BR011,Savings,2019-02-20,6602.14,Dormant
ACC10880,CUST04965,BR060,Savings,2020-05-25,9925.86,Closed
ACC10881,CUST03825,BR006,Savings,2020-09-26,10242.44,Closed
ACC10882,CUST02379,BR055,Salary,2022-09-26,8021.23,Active
ACC10883,CUST04742,BR038,Savings,2021-08-02,14277.71,Closed
ACC10884,CUST01980,BR005,Savings,2024-02-23,27401.21,Closed
ACC10885,CUST05852,BR017,Current,2020-11-30,86307.75,Dormant
ACC10886,CUST06036,BR037,Current,2025-02-04,107078.44,Dormant
ACC10887,CUST03788,BR043,Current,2025-06-02,15711.95,Active
ACC10888,CUST05777,BR033,Salary,2022-04-10,7396.1,Closed
ACC10889,CUST04733,BR041,Savings,2024-01-30,71986.92,Dormant
ACC10890,CUST05816,BR022,Savings,2023-07-02,39421.61,Active
ACC10891,CUST05903,BR016,Salary,2020-01-12,14157.58,Closed
ACC10892,CUST05350,BR040,Savings,2023-12-04,33725.28,Active
ACC10893,CUST02467,BR055,Salary,2024-03-17,13083.89,Dormant
ACC10894,CUST05415,BR050,Savings,2024-09-30,35317.23,Dormant
ACC10895,CUST00282,BR047,Savings,2023-11-13,16277.51,Active
ACC10896,CUST05345,BR027,Savings,2022-02-06,28055.06,Closed
ACC10897,CUST00927,BR021,Savings,2020-05-08,5656.21,Active
ACC10898,CUST06975,BR034,Fixed Deposit,2020-12-17,39629.51,Active
ACC10899,CUST02748,BR056,Current,2024-06-07,18453.12,Dormant
ACC10900,CUST06184,BR004,Current,2022-02-02,24974.48,Active
ACC10901,CUST01100,BR006,Savings,2019-01-13,9567.6,Dormant
ACC10902,CUST07263,BR047,Savings,2022-01-04,13627.03,Dormant
ACC10903,CUST02690,BR002,Current,2025-12-15,7987.12,Closed
ACC10904,CUST03093,BR007,Salary,2025-09-13,19615.79,Active
ACC10905,CUST04486,BR036,Savings,2020-07-19,20449.99,Dormant
ACC10906,CUST06335,BR060,Savings,2019-04-05,4747.21,Dormant
ACC10907,CUST03759,BR030,Fixed Deposit,2024-06-03,36282.91,Closed
ACC10908,CUST07219,BR053,Current,2022-08-23,50848.27,Dormant
ACC10909,CUST02558,BR040,Savings,2020-03-24,13511.28,Dormant
ACC10910,CUST02580,BR038,Salary,2025-06-28,8202.06,Closed
ACC10911,CUST06314,BR011,Savings,2019-05-19,20596.3,Dormant
ACC10912,CUST06855,BR054,Current,2024-06-21,51205.26,Dormant
ACC10913,CUST06332,BR016,Savings,2021-03-03,6046.79,Dormant
ACC10914,CUST05635,BR027,Savings,2023-02-12,36138.56,Closed
ACC10915,CUST02384,BR060,Current,2025-01-15,16312.82,Dormant
ACC10916,CUST03979,BR023,Savings,2021-11-23,21673.92,Active
ACC10917,CUST01985,BR047,Current,2023-03-29,35051.72,Active
ACC10918,CUST06769,BR019,Salary,2022-04-13,9237.75,Active
ACC10919,CUST07200,BR051,Salary,2020-09-22,6525.27,Closed
ACC10920,CUST01216,BR016,Savings,2022-07-30,17032.56,Dormant
ACC10921,CUST00538,BR045,Current,2020-02-12,184486.27,Dormant
ACC10922,CUST01441,BR032,Savings,2024-01-25,6467.16,Active
ACC10923,CUST04241,BR012,Salary,2020-08-15,43678.84,Closed
ACC10924,CUST06924,BR026,Salary,2019-04-20,11138.86,Dormant
ACC10925,CUST07661,BR053,Salary,2022-12-24,13694.64,Closed
ACC10926,CUST02818,BR056,Savings,2019-05-28,8283.0,Active
ACC10927,CUST05112,BR034,Savings,2024-09-08,11002.28,Closed
ACC10928,CUST06618,BR029,Savings,2019-02-06,14007.96,Active
ACC10929,CUST00127,BR001,Salary,2021-04-14,6425.4,Closed
ACC10930,CUST02347,BR006,Savings,2020-08-26,18250.98,Active
ACC10931,CUST02834,BR014,Fixed Deposit,2023-02-28,46900.82,Dormant
ACC10932,CUST05179,BR029,Savings,2020-03-19,116506.58,Dormant
ACC10933,CUST06079,BR009,Salary,2021-07-20,5906.56,Active
ACC10934,CUST04452,BR058,Savings,2024-06-04,24159.22,Closed
ACC10935,CUST00110,BR033,Fixed Deposit,2022-01-01,69473.99,Dormant
ACC10936,CUST00103,BR038,Salary,2021-08-19,6315.58,Closed
ACC10937,CUST03397,BR048,Salary,2022-07-10,21607.14,Closed
ACC10938,CUST04179,BR044,Salary,2022-08-04,10108.9,Closed
ACC10939,CUST04040,BR056,Salary,2023-11-03,2333.97,Closed
ACC10940,CUST02497,BR006,Salary,2022-07-08,21202.93,Closed
ACC10941,CUST03377,BR056,Savings,2023-09-20,8060.68,Dormant
ACC10942,CUST00884,BR007,Current,2024-06-15,12736.47,Active
ACC10943,CUST00887,BR036,Salary,2020-12-06,21623.4,Closed
ACC10944,CUST04155,BR032,Savings,2025-10-02,16115.79,Dormant
ACC10945,CUST02950,BR053,Savings,2022-02-11,50311.8,Closed
ACC10946,CUST00796,BR058,Salary,2022-03-27,31167.04,Dormant
ACC10947,CUST02004,BR009,Savings,2019-03-31,12327.21,Closed
ACC10948,CUST07918,BR041,Current,2024-06-16,80278.93,Dormant
ACC10949,CUST05486,BR023,Savings,2020-05-29,11159.93,Closed
ACC10950,CUST03073,BR039,Salary,2022-04-19,63779.12,Dormant
ACC10951,CUST01422,BR006,Salary,2022-09-27,8224.97,Active
ACC10952,CUST04344,BR018,Savings,2021-11-05,55463.4,Dormant
ACC10953,CUST00586,BR004,Salary,2025-09-18,24116.54,Dormant
ACC10954,CUST05948,BR059,Savings,2020-12-24,29274.7,Active
ACC10955,CUST00303,BR003,Savings,2021-03-20,12046.28,Active
ACC10956,CUST04572,BR043,Fixed Deposit,2024-04-05,54674.98,Active
ACC10957,CUST00470,BR053,Fixed Deposit,2024-06-27,16446.16,Closed
ACC10958,CUST06171,BR004,Savings,2021-05-16,26956.45,Active
ACC10959,CUST05057,BR055,Current,2019-09-10,51514.33,Dormant
ACC10960,CUST03055,BR009,Salary,2022-11-17,14668.38,Closed
ACC10961,CUST05468,BR027,Savings,2024-03-09,1516.29,Closed
ACC10962,CUST05521,BR019,Fixed Deposit,2020-01-09,28018.44,Closed
ACC10963,CUST02903,BR050,Savings,2022-12-23,11234.2,Dormant
ACC10964,CUST04093,BR020,Savings,2021-12-22,28638.09,Dormant
ACC10965,CUST02035,BR052,Fixed Deposit,2021-10-11,71225.3,Dormant
ACC10966,CUST06953,BR023,Savings,2025-12-30,18897.76,Closed
ACC10967,CUST07106,BR031,Salary,2019-10-13,20840.88,Active
ACC10968,CUST02547,BR009,Savings,2024-11-28,8746.26,Active
ACC10969,CUST01064,BR011,Savings,2024-03-31,38147.35,Dormant
ACC10970,CUST03768,BR057,Current,2024-03-04,58380.79,Closed
ACC10971,CUST01234,BR004,Salary,2021-07-02,17401.09,Dormant
ACC10972,CUST04108,BR048,Savings,2025-11-20,18697.85,Closed
ACC10973,CUST00516,BR007,Current,2024-12-30,226555.18,Active
ACC10974,CUST03973,BR028,Current,2024-03-11,59468.12,Active
ACC10975,CUST01354,BR054,Savings,2023-09-07,9214.17,Active
ACC10976,CUST06860,BR054,Salary,2025-08-20,15895.86,Active
ACC10977,CUST06718,BR002,Current,2021-12-12,77071.08,Closed
ACC10978,CUST03787,BR045,Savings,2022-05-23,12974.0,Dormant
ACC10979,CUST01144,BR050,Savings,2022-08-27,58708.81,Active
ACC10980,CUST06649,BR027,Salary,2022-02-09,17455.74,Dormant
ACC10981,CUST03362,BR053,Savings,2020-11-03,2675.17,Closed
ACC10982,CUST01757,BR047,Savings,2025-03-05,28845.37,Active
ACC10983,CUST00174,BR050,Savings,2023-03-09,15284.18,Dormant
ACC10984,CUST01968,BR015,Savings,2019-01-17,35719.85,Dormant
ACC10985,CUST01102,BR020,Savings,2022-09-21,51523.5,Closed
ACC10986,CUST01375,BR045,Current,2024-04-11,44141.78,Closed
ACC10987,CUST03188,BR052,Fixed Deposit,2020-09-13,162616.73,Active
ACC10988,CUST00531,BR053,Salary,2022-10-03,11788.8,Active
ACC10989,CUST06441,BR053,Current,2021-08-26,67833.93,Closed
ACC10990,CUST04944,BR047,Fixed Deposit,2021-06-13,97048.44,Closed
ACC10991,CUST04486,BR013,Savings,2021-03-27,20178.82,Closed
ACC10992,CUST03930,BR034,Fixed Deposit,2021-12-25,95536.59,Dormant
ACC10993,CUST02032,BR031,Savings,2024-12-11,12897.57,Active
ACC10994,CUST06315,BR019,Salary,2024-09-02,9938.81,Active
ACC10995,CUST02373,BR052,Savings,2025-09-17,6759.88,Closed
ACC10996,CUST05197,BR027,Savings,2022-06-27,27371.79,Closed
ACC10997,CUST07783,BR001,Savings,2023-11-29,29517.14,Closed
ACC10998,CUST05935,BR016,Savings,2024-03-06,63661.6,Active
ACC10999,CUST00845,BR004,Savings,2025-11-22,44892.5,Closed
ACC11000,CUST04969,BR017,Salary,2019-01-31,10945.06,Dormant
ACC11001,CUST03902,BR024,Salary,2022-07-30,5856.31,Closed
ACC11002,CUST00256,BR022,Salary,2023-10-20,18087.84,Closed
ACC11003,CUST06691,BR021,Savings,2022-01-01,59854.86,Dormant
ACC11004,CUST01667,BR020,Savings,2021-10-29,43463.05,Closed
ACC11005,CUST04330,BR042,Savings,2021-02-03,58456.01,Active
ACC11006,CUST02828,BR052,Current,2023-03-19,29381.21,Closed
ACC11007,CUST01336,BR022,Fixed Deposit,2020-01-15,45253.2,Dormant
ACC11008,CUST03861,BR026,Salary,2024-10-08,7975.81,Dormant
ACC11009,CUST06737,BR043,Savings,2025-06-04,20945.79,Closed
ACC11010,CUST01515,BR027,Fixed Deposit,2024-07-06,57116.34,Dormant
ACC11011,CUST03059,BR014,Current,2025-06-02,44653.04,Active
ACC11012,CUST00119,BR047,Savings,2022-06-01,19606.81,Dormant
ACC11013,CUST03206,BR018,Savings,2025-11-29,19530.55,Active
ACC11014,CUST05162,BR007,Current,2020-09-22,16702.37,Dormant
ACC11015,CUST05520,BR028,Savings,2021-11-06,51403.27,Active
ACC11016,CUST00489,BR046,Salary,2023-02-13,14094.82,Dormant
ACC11017,CUST00828,BR026,Savings,2022-03-22,18826.12,Dormant
ACC11018,CUST02410,BR054,Savings,2019-02-12,11240.89,Closed
ACC11019,CUST03599,BR041,Savings,2025-02-21,6642.73,Closed
ACC11020,CUST04689,BR027,Salary,2024-12-10,33375.42,Dormant
ACC11021,CUST06448,BR011,Savings,2020-06-02,36285.55,Closed
ACC11022,CUST07454,BR028,Current,2021-06-24,7158.69,Dormant
ACC11023,CUST05241,BR060,Savings,2025-12-30,43775.43,Active
ACC11024,CUST00102,BR017,Savings,2021-04-21,50525.48,Closed
ACC11025,CUST07328,BR034,Savings,2019-04-26,24635.37,Dormant
ACC11026,CUST02880,BR056,Savings,2022-04-11,92809.08,Active
ACC11027,CUST00541,BR002,Savings,2019-05-12,26770.28,Dormant
ACC11028,CUST04406,BR026,Current,2022-11-17,8805.89,Dormant
ACC11029,CUST01483,BR016,Salary,2024-02-29,17250.88,Closed
ACC11030,CUST05391,BR052,Savings,2023-06-25,27457.86,Closed
ACC11031,CUST06808,BR047,Savings,2019-01-20,12797.85,Closed
ACC11032,CUST02153,BR032,Current,2025-05-15,64444.45,Closed
ACC11033,CUST00933,BR007,Savings,2023-05-28,4910.35,Closed
ACC11034,CUST03463,BR026,Savings,2019-02-16,53718.36,Closed
ACC11035,CUST01636,BR042,Savings,2020-03-13,9993.5,Dormant
ACC11036,CUST01556,BR026,Savings,2021-01-26,9077.45,Active
ACC11037,CUST03977,BR029,Savings,2021-12-11,19881.75,Dormant
ACC11038,CUST05937,BR006,Current,2024-12-11,55992.49,Dormant
ACC11039,CUST01148,BR049,Fixed Deposit,2021-12-04,66062.36,Closed
ACC11040,CUST05999,BR029,Current,2025-03-22,17280.62,Dormant
ACC11041,CUST01504,BR046,Current,2021-09-15,21892.75,Closed
ACC11042,CUST05908,BR012,Savings,2022-10-21,7944.71,Dormant
ACC11043,CUST04029,BR043,Current,2022-03-10,29007.8,Active
ACC11044,CUST00040,BR056,Savings,2021-03-17,57960.62,Dormant
ACC11045,CUST04323,BR023,Salary,2021-11-17,13319.92,Dormant
ACC11046,CUST07213,BR007,Savings,2025-07-25,47737.51,Closed
ACC11047,CUST07192,BR031,Savings,2022-04-14,81622.58,Closed
ACC11048,CUST01833,BR003,Savings,2024-05-28,12975.05,Dormant
ACC11049,CUST06895,BR037,Savings,2022-11-17,18621.72,Active
ACC11050,CUST05144,BR018,Savings,2019-12-30,155449.09,Active
ACC11051,CUST01431,BR046,Fixed Deposit,2019-11-23,142430.02,Dormant
ACC11052,CUST07098,BR003,Savings,2020-12-08,4889.45,Active
ACC11053,CUST04826,BR005,Current,2023-05-27,53484.56,Dormant
ACC11054,CUST00624,BR022,Savings,2024-09-11,22037.57,Dormant
ACC11055,CUST07974,BR023,Current,2021-09-22,82988.15,Dormant
ACC11056,CUST03220,BR039,Salary,2020-08-25,7930.84,Closed
ACC11057,CUST06788,BR040,Fixed Deposit,2021-02-06,36179.03,Closed
ACC11058,CUST01003,BR015,Savings,2021-07-26,11986.5,Active
ACC11059,CUST05527,BR025,Salary,2020-09-18,8952.16,Closed
ACC11060,CUST00013,BR034,Savings,2023-03-05,45880.33,Dormant
ACC11061,CUST07631,BR042,Savings,2024-04-24,7607.72,Active
ACC11062,CUST03252,BR014,Savings,2020-12-02,12577.28,Dormant
ACC11063,CUST05978,BR016,Salary,2020-01-08,3818.8,Closed
ACC11064,CUST07378,BR045,Savings,2023-12-06,54524.53,Dormant
ACC11065,CUST04698,BR022,Current,2023-06-25,129447.43,Closed
ACC11066,CUST01279,BR051,Savings,2020-08-01,16409.8,Closed
ACC11067,CUST06000,BR045,Fixed Deposit,2022-06-02,50072.66,Closed
ACC11068,CUST05098,BR037,Savings,2023-06-14,33120.24,Dormant
ACC11069,CUST03654,BR047,Current,2020-03-31,158654.16,Closed
ACC11070,CUST06773,BR052,Savings,2020-01-15,31816.8,Dormant
ACC11071,CUST00438,BR014,Salary,2020-04-19,8198.62,Closed
ACC11072,CUST07423,BR024,Salary,2020-02-25,4301.95,Closed
ACC11073,CUST04027,BR010,Savings,2023-03-12,8073.86,Dormant
ACC11074,CUST03791,BR041,Savings,2019-03-01,23526.85,Dormant
ACC11075,CUST05607,BR036,Savings,2023-01-05,12212.38,Active
ACC11076,CUST06336,BR033,Fixed Deposit,2020-07-24,67304.38,Closed
ACC11077,CUST00865,BR030,Savings,2025-12-13,13391.41,Active
ACC11078,CUST03623,BR003,Current,2025-08-13,12605.06,Closed
ACC11079,CUST06751,BR059,Savings,2019-08-05,7636.32,Dormant
ACC11080,CUST05671,BR041,Savings,2022-07-03,89869.96,Dormant
ACC11081,CUST02054,BR027,Savings,2019-03-19,49025.16,Closed
ACC11082,CUST01243,BR034,Fixed Deposit,2019-01-31,169111.03,Closed
ACC11083,CUST05516,BR054,Savings,2020-07-20,35809.05,Dormant
ACC11084,CUST04895,BR011,Current,2023-08-16,23623.77,Closed
ACC11085,CUST04620,BR010,Current,2019-04-16,136399.17,Closed
ACC11086,CUST06479,BR016,Current,2024-12-28,35134.26,Active
ACC11087,CUST00114,BR050,Salary,2021-01-20,15593.19,Closed
ACC11088,CUST02553,BR019,Savings,2021-09-05,21193.67,Closed
ACC11089,CUST01069,BR003,Savings,2024-04-01,1552.76,Closed
ACC11090,CUST00799,BR013,Salary,2020-12-22,41081.55,Dormant
ACC11091,CUST07646,BR015,Current,2023-06-16,59337.93,Active
ACC11092,CUST03332,BR020,Savings,2025-06-17,29638.83,Active
ACC11093,CUST03700,BR002,Fixed Deposit,2023-06-25,57695.49,Active
ACC11094,CUST06592,BR017,Salary,2022-11-29,14978.92,Dormant
ACC11095,CUST07959,BR005,Savings,2022-01-24,12867.36,Dormant
ACC11096,CUST00751,BR030,Savings,2025-08-09,38365.79,Dormant
ACC11097,CUST06609,BR055,Savings,2021-06-23,6792.75,Closed
ACC11098,CUST02442,BR060,Savings,2022-05-13,26041.89,Active
ACC11099,CUST01310,BR057,Savings,2020-10-03,36512.73,Closed
ACC11100,CUST01559,BR051,Current,2024-02-07,29772.22,Active
ACC11101,CUST07084,BR051,Current,2020-06-04,52620.85,Active
ACC11102,CUST05393,BR035,Savings,2025-10-13,9025.41,Dormant
ACC11103,CUST01272,BR036,Current,2024-04-01,13824.16,Closed
ACC11104,CUST01416,BR028,Fixed Deposit,2025-03-28,69011.63,Active
ACC11105,CUST05959,BR024,Salary,2020-07-17,21482.3,Closed
ACC11106,CUST04227,BR052,Current,2019-01-18,5569.91,Dormant
ACC11107,CUST05301,BR040,Savings,2023-06-06,35235.82,Active
ACC11108,CUST04098,BR004,Savings,2023-07-15,13509.1,Closed
ACC11109,CUST02105,BR048,Salary,2023-03-16,11673.02,Closed
ACC11110,CUST05456,BR046,Savings,2022-02-18,6597.42,Active
ACC11111,CUST00488,BR026,Current,2020-11-30,15496.71,Dormant
ACC11112,CUST03139,BR059,Fixed Deposit,2019-12-28,106902.79,Closed
ACC11113,CUST07812,BR059,Salary,2020-01-02,13670.62,Active
ACC11114,CUST04668,BR056,Fixed Deposit,2019-08-29,47587.86,Closed
ACC11115,CUST03630,BR034,Savings,2021-07-02,19834.15,Dormant
ACC11116,CUST07226,BR044,Savings,2019-03-02,34210.59,Closed
ACC11117,CUST03920,BR047,Savings,2019-06-12,32743.02,Dormant
ACC11118,CUST00970,BR005,Savings,2023-04-11,20588.25,Active
ACC11119,CUST06968,BR030,Savings,2023-09-02,58903.94,Closed
ACC11120,CUST00549,BR055,Savings,2025-08-01,52755.13,Dormant
ACC11121,CUST04637,BR058,Savings,2024-08-13,31953.43,Active
ACC11122,CUST00798,BR017,Salary,2020-08-27,13880.33,Dormant
ACC11123,CUST02541,BR039,Savings,2024-02-04,39798.68,Active
ACC11124,CUST02240,BR035,Salary,2021-08-01,16647.03,Active
ACC11125,CUST02743,BR053,Salary,2019-06-08,28072.9,Closed
ACC11126,CUST02197,BR055,Salary,2022-11-15,25076.66,Closed
ACC11127,CUST03371,BR026,Fixed Deposit,2024-06-23,32501.7,Active
ACC11128,CUST04999,BR020,Current,2025-11-03,12259.26,Dormant
ACC11129,CUST04040,BR001,Savings,2020-06-20,11717.93,Dormant
ACC11130,CUST01160,BR031,Savings,2023-09-03,53025.32,Dormant
ACC11131,CUST04892,BR051,Savings,2024-04-10,5331.15,Closed
ACC11132,CUST04046,BR008,Fixed Deposit,2020-08-26,75875.9,Dormant
ACC11133,CUST04277,BR059,Savings,2019-05-22,30524.62,Active
ACC11134,CUST03738,BR037,Savings,2022-05-04,62716.71,Dormant
ACC11135,CUST03173,BR025,Savings,2023-04-03,25907.94,Closed
ACC11136,CUST02252,BR049,Salary,2021-08-31,5217.39,Closed
ACC11137,CUST00826,BR007,Savings,2022-12-23,9288.95,Closed
ACC11138,CUST03673,BR050,Savings,2024-01-06,7602.28,Active
ACC11139,CUST00811,BR003,Savings,2025-08-09,13573.17,Dormant
ACC11140,CUST01202,BR002,Current,2023-11-16,30245.37,Dormant
ACC11141,CUST00108,BR055,Current,2024-04-12,11322.63,Active
ACC11142,CUST06654,BR010,Current,2024-08-10,158049.25,Closed
ACC11143,CUST05890,BR048,Savings,2023-06-11,6682.5,Dormant
ACC11144,CUST00326,BR022,Savings,2020-05-21,73975.78,Dormant
ACC11145,CUST06683,BR001,Savings,2025-10-15,64000.54,Dormant
ACC11146,CUST06042,BR027,Savings,2025-07-30,49437.88,Active
ACC11147,CUST03973,BR032,Savings,2023-11-25,11797.11,Active
ACC11148,CUST00380,BR027,Savings,2023-12-30,29977.6,Dormant
ACC11149,CUST05561,BR060,Savings,2025-12-04,6976.94,Active
ACC11150,CUST06096,BR010,Savings,2022-02-12,50001.9,Dormant
ACC11151,CUST05141,BR014,Savings,2021-12-21,20607.57,Dormant
ACC11152,CUST06917,BR042,Fixed Deposit,2020-06-13,46836.02,Closed
ACC11153,CUST06224,BR021,Savings,2023-06-10,7321.93,Closed
ACC11154,CUST07726,BR020,Fixed Deposit,2021-10-26,13541.26,Closed
ACC11155,CUST02295,BR036,Current,2020-05-09,12854.63,Active
ACC11156,CUST02400,BR029,Current,2021-09-26,110503.03,Active
ACC11157,CUST07637,BR009,Savings,2020-07-03,15328.21,Dormant
ACC11158,CUST07991,BR020,Savings,2024-03-28,18912.99,Dormant
ACC11159,CUST00078,BR006,Savings,2022-05-28,39735.45,Dormant
ACC11160,CUST06252,BR056,Salary,2024-06-20,47285.94,Active
ACC11161,CUST07909,BR047,Savings,2019-02-12,72584.32,Dormant
ACC11162,CUST04871,BR021,Salary,2022-10-24,6763.97,Closed
ACC11163,CUST07507,BR007,Savings,2025-05-18,3834.09,Closed
ACC11164,CUST03744,BR014,Savings,2021-01-18,184177.06,Closed
ACC11165,CUST06289,BR055,Savings,2023-06-20,169751.77,Dormant
ACC11166,CUST01239,BR004,Savings,2025-09-21,26097.85,Active
ACC11167,CUST02119,BR054,Salary,2025-10-01,5489.86,Active
ACC11168,CUST03729,BR060,Salary,2023-11-07,26219.5,Closed
ACC11169,CUST03520,BR032,Savings,2020-09-25,19986.55,Dormant
ACC11170,CUST02242,BR053,Salary,2019-07-28,12343.85,Dormant
ACC11171,CUST03463,BR033,Savings,2023-06-05,49267.16,Dormant
ACC11172,CUST05138,BR002,Savings,2020-02-15,29760.5,Closed
ACC11173,CUST07357,BR051,Salary,2025-04-14,5825.09,Dormant
ACC11174,CUST06282,BR019,Savings,2023-09-05,16444.27,Dormant
ACC11175,CUST05833,BR024,Savings,2020-09-26,39936.17,Dormant
ACC11176,CUST07124,BR051,Savings,2020-10-20,34864.59,Dormant
ACC11177,CUST02883,BR059,Salary,2019-04-10,16049.16,Dormant
ACC11178,CUST01824,BR003,Savings,2020-01-18,51025.49,Dormant
ACC11179,CUST06877,BR057,Savings,2020-12-10,15906.05,Closed
ACC11180,CUST02389,BR038,Fixed Deposit,2022-10-28,66649.44,Active
ACC11181,CUST06462,BR024,Current,2022-09-13,1241.93,Dormant
ACC11182,CUST05279,BR047,Current,2019-05-14,23163.89,Active
ACC11183,CUST03086,BR039,Savings,2023-07-19,43805.41,Closed
ACC11184,CUST01052,BR033,Salary,2023-12-27,10165.18,Dormant
ACC11185,CUST00289,BR043,Savings,2023-10-27,14478.14,Dormant
ACC11186,CUST05554,BR055,Savings,2020-12-27,8627.35,Closed
ACC11187,CUST04167,BR021,Current,2025-07-07,99048.6,Active
ACC11188,CUST01715,BR041,Savings,2025-11-07,36084.44,Dormant
ACC11189,CUST03053,BR048,Fixed Deposit,2019-02-10,98247.86,Active
ACC11190,CUST04833,BR041,Salary,2019-01-06,3990.41,Dormant
ACC11191,CUST04943,BR032,Savings,2023-08-02,19064.72,Dormant
ACC11192,CUST04731,BR025,Savings,2021-04-20,17118.24,Active
ACC11193,CUST02805,BR040,Savings,2021-04-01,17111.15,Active
ACC11194,CUST02540,BR003,Salary,2020-08-17,8680.03,Active
ACC11195,CUST04529,BR006,Savings,2022-08-17,16131.13,Active
ACC11196,CUST02998,BR008,Salary,2025-05-21,24215.58,Dormant
ACC11197,CUST04074,BR020,Salary,2020-07-19,3501.7,Closed
ACC11198,CUST04244,BR051,Fixed Deposit,2019-06-11,173924.55,Closed
ACC11199,CUST00327,BR057,Salary,2021-10-14,18745.12,Closed
ACC11200,CUST01878,BR060,Current,2025-11-18,34810.28,Active
ACC11201,CUST00397,BR006,Savings,2024-05-01,49818.95,Dormant
ACC11202,CUST06703,BR027,Salary,2020-08-23,4835.38,Active
ACC11203,CUST02147,BR059,Salary,2020-01-03,8389.27,Dormant
ACC11204,CUST03733,BR022,Salary,2022-01-30,12274.11,Dormant
ACC11205,CUST06050,BR005,Savings,2021-07-23,75282.6,Dormant
ACC11206,CUST06719,BR014,Savings,2019-08-04,21123.75,Closed
ACC11207,CUST07745,BR047,Savings,2024-06-15,33025.96,Dormant
ACC11208,CUST05773,BR041,Savings,2019-10-11,12956.84,Active
ACC11209,CUST00654,BR017,Salary,2024-04-21,18784.54,Dormant
ACC11210,CUST01756,BR059,Fixed Deposit,2022-09-23,163790.55,Dormant
ACC11211,CUST06067,BR015,Salary,2024-01-28,26819.08,Closed
ACC11212,CUST01155,BR042,Salary,2022-09-16,12619.28,Closed
ACC11213,CUST07434,BR040,Savings,2023-06-09,40454.85,Dormant
ACC11214,CUST03714,BR023,Salary,2021-04-15,20015.49,Active
ACC11215,CUST07812,BR021,Savings,2021-06-26,34749.79,Active
ACC11216,CUST06957,BR001,Fixed Deposit,2024-07-05,116677.85,Dormant
ACC11217,CUST03623,BR010,Savings,2019-06-21,59517.75,Active
ACC11218,CUST06914,BR030,Savings,2024-08-05,19644.59,Active
ACC11219,CUST01941,BR047,Savings,2019-04-14,39249.39,Active
ACC11220,CUST00081,BR040,Savings,2019-11-30,15602.94,Active
ACC11221,CUST02308,BR030,Salary,2019-12-24,7001.29,Closed
ACC11222,CUST01507,BR031,Savings,2021-12-18,17282.6,Active
ACC11223,CUST03266,BR024,Current,2020-12-26,33648.44,Dormant
ACC11224,CUST04830,BR053,Current,2024-08-11,6894.08,Dormant
ACC11225,CUST02763,BR001,Salary,2021-05-28,24397.42,Dormant
ACC11226,CUST02037,BR041,Current,2023-12-18,2281.7,Dormant
ACC11227,CUST05079,BR036,Current,2022-11-25,548431.1,Dormant
ACC11228,CUST00161,BR037,Salary,2022-04-30,38227.69,Dormant
ACC11229,CUST02163,BR056,Savings,2019-04-01,17415.09,Active
ACC11230,CUST02257,BR012,Savings,2020-08-04,22214.13,Active
ACC11231,CUST02765,BR033,Savings,2021-09-14,28931.17,Dormant
ACC11232,CUST02725,BR054,Salary,2021-10-25,8844.82,Active
ACC11233,CUST02716,BR055,Current,2025-11-11,44029.68,Dormant
ACC11234,CUST02942,BR016,Current,2023-09-15,31445.15,Dormant
ACC11235,CUST01158,BR009,Current,2022-01-31,33048.36,Active
ACC11236,CUST05505,BR052,Savings,2021-02-24,25934.13,Closed
ACC11237,CUST03757,BR008,Savings,2023-11-26,6753.56,Closed
ACC11238,CUST00580,BR007,Salary,2022-05-04,13734.95,Active
ACC11239,CUST01671,BR046,Current,2019-09-19,42763.82,Dormant
ACC11240,CUST06431,BR043,Salary,2022-03-12,14620.72,Active
ACC11241,CUST04785,BR052,Current,2024-09-21,29265.64,Active
ACC11242,CUST05136,BR033,Savings,2021-03-16,61332.92,Dormant
ACC11243,CUST01237,BR027,Savings,2020-01-14,16021.91,Dormant
ACC11244,CUST03638,BR054,Savings,2022-01-14,27027.05,Active
ACC11245,CUST06227,BR037,Salary,2022-08-21,33127.14,Closed
ACC11246,CUST04613,BR048,Fixed Deposit,2023-08-02,57089.43,Closed
ACC11247,CUST00139,BR015,Salary,2024-02-26,15523.72,Active
ACC11248,CUST01738,BR047,Current,2019-01-10,32978.64,Dormant
ACC11249,CUST07846,BR025,Savings,2025-02-14,67079.44,Dormant
ACC11250,CUST00812,BR009,Current,2023-07-20,28064.91,Active
ACC11251,CUST05355,BR006,Savings,2021-05-12,69913.85,Dormant
ACC11252,CUST05023,BR042,Savings,2021-05-04,20065.77,Closed
ACC11253,CUST07589,BR057,Savings,2023-05-30,10162.77,Closed
ACC11254,CUST00603,BR054,Current,2019-07-11,71637.44,Active
ACC11255,CUST06106,BR024,Salary,2020-07-05,10793.86,Dormant
ACC11256,CUST03423,BR020,Current,2024-04-16,67541.73,Dormant
ACC11257,CUST03916,BR020,Salary,2024-10-06,1977.16,Closed
ACC11258,CUST02923,BR018,Savings,2019-11-04,22129.9,Active
ACC11259,CUST00563,BR030,Savings,2024-11-07,14564.69,Closed
ACC11260,CUST02883,BR015,Savings,2022-05-22,8459.68,Dormant
ACC11261,CUST07898,BR032,Savings,2020-09-28,13387.59,Active
ACC11262,CUST07241,BR004,Savings,2019-08-18,13143.3,Active
ACC11263,CUST00487,BR022,Salary,2020-04-01,12918.43,Active
ACC11264,CUST00473,BR048,Savings,2019-02-21,6434.35,Closed
ACC11265,CUST06671,BR059,Savings,2021-04-22,29279.6,Active
ACC11266,CUST02913,BR035,Savings,2025-11-04,75326.95,Dormant
ACC11267,CUST06852,BR013,Fixed Deposit,2021-07-15,70866.78,Active
ACC11268,CUST03847,BR049,Savings,2023-09-09,45619.46,Active
ACC11269,CUST01978,BR006,Savings,2024-02-27,58989.0,Closed
ACC11270,CUST07247,BR008,Current,2023-06-05,125052.57,Closed
ACC11271,CUST01606,BR048,Savings,2025-02-19,118554.12,Active
ACC11272,CUST04713,BR001,Savings,2023-01-08,14054.79,Dormant
ACC11273,CUST02340,BR055,Salary,2025-02-23,8079.31,Active
ACC11274,CUST00414,BR025,Savings,2019-11-08,44583.5,Dormant
ACC11275,CUST02011,BR043,Fixed Deposit,2020-11-13,91579.23,Closed
ACC11276,CUST01415,BR015,Savings,2023-02-27,44272.0,Active
ACC11277,CUST03917,BR053,Savings,2020-12-26,120614.43,Dormant
ACC11278,CUST07547,BR049,Salary,2020-01-31,13466.48,Active
ACC11279,CUST04020,BR004,Salary,2021-06-21,18003.29,Closed
ACC11280,CUST06389,BR046,Savings,2023-09-25,9114.76,Closed
ACC11281,CUST04195,BR058,Savings,2021-11-23,150510.63,Dormant
ACC11282,CUST06227,BR037,Current,2021-12-21,25937.76,Dormant
ACC11283,CUST01510,BR021,Salary,2019-09-11,10767.08,Closed
ACC11284,CUST02036,BR058,Savings,2021-07-22,16121.76,Closed
ACC11285,CUST02096,BR046,Savings,2021-10-09,12327.57,Dormant
ACC11286,CUST06811,BR034,Savings,2024-12-12,11424.4,Closed
ACC11287,CUST05137,BR049,Salary,2020-04-24,9259.52,Dormant
ACC11288,CUST03115,BR017,Savings,2020-04-01,6443.22,Closed
ACC11289,CUST06501,BR030,Current,2022-04-14,16558.95,Dormant
ACC11290,CUST00425,BR022,Fixed Deposit,2019-11-09,192794.06,Dormant
ACC11291,CUST06030,BR051,Salary,2025-09-15,22358.43,Closed
ACC11292,CUST05286,BR032,Fixed Deposit,2023-02-21,104353.82,Closed
ACC11293,CUST02565,BR058,Fixed Deposit,2020-10-19,121336.78,Active
ACC11294,CUST05581,BR015,Savings,2023-12-01,114774.1,Dormant
ACC11295,CUST01064,BR024,Savings,2020-11-19,4472.58,Dormant
ACC11296,CUST01184,BR041,Savings,2021-09-26,7281.59,Active
ACC11297,CUST00401,BR027,Current,2023-06-29,16256.96,Closed
ACC11298,CUST03498,BR052,Savings,2019-08-19,14432.58,Closed
ACC11299,CUST06363,BR046,Savings,2025-12-27,16805.94,Active
ACC11300,CUST06610,BR013,Current,2020-03-08,23225.88,Closed
ACC11301,CUST07135,BR026,Fixed Deposit,2020-07-25,68294.56,Active
ACC11302,CUST01322,BR044,Savings,2019-11-08,22737.39,Closed
ACC11303,CUST06675,BR023,Salary,2020-06-11,8054.74,Closed
ACC11304,CUST01001,BR006,Current,2024-01-12,4123.47,Active
ACC11305,CUST03355,BR040,Fixed Deposit,2020-11-21,33000.53,Dormant
ACC11306,CUST03215,BR044,Fixed Deposit,2020-10-03,43064.61,Dormant
ACC11307,CUST02220,BR037,Salary,2019-07-12,11237.87,Closed
ACC11308,CUST05965,BR035,Savings,2025-07-06,7968.88,Dormant
ACC11309,CUST03152,BR015,Savings,2020-04-01,14161.39,Dormant
ACC11310,CUST02462,BR008,Savings,2024-09-13,7959.42,Closed
ACC11311,CUST07415,BR021,Savings,2025-12-04,19668.28,Active
ACC11312,CUST00251,BR045,Savings,2020-12-23,8385.15,Closed
ACC11313,CUST07486,BR059,Salary,2021-06-13,7374.38,Active
ACC11314,CUST04294,BR019,Current,2021-09-05,9811.55,Closed
ACC11315,CUST07276,BR040,Fixed Deposit,2023-06-20,54606.03,Active
ACC11316,CUST05847,BR014,Savings,2024-12-28,10099.05,Active
ACC11317,CUST07184,BR058,Savings,2019-12-26,49816.71,Dormant
ACC11318,CUST06187,BR032,Savings,2023-01-03,31737.85,Active
ACC11319,CUST06407,BR053,Savings,2023-09-27,20684.36,Dormant
ACC11320,CUST00393,BR039,Savings,2023-12-13,10745.72,Dormant
ACC11321,CUST03807,BR051,Savings,2020-05-21,31022.51,Closed
ACC11322,CUST06019,BR020,Salary,2020-12-06,21665.81,Active
ACC11323,CUST03882,BR043,Savings,2021-11-26,25044.75,Closed
ACC11324,CUST01022,BR006,Current,2020-10-09,180538.96,Dormant
ACC11325,CUST01372,BR052,Savings,2019-03-15,33312.02,Closed
ACC11326,CUST00895,BR056,Salary,2023-06-21,25324.44,Dormant
ACC11327,CUST06751,BR040,Savings,2024-02-27,24839.96,Closed
ACC11328,CUST07891,BR022,Savings,2025-10-24,40461.17,Closed
ACC11329,CUST02957,BR044,Salary,2019-08-13,7648.41,Closed
ACC11330,CUST05285,BR054,Fixed Deposit,2024-07-03,45476.95,Active
ACC11331,CUST06319,BR057,Savings,2021-12-20,30164.69,Active
ACC11332,CUST05908,BR029,Salary,2019-11-11,16974.54,Dormant
ACC11333,CUST07146,BR047,Fixed Deposit,2020-02-10,81191.6,Active
ACC11334,CUST01126,BR060,Savings,2019-09-07,59299.35,Dormant
ACC11335,CUST04903,BR004,Savings,2019-09-07,6109.05,Closed
ACC11336,CUST00177,BR009,Savings,2020-11-16,9163.58,Closed
ACC11337,CUST02244,BR021,Current,2025-07-15,45687.16,Dormant
ACC11338,CUST03633,BR052,Current,2022-08-16,17599.69,Active
ACC11339,CUST05831,BR026,Salary,2020-03-09,142121.52,Closed
ACC11340,CUST02880,BR036,Savings,2020-06-19,35036.57,Closed
ACC11341,CUST02868,BR046,Savings,2021-09-26,20527.12,Active
ACC11342,CUST07199,BR006,Fixed Deposit,2019-11-28,43946.07,Dormant
ACC11343,CUST02374,BR046,Savings,2024-05-25,14297.7,Closed
ACC11344,CUST06705,BR032,Savings,2024-10-07,22632.15,Active
ACC11345,CUST04930,BR010,Savings,2023-05-10,24362.1,Dormant
ACC11346,CUST07158,BR053,Fixed Deposit,2022-03-22,45523.34,Active
ACC11347,CUST00930,BR059,Fixed Deposit,2019-05-25,50823.22,Active
ACC11348,CUST04314,BR021,Savings,2021-06-07,73854.79,Closed
ACC11349,CUST07774,BR002,Savings,2025-09-15,76577.19,Active
ACC11350,CUST02166,BR043,Savings,2020-10-12,27634.78,Dormant
ACC11351,CUST02517,BR051,Current,2023-05-20,9497.09,Active
ACC11352,CUST06237,BR040,Current,2024-05-30,62224.44,Closed
ACC11353,CUST04517,BR014,Savings,2023-03-21,89219.44,Dormant
ACC11354,CUST07913,BR051,Current,2020-12-12,142882.96,Dormant
ACC11355,CUST02866,BR053,Salary,2023-07-26,22339.2,Closed
ACC11356,CUST00042,BR018,Savings,2022-09-01,79235.58,Closed
ACC11357,CUST04016,BR030,Savings,2022-02-10,23110.58,Active
ACC11358,CUST05631,BR054,Current,2025-01-12,68057.14,Closed
ACC11359,CUST02409,BR015,Fixed Deposit,2020-04-22,39796.52,Active
ACC11360,CUST06666,BR003,Current,2025-09-10,48643.11,Active
ACC11361,CUST06580,BR038,Savings,2024-10-14,72880.82,Closed
ACC11362,CUST06717,BR024,Savings,2024-07-17,12958.65,Closed
ACC11363,CUST04785,BR053,Savings,2024-05-28,10144.64,Closed
ACC11364,CUST00278,BR038,Current,2025-03-03,40034.18,Dormant
ACC11365,CUST07095,BR028,Savings,2019-07-27,17961.83,Dormant
ACC11366,CUST05865,BR018,Fixed Deposit,2024-05-02,88387.75,Dormant
ACC11367,CUST06329,BR029,Savings,2021-01-29,14648.11,Dormant
ACC11368,CUST07641,BR037,Savings,2020-01-23,103424.34,Active
ACC11369,CUST01380,BR035,Savings,2020-12-02,6900.1,Active
ACC11370,CUST01443,BR011,Savings,2022-04-12,68074.73,Active
ACC11371,CUST04789,BR009,Salary,2024-06-10,7821.3,Dormant
ACC11372,CUST04542,BR038,Savings,2024-05-09,4374.8,Dormant
ACC11373,CUST05170,BR030,Savings,2019-07-08,27284.87,Dormant
ACC11374,CUST07892,BR019,Salary,2023-10-06,11178.8,Closed
ACC11375,CUST00608,BR032,Savings,2023-04-23,8114.04,Active
ACC11376,CUST04389,BR021,Fixed Deposit,2022-10-09,21832.91,Active
ACC11377,CUST06728,BR020,Savings,2020-12-05,21861.35,Dormant
ACC11378,CUST00872,BR018,Savings,2019-10-03,53010.92,Dormant
ACC11379,CUST03590,BR044,Current,2019-06-02,65182.97,Dormant
ACC11380,CUST04835,BR005,Salary,2023-09-11,13900.7,Active
ACC11381,CUST06702,BR035,Savings,2021-01-02,33892.97,Active
ACC11382,CUST00763,BR035,Savings,2020-01-27,21493.53,Dormant
ACC11383,CUST05214,BR021,Savings,2023-04-29,6082.97,Dormant
ACC11384,CUST01057,BR056,Savings,2020-07-16,6131.5,Dormant
ACC11385,CUST02908,BR059,Current,2020-04-01,29638.56,Dormant
ACC11386,CUST01659,BR021,Savings,2021-07-11,19061.24,Active
ACC11387,CUST01748,BR005,Savings,2020-09-19,47376.63,Active
ACC11388,CUST02853,BR020,Savings,2019-10-06,43546.03,Dormant
ACC11389,CUST05037,BR026,Savings,2020-02-12,37972.58,Closed
ACC11390,CUST02495,BR017,Savings,2023-01-01,17115.6,Active
ACC11391,CUST04227,BR001,Salary,2024-02-20,5082.42,Closed
ACC11392,CUST07164,BR018,Savings,2019-11-11,31916.04,Active
ACC11393,CUST01861,BR009,Fixed Deposit,2021-06-23,82051.44,Dormant
ACC11394,CUST04545,BR019,Savings,2025-07-05,2566.56,Active
ACC11395,CUST07093,BR028,Salary,2025-01-08,7449.95,Dormant
ACC11396,CUST04321,BR012,Salary,2020-05-13,8235.93,Closed
ACC11397,CUST07267,BR024,Savings,2021-11-15,24502.13,Dormant
ACC11398,CUST01759,BR059,Savings,2023-10-08,10689.06,Active
ACC11399,CUST05341,BR024,Salary,2024-07-21,13007.82,Closed
ACC11400,CUST05879,BR001,Salary,2021-03-05,11529.05,Closed
ACC11401,CUST05217,BR020,Fixed Deposit,2020-09-20,54421.27,Closed
ACC11402,CUST04476,BR045,Savings,2022-01-23,11559.29,Dormant
ACC11403,CUST03092,BR025,Savings,2021-04-28,12393.33,Active
ACC11404,CUST07694,BR048,Salary,2020-06-28,6271.76,Closed
ACC11405,CUST00816,BR059,Savings,2021-05-16,31009.87,Dormant
ACC11406,CUST04693,BR048,Savings,2022-01-24,36827.21,Closed
ACC11407,CUST01190,BR050,Savings,2021-03-01,11008.73,Closed
ACC11408,CUST02429,BR038,Savings,2022-10-25,86558.53,Active
ACC11409,CUST02492,BR012,Savings,2021-01-08,16595.03,Closed
ACC11410,CUST04687,BR038,Fixed Deposit,2020-06-29,149958.13,Dormant
ACC11411,CUST07241,BR044,Savings,2021-04-09,12358.33,Dormant
ACC11412,CUST06961,BR054,Savings,2019-12-04,3554.89,Dormant
ACC11413,CUST05606,BR058,Savings,2021-09-20,31633.69,Active
ACC11414,CUST00363,BR002,Savings,2025-11-14,27548.15,Closed
ACC11415,CUST04358,BR015,Salary,2025-08-16,13685.27,Dormant
ACC11416,CUST00203,BR026,Savings,2020-05-13,12357.16,Closed
ACC11417,CUST00674,BR016,Savings,2021-01-08,21351.66,Closed
ACC11418,CUST05960,BR012,Current,2022-01-29,21779.85,Closed
ACC11419,CUST06526,BR009,Salary,2022-02-22,10811.39,Dormant
ACC11420,CUST06136,BR012,Savings,2025-08-06,46979.61,Active
ACC11421,CUST04636,BR034,Savings,2023-04-14,25998.54,Active
ACC11422,CUST07998,BR055,Savings,2021-10-10,38137.61,Dormant
ACC11423,CUST05224,BR021,Savings,2023-07-25,17877.86,Closed
ACC11424,CUST00635,BR012,Savings,2021-09-23,16190.57,Dormant
ACC11425,CUST01218,BR041,Savings,2024-07-06,7799.9,Closed
ACC11426,CUST07709,BR060,Savings,2021-06-10,15787.39,Dormant
ACC11427,CUST02242,BR031,Salary,2020-09-11,1306.65,Closed
ACC11428,CUST05176,BR030,Fixed Deposit,2025-05-21,42018.56,Closed
ACC11429,CUST06684,BR021,Current,2020-07-31,33460.66,Closed
ACC11430,CUST03820,BR015,Salary,2023-04-16,19822.47,Active
ACC11431,CUST07778,BR046,Salary,2025-07-05,11069.24,Active
ACC11432,CUST06503,BR052,Fixed Deposit,2021-07-15,73762.38,Active
ACC11433,CUST06044,BR008,Savings,2024-01-28,3097.0,Dormant
ACC11434,CUST04469,BR035,Savings,2020-05-30,20928.07,Active
ACC11435,CUST06905,BR055,Salary,2022-12-31,4123.05,Active
ACC11436,CUST02321,BR010,Savings,2022-06-25,7424.4,Dormant
ACC11437,CUST03427,BR050,Savings,2019-11-14,18611.8,Active
ACC11438,CUST02048,BR041,Savings,2021-10-15,69469.12,Dormant
ACC11439,CUST06870,BR054,Savings,2020-12-15,30763.56,Active
ACC11440,CUST01761,BR023,Savings,2022-05-20,22390.86,Closed
ACC11441,CUST05474,BR056,Fixed Deposit,2025-11-15,59176.62,Closed
ACC11442,CUST05980,BR004,Savings,2024-02-14,11588.1,Closed
ACC11443,CUST01879,BR043,Savings,2023-09-08,13499.59,Dormant
ACC11444,CUST06590,BR002,Salary,2023-08-10,18018.66,Closed
ACC11445,CUST07635,BR042,Savings,2019-05-17,6330.76,Dormant
ACC11446,CUST04448,BR048,Savings,2024-09-27,37562.02,Active
ACC11447,CUST04233,BR031,Savings,2022-09-02,15527.12,Active
ACC11448,CUST00043,BR014,Fixed Deposit,2020-01-11,98256.26,Dormant
ACC11449,CUST02745,BR055,Savings,2021-03-03,52312.16,Closed
ACC11450,CUST02000,BR049,Savings,2020-12-09,4886.46,Active
ACC11451,CUST03393,BR044,Current,2021-06-02,20300.87,Closed
ACC11452,CUST04196,BR054,Savings,2023-01-05,10198.8,Active
ACC11453,CUST01531,BR049,Savings,2024-10-27,4309.36,Closed
ACC11454,CUST02177,BR024,Savings,2022-03-16,8696.88,Dormant
ACC11455,CUST00442,BR025,Savings,2022-11-23,198219.5,Active
ACC11456,CUST00114,BR025,Current,2023-06-08,66803.44,Closed
ACC11457,CUST06249,BR012,Savings,2024-07-30,123693.15,Dormant
ACC11458,CUST05528,BR044,Savings,2025-08-13,46452.64,Active
ACC11459,CUST03405,BR052,Savings,2021-09-15,11297.55,Closed
ACC11460,CUST03073,BR032,Fixed Deposit,2025-05-04,47616.63,Closed
ACC11461,CUST07609,BR058,Salary,2022-09-15,20169.07,Dormant
ACC11462,CUST00477,BR056,Savings,2019-12-05,32655.08,Closed
ACC11463,CUST02187,BR003,Current,2024-03-07,20387.11,Closed
ACC11464,CUST07342,BR018,Current,2023-02-01,8022.51,Closed
ACC11465,CUST07431,BR015,Savings,2020-07-30,424634.92,Dormant
ACC11466,CUST05262,BR016,Savings,2021-02-21,19398.78,Active
ACC11467,CUST04350,BR001,Savings,2021-03-01,16429.52,Active
ACC11468,CUST07420,BR043,Current,2022-08-06,40673.6,Dormant
ACC11469,CUST03576,BR059,Salary,2023-04-29,11272.15,Closed
ACC11470,CUST01965,BR007,Savings,2022-02-15,24598.88,Dormant
ACC11471,CUST01970,BR036,Current,2023-10-19,131524.35,Active
ACC11472,CUST03942,BR056,Savings,2021-02-28,19690.79,Active
ACC11473,CUST07403,BR054,Savings,2025-05-01,7735.39,Dormant
ACC11474,CUST04828,BR008,Savings,2024-08-17,19044.25,Closed
ACC11475,CUST04638,BR058,Savings,2024-12-03,14501.95,Dormant
ACC11476,CUST04456,BR013,Savings,2024-08-03,79340.9,Closed
ACC11477,CUST01666,BR059,Savings,2025-01-28,63196.69,Active
ACC11478,CUST00357,BR004,Savings,2022-12-28,24264.57,Active
ACC11479,CUST01802,BR024,Savings,2024-04-29,6968.38,Active
ACC11480,CUST01294,BR019,Savings,2024-12-24,7307.8,Active
ACC11481,CUST05098,BR033,Fixed Deposit,2025-06-27,60419.91,Active
ACC11482,CUST07794,BR017,Savings,2025-05-25,29812.73,Active
ACC11483,CUST01006,BR007,Salary,2023-07-14,10278.03,Active
ACC11484,CUST05061,BR007,Salary,2022-11-20,9546.04,Active
ACC11485,CUST00101,BR059,Current,2023-07-03,20074.4,Dormant
ACC11486,CUST02160,BR013,Savings,2024-01-29,21567.56,Dormant
ACC11487,CUST01914,BR045,Fixed Deposit,2022-10-08,14333.33,Closed
ACC11488,CUST04058,BR032,Savings,2025-03-06,8174.76,Dormant
ACC11489,CUST07679,BR003,Salary,2019-07-18,8613.31,Closed
ACC11490,CUST07928,BR002,Savings,2023-01-01,65300.36,Closed
ACC11491,CUST07205,BR050,Current,2019-04-13,16093.75,Dormant
ACC11492,CUST02486,BR004,Salary,2020-10-03,15158.67,Active
ACC11493,CUST03479,BR025,Salary,2022-05-17,15655.54,Closed
ACC11494,CUST01265,BR030,Savings,2024-11-28,70836.16,Active
ACC11495,CUST00378,BR049,Savings,2021-09-21,68618.65,Dormant
ACC11496,CUST03425,BR006,Fixed Deposit,2019-11-10,57843.61,Closed
ACC11497,CUST03670,BR056,Savings,2021-12-11,14358.02,Dormant
ACC11498,CUST02840,BR011,Current,2025-08-18,18697.91,Active
ACC11499,CUST02434,BR056,Salary,2021-05-16,11285.29,Dormant
ACC11500,CUST05814,BR051,Savings,2020-07-11,14903.78,Active
ACC11501,CUST03246,BR006,Savings,2022-08-15,36252.54,Dormant
ACC11502,CUST05302,BR037,Savings,2024-11-15,32153.57,Dormant
ACC11503,CUST07075,BR049,Fixed Deposit,2021-03-28,85398.24,Dormant
ACC11504,CUST03601,BR003,Savings,2022-06-26,68415.54,Active
ACC11505,CUST01553,BR042,Salary,2022-05-18,49217.69,Closed
ACC11506,CUST02104,BR042,Savings,2024-04-07,24641.74,Dormant
ACC11507,CUST00455,BR031,Savings,2022-08-04,59249.78,Dormant
ACC11508,CUST07418,BR010,Savings,2025-12-28,16050.67,Active
ACC11509,CUST01712,BR031,Savings,2020-12-02,63991.55,Dormant
ACC11510,CUST07892,BR031,Current,2022-07-14,104978.32,Closed
ACC11511,CUST04227,BR031,Savings,2022-02-26,54588.27,Dormant
ACC11512,CUST04943,BR005,Salary,2021-08-09,14269.06,Active
ACC11513,CUST00441,BR051,Salary,2020-07-06,8367.83,Closed
ACC11514,CUST01802,BR032,Salary,2022-08-08,5033.29,Closed
ACC11515,CUST03038,BR055,Savings,2023-05-27,21246.9,Closed
ACC11516,CUST03750,BR025,Savings,2024-01-04,87527.76,Active
ACC11517,CUST05136,BR045,Salary,2025-11-23,10754.81,Closed
ACC11518,CUST01258,BR005,Current,2021-04-13,79628.44,Closed
ACC11519,CUST03575,BR051,Savings,2019-12-20,47077.77,Dormant
ACC11520,CUST02791,BR058,Salary,2023-08-28,10953.56,Closed
ACC11521,CUST05911,BR034,Current,2024-09-20,135448.24,Closed
ACC11522,CUST06112,BR043,Salary,2021-06-22,1744.0,Dormant
ACC11523,CUST02939,BR029,Salary,2019-11-20,5676.41,Active
ACC11524,CUST04305,BR012,Current,2019-01-29,14535.77,Closed
ACC11525,CUST02746,BR040,Fixed Deposit,2024-09-07,36613.45,Active
ACC11526,CUST02588,BR053,Salary,2021-06-28,16905.33,Closed
ACC11527,CUST05962,BR049,Salary,2023-03-02,16367.07,Dormant
ACC11528,CUST01842,BR017,Salary,2019-11-27,17602.45,Closed
ACC11529,CUST03530,BR038,Savings,2019-08-06,37664.5,Dormant
ACC11530,CUST02058,BR053,Salary,2020-12-18,6870.05,Dormant
ACC11531,CUST01146,BR057,Savings,2022-06-09,7358.72,Dormant
ACC11532,CUST03784,BR038,Savings,2022-03-14,31466.78,Closed
ACC11533,CUST04140,BR052,Savings,2023-05-01,12491.34,Active
ACC11534,CUST03245,BR007,Savings,2025-08-10,5359.21,Dormant
ACC11535,CUST06882,BR032,Savings,2025-02-15,52797.01,Dormant
ACC11536,CUST02868,BR059,Current,2022-01-19,146547.06,Closed
ACC11537,CUST01705,BR040,Salary,2022-05-26,39735.99,Dormant
ACC11538,CUST02530,BR052,Fixed Deposit,2024-05-09,66983.7,Active
ACC11539,CUST02110,BR016,Savings,2022-01-21,38690.09,Dormant
ACC11540,CUST04237,BR058,Savings,2022-01-03,75575.04,Active
ACC11541,CUST01890,BR058,Current,2020-06-28,19121.8,Closed
ACC11542,CUST03988,BR037,Savings,2020-10-01,59850.79,Dormant
ACC11543,CUST05481,BR031,Fixed Deposit,2021-09-28,70631.94,Dormant
ACC11544,CUST07371,BR037,Savings,2025-11-04,50128.27,Dormant
ACC11545,CUST01095,BR037,Savings,2024-07-15,26042.46,Active
ACC11546,CUST02044,BR019,Salary,2019-05-13,33103.02,Active
ACC11547,CUST07431,BR059,Salary,2021-02-14,15622.49,Dormant
ACC11548,CUST05013,BR032,Current,2025-02-14,8233.95,Active
ACC11549,CUST05378,BR039,Fixed Deposit,2024-10-08,143079.54,Dormant
ACC11550,CUST01486,BR031,Savings,2024-03-15,9388.33,Active
ACC11551,CUST04217,BR017,Salary,2023-03-23,32117.0,Active
ACC11552,CUST00307,BR059,Savings,2025-10-18,20308.23,Closed
ACC11553,CUST01190,BR022,Current,2021-09-17,117713.74,Dormant
ACC11554,CUST03524,BR055,Fixed Deposit,2023-05-08,118286.06,Dormant
ACC11555,CUST04593,BR051,Salary,2025-01-27,18053.59,Dormant
ACC11556,CUST00718,BR047,Fixed Deposit,2025-04-30,81236.6,Active
ACC11557,CUST00378,BR044,Current,2021-01-31,55416.28,Dormant
ACC11558,CUST05866,BR012,Current,2019-02-13,4847.29,Active
ACC11559,CUST03780,BR055,Salary,2021-02-08,14513.45,Active
ACC11560,CUST02632,BR020,Savings,2021-02-28,8067.04,Closed
ACC11561,CUST04623,BR039,Savings,2020-05-24,25695.43,Dormant
ACC11562,CUST00744,BR038,Current,2019-07-23,11580.26,Dormant
ACC11563,CUST04314,BR008,Savings,2021-09-04,7582.08,Dormant
ACC11564,CUST07987,BR047,Current,2024-06-16,180761.63,Dormant
ACC11565,CUST01855,BR002,Savings,2019-07-07,57670.59,Dormant
ACC11566,CUST01829,BR007,Savings,2025-10-25,21944.5,Closed
ACC11567,CUST00513,BR010,Fixed Deposit,2019-02-02,66893.77,Closed
ACC11568,CUST00137,BR048,Fixed Deposit,2025-02-15,51598.63,Active
ACC11569,CUST03885,BR047,Savings,2025-05-17,36786.59,Dormant
ACC11570,CUST00238,BR012,Salary,2021-03-26,8322.87,Dormant
ACC11571,CUST05275,BR014,Fixed Deposit,2019-10-31,108688.81,Dormant
ACC11572,CUST03818,BR021,Savings,2021-04-25,17539.69,Closed
ACC11573,CUST03483,BR014,Current,2024-04-06,23864.64,Active
ACC11574,CUST06412,BR050,Salary,2025-02-15,13564.33,Dormant
ACC11575,CUST02687,BR004,Current,2021-06-25,20107.6,Dormant
ACC11576,CUST01790,BR027,Savings,2021-11-13,29608.42,Active
ACC11577,CUST03762,BR011,Savings,2021-10-31,13580.28,Closed
ACC11578,CUST06819,BR002,Current,2020-10-29,58018.87,Dormant
ACC11579,CUST00732,BR027,Current,2022-08-08,122517.18,Active
ACC11580,CUST06190,BR022,Savings,2021-07-28,11528.88,Active
ACC11581,CUST05673,BR036,Savings,2022-04-19,19584.27,Dormant
ACC11582,CUST02554,BR057,Savings,2025-04-17,33362.83,Closed
ACC11583,CUST05974,BR017,Savings,2024-05-16,14879.33,Dormant
ACC11584,CUST00802,BR006,Salary,2022-02-03,18490.72,Active
ACC11585,CUST05551,BR034,Salary,2024-04-13,19707.99,Active
ACC11586,CUST04432,BR012,Savings,2023-12-26,58392.08,Dormant
ACC11587,CUST07017,BR021,Savings,2020-10-16,12766.87,Active
ACC11588,CUST05044,BR051,Salary,2019-02-13,6905.39,Dormant
ACC11589,CUST00908,BR040,Savings,2020-01-03,16700.27,Closed
ACC11590,CUST02415,BR031,Savings,2025-01-04,9219.01,Closed
ACC11591,CUST06388,BR024,Fixed Deposit,2024-05-30,84010.66,Dormant
ACC11592,CUST01557,BR020,Current,2020-07-13,11364.49,Closed
ACC11593,CUST02623,BR004,Salary,2020-10-10,68398.86,Dormant
ACC11594,CUST06030,BR044,Savings,2019-07-28,70709.49,Dormant
ACC11595,CUST04299,BR024,Savings,2022-09-29,22277.18,Closed
ACC11596,CUST02071,BR020,Current,2023-01-01,86456.31,Dormant
ACC11597,CUST01676,BR029,Savings,2021-04-27,5048.66,Active
ACC11598,CUST05165,BR009,Savings,2024-10-23,213423.98,Closed
ACC11599,CUST02128,BR006,Fixed Deposit,2025-11-30,42018.75,Closed
ACC11600,CUST06115,BR048,Savings,2023-08-15,19762.71,Dormant
ACC11601,CUST06011,BR041,Savings,2022-07-02,4145.01,Dormant
ACC11602,CUST02279,BR033,Savings,2024-02-23,34120.67,Closed
ACC11603,CUST00255,BR050,Fixed Deposit,2025-03-17,30828.46,Active
ACC11604,CUST00747,BR044,Current,2024-04-21,40201.35,Dormant
ACC11605,CUST01039,BR046,Savings,2024-06-05,13496.06,Closed
ACC11606,CUST06723,BR051,Salary,2023-01-20,6282.85,Closed
ACC11607,CUST00561,BR043,Savings,2020-02-16,10679.43,Active
ACC11608,CUST06626,BR031,Savings,2019-04-09,26989.66,Dormant
ACC11609,CUST00484,BR038,Salary,2024-02-03,5447.74,Closed
ACC11610,CUST07832,BR007,Savings,2020-12-28,11226.92,Closed
ACC11611,CUST00892,BR043,Current,2019-11-20,70493.33,Closed
ACC11612,CUST03675,BR044,Current,2023-06-13,490156.44,Closed
ACC11613,CUST00860,BR040,Salary,2020-06-16,18663.26,Active
ACC11614,CUST04390,BR044,Savings,2019-09-21,9647.6,Active
ACC11615,CUST01356,BR041,Current,2022-04-23,25156.86,Active
ACC11616,CUST04982,BR008,Savings,2022-11-29,22661.67,Active
ACC11617,CUST06587,BR056,Savings,2024-05-28,16082.99,Closed
ACC11618,CUST00467,BR030,Current,2024-07-08,89595.3,Dormant
ACC11619,CUST02525,BR043,Savings,2022-08-01,26788.45,Dormant
ACC11620,CUST02793,BR056,Savings,2020-03-19,49864.63,Dormant
ACC11621,CUST00379,BR050,Fixed Deposit,2022-09-06,49579.55,Closed
ACC11622,CUST01715,BR019,Current,2022-06-22,136694.01,Closed
ACC11623,CUST03148,BR048,Savings,2024-01-02,18961.44,Dormant
ACC11624,CUST07459,BR026,Fixed Deposit,2021-12-06,33432.58,Dormant
ACC11625,CUST07815,BR045,Savings,2024-09-19,156308.73,Active
ACC11626,CUST00269,BR058,Savings,2025-09-17,4262.11,Active
ACC11627,CUST03104,BR023,Savings,2021-01-22,11329.16,Closed
ACC11628,CUST03952,BR044,Current,2025-10-08,19398.91,Dormant
ACC11629,CUST04260,BR060,Fixed Deposit,2022-06-05,269677.95,Dormant
ACC11630,CUST03536,BR043,Savings,2023-01-31,111990.91,Dormant
ACC11631,CUST03526,BR053,Salary,2021-05-02,38015.52,Dormant
ACC11632,CUST03558,BR021,Savings,2020-09-28,16356.93,Dormant
ACC11633,CUST01763,BR002,Savings,2020-12-15,195547.81,Active
ACC11634,CUST07324,BR040,Salary,2024-04-13,17289.36,Active
ACC11635,CUST01954,BR054,Savings,2021-07-12,53079.02,Active
ACC11636,CUST04282,BR034,Savings,2020-08-07,25892.95,Active
ACC11637,CUST00894,BR005,Savings,2023-08-24,21067.36,Closed
ACC11638,CUST00768,BR052,Savings,2022-05-20,17560.36,Dormant
ACC11639,CUST02165,BR050,Salary,2024-02-11,11536.28,Active
ACC11640,CUST05673,BR049,Savings,2021-03-27,38087.54,Closed
ACC11641,CUST04058,BR013,Savings,2020-08-22,30652.82,Active
ACC11642,CUST01108,BR021,Savings,2022-05-25,21411.34,Closed
ACC11643,CUST00576,BR016,Savings,2022-07-19,85696.87,Dormant
ACC11644,CUST05387,BR048,Current,2021-01-06,1869.16,Dormant
ACC11645,CUST05343,BR013,Salary,2020-08-24,19090.02,Closed
ACC11646,CUST01053,BR050,Savings,2024-02-24,42022.68,Active
ACC11647,CUST03245,BR030,Fixed Deposit,2019-07-17,119154.68,Closed
ACC11648,CUST00452,BR002,Savings,2020-02-14,20777.29,Dormant
ACC11649,CUST06455,BR044,Savings,2019-04-24,26559.11,Closed
ACC11650,CUST04992,BR042,Savings,2021-06-11,53495.54,Dormant
ACC11651,CUST00101,BR046,Savings,2025-06-19,84292.63,Dormant
ACC11652,CUST01301,BR008,Savings,2020-01-22,16806.44,Dormant
ACC11653,CUST04970,BR012,Salary,2022-02-09,16104.97,Dormant
ACC11654,CUST02672,BR053,Savings,2021-01-08,99779.35,Dormant
ACC11655,CUST03390,BR011,Current,2022-01-28,4341.49,Dormant
ACC11656,CUST00146,BR015,Savings,2020-08-23,11837.04,Closed
ACC11657,CUST07657,BR055,Fixed Deposit,2021-05-30,144278.62,Closed
ACC11658,CUST01069,BR018,Savings,2024-09-14,58881.61,Dormant
ACC11659,CUST06119,BR008,Fixed Deposit,2021-11-05,81917.43,Active
ACC11660,CUST00737,BR025,Salary,2025-06-25,9759.36,Active
ACC11661,CUST01994,BR052,Salary,2022-04-07,7206.42,Dormant
ACC11662,CUST00109,BR020,Current,2023-04-03,20106.22,Active
ACC11663,CUST02101,BR008,Salary,2023-07-07,39482.22,Closed
ACC11664,CUST06066,BR036,Savings,2023-07-27,12511.48,Dormant
ACC11665,CUST03548,BR016,Savings,2023-02-18,24131.68,Active
ACC11666,CUST04598,BR004,Current,2022-07-13,17090.74,Dormant
ACC11667,CUST07100,BR017,Savings,2020-10-02,47027.91,Dormant
ACC11668,CUST03671,BR026,Savings,2019-10-07,13563.62,Closed
ACC11669,CUST07315,BR014,Current,2020-02-10,32938.78,Dormant
ACC11670,CUST04692,BR003,Salary,2024-06-10,4111.87,Dormant
ACC11671,CUST06087,BR009,Salary,2021-11-19,4318.41,Dormant
ACC11672,CUST02041,BR028,Fixed Deposit,2024-04-17,60150.43,Active
ACC11673,CUST03769,BR055,Savings,2025-09-20,6683.24,Active
ACC11674,CUST03376,BR044,Salary,2025-11-27,58311.85,Closed
ACC11675,CUST07213,BR025,Salary,2021-05-23,3155.6,Active
ACC11676,CUST07397,BR042,Salary,2024-08-27,7630.26,Dormant
ACC11677,CUST05874,BR002,Savings,2023-12-14,22360.04,Active
ACC11678,CUST05310,BR003,Current,2019-10-19,25206.75,Active
ACC11679,CUST04875,BR053,Salary,2020-03-26,6167.8,Active
ACC11680,CUST05817,BR013,Savings,2021-02-20,9300.89,Closed
ACC11681,CUST04625,BR011,Salary,2024-09-29,6677.79,Active
ACC11682,CUST07183,BR001,Savings,2020-02-11,17016.7,Active
ACC11683,CUST04313,BR029,Savings,2019-01-08,127610.28,Dormant
ACC11684,CUST02148,BR046,Savings,2023-03-14,23626.96,Dormant
ACC11685,CUST05063,BR046,Savings,2023-06-05,63870.34,Active
ACC11686,CUST02028,BR046,Savings,2024-07-07,34761.95,Dormant
ACC11687,CUST03539,BR039,Salary,2020-05-03,29135.24,Closed
ACC11688,CUST07667,BR037,Savings,2021-05-26,1772.3,Active
ACC11689,CUST03021,BR034,Savings,2020-06-24,16747.22,Dormant
ACC11690,CUST03375,BR005,Salary,2021-12-02,33356.06,Active
ACC11691,CUST06253,BR039,Savings,2021-08-08,13166.59,Active
ACC11692,CUST07080,BR005,Savings,2025-09-08,107605.37,Closed
ACC11693,CUST01447,BR018,Savings,2020-01-08,83742.44,Dormant
ACC11694,CUST04838,BR034,Savings,2024-01-26,14440.36,Active
ACC11695,CUST04300,BR022,Salary,2022-05-16,9393.62,Dormant
ACC11696,CUST07656,BR034,Salary,2022-06-26,6571.36,Active
ACC11697,CUST00204,BR056,Current,2024-07-13,19349.19,Active
ACC11698,CUST07034,BR039,Salary,2019-12-04,5637.45,Active
ACC11699,CUST00092,BR047,Salary,2023-06-11,18036.77,Closed
ACC11700,CUST06965,BR026,Savings,2025-05-11,5940.56,Closed
ACC11701,CUST05341,BR008,Savings,2023-09-15,37924.77,Dormant
ACC11702,CUST02817,BR055,Current,2025-02-09,68055.49,Closed
ACC11703,CUST01256,BR044,Salary,2025-12-19,4176.2,Dormant
ACC11704,CUST06582,BR041,Savings,2023-11-03,88861.72,Closed
ACC11705,CUST06064,BR004,Savings,2024-01-18,34970.09,Dormant
ACC11706,CUST04413,BR028,Salary,2022-10-23,22579.3,Closed
ACC11707,CUST05480,BR058,Savings,2023-06-18,11127.8,Dormant
ACC11708,CUST01213,BR039,Current,2019-09-29,67668.71,Closed
ACC11709,CUST00776,BR022,Fixed Deposit,2025-02-25,117693.15,Closed
ACC11710,CUST06364,BR055,Savings,2025-10-01,20155.9,Active
ACC11711,CUST02386,BR014,Current,2021-07-19,268853.65,Dormant
ACC11712,CUST04828,BR020,Savings,2025-08-16,22917.55,Closed
ACC11713,CUST07077,BR003,Savings,2024-04-28,61494.76,Dormant
ACC11714,CUST03699,BR021,Savings,2023-12-22,28672.91,Closed
ACC11715,CUST05074,BR042,Fixed Deposit,2021-07-21,85077.08,Closed
ACC11716,CUST04637,BR049,Current,2024-09-12,6827.19,Active
ACC11717,CUST06492,BR016,Savings,2025-08-21,30759.32,Active
ACC11718,CUST01817,BR023,Savings,2025-06-03,11367.6,Closed
ACC11719,CUST03142,BR007,Salary,2025-05-16,7387.33,Active
ACC11720,CUST05129,BR045,Salary,2024-04-07,45291.39,Closed
ACC11721,CUST07081,BR023,Current,2021-04-29,29326.0,Dormant
ACC11722,CUST01657,BR045,Savings,2025-06-26,8928.72,Closed
ACC11723,CUST05981,BR057,Current,2021-08-02,25358.48,Active
ACC11724,CUST05322,BR034,Savings,2023-09-10,6833.52,Dormant
ACC11725,CUST06470,BR047,Savings,2021-01-30,80057.15,Dormant
ACC11726,CUST03844,BR033,Salary,2019-10-02,8209.3,Closed
ACC11727,CUST02610,BR043,Savings,2022-11-29,35467.42,Closed
ACC11728,CUST01456,BR004,Current,2024-10-02,140942.42,Dormant
ACC11729,CUST05181,BR011,Fixed Deposit,2021-01-31,44351.79,Dormant
ACC11730,CUST05007,BR001,Savings,2020-06-04,35554.44,Closed
ACC11731,CUST06293,BR025,Savings,2022-08-16,8716.06,Active
ACC11732,CUST00355,BR016,Savings,2024-02-18,199026.37,Active
ACC11733,CUST04444,BR027,Savings,2024-11-13,51161.48,Closed
ACC11734,CUST07812,BR004,Savings,2025-04-21,18520.88,Dormant
ACC11735,CUST03757,BR007,Current,2025-01-20,16766.97,Dormant
ACC11736,CUST04428,BR035,Salary,2023-10-15,12335.08,Closed
ACC11737,CUST03458,BR005,Savings,2021-11-15,16220.23,Dormant
ACC11738,CUST02904,BR003,Fixed Deposit,2022-08-23,193255.17,Dormant
ACC11739,CUST06154,BR002,Savings,2024-01-31,7310.15,Dormant
ACC11740,CUST02595,BR032,Savings,2022-04-05,24867.61,Closed
ACC11741,CUST04948,BR025,Salary,2025-08-11,13189.33,Closed
ACC11742,CUST03679,BR038,Fixed Deposit,2021-06-18,55801.38,Closed
ACC11743,CUST03146,BR033,Savings,2024-09-15,19975.16,Dormant
ACC11744,CUST06821,BR034,Salary,2024-08-24,12317.18,Dormant
ACC11745,CUST02204,BR025,Savings,2021-10-09,48327.67,Closed
ACC11746,CUST06148,BR002,Salary,2024-07-28,20461.27,Active
ACC11747,CUST06010,BR035,Current,2019-01-27,55210.68,Dormant
ACC11748,CUST03551,BR056,Savings,2021-12-19,1435.7,Dormant
ACC11749,CUST03773,BR054,Savings,2025-05-20,28848.56,Dormant
ACC11750,CUST07977,BR006,Savings,2021-07-28,4963.79,Active
ACC11751,CUST02983,BR040,Salary,2023-05-29,21003.07,Dormant
ACC11752,CUST03071,BR026,Current,2023-01-02,158656.6,Dormant
ACC11753,CUST07812,BR010,Salary,2024-11-16,6985.78,Closed
ACC11754,CUST03909,BR054,Savings,2024-10-29,17402.99,Dormant
ACC11755,CUST04204,BR031,Savings,2024-04-12,12843.33,Active
ACC11756,CUST01218,BR053,Savings,2021-04-10,66962.54,Dormant
ACC11757,CUST01899,BR020,Salary,2019-12-14,14278.63,Closed
ACC11758,CUST01955,BR031,Current,2025-10-03,204501.25,Active
ACC11759,CUST05258,BR021,Savings,2020-01-28,31964.42,Active
ACC11760,CUST02520,BR026,Savings,2021-08-01,27397.45,Active
ACC11761,CUST02068,BR046,Fixed Deposit,2024-07-10,62375.26,Active
ACC11762,CUST05570,BR019,Fixed Deposit,2022-04-11,97811.29,Closed
ACC11763,CUST05037,BR049,Savings,2024-05-12,4610.46,Closed
ACC11764,CUST00506,BR001,Savings,2021-05-04,23784.98,Closed
ACC11765,CUST00682,BR024,Current,2019-04-10,33858.78,Dormant
ACC11766,CUST03447,BR035,Savings,2024-12-29,42314.16,Active
ACC11767,CUST00972,BR029,Current,2024-01-03,30100.54,Active
ACC11768,CUST00279,BR012,Current,2024-06-09,12852.14,Closed
ACC11769,CUST05510,BR023,Current,2023-08-12,36583.43,Active
ACC11770,CUST01025,BR019,Fixed Deposit,2023-01-19,31266.29,Active
ACC11771,CUST01885,BR041,Savings,2022-12-27,3894.28,Active
ACC11772,CUST00359,BR029,Salary,2019-09-25,22225.28,Active
ACC11773,CUST03428,BR048,Savings,2021-03-31,37091.96,Dormant
ACC11774,CUST03956,BR004,Savings,2025-04-11,33536.24,Closed
ACC11775,CUST00659,BR021,Salary,2025-05-30,33257.98,Active
ACC11776,CUST01987,BR054,Savings,2025-06-28,12106.18,Active
ACC11777,CUST07334,BR031,Salary,2021-01-17,4906.03,Closed
ACC11778,CUST00189,BR030,Savings,2025-04-21,20681.05,Active
ACC11779,CUST00308,BR043,Savings,2022-05-11,16110.87,Active
ACC11780,CUST05993,BR036,Salary,2025-05-29,7408.57,Active
ACC11781,CUST05989,BR054,Salary,2021-07-14,12633.48,Closed
ACC11782,CUST07027,BR044,Savings,2019-06-10,12702.52,Active
ACC11783,CUST01638,BR031,Savings,2023-10-22,4220.02,Active
ACC11784,CUST00039,BR008,Savings,2019-11-03,14808.27,Closed
ACC11785,CUST00774,BR060,Savings,2021-05-24,7920.92,Dormant
ACC11786,CUST05683,BR035,Current,2021-12-04,45782.08,Closed
ACC11787,CUST05057,BR022,Savings,2025-10-12,12204.61,Closed
ACC11788,CUST00050,BR032,Savings,2020-11-19,59902.19,Dormant
ACC11789,CUST00552,BR001,Fixed Deposit,2019-07-14,156736.24,Dormant
ACC11790,CUST07549,BR029,Current,2022-04-15,71638.03,Closed
ACC11791,CUST00918,BR001,Savings,2022-10-23,5453.85,Active
ACC11792,CUST04671,BR043,Salary,2020-06-22,38316.55,Active
ACC11793,CUST03353,BR054,Savings,2023-04-04,90957.57,Active
ACC11794,CUST03704,BR024,Savings,2024-03-04,22402.13,Closed
ACC11795,CUST05155,BR025,Savings,2019-08-26,72448.67,Closed
ACC11796,CUST00269,BR052,Savings,2023-04-21,13406.47,Dormant
ACC11797,CUST04425,BR043,Salary,2021-01-26,3617.82,Dormant
ACC11798,CUST06192,BR017,Current,2023-05-08,16978.71,Dormant
ACC11799,CUST02375,BR037,Salary,2024-11-14,44824.52,Dormant
ACC11800,CUST03478,BR010,Savings,2023-02-06,5756.17,Dormant
ACC11801,CUST00787,BR046,Fixed Deposit,2025-04-19,59856.95,Active
ACC11802,CUST07310,BR057,Savings,2021-12-13,22713.84,Closed
ACC11803,CUST03082,BR016,Savings,2023-09-13,13881.65,Dormant
ACC11804,CUST04455,BR035,Salary,2023-05-06,9794.09,Active
ACC11805,CUST05108,BR008,Savings,2020-05-02,23506.31,Dormant
ACC11806,CUST06647,BR055,Current,2022-04-12,20698.94,Dormant
ACC11807,CUST03766,BR024,Savings,2019-08-20,6125.08,Dormant
ACC11808,CUST03813,BR043,Fixed Deposit,2024-02-03,68119.53,Active
ACC11809,CUST01920,BR012,Savings,2023-10-19,57874.37,Dormant
ACC11810,CUST05874,BR044,Savings,2024-11-02,48175.95,Dormant
ACC11811,CUST07709,BR042,Salary,2025-05-07,7579.37,Closed
ACC11812,CUST03091,BR018,Savings,2025-03-06,7143.05,Active
ACC11813,CUST03247,BR009,Fixed Deposit,2022-05-28,50487.81,Active
ACC11814,CUST06708,BR050,Savings,2019-09-19,90310.8,Active
ACC11815,CUST02126,BR028,Savings,2022-10-28,39380.98,Active
ACC11816,CUST02840,BR035,Current,2024-11-18,73420.96,Closed
ACC11817,CUST05089,BR001,Salary,2023-03-06,24906.89,Closed
ACC11818,CUST05982,BR018,Fixed Deposit,2019-09-04,77069.27,Dormant
ACC11819,CUST07686,BR014,Salary,2025-03-17,14536.62,Closed
ACC11820,CUST04690,BR050,Savings,2019-01-23,39977.67,Dormant
ACC11821,CUST03267,BR003,Savings,2024-02-15,13473.1,Closed
ACC11822,CUST05497,BR013,Savings,2023-05-11,6167.1,Dormant
ACC11823,CUST02203,BR041,Savings,2023-02-03,42222.02,Closed
ACC11824,CUST01604,BR025,Savings,2020-04-25,67101.68,Closed
ACC11825,CUST01158,BR044,Savings,2020-07-04,8051.32,Dormant
ACC11826,CUST06220,BR059,Salary,2019-07-20,23750.17,Closed
ACC11827,CUST02983,BR022,Savings,2019-10-31,99976.37,Active
ACC11828,CUST02061,BR013,Salary,2021-06-19,13338.74,Closed
ACC11829,CUST03850,BR011,Fixed Deposit,2022-07-26,36651.1,Dormant
ACC11830,CUST01365,BR043,Current,2023-07-11,41069.4,Active
ACC11831,CUST07343,BR025,Current,2024-05-04,20941.04,Closed
ACC11832,CUST05308,BR045,Savings,2024-12-26,12644.06,Active
ACC11833,CUST06919,BR030,Savings,2021-11-08,32528.3,Active
ACC11834,CUST00381,BR060,Salary,2023-02-14,4347.64,Dormant
ACC11835,CUST00577,BR056,Savings,2025-09-05,6005.7,Active
ACC11836,CUST01789,BR055,Salary,2025-01-30,13541.36,Active
ACC11837,CUST00105,BR034,Savings,2021-02-25,21588.64,Closed
ACC11838,CUST05209,BR002,Savings,2022-02-11,30007.39,Dormant
ACC11839,CUST07275,BR022,Savings,2021-01-06,119098.11,Dormant
ACC11840,CUST04865,BR023,Savings,2023-11-27,24198.9,Closed
ACC11841,CUST06111,BR021,Savings,2022-09-07,37735.44,Closed
ACC11842,CUST03188,BR018,Current,2019-06-23,13690.63,Active
ACC11843,CUST07550,BR035,Savings,2021-10-14,43964.77,Closed
ACC11844,CUST04330,BR054,Fixed Deposit,2021-04-13,43659.03,Dormant
ACC11845,CUST07376,BR025,Savings,2025-11-01,23488.79,Dormant
ACC11846,CUST02636,BR033,Salary,2021-04-13,12379.61,Closed
ACC11847,CUST02889,BR011,Savings,2022-04-07,55808.24,Active
ACC11848,CUST04990,BR046,Salary,2024-06-16,5340.19,Closed
ACC11849,CUST00239,BR040,Salary,2025-01-24,2701.96,Active
ACC11850,CUST03091,BR011,Salary,2024-07-02,11505.69,Dormant
ACC11851,CUST02413,BR013,Salary,2023-02-06,18545.3,Active
ACC11852,CUST04974,BR030,Salary,2024-01-04,14862.38,Dormant
ACC11853,CUST05091,BR047,Current,2023-01-15,124517.83,Closed
ACC11854,CUST06946,BR035,Savings,2023-11-28,32651.15,Active
ACC11855,CUST03211,BR006,Salary,2022-01-09,9002.94,Dormant
ACC11856,CUST04809,BR054,Salary,2024-04-14,2623.35,Closed
ACC11857,CUST00787,BR052,Salary,2022-04-24,11314.96,Dormant
ACC11858,CUST07021,BR016,Savings,2019-06-22,55556.91,Dormant
ACC11859,CUST05867,BR043,Savings,2019-10-08,15477.72,Dormant
ACC11860,CUST00204,BR057,Savings,2020-02-23,22595.1,Closed
ACC11861,CUST01098,BR001,Salary,2025-08-03,17942.94,Active
ACC11862,CUST04363,BR038,Savings,2020-09-15,8832.88,Dormant
ACC11863,CUST06774,BR032,Savings,2025-02-23,38596.32,Closed
ACC11864,CUST00680,BR007,Savings,2024-07-31,96125.47,Active
ACC11865,CUST05744,BR057,Salary,2021-01-26,11837.53,Active
ACC11866,CUST04368,BR043,Savings,2020-02-28,7973.21,Closed
ACC11867,CUST00054,BR034,Savings,2023-06-24,20744.97,Active
ACC11868,CUST05089,BR041,Fixed Deposit,2019-07-17,15762.19,Dormant
ACC11869,CUST05844,BR059,Current,2022-11-17,50863.62,Active
ACC11870,CUST06611,BR057,Salary,2023-05-31,18335.46,Dormant
ACC11871,CUST01487,BR029,Salary,2022-01-25,43171.91,Closed
ACC11872,CUST01323,BR005,Salary,2022-11-25,11663.31,Closed
ACC11873,CUST01062,BR055,Savings,2025-08-12,31813.21,Dormant
ACC11874,CUST03717,BR011,Savings,2023-06-21,10146.06,Active
ACC11875,CUST00647,BR033,Savings,2020-01-25,15981.96,Active
ACC11876,CUST04367,BR043,Fixed Deposit,2021-06-18,23977.92,Dormant
ACC11877,CUST02355,BR048,Savings,2020-08-13,18484.53,Closed
ACC11878,CUST01715,BR047,Salary,2023-08-06,10789.01,Closed
ACC11879,CUST01783,BR004,Fixed Deposit,2020-02-09,71647.95,Closed
ACC11880,CUST03283,BR017,Savings,2022-11-21,12566.16,Closed
ACC11881,CUST04178,BR015,Salary,2025-09-25,14162.34,Dormant
ACC11882,CUST01369,BR032,Savings,2022-08-16,16316.92,Dormant
ACC11883,CUST01662,BR045,Savings,2022-10-18,16344.56,Dormant
ACC11884,CUST00358,BR028,Savings,2022-02-25,23678.58,Dormant
ACC11885,CUST02044,BR017,Savings,2022-07-04,22844.61,Dormant
ACC11886,CUST02611,BR054,Salary,2022-05-10,22761.41,Dormant
ACC11887,CUST04188,BR010,Current,2025-02-22,32188.26,Dormant
ACC11888,CUST02699,BR059,Savings,2021-10-10,16076.33,Active
ACC11889,CUST05901,BR018,Savings,2020-01-24,18718.61,Active
ACC11890,CUST02802,BR032,Savings,2020-04-30,11577.31,Active
ACC11891,CUST04624,BR048,Current,2021-05-14,25338.72,Dormant
ACC11892,CUST05852,BR002,Savings,2023-07-18,137042.02,Dormant
ACC11893,CUST05319,BR004,Savings,2022-09-29,9687.48,Closed
ACC11894,CUST03645,BR054,Savings,2019-07-12,17140.67,Dormant
ACC11895,CUST02757,BR060,Savings,2022-08-19,15541.36,Closed
ACC11896,CUST05388,BR051,Salary,2025-02-24,11237.14,Closed
ACC11897,CUST02610,BR044,Fixed Deposit,2022-06-23,49082.43,Active
ACC11898,CUST04597,BR006,Savings,2022-08-09,28319.79,Active
ACC11899,CUST04092,BR015,Salary,2025-03-21,4035.47,Active
ACC11900,CUST05773,BR044,Savings,2024-12-13,56019.46,Active
ACC11901,CUST05218,BR018,Savings,2021-11-21,38922.37,Active
ACC11902,CUST00773,BR006,Savings,2021-12-10,7196.97,Dormant
ACC11903,CUST04388,BR007,Salary,2023-09-01,2728.88,Active
ACC11904,CUST03178,BR015,Savings,2019-09-24,9142.01,Closed
ACC11905,CUST01105,BR026,Savings,2024-10-22,17704.96,Dormant
ACC11906,CUST01212,BR022,Savings,2020-04-18,224641.87,Active
ACC11907,CUST06246,BR020,Savings,2020-01-11,35915.75,Active
ACC11908,CUST04042,BR008,Salary,2024-08-28,3769.46,Dormant
ACC11909,CUST01190,BR040,Savings,2023-12-09,11840.84,Closed
ACC11910,CUST03570,BR005,Savings,2021-08-17,20996.45,Dormant
ACC11911,CUST07070,BR031,Savings,2025-12-22,27675.84,Closed
ACC11912,CUST04207,BR026,Savings,2020-11-10,6746.14,Active
ACC11913,CUST00924,BR009,Salary,2025-05-06,12155.13,Closed
ACC11914,CUST01547,BR051,Savings,2022-11-12,11546.35,Dormant
ACC11915,CUST05485,BR054,Fixed Deposit,2023-12-28,30876.32,Active
ACC11916,CUST00884,BR025,Fixed Deposit,2024-02-13,69965.49,Closed
ACC11917,CUST00873,BR017,Savings,2020-12-11,44200.41,Dormant
ACC11918,CUST04139,BR018,Salary,2019-06-03,24070.18,Closed
ACC11919,CUST02529,BR058,Savings,2025-12-01,36936.21,Dormant
ACC11920,CUST07920,BR056,Savings,2021-05-05,14077.98,Active
ACC11921,CUST06893,BR014,Savings,2025-09-27,41902.25,Active
ACC11922,CUST01887,BR009,Savings,2021-11-18,29089.98,Active
ACC11923,CUST06409,BR004,Salary,2024-02-03,14672.93,Closed
ACC11924,CUST07115,BR051,Savings,2019-06-29,12701.51,Closed
ACC11925,CUST03293,BR017,Current,2024-02-14,22095.38,Dormant
ACC11926,CUST07386,BR060,Savings,2024-04-10,23540.99,Dormant
ACC11927,CUST01862,BR041,Savings,2020-04-27,197973.21,Dormant
ACC11928,CUST06453,BR055,Savings,2020-12-03,28886.17,Dormant
ACC11929,CUST00700,BR058,Current,2020-04-04,19708.62,Closed
ACC11930,CUST00883,BR039,Current,2024-09-18,15797.56,Closed
ACC11931,CUST03675,BR048,Savings,2025-01-24,14149.15,Closed
ACC11932,CUST05297,BR044,Salary,2020-03-17,61334.97,Closed
ACC11933,CUST03199,BR009,Salary,2022-05-09,10102.32,Active
ACC11934,CUST00748,BR013,Savings,2024-01-23,49820.58,Active
ACC11935,CUST00781,BR051,Savings,2024-02-20,15703.9,Active
ACC11936,CUST02654,BR045,Savings,2019-01-08,27863.31,Closed
ACC11937,CUST01277,BR044,Savings,2019-03-03,44916.96,Active
ACC11938,CUST07735,BR037,Savings,2025-04-01,13164.61,Active
ACC11939,CUST05019,BR018,Current,2021-02-05,19127.61,Active
ACC11940,CUST05559,BR034,Fixed Deposit,2025-12-04,161995.17,Dormant
ACC11941,CUST07697,BR049,Salary,2020-03-10,26614.59,Dormant
ACC11942,CUST01171,BR060,Fixed Deposit,2022-09-26,96221.05,Dormant
ACC11943,CUST07453,BR032,Savings,2025-09-25,44736.66,Dormant
ACC11944,CUST07630,BR030,Savings,2025-04-20,33310.17,Closed
ACC11945,CUST03172,BR035,Savings,2020-02-25,135401.3,Closed
ACC11946,CUST00540,BR054,Salary,2019-03-31,13776.72,Dormant
ACC11947,CUST01976,BR030,Salary,2025-11-20,20011.93,Dormant
ACC11948,CUST02210,BR038,Salary,2020-10-04,4838.5,Dormant
ACC11949,CUST02709,BR048,Current,2025-04-11,15915.35,Closed
ACC11950,CUST06831,BR056,Current,2024-11-30,10929.06,Dormant
ACC11951,CUST01339,BR035,Savings,2025-08-15,69331.68,Dormant
ACC11952,CUST03253,BR016,Salary,2020-06-26,2237.74,Closed
ACC11953,CUST01985,BR037,Current,2022-11-07,24286.84,Closed
ACC11954,CUST07040,BR034,Savings,2019-10-20,1488.71,Closed
ACC11955,CUST00917,BR019,Current,2020-06-17,15814.97,Closed
ACC11956,CUST06554,BR012,Savings,2025-12-04,14159.57,Closed
ACC11957,CUST05074,BR034,Savings,2019-12-15,76602.42,Closed
ACC11958,CUST05137,BR018,Savings,2020-11-23,31475.51,Closed
ACC11959,CUST06853,BR033,Salary,2024-03-09,7456.2,Active
ACC11960,CUST00014,BR028,Savings,2022-03-03,57490.06,Closed
ACC11961,CUST01345,BR060,Savings,2024-05-26,22382.82,Dormant
ACC11962,CUST02190,BR018,Fixed Deposit,2023-04-04,61239.04,Active
ACC11963,CUST03461,BR034,Current,2020-12-21,10908.84,Dormant
ACC11964,CUST06056,BR020,Savings,2023-07-24,9036.14,Dormant
ACC11965,CUST04151,BR053,Current,2025-05-29,15913.18,Dormant
ACC11966,CUST02783,BR015,Current,2024-11-08,38042.58,Active
ACC11967,CUST01898,BR020,Savings,2022-10-17,23625.86,Active
ACC11968,CUST01442,BR004,Salary,2021-12-29,39374.15,Active
ACC11969,CUST03990,BR035,Savings,2020-01-03,31149.38,Active
ACC11970,CUST02965,BR047,Savings,2025-06-19,1925.98,Active
ACC11971,CUST02203,BR014,Fixed Deposit,2025-06-30,70093.49,Dormant
ACC11972,CUST03939,BR039,Current,2025-01-10,8518.4,Active
ACC11973,CUST07697,BR036,Current,2024-12-27,13822.17,Closed
ACC11974,CUST06512,BR020,Savings,2024-08-10,10604.65,Closed
ACC11975,CUST03855,BR050,Savings,2025-07-29,12124.65,Closed
ACC11976,CUST04480,BR002,Savings,2021-11-20,6389.21,Closed
ACC11977,CUST06274,BR007,Savings,2020-09-09,26453.24,Closed
ACC11978,CUST01669,BR045,Savings,2019-07-10,6187.45,Active
ACC11979,CUST07241,BR042,Savings,2020-03-03,30363.63,Active
ACC11980,CUST03593,BR033,Fixed Deposit,2024-07-23,229161.59,Active
ACC11981,CUST05480,BR054,Savings,2021-03-19,6658.02,Closed
ACC11982,CUST06036,BR043,Savings,2020-05-06,17050.6,Dormant
ACC11983,CUST06796,BR032,Savings,2021-11-23,2273.07,Active
ACC11984,CUST07196,BR049,Savings,2019-12-17,16800.4,Closed
ACC11985,CUST07129,BR003,Salary,2022-04-28,20950.17,Closed
ACC11986,CUST02226,BR034,Savings,2021-12-23,42132.53,Active
ACC11987,CUST06321,BR034,Salary,2023-11-26,14103.17,Closed
ACC11988,CUST02589,BR055,Savings,2024-09-03,49037.33,Closed
ACC11989,CUST01690,BR022,Current,2019-12-03,463265.01,Closed
ACC11990,CUST05029,BR055,Savings,2021-02-02,102854.87,Dormant
ACC11991,CUST07567,BR044,Current,2019-04-20,21535.95,Closed
ACC11992,CUST07442,BR059,Fixed Deposit,2025-01-13,25067.75,Dormant
ACC11993,CUST00009,BR053,Savings,2023-04-03,15282.5,Active
ACC11994,CUST03241,BR034,Savings,2021-01-01,9392.96,Active
ACC11995,CUST02533,BR041,Savings,2025-09-23,33064.41,Closed
ACC11996,CUST06112,BR047,Savings,2021-09-11,7607.77,Active
ACC11997,CUST06445,BR048,Fixed Deposit,2024-10-25,57314.36,Dormant
ACC11998,CUST03228,BR043,Savings,2021-11-30,46826.88,Active
ACC11999,CUST01001,BR019,Savings,2024-09-23,20118.07,Active
ACC12000,CUST04724,BR021,Fixed Deposit,2025-02-19,33935.32,Closed
ACC12001,CUST03547,BR025,Salary,2023-03-19,30405.23,Dormant
ACC12002,CUST05565,BR027,Savings,2021-08-01,4059.91,Dormant
ACC12003,CUST03857,BR032,Salary,2023-09-03,10620.52,Closed
ACC12004,CUST04371,BR011,Fixed Deposit,2025-05-19,58396.08,Active
ACC12005,CUST05249,BR050,Savings,2020-06-18,22344.1,Dormant
ACC12006,CUST00327,BR042,Fixed Deposit,2023-04-13,66722.51,Dormant
ACC12007,CUST07709,BR045,Salary,2022-12-03,20482.13,Closed
ACC12008,CUST03320,BR052,Salary,2020-06-24,13032.67,Dormant
ACC12009,CUST03320,BR059,Current,2025-08-28,25133.12,Active
ACC12010,CUST07639,BR054,Savings,2025-10-12,15262.74,Dormant
ACC12011,CUST02154,BR012,Current,2019-05-11,19702.17,Closed
ACC12012,CUST04180,BR034,Fixed Deposit,2021-08-18,96040.57,Dormant
ACC12013,CUST04852,BR032,Savings,2022-10-19,12309.47,Dormant
ACC12014,CUST02829,BR044,Savings,2025-10-02,47197.4,Active
ACC12015,CUST01338,BR051,Savings,2023-03-30,22406.34,Active
ACC12016,CUST03437,BR060,Savings,2020-02-11,13778.58,Closed
ACC12017,CUST02381,BR056,Salary,2022-05-27,20596.68,Closed
ACC12018,CUST05202,BR057,Savings,2019-06-26,11444.81,Active
