Loan_ID,Customer_ID,Branch_ID,Loan_Type,Loan_Start_Date,Loan_Amount,Interest_Rate,Tenure_Months,Outstanding_Amount,Loan_Status
LOAN00001,CUST04996,BR048,Education Loan,2025-10-22,1189958.31,8.84,36,1065024.46,Defaulted
LOAN00002,CUST01561,BR010,Education Loan,2020-03-07,1213940.07,13.16,12,1079272.66,Defaulted
LOAN00003,CUST05537,BR003,Personal Loan,2021-02-01,479441.83,12.08,60,135037.32,Active
LOAN00004,CUST06071,BR056,Auto Loan,2025-08-10,1638863.47,11.27,240,1448157.21,Closed
LOAN00005,CUST03360,BR002,Auto Loan,2021-03-16,804992.84,9.97,36,518970.23,Pending
LOAN00006,CUST01526,BR034,Business Loan,2025-01-25,791003.87,14.84,24,278312.73,Active
LOAN00007,CUST06441,BR029,Business Loan,2021-12-07,1989675.68,12.24,240,936886.16,Closed
LOAN00008,CUST06478,BR025,Business Loan,2021-10-04,3486518.93,7.24,240,553230.11,Pending
LOAN00009,CUST03840,BR041,Auto Loan,2020-12-13,1520691.36,7.48,240,228129.16,Active
LOAN00010,CUST06022,BR012,Education Loan,2021-05-19,387119.11,14.71,12,131729.8,Defaulted
LOAN00011,CUST02361,BR017,Home Loan,2021-12-22,7685468.24,13.28,120,4560699.71,Pending
LOAN00012,CUST03997,BR007,Personal Loan,2021-03-25,321031.4,14.24,48,128336.31,Pending
LOAN00013,CUST00054,BR057,Education Loan,2022-09-15,1444643.93,14.04,84,1250681.84,Active
LOAN00014,CUST07722,BR015,Business Loan,2022-01-28,1483664.09,9.04,180,748379.16,Closed
LOAN00015,CUST00381,BR004,Business Loan,2023-02-01,3116710.3,11.39,180,1698756.67,Defaulted
LOAN00016,CUST02799,BR010,Business Loan,2025-04-03,4019013.75,7.95,12,1184714.74,Pending
LOAN00017,CUST03145,BR050,Education Loan,2024-11-01,999277.04,11.82,180,816438.35,Active
LOAN00018,CUST07545,BR037,Auto Loan,2025-05-23,1762293.84,14.47,180,387154.41,Active
LOAN00019,CUST04375,BR060,Education Loan,2024-07-20,739553.43,10.04,12,322707.86,Pending
LOAN00020,CUST06554,BR059,Personal Loan,2020-06-22,151857.86,12.38,60,87854.17,Defaulted
LOAN00021,CUST05826,BR029,Education Loan,2022-11-07,1461807.15,15.31,12,99561.92,Defaulted
LOAN00022,CUST05539,BR035,Home Loan,2022-08-04,3552335.01,8.45,180,302344.37,Closed
LOAN00023,CUST07578,BR016,Personal Loan,2024-10-15,157956.08,13.3,24,109088.56,Active
LOAN00024,CUST00797,BR028,Auto Loan,2020-06-11,1586832.56,12.24,12,1394132.9,Pending
LOAN00025,CUST03764,BR041,Home Loan,2021-09-03,2285778.28,7.63,240,496271.85,Defaulted
LOAN00026,CUST01343,BR030,Home Loan,2020-03-17,7576161.84,11.71,12,3405861.41,Pending
LOAN00027,CUST05667,BR057,Personal Loan,2020-04-23,133790.22,7.46,180,99335.16,Pending
LOAN00028,CUST03110,BR024,Education Loan,2021-03-05,1055643.02,7.77,240,311153.85,Pending
LOAN00029,CUST03578,BR048,Auto Loan,2021-04-03,971040.6,10.4,36,186675.17,Pending
LOAN00030,CUST03123,BR039,Home Loan,2025-07-27,5720128.7,9.84,120,3786561.55,Pending
LOAN00031,CUST03551,BR016,Home Loan,2024-04-04,7438867.13,10.55,36,3620727.77,Closed
LOAN00032,CUST03516,BR045,Home Loan,2022-05-02,5411103.0,9.37,48,2238399.77,Pending
LOAN00033,CUST00179,BR025,Auto Loan,2020-02-12,1137800.18,10.81,180,1130495.0,Defaulted
LOAN00034,CUST06225,BR049,Auto Loan,2021-01-28,1796752.64,13.87,180,383462.63,Defaulted
LOAN00035,CUST04411,BR002,Business Loan,2020-05-01,4693422.29,14.58,24,2842536.22,Pending
LOAN00036,CUST07036,BR007,Home Loan,2025-09-30,4798571.18,13.84,240,4334250.15,Closed
LOAN00037,CUST00188,BR012,Business Loan,2023-07-18,2736305.63,10.48,36,1863661.71,Closed
LOAN00038,CUST02303,BR055,Personal Loan,2020-04-06,507674.96,7.58,84,51154.98,Active
LOAN00039,CUST06604,BR058,Personal Loan,2025-06-06,302482.38,9.2,60,185101.43,Defaulted
LOAN00040,CUST06986,BR037,Education Loan,2023-12-30,999602.71,8.74,36,967872.85,Active
LOAN00041,CUST03331,BR045,Education Loan,2021-09-30,810264.08,14.8,48,159732.72,Active
LOAN00042,CUST03513,BR052,Business Loan,2021-03-11,2172923.66,9.82,12,1231216.81,Defaulted
LOAN00043,CUST06247,BR028,Education Loan,2022-04-07,554842.2,11.01,48,34241.62,Closed
LOAN00044,CUST07332,BR058,Personal Loan,2020-02-25,776995.06,15.43,240,742320.11,Active
LOAN00045,CUST06418,BR012,Personal Loan,2021-02-26,133352.06,13.05,84,40679.04,Defaulted
LOAN00046,CUST06571,BR057,Home Loan,2020-09-08,3192376.4,11.51,180,695453.78,Defaulted
LOAN00047,CUST02450,BR042,Personal Loan,2022-06-26,251464.9,8.82,60,86740.04,Closed
LOAN00048,CUST06419,BR042,Auto Loan,2024-01-17,695447.78,8.86,48,191594.73,Active
LOAN00049,CUST04594,BR017,Auto Loan,2021-03-12,256335.93,9.65,120,136778.56,Closed
LOAN00050,CUST03474,BR047,Personal Loan,2021-04-24,162345.28,11.75,120,122691.01,Closed
LOAN00051,CUST02177,BR048,Business Loan,2020-07-24,4927858.82,10.85,12,4691123.51,Defaulted
LOAN00052,CUST07840,BR023,Education Loan,2021-09-05,177578.47,8.66,12,164472.76,Active
LOAN00053,CUST04417,BR056,Auto Loan,2024-12-09,1118394.61,11.37,120,844285.19,Defaulted
LOAN00054,CUST01165,BR021,Business Loan,2025-02-22,4504673.58,10.56,120,457359.86,Defaulted
LOAN00055,CUST01430,BR046,Education Loan,2021-09-29,185627.58,9.4,84,79455.92,Closed
LOAN00056,CUST05743,BR023,Education Loan,2021-03-27,525257.41,14.36,240,463553.13,Defaulted
LOAN00057,CUST01678,BR032,Auto Loan,2024-12-02,464527.65,12.04,120,199035.63,Active
LOAN00058,CUST00449,BR042,Business Loan,2024-07-13,4741589.92,8.97,36,3446406.1,Defaulted
LOAN00059,CUST01071,BR037,Personal Loan,2020-01-23,163229.25,11.29,48,157370.18,Closed
LOAN00060,CUST04797,BR034,Home Loan,2024-08-16,7361541.06,8.15,36,2669696.42,Closed
LOAN00061,CUST05326,BR017,Education Loan,2025-10-31,267908.12,9.43,24,48088.77,Defaulted
LOAN00062,CUST04896,BR024,Home Loan,2025-06-23,4198706.97,12.1,36,2807520.41,Closed
LOAN00063,CUST06274,BR011,Personal Loan,2023-01-31,274705.19,8.73,24,156024.07,Defaulted
LOAN00064,CUST00404,BR017,Home Loan,2024-08-27,5170512.95,10.03,36,588929.03,Defaulted
LOAN00065,CUST00844,BR041,Auto Loan,2022-11-23,895141.0,8.65,84,440004.05,Pending
LOAN00066,CUST01970,BR044,Home Loan,2024-01-31,6949078.14,7.07,180,441411.72,Defaulted
LOAN00067,CUST06727,BR048,Home Loan,2023-04-01,6765778.95,15.22,84,561027.04,Pending
LOAN00068,CUST07069,BR044,Home Loan,2025-06-18,2659813.63,9.34,60,758603.1,Closed
LOAN00069,CUST01840,BR057,Home Loan,2020-09-28,3408499.29,9.26,60,1868444.71,Active
LOAN00070,CUST04486,BR012,Personal Loan,2022-05-01,378502.0,9.8,48,56062.26,Active
LOAN00071,CUST04445,BR055,Education Loan,2023-08-29,193277.47,7.46,24,109933.04,Pending
LOAN00072,CUST06959,BR044,Education Loan,2023-03-29,708760.88,12.62,24,609387.13,Active
LOAN00073,CUST06621,BR020,Education Loan,2025-03-24,943127.96,7.75,48,277506.65,Pending
LOAN00074,CUST01582,BR054,Business Loan,2022-07-30,1906845.35,8.46,240,833140.83,Defaulted
LOAN00075,CUST03139,BR016,Auto Loan,2021-02-09,1677250.71,7.56,84,748922.67,Defaulted
LOAN00076,CUST07538,BR019,Personal Loan,2020-05-28,706853.07,13.84,120,507192.96,Closed
LOAN00077,CUST01702,BR016,Home Loan,2025-05-27,3280001.46,11.58,84,1729162.08,Active
LOAN00078,CUST02972,BR030,Business Loan,2020-12-12,2749396.8,8.75,24,1427187.84,Pending
LOAN00079,CUST02312,BR045,Education Loan,2020-09-21,1038176.18,8.55,36,225305.46,Pending
LOAN00080,CUST03810,BR037,Education Loan,2021-04-06,1387646.17,15.07,60,680696.13,Defaulted
LOAN00081,CUST05119,BR036,Home Loan,2024-03-11,5893429.81,7.91,180,1314344.79,Active
LOAN00082,CUST07456,BR045,Home Loan,2022-02-18,1550200.6,10.36,60,1493993.6,Defaulted
LOAN00083,CUST03428,BR016,Business Loan,2025-05-23,2815473.4,13.84,240,2801814.12,Defaulted
LOAN00084,CUST00163,BR056,Education Loan,2021-05-09,1417457.72,15.19,240,560270.86,Closed
LOAN00085,CUST04051,BR012,Education Loan,2023-01-14,212421.72,9.9,120,202596.44,Active
LOAN00086,CUST02401,BR025,Personal Loan,2025-02-05,400000.02,8.46,240,71381.52,Active
LOAN00087,CUST02673,BR039,Education Loan,2020-03-26,899221.38,11.59,12,429629.26,Defaulted
LOAN00088,CUST05893,BR036,Personal Loan,2022-04-17,724687.03,14.65,12,255985.65,Closed
LOAN00089,CUST03494,BR020,Business Loan,2024-07-17,2760918.97,12.81,240,718979.06,Defaulted
LOAN00090,CUST07371,BR039,Auto Loan,2023-08-25,1897481.57,13.95,12,195353.04,Active
LOAN00091,CUST01808,BR045,Auto Loan,2024-03-19,1346041.08,13.48,60,1315301.01,Closed
LOAN00092,CUST07590,BR025,Education Loan,2024-05-24,118757.52,13.48,120,22601.29,Pending
LOAN00093,CUST01250,BR042,Business Loan,2021-10-28,1842485.35,8.12,84,444336.51,Pending
LOAN00094,CUST05200,BR055,Auto Loan,2023-02-09,1003316.66,9.32,60,996656.16,Pending
LOAN00095,CUST06002,BR016,Business Loan,2024-05-16,448793.7,14.49,240,245327.23,Defaulted
LOAN00096,CUST00036,BR024,Education Loan,2020-09-24,395100.59,13.34,48,91760.96,Pending
LOAN00097,CUST06689,BR018,Personal Loan,2021-09-14,637526.0,9.64,120,118165.59,Defaulted
LOAN00098,CUST00302,BR035,Personal Loan,2025-08-22,100012.51,14.9,12,53358.61,Defaulted
LOAN00099,CUST07950,BR030,Auto Loan,2024-02-18,555549.82,13.93,60,204226.36,Defaulted
LOAN00100,CUST04741,BR016,Auto Loan,2022-01-14,1600107.9,11.0,48,807513.07,Pending
LOAN00101,CUST04439,BR018,Personal Loan,2024-09-13,522830.74,7.38,36,464455.39,Closed
LOAN00102,CUST07422,BR053,Home Loan,2025-07-05,1296932.4,13.71,180,625383.19,Pending
LOAN00103,CUST01193,BR042,Business Loan,2021-02-11,3256532.64,7.27,240,2947400.49,Closed
LOAN00104,CUST05868,BR031,Auto Loan,2020-08-07,971887.77,9.01,240,859157.27,Active
LOAN00105,CUST07456,BR028,Auto Loan,2020-12-04,1674993.08,11.81,84,1411362.3,Pending
LOAN00106,CUST06171,BR012,Auto Loan,2025-03-12,236996.48,12.38,60,220141.66,Active
LOAN00107,CUST05475,BR035,Home Loan,2022-02-18,5092790.52,10.47,36,1622741.01,Active
LOAN00108,CUST02690,BR003,Home Loan,2021-05-15,5628164.68,11.47,84,3175449.63,Defaulted
LOAN00109,CUST05591,BR017,Personal Loan,2023-10-14,236047.11,11.77,24,230280.71,Defaulted
LOAN00110,CUST00648,BR030,Education Loan,2023-03-31,1217712.6,14.38,24,1086889.17,Active
LOAN00111,CUST02675,BR051,Auto Loan,2024-07-28,1605106.39,9.55,84,1241757.41,Active
LOAN00112,CUST05883,BR002,Auto Loan,2022-12-19,1152613.36,7.65,180,72953.71,Closed
LOAN00113,CUST02983,BR037,Personal Loan,2023-09-22,456970.74,10.8,24,83583.12,Active
LOAN00114,CUST03042,BR021,Education Loan,2022-09-24,1033135.12,8.41,12,98580.97,Active
LOAN00115,CUST01865,BR014,Auto Loan,2023-12-29,1187245.07,12.64,240,921216.08,Active
LOAN00116,CUST04543,BR060,Business Loan,2022-01-23,4941076.75,8.73,240,3280314.5,Pending
LOAN00117,CUST03188,BR013,Personal Loan,2025-06-22,744275.24,8.76,120,219129.11,Pending
LOAN00118,CUST02683,BR007,Home Loan,2023-02-27,1163745.81,10.31,60,379782.86,Closed
LOAN00119,CUST05527,BR026,Education Loan,2020-11-11,1031278.26,11.7,180,493527.51,Active
LOAN00120,CUST06723,BR045,Auto Loan,2022-08-22,1211600.53,13.93,48,938614.35,Active
LOAN00121,CUST01430,BR042,Education Loan,2020-06-28,797687.92,10.53,240,140977.87,Pending
LOAN00122,CUST07575,BR025,Auto Loan,2024-05-28,1743866.7,11.75,180,1530839.84,Closed
LOAN00123,CUST07977,BR003,Personal Loan,2023-07-04,366179.21,14.92,12,102429.15,Defaulted
LOAN00124,CUST04575,BR028,Home Loan,2021-03-29,4993494.46,8.44,12,3185715.26,Active
LOAN00125,CUST05717,BR022,Personal Loan,2021-08-12,429326.18,13.43,60,27407.39,Active
LOAN00126,CUST06004,BR038,Personal Loan,2023-04-07,201910.66,14.73,48,14501.88,Pending
LOAN00127,CUST03487,BR003,Education Loan,2021-12-18,1039133.1,8.5,36,148676.87,Closed
LOAN00128,CUST01212,BR046,Business Loan,2020-01-10,4053666.05,9.92,48,627796.86,Active
LOAN00129,CUST03069,BR048,Home Loan,2025-07-04,2732503.97,8.83,24,2571287.58,Active
LOAN00130,CUST00239,BR040,Home Loan,2025-11-16,3311737.36,11.27,84,2929957.46,Pending
LOAN00131,CUST02401,BR037,Education Loan,2025-11-25,610022.51,11.04,36,436486.12,Active
LOAN00132,CUST06481,BR054,Education Loan,2021-09-20,1172779.54,7.76,84,189555.61,Pending
LOAN00133,CUST00187,BR004,Education Loan,2020-01-21,1398815.67,12.92,36,303633.65,Closed
LOAN00134,CUST01551,BR044,Home Loan,2021-02-25,1762945.81,11.47,240,1164572.44,Defaulted
LOAN00135,CUST00543,BR045,Business Loan,2024-05-09,3961551.92,15.19,84,1271085.16,Closed
LOAN00136,CUST05651,BR021,Business Loan,2025-05-23,1655707.73,13.16,12,1571165.37,Defaulted
LOAN00137,CUST05586,BR018,Business Loan,2024-02-03,3357396.98,15.4,12,402713.62,Pending
LOAN00138,CUST04356,BR021,Education Loan,2022-11-05,1457046.05,10.21,120,1153959.56,Active
LOAN00139,CUST07625,BR011,Business Loan,2025-01-21,3223109.95,10.59,24,3016710.57,Closed
LOAN00140,CUST03341,BR028,Business Loan,2021-08-10,1920783.19,9.25,36,683160.07,Closed
LOAN00141,CUST03042,BR050,Home Loan,2025-01-07,3074890.24,8.58,24,915375.21,Active
LOAN00142,CUST06532,BR014,Business Loan,2024-09-09,1862793.38,13.12,120,1857760.53,Pending
LOAN00143,CUST00650,BR024,Personal Loan,2022-12-02,544377.63,13.73,36,155236.72,Closed
LOAN00144,CUST02327,BR019,Personal Loan,2022-04-08,575781.72,8.89,240,275335.36,Defaulted
LOAN00145,CUST05610,BR039,Personal Loan,2024-01-02,71395.7,14.33,60,41678.31,Active
LOAN00146,CUST03220,BR025,Personal Loan,2022-03-23,781700.73,9.57,48,172777.79,Defaulted
LOAN00147,CUST07362,BR032,Home Loan,2025-12-29,4627844.12,10.07,120,2053912.46,Closed
LOAN00148,CUST00063,BR021,Education Loan,2025-05-22,1102967.81,15.07,240,447299.94,Active
LOAN00149,CUST00290,BR053,Auto Loan,2021-06-01,1027471.31,8.23,12,308292.02,Defaulted
LOAN00150,CUST06440,BR048,Home Loan,2020-10-11,3859796.13,13.32,36,3144116.9,Active
LOAN00151,CUST00811,BR040,Auto Loan,2021-06-03,1859819.98,10.01,36,1284188.75,Defaulted
LOAN00152,CUST03819,BR050,Home Loan,2022-09-08,7432316.19,8.15,36,3837393.95,Defaulted
LOAN00153,CUST07444,BR050,Personal Loan,2022-06-14,645129.16,11.93,48,485744.5,Defaulted
LOAN00154,CUST01290,BR048,Auto Loan,2023-09-04,983110.79,7.54,84,105194.26,Defaulted
LOAN00155,CUST02152,BR047,Home Loan,2023-05-06,5349460.5,8.97,24,2822145.9,Active
LOAN00156,CUST07268,BR038,Education Loan,2025-11-12,140589.17,7.9,48,115394.36,Active
LOAN00157,CUST01626,BR026,Personal Loan,2022-06-19,159175.34,11.87,84,119195.06,Closed
LOAN00158,CUST02647,BR051,Home Loan,2024-12-08,916404.48,10.38,36,676814.7,Closed
LOAN00159,CUST01856,BR020,Education Loan,2022-06-13,952715.58,15.49,60,239451.21,Closed
LOAN00160,CUST03895,BR052,Business Loan,2023-06-23,4143328.25,8.63,120,1982098.69,Pending
LOAN00161,CUST04119,BR052,Auto Loan,2024-04-21,811499.39,15.49,36,611427.79,Defaulted
LOAN00162,CUST06331,BR030,Personal Loan,2024-08-31,256967.72,7.15,180,42972.21,Active
LOAN00163,CUST03293,BR028,Home Loan,2023-03-30,6721552.38,7.92,60,3837172.9,Closed
LOAN00164,CUST07405,BR044,Auto Loan,2021-05-04,1122978.34,7.82,36,641588.55,Closed
LOAN00165,CUST02442,BR001,Personal Loan,2025-09-23,670915.91,10.54,84,143408.51,Active
LOAN00166,CUST02420,BR052,Education Loan,2022-07-15,254891.35,11.57,84,218892.3,Closed
LOAN00167,CUST01960,BR027,Personal Loan,2025-03-06,621546.31,7.46,24,563200.73,Active
LOAN00168,CUST04900,BR027,Auto Loan,2021-12-28,442777.9,11.01,48,430866.28,Closed
LOAN00169,CUST07148,BR049,Education Loan,2024-06-22,405712.11,9.76,36,343533.7,Pending
LOAN00170,CUST00495,BR004,Auto Loan,2020-11-25,856268.39,8.71,48,706623.8,Defaulted
LOAN00171,CUST01145,BR038,Personal Loan,2020-01-02,155845.12,13.15,48,51215.07,Closed
LOAN00172,CUST07349,BR049,Home Loan,2023-10-08,1339746.82,13.61,60,205960.29,Pending
LOAN00173,CUST03518,BR014,Home Loan,2021-01-01,839888.03,8.31,84,703931.97,Active
LOAN00174,CUST06425,BR007,Personal Loan,2022-10-14,643274.9,11.66,60,439673.23,Active
LOAN00175,CUST00913,BR036,Business Loan,2024-12-16,1890664.11,7.33,48,1142803.09,Closed
LOAN00176,CUST02819,BR004,Education Loan,2023-04-12,403208.48,13.87,12,33847.13,Active
LOAN00177,CUST04920,BR037,Auto Loan,2024-04-21,1938563.07,9.83,240,1761421.58,Pending
LOAN00178,CUST03887,BR037,Education Loan,2024-04-27,679235.67,15.27,180,117349.35,Active
LOAN00179,CUST00483,BR058,Business Loan,2021-02-24,1912242.08,9.13,48,1464717.67,Active
LOAN00180,CUST01386,BR010,Home Loan,2025-06-15,5381558.61,10.76,24,4400474.66,Pending
LOAN00181,CUST00180,BR027,Education Loan,2021-12-28,828201.9,14.08,24,574318.96,Defaulted
LOAN00182,CUST05029,BR052,Home Loan,2023-11-25,5726718.84,10.93,180,5566821.41,Pending
LOAN00183,CUST04643,BR058,Personal Loan,2022-07-02,551330.58,14.44,48,387148.12,Active
LOAN00184,CUST07637,BR034,Business Loan,2024-04-01,2211643.74,8.11,48,1818038.83,Pending
LOAN00185,CUST05847,BR026,Auto Loan,2022-07-24,1216333.07,10.0,240,976866.93,Pending
LOAN00186,CUST00792,BR001,Education Loan,2023-03-07,1211234.62,7.29,120,278129.19,Pending
LOAN00187,CUST05311,BR008,Auto Loan,2023-10-19,1361100.11,7.88,120,681844.15,Closed
LOAN00188,CUST05686,BR030,Education Loan,2024-04-13,1110413.35,9.3,180,1037310.89,Closed
LOAN00189,CUST02259,BR010,Auto Loan,2022-09-17,1885811.07,9.16,120,235853.35,Active
LOAN00190,CUST03468,BR050,Education Loan,2021-03-09,422243.93,9.22,240,220974.44,Closed
LOAN00191,CUST06724,BR025,Auto Loan,2021-01-28,1791175.37,14.28,48,1049086.84,Pending
LOAN00192,CUST02197,BR033,Home Loan,2024-11-17,3506614.5,10.48,120,1335685.33,Defaulted
LOAN00193,CUST00555,BR054,Auto Loan,2024-07-05,480884.12,15.02,120,72523.99,Pending
LOAN00194,CUST02568,BR005,Education Loan,2020-06-18,1341112.62,10.17,48,907590.83,Active
LOAN00195,CUST07948,BR035,Education Loan,2020-04-19,416567.41,8.82,36,158725.03,Active
LOAN00196,CUST02711,BR027,Auto Loan,2024-08-14,710600.5,10.62,180,329843.8,Closed
LOAN00197,CUST00247,BR035,Personal Loan,2021-07-24,458003.89,15.17,240,307075.62,Pending
LOAN00198,CUST04231,BR041,Auto Loan,2021-03-06,1636632.55,13.27,24,1293376.34,Defaulted
LOAN00199,CUST02858,BR010,Business Loan,2024-12-23,1485668.93,8.94,120,1227213.49,Closed
LOAN00200,CUST03722,BR017,Auto Loan,2020-04-28,1659899.37,13.32,24,334183.58,Active
LOAN00201,CUST02261,BR020,Home Loan,2020-11-06,4664752.13,10.9,60,2945290.28,Closed
LOAN00202,CUST01140,BR030,Auto Loan,2024-02-28,1751142.83,14.16,12,1044391.96,Pending
LOAN00203,CUST03260,BR059,Home Loan,2022-11-11,5485988.38,8.87,120,2443619.14,Active
LOAN00204,CUST03486,BR047,Business Loan,2024-09-15,1725415.62,7.38,240,1339803.07,Active
LOAN00205,CUST01343,BR005,Education Loan,2022-01-01,1413579.12,13.43,60,1304889.63,Pending
LOAN00206,CUST02053,BR059,Auto Loan,2023-02-08,826469.52,13.06,84,399707.05,Active
LOAN00207,CUST04912,BR018,Auto Loan,2025-09-13,1380320.27,12.14,84,844771.11,Pending
LOAN00208,CUST00408,BR055,Auto Loan,2024-09-12,370888.19,13.0,48,324787.81,Active
LOAN00209,CUST04276,BR025,Home Loan,2024-07-22,4790907.13,7.36,24,3060087.98,Closed
LOAN00210,CUST06086,BR059,Auto Loan,2024-01-26,1675877.95,11.76,84,290940.15,Defaulted
LOAN00211,CUST03487,BR019,Business Loan,2021-09-06,1088398.28,8.28,24,1067130.02,Closed
LOAN00212,CUST02367,BR001,Education Loan,2021-12-19,828656.5,11.44,24,161078.43,Closed
LOAN00213,CUST04006,BR031,Business Loan,2025-04-06,2556322.67,11.85,240,2077208.11,Pending
LOAN00214,CUST01212,BR057,Education Loan,2022-12-23,597748.04,14.61,60,211469.35,Active
LOAN00215,CUST02326,BR042,Business Loan,2021-09-14,4373106.77,11.44,24,1090975.09,Closed
LOAN00216,CUST02236,BR037,Education Loan,2021-02-27,230309.45,8.13,180,57167.24,Pending
LOAN00217,CUST01430,BR037,Education Loan,2023-02-25,566425.59,11.0,240,214139.32,Closed
LOAN00218,CUST02759,BR004,Auto Loan,2024-02-13,1460242.92,9.18,180,1417655.01,Closed
LOAN00219,CUST00705,BR012,Education Loan,2022-02-27,135147.39,8.03,240,43242.52,Defaulted
LOAN00220,CUST02825,BR004,Auto Loan,2020-01-04,585024.18,13.0,84,162425.26,Pending
LOAN00221,CUST07091,BR054,Auto Loan,2020-08-27,1843080.71,10.5,120,551868.2,Pending
LOAN00222,CUST04104,BR028,Business Loan,2025-08-16,2708123.92,7.98,48,1902867.28,Active
LOAN00223,CUST06803,BR040,Business Loan,2023-03-20,1341851.51,11.4,180,1302577.79,Defaulted
LOAN00224,CUST04679,BR004,Business Loan,2021-11-21,2430614.75,13.44,48,306268.22,Pending
LOAN00225,CUST02183,BR053,Personal Loan,2023-12-19,456069.24,8.3,36,440387.72,Defaulted
LOAN00226,CUST04517,BR002,Personal Loan,2022-09-26,607636.18,14.83,24,371641.1,Defaulted
LOAN00227,CUST02746,BR037,Auto Loan,2024-12-22,1720735.33,13.81,84,144312.53,Active
LOAN00228,CUST05884,BR057,Education Loan,2022-03-05,642920.92,8.78,120,428392.88,Closed
LOAN00229,CUST04580,BR006,Personal Loan,2024-05-29,168591.59,10.65,180,94965.38,Defaulted
LOAN00230,CUST02329,BR029,Home Loan,2023-04-09,4496965.03,12.4,12,3170821.39,Pending
LOAN00231,CUST01843,BR014,Home Loan,2022-09-05,1916693.46,14.64,240,1752835.99,Defaulted
LOAN00232,CUST00952,BR055,Auto Loan,2025-07-17,808637.32,13.17,120,756339.23,Closed
LOAN00233,CUST06928,BR032,Personal Loan,2025-01-21,634625.39,8.3,12,379287.67,Pending
LOAN00234,CUST00395,BR040,Auto Loan,2020-06-04,1771721.57,11.19,180,226316.06,Pending
LOAN00235,CUST01386,BR034,Personal Loan,2021-07-05,754905.38,7.94,240,122290.07,Closed
LOAN00236,CUST06533,BR025,Business Loan,2022-01-18,2140302.1,13.22,120,1157535.21,Active
LOAN00237,CUST02465,BR053,Business Loan,2020-10-29,4912121.07,8.82,60,1889290.94,Closed
LOAN00238,CUST02744,BR006,Education Loan,2025-08-02,458107.53,15.0,12,248042.47,Defaulted
LOAN00239,CUST07978,BR021,Personal Loan,2020-08-17,255470.39,15.48,180,188944.64,Pending
LOAN00240,CUST05410,BR034,Auto Loan,2022-02-28,1530944.34,9.41,12,1217627.13,Closed
LOAN00241,CUST06707,BR010,Education Loan,2024-02-28,1112917.34,9.15,180,962124.78,Pending
LOAN00242,CUST06895,BR054,Education Loan,2025-11-02,355194.86,14.63,240,208591.74,Closed
LOAN00243,CUST06685,BR002,Home Loan,2023-05-20,2780726.96,11.4,180,2723152.17,Active
LOAN00244,CUST01085,BR028,Education Loan,2025-12-13,1047135.96,8.0,48,667616.95,Pending
LOAN00245,CUST02513,BR043,Auto Loan,2022-05-17,1188601.36,8.88,60,627596.14,Closed
LOAN00246,CUST05066,BR035,Personal Loan,2021-09-02,304289.43,13.57,36,207792.4,Active
LOAN00247,CUST07834,BR031,Auto Loan,2025-04-04,1056276.21,12.71,180,599284.91,Pending
LOAN00248,CUST00166,BR019,Home Loan,2024-09-14,1911015.83,14.54,180,268421.1,Defaulted
LOAN00249,CUST07817,BR057,Education Loan,2021-09-25,595430.56,7.99,36,288247.4,Defaulted
LOAN00250,CUST04495,BR021,Home Loan,2021-11-29,3318748.83,11.2,48,205336.98,Closed
LOAN00251,CUST06856,BR030,Business Loan,2020-01-05,1065860.78,14.12,60,940882.61,Closed
LOAN00252,CUST06983,BR003,Education Loan,2024-08-15,599767.94,9.88,240,185544.88,Active
LOAN00253,CUST06522,BR032,Personal Loan,2020-11-10,384661.43,11.0,36,318681.88,Pending
LOAN00254,CUST03001,BR058,Home Loan,2021-10-20,5076391.71,11.56,240,4818941.59,Defaulted
LOAN00255,CUST00754,BR018,Personal Loan,2020-09-18,345043.47,8.4,36,50301.48,Pending
LOAN00256,CUST03334,BR016,Personal Loan,2021-09-28,194469.52,10.26,12,70807.37,Closed
LOAN00257,CUST07456,BR031,Business Loan,2021-02-19,1598898.66,11.94,48,934437.14,Defaulted
LOAN00258,CUST05449,BR025,Home Loan,2022-07-25,3064412.02,7.78,180,1841337.39,Closed
LOAN00259,CUST06153,BR035,Personal Loan,2020-03-29,72121.98,9.05,24,26288.46,Defaulted
LOAN00260,CUST03592,BR055,Auto Loan,2025-02-13,684620.63,14.72,240,266995.7,Defaulted
LOAN00261,CUST04732,BR002,Personal Loan,2025-03-06,415212.78,12.58,60,115086.14,Closed
LOAN00262,CUST00365,BR039,Home Loan,2022-04-19,4979160.63,7.17,240,1406226.56,Pending
LOAN00263,CUST01274,BR039,Home Loan,2024-12-09,7986214.95,14.36,120,1287090.88,Active
LOAN00264,CUST00786,BR001,Business Loan,2024-03-09,4795289.34,14.4,24,761791.9,Active
LOAN00265,CUST00797,BR036,Home Loan,2022-01-20,2965263.26,11.27,84,1320939.82,Active
LOAN00266,CUST01573,BR006,Auto Loan,2020-03-03,202778.78,14.19,60,69079.31,Defaulted
LOAN00267,CUST00723,BR033,Business Loan,2020-12-04,1539015.79,14.52,240,815918.49,Defaulted
LOAN00268,CUST01550,BR046,Education Loan,2021-11-28,1076110.67,7.44,36,465311.78,Closed
LOAN00269,CUST07120,BR001,Auto Loan,2024-10-02,1542178.69,14.3,84,363608.54,Pending
LOAN00270,CUST05241,BR035,Personal Loan,2021-03-05,497345.64,10.09,120,54168.98,Defaulted
LOAN00271,CUST04427,BR039,Auto Loan,2025-03-31,516145.13,8.83,84,289213.5,Defaulted
LOAN00272,CUST06677,BR007,Business Loan,2021-01-02,3308641.26,11.18,36,1914155.22,Defaulted
LOAN00273,CUST02825,BR045,Home Loan,2022-06-23,5277567.45,9.85,12,4850065.34,Defaulted
LOAN00274,CUST03795,BR035,Home Loan,2022-04-13,1577408.33,11.08,180,1040424.07,Closed
LOAN00275,CUST06672,BR029,Business Loan,2021-12-30,1304638.5,12.05,120,418914.15,Defaulted
LOAN00276,CUST02813,BR022,Business Loan,2024-08-26,326420.21,13.73,84,73440.69,Closed
LOAN00277,CUST02865,BR056,Business Loan,2020-03-08,2362263.6,11.99,240,302654.78,Pending
LOAN00278,CUST00980,BR002,Business Loan,2022-10-30,2615304.35,8.98,84,783045.05,Closed
LOAN00279,CUST04772,BR026,Education Loan,2025-11-04,1253193.78,12.98,84,446242.11,Pending
LOAN00280,CUST03073,BR013,Home Loan,2023-11-22,3152148.87,11.06,84,3142323.38,Defaulted
LOAN00281,CUST06177,BR049,Home Loan,2022-04-08,4789890.5,8.13,120,2551376.47,Pending
LOAN00282,CUST00515,BR039,Personal Loan,2024-01-01,749400.92,14.83,180,420238.17,Active
LOAN00283,CUST06267,BR030,Home Loan,2020-03-09,6685488.05,8.86,60,508454.38,Defaulted
LOAN00284,CUST03660,BR041,Auto Loan,2025-04-26,1573553.42,9.64,36,99110.92,Defaulted
LOAN00285,CUST07450,BR030,Personal Loan,2024-08-07,552341.07,13.54,180,462464.44,Closed
LOAN00286,CUST02168,BR014,Home Loan,2022-08-06,4718567.2,14.2,12,2566939.32,Pending
LOAN00287,CUST00852,BR060,Auto Loan,2020-06-01,935007.76,13.9,24,63887.58,Closed
LOAN00288,CUST07179,BR048,Auto Loan,2024-04-22,1889192.89,14.68,12,1174253.67,Active
LOAN00289,CUST05535,BR048,Home Loan,2021-07-23,7157662.23,9.84,120,4811991.44,Pending
LOAN00290,CUST05349,BR039,Home Loan,2024-04-19,7152798.58,7.8,36,1295539.31,Active
LOAN00291,CUST01015,BR041,Education Loan,2024-09-28,598391.79,8.07,84,143060.02,Pending
LOAN00292,CUST07597,BR059,Education Loan,2021-05-25,1376064.09,15.29,48,369153.32,Pending
LOAN00293,CUST07862,BR008,Personal Loan,2025-10-08,667053.32,9.61,240,195800.66,Active
LOAN00294,CUST02484,BR036,Personal Loan,2024-11-19,765368.33,13.72,180,589190.04,Closed
LOAN00295,CUST00281,BR030,Home Loan,2022-11-16,4502955.48,11.18,84,2515710.71,Active
LOAN00296,CUST00047,BR046,Home Loan,2021-04-18,2801792.71,12.3,180,1128425.47,Active
LOAN00297,CUST03202,BR059,Home Loan,2023-10-30,7195822.72,10.7,240,3910371.77,Active
LOAN00298,CUST06819,BR058,Personal Loan,2022-03-13,238837.35,12.17,36,137501.45,Pending
LOAN00299,CUST02785,BR059,Education Loan,2020-09-27,693202.02,8.36,24,267015.01,Closed
LOAN00300,CUST06731,BR039,Home Loan,2021-02-06,3341516.01,10.56,12,1706072.14,Defaulted
LOAN00301,CUST06498,BR015,Auto Loan,2023-01-03,920636.31,9.82,120,672525.35,Closed
LOAN00302,CUST00032,BR038,Business Loan,2021-10-12,3454904.52,10.81,12,416232.49,Active
LOAN00303,CUST05115,BR014,Auto Loan,2021-12-08,615857.47,11.82,12,525106.76,Active
LOAN00304,CUST00248,BR054,Home Loan,2023-02-24,4534960.31,8.09,60,3975382.67,Active
LOAN00305,CUST00838,BR039,Business Loan,2022-09-24,4431253.36,11.98,12,2573963.68,Defaulted
LOAN00306,CUST04946,BR022,Personal Loan,2024-02-25,59817.54,10.73,48,37339.31,Pending
LOAN00307,CUST07512,BR058,Education Loan,2022-08-19,147817.28,12.87,36,77992.9,Closed
LOAN00308,CUST03498,BR005,Auto Loan,2023-01-27,1026692.34,9.7,84,969662.84,Pending
LOAN00309,CUST04879,BR045,Home Loan,2025-05-17,5453730.71,13.46,120,1353157.27,Active
LOAN00310,CUST00940,BR060,Personal Loan,2022-02-16,619870.64,11.31,240,56207.49,Pending
LOAN00311,CUST06148,BR005,Business Loan,2025-08-09,673921.7,14.95,36,489837.45,Pending
LOAN00312,CUST03568,BR044,Education Loan,2025-06-24,1487391.8,12.83,120,429786.32,Defaulted
LOAN00313,CUST03044,BR055,Home Loan,2023-01-12,7893556.26,11.69,120,2080723.74,Closed
LOAN00314,CUST07627,BR058,Education Loan,2021-07-16,1391572.02,15.12,48,998369.83,Closed
LOAN00315,CUST02884,BR048,Business Loan,2020-08-17,2724950.55,14.45,120,1434481.06,Defaulted
LOAN00316,CUST02664,BR018,Personal Loan,2022-12-04,140355.74,12.7,48,17946.43,Closed
LOAN00317,CUST01227,BR009,Auto Loan,2024-02-20,398600.92,11.24,84,370024.89,Defaulted
LOAN00318,CUST05704,BR011,Home Loan,2025-01-01,4980090.34,10.7,240,508188.36,Defaulted
LOAN00319,CUST04283,BR051,Education Loan,2023-11-25,787949.63,12.72,12,220250.05,Active
LOAN00320,CUST05458,BR019,Auto Loan,2025-11-22,1882891.92,8.6,240,806254.68,Pending
LOAN00321,CUST02044,BR036,Auto Loan,2022-11-07,603971.67,8.3,24,592300.69,Active
LOAN00322,CUST07532,BR052,Personal Loan,2025-09-26,246553.29,9.68,12,27423.75,Closed
LOAN00323,CUST04401,BR012,Home Loan,2021-06-21,7402737.53,9.48,120,3723019.6,Active
LOAN00324,CUST06658,BR014,Personal Loan,2025-06-26,400036.39,13.52,84,237671.54,Defaulted
LOAN00325,CUST04606,BR055,Personal Loan,2020-06-04,125683.85,10.68,36,29751.76,Defaulted
LOAN00326,CUST07295,BR004,Auto Loan,2024-01-07,787477.99,11.44,48,80769.49,Defaulted
LOAN00327,CUST02944,BR033,Personal Loan,2024-07-30,348821.44,14.21,180,148910.28,Active
LOAN00328,CUST07521,BR026,Auto Loan,2021-03-23,859376.22,15.48,180,371118.23,Closed
LOAN00329,CUST07500,BR055,Personal Loan,2024-12-18,786536.47,10.06,36,635941.92,Active
LOAN00330,CUST02423,BR015,Home Loan,2025-01-24,5239037.93,7.49,240,1161310.75,Active
LOAN00331,CUST04944,BR001,Auto Loan,2024-05-08,697348.47,9.05,12,96338.51,Pending
LOAN00332,CUST03484,BR008,Auto Loan,2020-06-23,1980539.04,8.4,84,1447350.02,Closed
LOAN00333,CUST02514,BR050,Business Loan,2020-06-25,4960758.27,9.05,36,3519816.51,Defaulted
LOAN00334,CUST03792,BR006,Home Loan,2025-08-19,4139657.6,13.5,180,783643.31,Active
LOAN00335,CUST07303,BR031,Personal Loan,2022-08-09,442613.4,7.38,36,397371.7,Active
LOAN00336,CUST03053,BR046,Business Loan,2024-07-25,484553.93,8.06,12,35323.93,Pending
LOAN00337,CUST00059,BR015,Personal Loan,2021-01-12,372809.86,10.47,24,165162.52,Closed
LOAN00338,CUST02678,BR005,Personal Loan,2021-10-23,485098.26,10.9,120,243653.01,Active
LOAN00339,CUST04509,BR036,Auto Loan,2025-10-21,940040.32,10.49,240,548329.05,Defaulted
LOAN00340,CUST07713,BR024,Personal Loan,2020-06-12,372800.18,11.21,36,238093.92,Closed
LOAN00341,CUST04823,BR044,Auto Loan,2024-04-19,774601.28,12.86,120,666929.78,Pending
LOAN00342,CUST06489,BR001,Auto Loan,2025-02-03,612938.79,13.81,48,410273.76,Closed
LOAN00343,CUST02764,BR001,Personal Loan,2024-08-13,524559.73,12.45,48,255707.42,Closed
LOAN00344,CUST06559,BR007,Personal Loan,2022-01-04,627729.15,11.15,12,129881.39,Closed
LOAN00345,CUST06068,BR007,Education Loan,2020-11-16,1022230.32,8.73,24,110603.13,Closed
LOAN00346,CUST02011,BR013,Home Loan,2022-08-30,7280210.05,12.69,60,3654290.46,Pending
LOAN00347,CUST04367,BR035,Personal Loan,2023-01-15,418548.24,10.3,240,228966.03,Pending
LOAN00348,CUST01418,BR028,Personal Loan,2022-04-07,493193.73,10.64,48,466852.11,Defaulted
LOAN00349,CUST07323,BR028,Home Loan,2020-12-27,4610296.8,14.61,240,2396685.15,Active
LOAN00350,CUST07663,BR052,Home Loan,2023-06-08,7010828.17,11.71,240,603208.68,Active
LOAN00351,CUST01982,BR037,Personal Loan,2022-05-14,433821.22,11.06,84,317381.53,Closed
LOAN00352,CUST05674,BR043,Personal Loan,2023-12-03,493616.37,13.34,12,472369.14,Active
LOAN00353,CUST05249,BR007,Business Loan,2024-01-05,4767272.96,13.38,36,1834870.64,Defaulted
LOAN00354,CUST00409,BR048,Business Loan,2020-06-04,1910262.16,7.68,24,1863985.79,Active
LOAN00355,CUST06978,BR003,Auto Loan,2024-09-08,636557.46,14.58,36,350693.87,Defaulted
LOAN00356,CUST05869,BR030,Business Loan,2022-03-13,4021078.18,10.05,36,488245.17,Pending
LOAN00357,CUST03047,BR059,Education Loan,2020-11-28,608327.02,13.04,240,210662.01,Closed
LOAN00358,CUST03703,BR029,Education Loan,2021-12-21,381766.21,12.62,84,95011.02,Active
LOAN00359,CUST03141,BR021,Auto Loan,2025-01-02,1672472.77,13.43,36,1377803.24,Defaulted
LOAN00360,CUST01561,BR032,Business Loan,2024-04-17,2174087.54,9.42,12,878430.94,Closed
LOAN00361,CUST02558,BR021,Home Loan,2022-10-10,4026610.14,13.53,36,557589.22,Defaulted
LOAN00362,CUST01788,BR012,Business Loan,2022-05-12,1660411.98,11.7,84,375079.34,Active
LOAN00363,CUST07843,BR056,Business Loan,2020-01-12,2178839.56,15.07,180,1002306.06,Active
LOAN00364,CUST02440,BR015,Business Loan,2025-11-09,491544.45,7.51,120,79795.51,Closed
LOAN00365,CUST02013,BR040,Home Loan,2021-11-02,3926005.52,14.76,36,3421611.73,Closed
LOAN00366,CUST01760,BR019,Home Loan,2023-04-03,2436909.04,11.03,120,1490256.02,Defaulted
LOAN00367,CUST04637,BR009,Business Loan,2020-05-02,4401303.11,14.43,60,1194135.94,Closed
LOAN00368,CUST03544,BR059,Business Loan,2020-01-15,1004331.07,10.57,36,583543.64,Closed
LOAN00369,CUST02151,BR039,Personal Loan,2022-10-03,572028.46,9.8,60,424807.0,Defaulted
LOAN00370,CUST02270,BR056,Education Loan,2025-12-03,452924.42,12.59,12,156372.05,Active
LOAN00371,CUST06827,BR058,Business Loan,2020-03-26,4600243.07,8.17,120,4161621.32,Closed
LOAN00372,CUST06123,BR045,Home Loan,2024-03-29,7116496.66,8.84,48,6114471.26,Defaulted
LOAN00373,CUST05762,BR003,Home Loan,2022-10-27,7230465.68,9.51,48,1025444.38,Active
LOAN00374,CUST06940,BR024,Auto Loan,2021-11-11,956082.61,7.11,240,894653.34,Closed
LOAN00375,CUST01728,BR042,Personal Loan,2024-02-25,677564.66,13.75,36,393379.63,Defaulted
LOAN00376,CUST05190,BR026,Education Loan,2024-12-05,751353.04,15.4,84,551771.96,Defaulted
LOAN00377,CUST06447,BR003,Business Loan,2022-04-16,584481.73,8.89,12,162063.41,Defaulted
LOAN00378,CUST00267,BR008,Business Loan,2020-02-28,3841652.33,15.14,240,1059367.82,Defaulted
LOAN00379,CUST01201,BR022,Education Loan,2023-02-08,1348288.14,14.12,84,527308.47,Closed
LOAN00380,CUST04326,BR015,Personal Loan,2024-01-09,491941.96,12.61,240,215467.31,Pending
LOAN00381,CUST04551,BR041,Auto Loan,2021-05-28,1795009.07,10.95,120,1459512.59,Pending
LOAN00382,CUST04171,BR054,Education Loan,2022-08-13,994415.71,14.26,36,984785.02,Pending
LOAN00383,CUST03420,BR002,Auto Loan,2024-02-13,643702.87,12.8,60,215960.5,Active
LOAN00384,CUST01748,BR008,Personal Loan,2023-06-10,184106.96,10.1,180,164156.42,Closed
LOAN00385,CUST03624,BR024,Education Loan,2022-10-03,572786.04,9.74,84,270114.1,Defaulted
LOAN00386,CUST07349,BR014,Education Loan,2021-02-10,230846.66,13.88,48,28314.56,Active
LOAN00387,CUST02378,BR003,Education Loan,2024-12-22,1110132.0,8.13,36,379446.63,Pending
LOAN00388,CUST01313,BR050,Auto Loan,2023-01-05,1815986.41,13.92,240,1146567.31,Active
LOAN00389,CUST00343,BR058,Auto Loan,2024-12-05,1237449.54,12.77,12,624746.07,Defaulted
LOAN00390,CUST01852,BR060,Home Loan,2023-09-12,4298020.56,10.74,240,958749.32,Pending
LOAN00391,CUST02798,BR029,Business Loan,2024-12-24,1747477.53,13.86,24,679138.78,Active
LOAN00392,CUST02754,BR043,Auto Loan,2022-05-13,939274.55,8.85,60,219821.84,Active
LOAN00393,CUST00642,BR027,Business Loan,2021-02-05,4001040.41,9.43,12,1780256.37,Defaulted
LOAN00394,CUST07983,BR015,Education Loan,2025-09-28,423389.0,9.36,24,120131.37,Closed
LOAN00395,CUST03656,BR009,Personal Loan,2020-02-29,178297.12,15.39,12,62576.66,Closed
LOAN00396,CUST07269,BR051,Personal Loan,2025-12-18,421623.13,7.53,180,238597.78,Pending
LOAN00397,CUST02843,BR023,Auto Loan,2021-10-05,1668151.04,12.83,180,1025443.46,Active
LOAN00398,CUST05370,BR039,Business Loan,2020-11-15,1081728.41,12.18,120,961735.2,Active
LOAN00399,CUST00440,BR026,Business Loan,2024-01-23,2162987.38,12.67,120,1025648.19,Defaulted
LOAN00400,CUST02816,BR021,Business Loan,2025-08-27,898251.32,11.75,12,517244.28,Closed
LOAN00401,CUST00170,BR025,Home Loan,2024-05-08,1605643.81,12.23,24,686136.34,Pending
LOAN00402,CUST02893,BR035,Education Loan,2025-12-12,307683.66,12.51,24,128451.66,Pending
LOAN00403,CUST04204,BR020,Education Loan,2023-04-15,502352.4,10.9,12,179367.24,Pending
LOAN00404,CUST07840,BR005,Home Loan,2020-12-23,1985814.74,7.45,48,1482649.86,Defaulted
LOAN00405,CUST03318,BR016,Personal Loan,2024-11-16,81156.09,9.19,36,71294.09,Defaulted
LOAN00406,CUST00879,BR007,Home Loan,2024-08-09,1728140.19,7.49,84,337611.99,Closed
LOAN00407,CUST02473,BR025,Personal Loan,2020-12-28,251431.63,13.61,240,225887.94,Closed
LOAN00408,CUST05101,BR005,Home Loan,2025-10-30,6555381.92,12.82,84,3842605.19,Active
LOAN00409,CUST06487,BR033,Home Loan,2024-10-08,2911408.02,10.64,12,2458577.91,Closed
LOAN00410,CUST04090,BR041,Education Loan,2025-08-29,570181.87,11.76,120,450046.72,Active
LOAN00411,CUST00171,BR022,Home Loan,2023-01-25,1913628.06,10.52,48,113050.98,Active
LOAN00412,CUST04236,BR029,Education Loan,2025-06-11,563336.81,9.37,180,511171.72,Active
LOAN00413,CUST05815,BR020,Business Loan,2023-04-12,3725037.96,7.35,240,614252.71,Defaulted
LOAN00414,CUST00523,BR036,Education Loan,2025-04-26,497883.94,10.72,48,462768.41,Active
LOAN00415,CUST03525,BR045,Home Loan,2022-04-14,6209634.63,9.36,84,831562.44,Defaulted
LOAN00416,CUST01460,BR017,Auto Loan,2020-07-09,1225989.86,11.99,24,1012856.88,Closed
LOAN00417,CUST07232,BR041,Auto Loan,2020-08-15,923532.8,10.39,36,476975.71,Defaulted
LOAN00418,CUST00404,BR053,Home Loan,2020-12-07,7385017.35,10.04,84,3674784.43,Defaulted
LOAN00419,CUST03718,BR012,Education Loan,2020-04-19,1002463.41,15.03,36,405791.3,Defaulted
LOAN00420,CUST03794,BR001,Business Loan,2024-08-06,2444638.16,13.62,240,1978998.73,Closed
LOAN00421,CUST06159,BR057,Home Loan,2025-12-17,7485494.64,9.38,240,7340602.96,Pending
LOAN00422,CUST07556,BR055,Auto Loan,2021-10-11,1536987.26,7.59,240,1335290.18,Closed
LOAN00423,CUST04894,BR019,Education Loan,2021-03-15,1421357.79,8.74,60,818883.23,Pending
LOAN00424,CUST04008,BR053,Education Loan,2023-02-15,736207.02,12.25,240,312068.94,Defaulted
LOAN00425,CUST00872,BR049,Auto Loan,2024-05-09,630023.99,12.58,240,141208.01,Active
LOAN00426,CUST01514,BR056,Personal Loan,2021-12-26,661206.42,8.63,240,93711.09,Defaulted
LOAN00427,CUST01337,BR023,Home Loan,2021-08-05,2878010.33,12.71,12,2111013.18,Pending
LOAN00428,CUST03416,BR025,Business Loan,2022-03-27,3650125.12,8.19,60,3071662.16,Pending
LOAN00429,CUST02482,BR049,Personal Loan,2020-08-03,661986.36,7.81,240,426907.98,Closed
LOAN00430,CUST04522,BR007,Personal Loan,2024-09-06,718569.39,10.95,120,160980.71,Defaulted
LOAN00431,CUST07620,BR001,Auto Loan,2022-06-13,771625.07,9.04,120,157910.76,Defaulted
LOAN00432,CUST01579,BR037,Personal Loan,2020-09-06,71876.76,14.55,48,37758.91,Defaulted
LOAN00433,CUST06160,BR013,Home Loan,2023-10-24,1264189.33,11.67,24,1180645.55,Closed
LOAN00434,CUST05852,BR009,Home Loan,2025-06-26,2231875.08,15.38,36,2214840.81,Defaulted
LOAN00435,CUST05130,BR003,Auto Loan,2025-08-25,1622427.77,12.31,48,1458697.15,Pending
LOAN00436,CUST03855,BR010,Business Loan,2025-02-18,1959729.13,11.84,180,1323424.98,Closed
LOAN00437,CUST06933,BR008,Education Loan,2024-12-10,903039.81,12.2,12,121391.21,Active
LOAN00438,CUST00851,BR024,Business Loan,2023-07-02,1072323.79,8.81,24,362945.58,Closed
LOAN00439,CUST06755,BR012,Personal Loan,2023-08-01,188798.79,13.64,48,10191.89,Defaulted
LOAN00440,CUST07783,BR037,Home Loan,2024-05-28,5520669.73,11.67,180,3392798.46,Defaulted
LOAN00441,CUST01209,BR041,Auto Loan,2023-07-05,1765483.44,9.1,84,239007.7,Active
LOAN00442,CUST01179,BR031,Home Loan,2022-08-11,7057598.73,7.68,84,6995597.84,Pending
LOAN00443,CUST05596,BR040,Personal Loan,2020-07-22,86407.8,12.72,24,19977.15,Closed
LOAN00444,CUST05518,BR029,Auto Loan,2023-04-17,1136238.7,7.47,60,423561.71,Defaulted
LOAN00445,CUST00872,BR060,Personal Loan,2023-08-26,676238.64,10.19,240,372951.89,Closed
LOAN00446,CUST03586,BR034,Personal Loan,2020-08-15,140620.66,11.83,84,45864.7,Pending
LOAN00447,CUST03952,BR049,Education Loan,2025-03-12,953390.8,8.4,12,439410.22,Pending
LOAN00448,CUST00084,BR006,Personal Loan,2020-08-12,577556.24,11.55,24,344711.75,Defaulted
LOAN00449,CUST00768,BR050,Education Loan,2023-12-22,940927.65,7.59,84,418736.65,Active
LOAN00450,CUST03880,BR024,Business Loan,2021-10-06,2104977.22,11.92,48,1680620.3,Active
LOAN00451,CUST07549,BR049,Business Loan,2025-01-08,3470820.89,8.19,48,1553252.8,Closed
LOAN00452,CUST07497,BR030,Personal Loan,2022-12-06,508133.89,12.48,12,133119.46,Defaulted
LOAN00453,CUST03550,BR028,Home Loan,2021-12-08,5405436.9,14.41,12,714702.96,Active
LOAN00454,CUST00357,BR024,Auto Loan,2025-05-06,645273.99,10.22,24,403736.3,Defaulted
LOAN00455,CUST04474,BR052,Home Loan,2022-03-07,3928417.42,7.88,48,3083005.21,Active
LOAN00456,CUST03261,BR036,Personal Loan,2021-01-24,679965.52,8.44,60,439197.43,Active
LOAN00457,CUST04783,BR008,Personal Loan,2020-06-13,78425.17,13.85,84,66092.76,Closed
LOAN00458,CUST01809,BR020,Education Loan,2021-09-09,921080.35,12.38,36,604668.37,Defaulted
LOAN00459,CUST06206,BR027,Education Loan,2020-06-15,1316911.91,14.53,84,1061972.53,Active
LOAN00460,CUST07437,BR041,Auto Loan,2020-10-27,470392.09,14.0,84,169593.14,Pending
LOAN00461,CUST02261,BR020,Business Loan,2023-12-14,2593315.49,12.72,84,1651422.07,Closed
LOAN00462,CUST06666,BR015,Home Loan,2022-06-28,6778091.39,11.4,84,4146649.65,Defaulted
LOAN00463,CUST04448,BR022,Personal Loan,2021-03-03,597252.58,11.86,12,572590.86,Pending
LOAN00464,CUST03121,BR003,Business Loan,2024-05-11,350758.37,15.16,36,283332.7,Defaulted
LOAN00465,CUST05033,BR027,Education Loan,2024-12-23,784656.7,9.0,24,153567.02,Defaulted
LOAN00466,CUST07345,BR042,Home Loan,2020-10-29,4641269.19,12.0,12,3820444.51,Active
LOAN00467,CUST06200,BR056,Education Loan,2022-12-17,995727.12,14.72,12,664322.11,Pending
LOAN00468,CUST03313,BR003,Education Loan,2025-07-03,1458358.31,9.4,12,1215454.6,Active
LOAN00469,CUST03792,BR052,Home Loan,2024-10-19,7324956.12,9.58,84,3147859.45,Active
LOAN00470,CUST06158,BR044,Auto Loan,2023-05-05,1691943.01,11.97,240,593770.39,Pending
LOAN00471,CUST04429,BR047,Auto Loan,2022-09-12,337540.0,10.27,120,244770.26,Pending
LOAN00472,CUST06449,BR036,Business Loan,2024-05-29,2448312.16,14.6,84,1487633.15,Pending
LOAN00473,CUST05230,BR048,Education Loan,2024-07-09,1038378.68,14.12,60,321089.86,Closed
LOAN00474,CUST03515,BR025,Home Loan,2024-08-02,5323188.3,13.23,120,1799114.25,Defaulted
LOAN00475,CUST04560,BR047,Auto Loan,2023-08-30,1008925.1,11.12,180,362330.39,Active
LOAN00476,CUST03989,BR049,Home Loan,2022-02-10,3514588.2,10.95,36,3505693.28,Defaulted
LOAN00477,CUST00296,BR027,Personal Loan,2020-11-15,554139.85,13.78,84,539172.47,Active
LOAN00478,CUST00156,BR052,Business Loan,2021-06-27,1009037.42,7.3,60,605805.29,Pending
LOAN00479,CUST05337,BR054,Education Loan,2020-10-10,423802.49,9.7,12,137911.28,Closed
LOAN00480,CUST01497,BR050,Education Loan,2022-01-25,563099.27,11.07,48,290965.21,Defaulted
LOAN00481,CUST01589,BR050,Home Loan,2021-03-12,2591241.79,14.81,120,1371342.64,Defaulted
LOAN00482,CUST04675,BR047,Personal Loan,2023-05-27,583838.21,15.43,60,155550.75,Pending
LOAN00483,CUST02169,BR031,Education Loan,2021-06-28,349214.92,8.22,12,81006.68,Closed
LOAN00484,CUST01558,BR024,Personal Loan,2020-05-19,510689.57,10.74,240,254796.93,Active
LOAN00485,CUST03887,BR019,Personal Loan,2023-02-13,384087.89,13.48,120,285894.46,Defaulted
LOAN00486,CUST03285,BR026,Auto Loan,2024-10-09,1947607.86,8.5,36,1340161.6,Defaulted
LOAN00487,CUST07626,BR015,Auto Loan,2024-08-14,1573149.39,13.86,84,426296.43,Pending
LOAN00488,CUST04633,BR047,Home Loan,2022-11-02,1625846.02,11.5,48,1188799.11,Closed
LOAN00489,CUST00736,BR051,Home Loan,2023-02-15,3766724.65,11.25,24,2004593.95,Closed
LOAN00490,CUST03844,BR021,Education Loan,2022-09-10,452679.83,7.36,84,103858.67,Pending
LOAN00491,CUST04122,BR035,Home Loan,2021-10-29,2451690.48,13.64,84,1170183.72,Active
LOAN00492,CUST03808,BR055,Education Loan,2021-09-02,1432648.51,9.21,48,736569.01,Active
LOAN00493,CUST03899,BR036,Auto Loan,2021-10-24,940956.54,7.04,24,808348.98,Defaulted
LOAN00494,CUST02785,BR022,Home Loan,2021-04-10,2927879.14,11.79,180,1929236.5,Defaulted
LOAN00495,CUST05342,BR023,Home Loan,2020-05-27,3379984.37,8.71,24,762485.31,Active
LOAN00496,CUST02413,BR035,Auto Loan,2024-02-18,1908007.52,7.32,48,1515174.26,Active
LOAN00497,CUST00929,BR033,Home Loan,2021-08-01,3812898.25,9.6,48,2226603.2,Defaulted
LOAN00498,CUST01544,BR018,Business Loan,2020-08-25,1025002.76,14.56,12,576962.25,Pending
LOAN00499,CUST03962,BR037,Business Loan,2020-09-12,3683144.26,11.57,48,2406482.98,Defaulted
LOAN00500,CUST01170,BR051,Personal Loan,2020-07-06,353407.01,8.47,12,240746.25,Defaulted
LOAN00501,CUST05719,BR011,Auto Loan,2022-03-22,1913522.25,11.54,48,1546432.16,Defaulted
LOAN00502,CUST01242,BR004,Auto Loan,2024-03-08,796887.27,11.93,48,433854.63,Pending
LOAN00503,CUST01137,BR060,Home Loan,2023-10-19,2925718.86,12.5,24,2364247.71,Pending
LOAN00504,CUST04351,BR047,Auto Loan,2023-08-26,1608139.91,11.24,180,1440134.24,Active
LOAN00505,CUST02614,BR038,Business Loan,2022-02-08,560407.01,11.04,24,483391.93,Closed
LOAN00506,CUST06998,BR024,Personal Loan,2025-06-18,746509.44,8.93,180,657596.93,Pending
LOAN00507,CUST02139,BR038,Business Loan,2021-01-09,4089581.2,7.68,12,2917671.49,Pending
LOAN00508,CUST05465,BR021,Auto Loan,2023-08-08,807503.8,11.93,60,599784.4,Pending
LOAN00509,CUST04290,BR060,Business Loan,2021-07-07,2746531.95,13.4,48,810898.93,Active
LOAN00510,CUST05914,BR015,Personal Loan,2021-12-01,391659.54,9.89,240,269472.11,Defaulted
LOAN00511,CUST02312,BR042,Auto Loan,2022-11-01,1741462.31,9.37,120,867132.51,Pending
LOAN00512,CUST00661,BR057,Home Loan,2025-10-10,7925028.37,9.04,48,3631791.83,Pending
LOAN00513,CUST06346,BR031,Home Loan,2024-04-07,2691203.63,9.26,24,852656.87,Closed
LOAN00514,CUST04585,BR035,Education Loan,2023-08-04,909151.02,13.31,120,414936.59,Closed
LOAN00515,CUST07445,BR008,Education Loan,2021-03-04,1383961.85,10.29,240,384094.67,Closed
LOAN00516,CUST00384,BR011,Auto Loan,2021-07-30,367951.66,12.38,240,60427.66,Pending
LOAN00517,CUST06820,BR007,Auto Loan,2020-04-25,1172586.56,13.17,60,960612.3,Closed
LOAN00518,CUST05118,BR047,Personal Loan,2023-03-29,480635.39,10.47,24,185459.56,Defaulted
LOAN00519,CUST02259,BR006,Home Loan,2022-10-22,7478431.06,7.9,180,6514840.81,Pending
LOAN00520,CUST02348,BR059,Business Loan,2025-09-22,2084064.99,7.06,120,224743.81,Pending
LOAN00521,CUST05952,BR028,Personal Loan,2021-08-17,573941.87,9.07,36,485436.59,Closed
LOAN00522,CUST02068,BR043,Personal Loan,2021-12-07,170431.28,7.35,120,73408.35,Pending
LOAN00523,CUST01531,BR004,Business Loan,2024-03-01,2793606.61,13.29,120,1731361.13,Closed
LOAN00524,CUST03994,BR051,Auto Loan,2021-06-28,498704.93,12.9,48,190202.73,Active
LOAN00525,CUST03725,BR058,Business Loan,2025-10-14,456680.9,8.23,12,317387.9,Closed
LOAN00526,CUST06617,BR044,Business Loan,2022-04-28,1648375.44,11.72,12,1481277.98,Closed
LOAN00527,CUST02447,BR034,Home Loan,2021-02-16,2518511.1,14.28,12,1330561.14,Closed
LOAN00528,CUST04226,BR051,Auto Loan,2021-06-28,1980606.71,12.65,24,880967.82,Defaulted
LOAN00529,CUST04935,BR023,Personal Loan,2021-12-20,494906.46,15.14,240,442812.12,Defaulted
LOAN00530,CUST00891,BR056,Business Loan,2023-10-27,4465976.51,9.31,180,3123355.94,Pending
LOAN00531,CUST04806,BR055,Education Loan,2020-07-06,1382734.46,12.7,48,1042795.87,Active
LOAN00532,CUST00946,BR028,Education Loan,2023-11-18,912674.8,13.1,48,695390.47,Defaulted
LOAN00533,CUST01392,BR004,Business Loan,2024-02-22,609526.57,14.34,120,504721.11,Active
LOAN00534,CUST04702,BR003,Business Loan,2020-01-21,853474.83,10.13,84,740113.45,Active
LOAN00535,CUST00848,BR003,Home Loan,2024-01-17,5372675.35,14.39,12,1039862.77,Pending
LOAN00536,CUST03289,BR038,Home Loan,2022-06-05,3245706.42,8.52,180,2473302.43,Pending
LOAN00537,CUST01277,BR028,Home Loan,2025-03-29,7729064.57,8.54,24,3314246.22,Defaulted
LOAN00538,CUST06160,BR007,Business Loan,2021-11-12,1866442.78,11.24,120,1857466.65,Pending
LOAN00539,CUST00384,BR024,Business Loan,2025-01-08,389773.16,8.01,24,51252.74,Defaulted
LOAN00540,CUST06973,BR003,Auto Loan,2020-03-29,1425818.63,12.78,120,445010.55,Closed
LOAN00541,CUST02792,BR041,Home Loan,2022-01-16,3679150.2,12.42,120,1376654.92,Pending
LOAN00542,CUST05902,BR044,Auto Loan,2024-11-15,1346492.77,13.74,240,916791.25,Active
LOAN00543,CUST03798,BR057,Personal Loan,2022-04-18,513541.99,13.88,84,510382.24,Closed
LOAN00544,CUST01206,BR024,Auto Loan,2020-10-29,1498989.88,13.14,36,1407752.38,Active
LOAN00545,CUST06128,BR044,Home Loan,2020-09-27,6795249.73,12.99,36,5179837.3,Closed
LOAN00546,CUST02917,BR040,Auto Loan,2025-07-23,1347588.69,11.71,12,391013.28,Active
LOAN00547,CUST04616,BR037,Home Loan,2020-01-29,6738945.71,7.36,120,4734908.24,Active
LOAN00548,CUST07909,BR028,Home Loan,2025-09-22,4179821.39,14.95,120,2153603.03,Defaulted
LOAN00549,CUST07695,BR060,Education Loan,2021-05-02,112463.93,12.76,60,6049.89,Defaulted
LOAN00550,CUST05808,BR014,Home Loan,2022-02-10,1312748.09,12.64,120,446501.81,Active
LOAN00551,CUST03037,BR048,Education Loan,2020-07-09,502076.61,11.02,84,159303.32,Defaulted
LOAN00552,CUST06660,BR023,Business Loan,2023-08-13,1954682.56,14.8,12,1805088.04,Defaulted
LOAN00553,CUST03637,BR047,Education Loan,2022-05-05,1324301.6,14.24,180,557195.76,Closed
LOAN00554,CUST05077,BR019,Personal Loan,2022-11-10,551795.82,10.4,180,273839.04,Active
LOAN00555,CUST06549,BR050,Business Loan,2022-11-24,1250177.82,11.34,60,110994.93,Closed
LOAN00556,CUST02193,BR024,Personal Loan,2024-01-22,132626.57,8.66,24,27452.85,Defaulted
LOAN00557,CUST06085,BR018,Personal Loan,2024-03-09,222630.29,14.18,48,93478.79,Active
LOAN00558,CUST05649,BR009,Home Loan,2020-05-17,2831004.83,11.21,24,2684431.98,Active
LOAN00559,CUST03219,BR021,Business Loan,2024-08-22,759120.82,12.49,84,567536.72,Closed
LOAN00560,CUST00353,BR042,Business Loan,2022-01-27,2238169.02,7.71,48,966305.19,Defaulted
LOAN00561,CUST03896,BR035,Auto Loan,2021-10-28,1152187.9,14.16,24,257667.31,Pending
LOAN00562,CUST01129,BR038,Auto Loan,2023-01-04,620178.1,8.46,84,51246.73,Closed
LOAN00563,CUST06597,BR013,Business Loan,2023-10-21,3259805.45,8.3,36,1815630.1,Pending
LOAN00564,CUST07008,BR016,Business Loan,2022-03-11,4086839.23,7.31,36,2244147.09,Pending
LOAN00565,CUST03900,BR052,Education Loan,2022-10-03,1388224.88,9.71,60,409906.7,Closed
LOAN00566,CUST02623,BR007,Home Loan,2024-11-22,4571709.22,8.48,12,3344374.95,Active
LOAN00567,CUST04559,BR022,Personal Loan,2020-05-26,631396.19,7.46,180,101175.92,Pending
LOAN00568,CUST02960,BR054,Home Loan,2021-03-27,814351.56,11.73,36,99874.56,Defaulted
LOAN00569,CUST02993,BR057,Personal Loan,2020-03-19,498093.9,12.09,24,64889.17,Active
LOAN00570,CUST01030,BR054,Auto Loan,2025-01-09,533434.48,12.31,120,103469.56,Defaulted
LOAN00571,CUST07196,BR056,Personal Loan,2023-08-30,567907.59,12.49,48,143215.41,Pending
LOAN00572,CUST05914,BR010,Personal Loan,2020-12-21,657333.87,7.77,180,424976.74,Active
LOAN00573,CUST00313,BR054,Personal Loan,2022-08-05,751844.86,11.25,36,596403.94,Defaulted
LOAN00574,CUST04125,BR029,Personal Loan,2025-10-29,222549.31,11.04,24,199063.73,Active
LOAN00575,CUST01730,BR001,Education Loan,2020-04-26,1075747.74,11.55,240,719004.03,Closed
LOAN00576,CUST05125,BR058,Business Loan,2020-02-24,2800633.22,12.8,84,617261.72,Closed
LOAN00577,CUST07260,BR028,Business Loan,2021-04-16,4361116.34,14.08,48,2173431.12,Closed
LOAN00578,CUST03031,BR027,Business Loan,2020-02-15,4311123.67,12.77,180,1165181.15,Active
LOAN00579,CUST02011,BR010,Education Loan,2021-04-07,862795.49,7.22,60,390610.02,Active
LOAN00580,CUST07043,BR016,Auto Loan,2025-04-09,776480.92,12.4,240,116134.21,Closed
LOAN00581,CUST05101,BR043,Auto Loan,2020-03-10,211797.27,8.07,36,199006.4,Defaulted
LOAN00582,CUST01742,BR027,Personal Loan,2021-01-04,130612.05,12.45,48,129080.32,Defaulted
LOAN00583,CUST05367,BR010,Education Loan,2024-06-17,973473.3,13.44,180,439645.46,Pending
LOAN00584,CUST07996,BR020,Home Loan,2023-04-04,7239345.73,8.34,240,6347424.46,Defaulted
LOAN00585,CUST05548,BR043,Education Loan,2023-08-16,152796.19,11.72,84,99800.74,Defaulted
LOAN00586,CUST05683,BR043,Business Loan,2023-06-03,4662151.84,8.12,36,2740512.45,Active
LOAN00587,CUST00563,BR044,Personal Loan,2021-08-08,734434.52,14.78,48,650230.74,Pending
LOAN00588,CUST07353,BR023,Home Loan,2021-01-12,5486710.85,9.29,48,3586205.69,Active
LOAN00589,CUST05926,BR059,Personal Loan,2022-06-06,117382.79,13.67,120,35497.19,Closed
LOAN00590,CUST05286,BR003,Personal Loan,2021-08-15,448024.11,15.09,240,41510.1,Pending
LOAN00591,CUST06154,BR054,Personal Loan,2024-10-12,416744.16,8.34,36,95553.22,Active
LOAN00592,CUST04824,BR020,Home Loan,2024-05-10,3899268.42,9.99,180,1990770.28,Active
LOAN00593,CUST06254,BR018,Personal Loan,2020-01-30,468385.04,13.49,180,207016.19,Pending
LOAN00594,CUST04012,BR018,Education Loan,2020-09-23,487739.63,9.9,120,383717.41,Pending
LOAN00595,CUST01866,BR002,Auto Loan,2023-08-10,1791385.49,11.81,60,622618.31,Pending
LOAN00596,CUST00005,BR048,Home Loan,2023-09-19,7881679.48,14.71,120,4288772.59,Defaulted
LOAN00597,CUST01739,BR060,Personal Loan,2020-08-03,284346.24,9.47,60,256388.5,Active
LOAN00598,CUST03111,BR022,Auto Loan,2023-02-02,1346660.78,14.12,240,1007436.57,Active
LOAN00599,CUST03484,BR055,Auto Loan,2020-06-01,425760.84,11.3,36,42620.99,Active
LOAN00600,CUST01251,BR040,Auto Loan,2021-07-21,1594069.52,8.67,84,1246406.11,Defaulted
LOAN00601,CUST06827,BR025,Business Loan,2022-02-27,3227669.32,9.38,12,2503985.38,Pending
LOAN00602,CUST02979,BR029,Personal Loan,2020-05-16,706345.51,12.46,84,559328.58,Active
LOAN00603,CUST07695,BR026,Business Loan,2020-10-05,3229329.67,8.07,60,714626.07,Active
LOAN00604,CUST06924,BR039,Home Loan,2023-06-27,4752454.83,10.7,120,1538861.25,Pending
LOAN00605,CUST03851,BR022,Education Loan,2024-10-20,738988.11,14.93,84,63653.07,Pending
LOAN00606,CUST00522,BR047,Auto Loan,2022-11-10,1319030.99,13.28,48,1029608.18,Defaulted
LOAN00607,CUST04995,BR010,Business Loan,2021-12-03,1911627.66,8.04,36,1771192.98,Defaulted
LOAN00608,CUST03147,BR030,Business Loan,2023-05-28,4342881.56,9.26,240,1531280.62,Closed
LOAN00609,CUST01323,BR046,Auto Loan,2025-07-05,337257.03,13.28,240,201582.24,Closed
LOAN00610,CUST04420,BR012,Personal Loan,2021-01-13,52491.47,14.98,180,21111.18,Pending
LOAN00611,CUST04327,BR027,Education Loan,2023-08-07,1067226.75,12.82,24,414369.01,Closed
LOAN00612,CUST05390,BR009,Auto Loan,2024-08-07,341507.43,9.76,84,53073.42,Active
LOAN00613,CUST02685,BR053,Business Loan,2020-01-27,4829548.7,9.43,36,1244883.45,Pending
LOAN00614,CUST01696,BR023,Auto Loan,2022-11-09,1367748.8,13.83,24,931445.02,Defaulted
LOAN00615,CUST04938,BR028,Personal Loan,2023-11-02,590007.02,9.15,60,459370.69,Pending
LOAN00616,CUST00964,BR052,Auto Loan,2020-03-08,1727543.92,8.11,36,1482829.0,Pending
LOAN00617,CUST01821,BR057,Business Loan,2023-01-23,3010967.79,10.47,48,498057.97,Closed
LOAN00618,CUST07310,BR034,Business Loan,2022-12-01,3957506.52,10.38,36,785194.28,Active
LOAN00619,CUST01776,BR020,Business Loan,2023-10-06,2862441.82,8.07,36,835675.65,Defaulted
LOAN00620,CUST07647,BR050,Personal Loan,2022-08-01,117054.02,11.27,240,7177.32,Closed
LOAN00621,CUST02935,BR005,Personal Loan,2025-11-26,271735.72,11.82,240,16538.97,Active
LOAN00622,CUST04539,BR029,Home Loan,2023-11-19,2602781.83,13.24,180,228561.54,Defaulted
LOAN00623,CUST04100,BR029,Business Loan,2025-03-16,765383.53,13.78,120,111596.88,Active
LOAN00624,CUST06326,BR040,Business Loan,2021-11-27,324282.35,9.54,12,279308.79,Defaulted
LOAN00625,CUST06740,BR016,Home Loan,2020-02-18,6381776.1,11.83,60,5624586.46,Active
LOAN00626,CUST01305,BR033,Business Loan,2022-08-09,3162907.49,11.71,60,2314231.66,Defaulted
LOAN00627,CUST00371,BR022,Auto Loan,2024-08-01,1699911.02,14.54,60,1295661.28,Pending
LOAN00628,CUST00789,BR054,Business Loan,2020-05-24,3678153.83,12.11,60,2885092.83,Defaulted
LOAN00629,CUST06062,BR005,Education Loan,2024-12-26,530991.42,12.72,36,482873.61,Active
LOAN00630,CUST06152,BR060,Home Loan,2023-01-23,1139239.93,14.16,120,450160.03,Defaulted
LOAN00631,CUST03746,BR002,Business Loan,2024-02-21,349186.75,14.54,24,29935.92,Active
LOAN00632,CUST02791,BR018,Business Loan,2025-07-04,4981019.37,9.58,84,4601364.97,Active
LOAN00633,CUST03085,BR045,Business Loan,2025-05-08,3180134.19,7.71,60,957429.28,Closed
LOAN00634,CUST05612,BR034,Home Loan,2025-04-14,4424375.19,10.85,48,2218307.79,Pending
LOAN00635,CUST05140,BR009,Home Loan,2022-04-26,3782512.12,9.95,60,725458.92,Active
LOAN00636,CUST04890,BR019,Personal Loan,2024-12-22,435296.31,8.41,36,395881.19,Pending
LOAN00637,CUST01487,BR022,Business Loan,2020-04-27,2967132.31,13.3,36,1155100.28,Defaulted
LOAN00638,CUST06957,BR029,Business Loan,2025-10-03,2466109.54,8.8,84,2150940.87,Active
LOAN00639,CUST07302,BR055,Personal Loan,2025-09-05,305298.18,10.39,120,177833.9,Active
LOAN00640,CUST06646,BR041,Auto Loan,2023-06-20,595845.4,12.0,12,148389.03,Closed
LOAN00641,CUST02049,BR049,Business Loan,2025-01-31,1300736.16,9.47,240,299352.78,Closed
LOAN00642,CUST05086,BR007,Home Loan,2022-09-21,6218310.82,8.04,240,2294177.74,Closed
LOAN00643,CUST04320,BR042,Auto Loan,2021-09-20,1859204.93,10.52,36,1545372.98,Defaulted
LOAN00644,CUST04466,BR002,Auto Loan,2020-07-14,1227946.49,9.91,180,231561.07,Defaulted
LOAN00645,CUST01507,BR016,Home Loan,2020-06-09,4740531.11,11.65,24,2571626.32,Defaulted
LOAN00646,CUST04235,BR001,Home Loan,2020-10-07,1603631.59,15.06,36,746545.26,Closed
LOAN00647,CUST00580,BR060,Auto Loan,2023-02-05,1312964.19,13.87,48,1301076.23,Closed
LOAN00648,CUST05716,BR029,Auto Loan,2022-01-11,402833.27,11.17,12,57519.13,Closed
LOAN00649,CUST01668,BR009,Personal Loan,2024-11-01,54250.92,12.82,48,33638.36,Closed
LOAN00650,CUST01546,BR028,Education Loan,2021-04-05,1128751.1,10.71,120,679168.46,Closed
LOAN00651,CUST00979,BR054,Home Loan,2025-02-07,5281109.9,12.03,12,3811322.04,Closed
LOAN00652,CUST05374,BR034,Personal Loan,2025-08-14,660019.35,8.9,120,647964.52,Closed
LOAN00653,CUST04851,BR043,Personal Loan,2022-01-19,488391.16,14.42,12,433443.89,Defaulted
LOAN00654,CUST03827,BR053,Personal Loan,2020-04-06,744208.07,9.21,120,55857.94,Active
LOAN00655,CUST02738,BR053,Auto Loan,2020-06-18,1165124.39,13.35,48,695280.6,Closed
LOAN00656,CUST02242,BR001,Business Loan,2022-07-21,4290434.81,14.15,84,2579925.21,Closed
LOAN00657,CUST01301,BR047,Education Loan,2022-01-13,220737.51,14.15,36,77278.74,Pending
LOAN00658,CUST07653,BR058,Home Loan,2020-08-22,4369673.97,7.24,60,633083.84,Closed
LOAN00659,CUST05636,BR019,Personal Loan,2025-10-27,124817.14,7.68,180,64617.63,Pending
LOAN00660,CUST01169,BR046,Business Loan,2020-08-04,1082976.35,12.24,48,463973.94,Active
LOAN00661,CUST06127,BR050,Auto Loan,2022-07-14,420688.99,7.52,84,250493.36,Defaulted
LOAN00662,CUST00753,BR045,Home Loan,2021-04-04,6281295.54,13.46,84,1791652.41,Pending
LOAN00663,CUST02013,BR048,Home Loan,2020-11-22,5113557.52,10.87,12,795283.07,Active
LOAN00664,CUST00770,BR038,Auto Loan,2020-04-09,646481.28,11.38,12,486875.2,Active
LOAN00665,CUST05088,BR040,Auto Loan,2025-08-28,1609566.05,11.01,12,675812.44,Pending
LOAN00666,CUST06173,BR021,Home Loan,2022-02-24,1729113.02,11.11,48,441691.71,Pending
LOAN00667,CUST01149,BR025,Education Loan,2023-06-04,946921.13,13.24,60,905512.22,Defaulted
LOAN00668,CUST00297,BR018,Business Loan,2024-09-30,4697638.87,11.12,24,3632606.91,Pending
LOAN00669,CUST05223,BR050,Business Loan,2021-12-26,3886392.62,7.53,36,1902120.02,Pending
LOAN00670,CUST05706,BR057,Auto Loan,2023-03-31,999971.69,14.78,48,775664.59,Active
LOAN00671,CUST05488,BR055,Education Loan,2020-08-13,981911.35,10.65,24,561507.23,Active
LOAN00672,CUST03330,BR034,Education Loan,2024-12-03,117987.79,14.78,120,79731.02,Closed
LOAN00673,CUST01560,BR012,Education Loan,2022-06-24,495774.78,12.85,120,411654.48,Closed
LOAN00674,CUST06169,BR014,Personal Loan,2020-05-24,90648.77,15.42,240,45105.15,Pending
LOAN00675,CUST06220,BR024,Business Loan,2022-07-08,3958966.78,13.61,24,1484652.46,Active
LOAN00676,CUST02972,BR053,Auto Loan,2023-12-16,460507.82,8.06,240,445407.07,Pending
LOAN00677,CUST05024,BR053,Education Loan,2025-09-16,339463.85,8.07,12,145138.14,Active
LOAN00678,CUST01014,BR039,Education Loan,2024-08-14,387666.83,14.67,12,40554.2,Pending
LOAN00679,CUST06013,BR043,Auto Loan,2023-07-05,1174360.46,7.21,120,349967.84,Closed
LOAN00680,CUST05029,BR056,Education Loan,2023-11-05,214755.19,12.53,24,33715.93,Defaulted
LOAN00681,CUST05983,BR017,Personal Loan,2024-11-01,618233.8,8.94,120,331356.36,Closed
LOAN00682,CUST04747,BR024,Home Loan,2024-12-25,2658189.86,14.46,240,247166.78,Defaulted
LOAN00683,CUST03683,BR048,Auto Loan,2023-12-28,1917971.74,8.72,24,120363.05,Active
LOAN00684,CUST06400,BR016,Business Loan,2022-08-11,4282197.22,10.01,60,2916867.88,Defaulted
LOAN00685,CUST00481,BR024,Personal Loan,2021-06-21,445945.77,15.36,120,206295.04,Closed
LOAN00686,CUST01750,BR060,Personal Loan,2025-10-08,214397.46,9.57,36,184316.24,Active
LOAN00687,CUST04437,BR040,Business Loan,2020-02-07,4650982.52,11.99,60,1539351.51,Active
LOAN00688,CUST01070,BR020,Education Loan,2024-10-19,197196.61,11.24,180,42646.42,Pending
LOAN00689,CUST00888,BR021,Home Loan,2021-02-23,7676762.7,12.08,120,6748922.12,Active
LOAN00690,CUST06643,BR003,Business Loan,2022-12-01,3549858.35,7.61,12,2024741.82,Closed
LOAN00691,CUST04315,BR058,Education Loan,2020-10-28,1059614.42,11.09,180,188232.78,Pending
LOAN00692,CUST00213,BR006,Education Loan,2021-11-24,1129779.1,11.92,84,155039.03,Closed
LOAN00693,CUST05146,BR010,Home Loan,2020-12-27,7078673.21,15.11,120,5437033.5,Defaulted
LOAN00694,CUST05999,BR007,Education Loan,2025-08-28,1436497.12,10.84,60,1382136.33,Defaulted
LOAN00695,CUST05532,BR035,Business Loan,2023-02-19,1067924.63,12.23,120,654106.37,Active
LOAN00696,CUST03671,BR003,Personal Loan,2025-04-24,784754.22,8.09,240,416020.07,Closed
LOAN00697,CUST05111,BR015,Home Loan,2021-07-16,2044479.48,7.41,12,362193.14,Pending
LOAN00698,CUST07406,BR035,Business Loan,2020-05-17,3039306.54,11.53,120,2447177.73,Closed
LOAN00699,CUST03673,BR006,Education Loan,2022-03-07,461297.41,10.59,120,46776.83,Active
LOAN00700,CUST02584,BR004,Personal Loan,2021-10-14,52006.49,13.1,180,31296.63,Closed
LOAN00701,CUST00860,BR028,Home Loan,2020-11-15,5999215.02,15.34,60,4328174.28,Closed
LOAN00702,CUST04611,BR046,Personal Loan,2021-05-01,439996.2,11.36,12,118427.11,Defaulted
LOAN00703,CUST05629,BR023,Home Loan,2025-11-12,4653591.82,14.34,48,3530930.42,Closed
LOAN00704,CUST07801,BR053,Home Loan,2022-05-14,1503411.02,9.75,120,1375151.8,Pending
LOAN00705,CUST05008,BR022,Home Loan,2024-02-07,3334285.61,7.61,60,1196812.13,Closed
LOAN00706,CUST01958,BR018,Education Loan,2020-10-29,415489.33,8.23,12,253708.22,Pending
LOAN00707,CUST07923,BR017,Education Loan,2024-03-13,566764.43,12.91,84,426570.69,Active
LOAN00708,CUST00373,BR031,Auto Loan,2021-07-17,1622510.75,7.27,12,682152.67,Defaulted
LOAN00709,CUST04292,BR033,Personal Loan,2023-07-12,139923.22,10.04,12,112603.14,Defaulted
LOAN00710,CUST00246,BR023,Home Loan,2023-05-16,1617006.46,11.19,84,892168.58,Closed
LOAN00711,CUST01124,BR056,Business Loan,2021-12-13,2654639.9,12.13,84,1405619.83,Defaulted
LOAN00712,CUST04526,BR006,Personal Loan,2025-11-18,261673.59,11.14,36,34956.02,Pending
LOAN00713,CUST07424,BR014,Education Loan,2024-11-04,777525.77,12.75,60,319828.76,Closed
LOAN00714,CUST06627,BR034,Auto Loan,2022-04-20,1595216.09,13.11,240,1521339.75,Closed
LOAN00715,CUST04363,BR053,Education Loan,2021-09-21,1251823.29,15.25,180,103099.17,Closed
LOAN00716,CUST04298,BR005,Business Loan,2021-11-11,2941824.41,14.96,36,918803.69,Pending
LOAN00717,CUST00050,BR013,Home Loan,2024-02-18,1126775.02,9.13,180,98003.42,Active
LOAN00718,CUST07809,BR048,Personal Loan,2025-12-23,319152.89,13.63,48,191915.19,Active
LOAN00719,CUST01682,BR015,Auto Loan,2025-09-03,1577092.97,11.38,60,1327319.41,Closed
LOAN00720,CUST04941,BR039,Home Loan,2022-05-18,1865808.33,12.97,60,835865.94,Pending
LOAN00721,CUST06964,BR053,Auto Loan,2025-11-29,1820443.04,13.5,180,1547081.52,Pending
LOAN00722,CUST00078,BR017,Education Loan,2024-09-28,968954.98,11.0,84,464073.84,Closed
LOAN00723,CUST02876,BR018,Home Loan,2022-01-30,3273902.57,11.37,24,3090953.3,Defaulted
LOAN00724,CUST06042,BR036,Home Loan,2022-01-30,2169690.13,9.73,12,558731.05,Closed
LOAN00725,CUST06105,BR024,Home Loan,2024-04-04,3339779.97,14.95,240,1443976.15,Active
LOAN00726,CUST04562,BR009,Home Loan,2022-05-06,4530237.88,8.68,48,3591545.61,Active
LOAN00727,CUST04503,BR018,Education Loan,2022-05-25,307785.08,13.87,60,169602.58,Defaulted
LOAN00728,CUST07570,BR054,Business Loan,2022-10-26,4822892.61,9.47,84,4329553.65,Defaulted
LOAN00729,CUST05148,BR012,Business Loan,2025-12-05,4557346.34,12.88,12,3261044.66,Defaulted
LOAN00730,CUST05718,BR038,Education Loan,2024-05-03,749185.8,14.89,240,633838.78,Pending
LOAN00731,CUST01756,BR036,Auto Loan,2024-07-02,1347732.63,8.92,180,354834.41,Pending
LOAN00732,CUST02294,BR015,Education Loan,2020-04-07,726511.3,12.08,84,172743.97,Active
LOAN00733,CUST05741,BR047,Home Loan,2020-05-25,5695103.45,8.68,48,5040222.92,Closed
LOAN00734,CUST00009,BR035,Personal Loan,2025-08-22,167661.77,10.07,12,59902.7,Closed
LOAN00735,CUST05492,BR008,Personal Loan,2020-03-29,593593.16,15.37,120,166432.49,Defaulted
LOAN00736,CUST01803,BR022,Personal Loan,2020-04-13,252714.83,10.62,24,50148.88,Active
LOAN00737,CUST04721,BR029,Home Loan,2023-12-03,2287824.3,15.41,48,1897184.83,Closed
LOAN00738,CUST00363,BR038,Auto Loan,2023-09-02,694920.88,14.9,120,191544.46,Closed
LOAN00739,CUST04444,BR020,Home Loan,2024-01-11,7343727.33,7.02,24,3259923.63,Defaulted
LOAN00740,CUST03948,BR038,Home Loan,2020-10-07,4907243.79,11.62,84,3237110.44,Active
LOAN00741,CUST05102,BR052,Personal Loan,2021-05-07,575866.06,13.35,12,455100.22,Defaulted
LOAN00742,CUST02374,BR034,Personal Loan,2023-10-02,664619.61,8.65,120,141947.57,Defaulted
LOAN00743,CUST06923,BR003,Home Loan,2021-01-11,3934200.18,12.72,12,2123576.92,Active
LOAN00744,CUST06314,BR057,Home Loan,2022-05-21,1314642.34,11.71,36,596838.02,Pending
LOAN00745,CUST00263,BR007,Education Loan,2022-04-12,830975.56,10.27,240,638144.94,Pending
LOAN00746,CUST06860,BR030,Personal Loan,2021-09-10,703074.41,8.34,180,385871.74,Defaulted
LOAN00747,CUST06273,BR010,Education Loan,2020-02-15,362824.41,9.37,60,89255.48,Active
LOAN00748,CUST07908,BR028,Auto Loan,2022-12-31,1369925.22,7.28,84,236607.36,Active
LOAN00749,CUST06770,BR032,Education Loan,2025-11-18,163999.16,7.48,48,97330.03,Pending
LOAN00750,CUST00533,BR037,Home Loan,2021-07-20,6211635.97,10.4,180,3510698.42,Defaulted
LOAN00751,CUST05168,BR001,Home Loan,2022-09-21,5727803.7,13.97,84,1464231.26,Pending
LOAN00752,CUST05316,BR020,Personal Loan,2021-05-12,785831.79,13.83,120,682666.95,Active
LOAN00753,CUST04047,BR043,Auto Loan,2024-04-25,1845383.06,9.0,120,536892.33,Active
LOAN00754,CUST03966,BR024,Education Loan,2021-04-25,827840.32,7.18,84,284482.9,Closed
LOAN00755,CUST03499,BR002,Auto Loan,2022-07-16,1541194.75,13.1,24,249375.96,Pending
LOAN00756,CUST02065,BR058,Education Loan,2025-08-24,1004789.6,7.1,60,346053.31,Pending
LOAN00757,CUST02940,BR027,Home Loan,2022-10-23,4438024.75,10.93,36,1666632.86,Closed
LOAN00758,CUST06143,BR004,Home Loan,2020-02-12,1884439.15,7.23,12,1070003.96,Active
LOAN00759,CUST02801,BR049,Home Loan,2022-04-12,3665429.45,11.37,48,1512614.39,Active
LOAN00760,CUST03360,BR041,Business Loan,2023-08-08,2093054.15,11.53,120,1108049.41,Pending
LOAN00761,CUST07458,BR045,Personal Loan,2024-08-03,742842.89,15.22,180,145338.37,Defaulted
LOAN00762,CUST05827,BR011,Education Loan,2021-09-14,687832.88,11.56,24,326077.13,Active
LOAN00763,CUST06052,BR060,Personal Loan,2021-05-12,453852.63,13.61,12,238630.88,Closed
LOAN00764,CUST03395,BR037,Business Loan,2020-07-13,3774179.96,12.36,120,2165288.56,Pending
LOAN00765,CUST04297,BR038,Education Loan,2023-04-19,419664.12,12.96,120,334324.37,Pending
LOAN00766,CUST07356,BR022,Auto Loan,2024-11-19,1653835.24,10.62,180,344868.74,Closed
LOAN00767,CUST00929,BR044,Home Loan,2022-09-23,6611453.79,9.58,12,5379282.03,Pending
LOAN00768,CUST07187,BR043,Auto Loan,2021-08-28,308921.19,9.06,48,268799.94,Closed
LOAN00769,CUST06332,BR047,Education Loan,2023-04-10,741380.81,14.17,120,52862.61,Active
LOAN00770,CUST04086,BR026,Education Loan,2022-10-06,1049035.02,13.53,48,557497.85,Pending
LOAN00771,CUST04265,BR026,Home Loan,2022-11-24,1360598.17,11.47,12,892039.2,Active
LOAN00772,CUST06578,BR021,Home Loan,2024-11-19,2083428.16,12.09,180,952925.09,Active
LOAN00773,CUST06089,BR033,Education Loan,2023-06-17,669437.33,14.74,180,116243.75,Active
LOAN00774,CUST07097,BR040,Personal Loan,2023-11-21,748429.36,10.33,84,624543.11,Closed
LOAN00775,CUST06235,BR034,Home Loan,2021-04-25,804797.16,11.0,12,763398.37,Pending
LOAN00776,CUST06195,BR021,Education Loan,2023-04-03,1098573.5,14.17,240,220043.37,Closed
LOAN00777,CUST06494,BR007,Personal Loan,2020-10-01,245237.04,8.97,60,161975.41,Defaulted
LOAN00778,CUST01971,BR013,Business Loan,2020-09-07,1730863.21,8.88,60,1712100.02,Defaulted
LOAN00779,CUST02129,BR012,Home Loan,2021-02-01,5331501.02,8.89,48,4239352.1,Pending
LOAN00780,CUST06848,BR017,Business Loan,2024-06-24,4596817.51,13.06,180,954969.63,Closed
LOAN00781,CUST00638,BR057,Business Loan,2023-07-22,2270999.35,11.46,36,256569.0,Defaulted
LOAN00782,CUST04364,BR056,Business Loan,2021-01-08,2659453.27,14.05,180,2486943.72,Pending
LOAN00783,CUST00360,BR016,Business Loan,2021-07-20,364655.48,12.34,240,31169.74,Defaulted
LOAN00784,CUST07252,BR009,Education Loan,2022-03-19,354736.17,12.18,180,157860.82,Pending
LOAN00785,CUST07058,BR029,Education Loan,2020-02-08,1192866.93,9.52,60,883301.66,Pending
LOAN00786,CUST07488,BR039,Home Loan,2023-04-15,1593573.21,13.76,48,758207.1,Closed
LOAN00787,CUST05449,BR034,Education Loan,2023-03-27,1496363.55,13.68,60,728624.35,Defaulted
LOAN00788,CUST03381,BR040,Auto Loan,2021-12-12,1960394.39,7.8,24,1036006.21,Pending
LOAN00789,CUST06210,BR031,Education Loan,2024-01-21,1192066.36,11.08,60,1057894.09,Closed
LOAN00790,CUST04154,BR018,Education Loan,2022-07-06,1214630.54,7.96,12,783827.74,Defaulted
LOAN00791,CUST03828,BR045,Personal Loan,2025-08-13,406819.2,7.61,12,109344.21,Defaulted
LOAN00792,CUST07638,BR019,Home Loan,2021-09-08,6687440.57,13.18,24,1603092.51,Pending
LOAN00793,CUST06810,BR010,Auto Loan,2021-02-17,666372.94,11.52,120,478660.46,Closed
LOAN00794,CUST03976,BR005,Auto Loan,2024-06-16,791370.39,11.15,12,78676.6,Pending
LOAN00795,CUST04449,BR015,Home Loan,2024-01-15,4916402.02,10.23,120,629159.67,Closed
LOAN00796,CUST06172,BR013,Business Loan,2023-07-21,486856.7,13.05,24,96469.13,Defaulted
LOAN00797,CUST07888,BR058,Personal Loan,2022-04-08,490941.84,8.42,48,132072.65,Active
LOAN00798,CUST00981,BR018,Personal Loan,2023-06-02,517736.54,8.75,84,126570.87,Closed
LOAN00799,CUST07753,BR027,Education Loan,2025-03-09,192847.81,11.5,48,52622.84,Defaulted
LOAN00800,CUST02066,BR042,Auto Loan,2021-09-07,734367.52,13.37,36,88181.81,Closed
LOAN00801,CUST05114,BR016,Business Loan,2020-05-23,3744328.39,14.48,36,2302504.08,Pending
LOAN00802,CUST04959,BR015,Education Loan,2024-12-26,484993.32,12.91,84,202552.8,Defaulted
LOAN00803,CUST05343,BR060,Business Loan,2025-07-15,1088169.22,10.56,12,690866.55,Active
LOAN00804,CUST01561,BR007,Personal Loan,2021-11-30,195403.77,7.88,240,72673.23,Pending
LOAN00805,CUST04564,BR006,Auto Loan,2023-06-07,1800762.23,12.25,120,148092.74,Closed
LOAN00806,CUST03372,BR057,Auto Loan,2022-02-26,1340647.16,11.63,240,584375.3,Active
LOAN00807,CUST02005,BR008,Auto Loan,2022-10-30,878047.53,7.01,180,107079.65,Active
LOAN00808,CUST04631,BR022,Personal Loan,2025-03-14,395023.12,11.92,12,211580.34,Active
LOAN00809,CUST04701,BR042,Home Loan,2020-12-10,7482842.39,10.88,84,2576105.42,Closed
LOAN00810,CUST02272,BR051,Auto Loan,2023-06-07,1929593.5,14.61,48,1534211.51,Pending
LOAN00811,CUST07384,BR038,Education Loan,2025-04-24,612342.55,13.09,12,71692.83,Defaulted
LOAN00812,CUST07239,BR054,Personal Loan,2020-05-16,667361.55,9.3,60,84897.04,Active
LOAN00813,CUST07319,BR026,Business Loan,2021-07-26,2466598.0,11.3,36,1870307.48,Pending
LOAN00814,CUST05684,BR035,Auto Loan,2023-02-15,939356.49,12.16,180,812881.81,Closed
LOAN00815,CUST00015,BR014,Home Loan,2020-05-08,7237718.69,12.04,240,1197206.99,Pending
LOAN00816,CUST04238,BR026,Home Loan,2021-01-08,2186947.79,7.14,60,582125.5,Pending
LOAN00817,CUST07120,BR021,Auto Loan,2020-03-05,1751253.48,12.48,120,462908.64,Defaulted
LOAN00818,CUST00971,BR040,Business Loan,2020-12-01,4615125.1,8.09,48,4004280.62,Closed
LOAN00819,CUST07614,BR023,Auto Loan,2020-04-30,431021.38,8.89,60,255359.3,Closed
LOAN00820,CUST04493,BR017,Personal Loan,2023-06-11,249786.77,10.39,36,144868.5,Active
LOAN00821,CUST01738,BR004,Business Loan,2023-04-01,691760.13,12.67,12,469036.19,Pending
LOAN00822,CUST06095,BR033,Personal Loan,2021-08-23,153428.54,8.09,36,41977.04,Closed
LOAN00823,CUST05413,BR020,Auto Loan,2024-12-21,776499.56,13.54,24,537711.99,Pending
LOAN00824,CUST03807,BR049,Home Loan,2022-05-31,5764872.76,13.7,12,4737849.41,Pending
LOAN00825,CUST01293,BR060,Auto Loan,2022-01-07,344035.0,13.38,180,232982.93,Active
LOAN00826,CUST03321,BR045,Auto Loan,2025-04-06,1473599.28,12.45,180,470147.02,Active
LOAN00827,CUST01780,BR037,Personal Loan,2023-09-15,386732.71,8.97,24,375817.9,Defaulted
LOAN00828,CUST07497,BR055,Personal Loan,2022-09-25,731430.66,10.22,60,548315.29,Active
LOAN00829,CUST03236,BR021,Home Loan,2022-01-25,5058604.59,8.58,36,2602173.22,Active
LOAN00830,CUST02622,BR020,Auto Loan,2025-02-09,1107606.57,13.18,36,822225.89,Defaulted
LOAN00831,CUST02251,BR025,Auto Loan,2023-12-01,836820.05,8.04,84,344118.2,Active
LOAN00832,CUST00320,BR051,Personal Loan,2020-05-14,64190.11,12.6,36,37132.33,Closed
LOAN00833,CUST00651,BR003,Education Loan,2021-08-30,608216.85,11.26,180,197680.68,Pending
LOAN00834,CUST01478,BR038,Education Loan,2020-01-23,1222345.23,12.49,180,1011782.27,Active
LOAN00835,CUST03447,BR030,Business Loan,2023-06-26,1724811.2,10.72,12,1601418.44,Defaulted
LOAN00836,CUST00751,BR016,Home Loan,2024-10-31,7757723.94,11.19,48,6843176.77,Defaulted
LOAN00837,CUST03840,BR009,Home Loan,2024-11-14,1178281.86,10.19,84,282811.91,Active
LOAN00838,CUST07200,BR023,Auto Loan,2023-12-31,1199798.2,10.65,12,945580.96,Closed
LOAN00839,CUST01434,BR019,Auto Loan,2024-07-17,1725874.16,15.35,180,617755.81,Defaulted
LOAN00840,CUST07895,BR054,Personal Loan,2024-06-11,117933.18,7.1,12,94483.04,Active
LOAN00841,CUST05924,BR007,Auto Loan,2022-01-29,1837725.52,14.53,120,332393.33,Active
LOAN00842,CUST05042,BR003,Home Loan,2021-06-19,2001050.02,7.21,180,1293472.37,Closed
LOAN00843,CUST07306,BR023,Auto Loan,2024-10-12,1205056.0,10.35,60,783068.09,Active
LOAN00844,CUST04612,BR015,Auto Loan,2021-09-01,995627.08,7.21,180,967080.38,Defaulted
LOAN00845,CUST02247,BR048,Home Loan,2021-02-10,3546138.09,13.69,24,2160526.65,Pending
LOAN00846,CUST04816,BR014,Business Loan,2021-12-12,3718347.79,14.69,120,2779636.74,Defaulted
LOAN00847,CUST03295,BR043,Business Loan,2025-08-19,3931366.48,13.68,24,1452796.18,Defaulted
LOAN00848,CUST00515,BR001,Home Loan,2020-02-12,2530305.51,8.82,84,146028.71,Pending
LOAN00849,CUST01201,BR018,Personal Loan,2025-04-25,434927.83,10.1,12,242927.07,Active
LOAN00850,CUST06272,BR057,Business Loan,2020-04-20,3273077.76,11.77,60,354931.37,Active
LOAN00851,CUST06990,BR041,Personal Loan,2023-02-11,774359.64,12.7,48,682424.62,Pending
LOAN00852,CUST06881,BR057,Home Loan,2024-02-29,1221812.97,12.93,24,614646.2,Closed
LOAN00853,CUST01866,BR001,Business Loan,2023-11-13,302475.69,14.14,84,233533.5,Defaulted
LOAN00854,CUST02175,BR006,Auto Loan,2023-05-01,374852.19,14.41,84,167306.22,Defaulted
LOAN00855,CUST00425,BR057,Education Loan,2020-03-18,415289.7,13.38,36,104791.65,Closed
LOAN00856,CUST02256,BR006,Business Loan,2025-10-22,2349465.34,7.73,180,335726.62,Closed
LOAN00857,CUST01226,BR035,Personal Loan,2020-06-17,64463.64,15.2,180,51068.28,Defaulted
LOAN00858,CUST00414,BR027,Education Loan,2024-05-05,456645.5,11.95,180,88066.14,Active
LOAN00859,CUST02916,BR034,Business Loan,2025-05-24,2865347.5,12.39,60,323127.2,Defaulted
LOAN00860,CUST05040,BR052,Education Loan,2023-10-15,311175.07,13.44,120,252606.31,Active
LOAN00861,CUST02810,BR017,Home Loan,2021-01-28,3594161.56,7.07,60,2804512.43,Closed
LOAN00862,CUST06726,BR043,Auto Loan,2022-10-23,1801882.04,11.63,240,679247.63,Pending
LOAN00863,CUST06783,BR037,Personal Loan,2025-02-08,315753.55,13.81,12,43279.97,Active
LOAN00864,CUST03920,BR012,Education Loan,2021-06-19,914544.03,9.92,240,206105.36,Active
LOAN00865,CUST01045,BR033,Auto Loan,2021-02-17,1689630.71,11.29,120,1103974.03,Closed
LOAN00866,CUST01720,BR008,Personal Loan,2022-03-10,589983.86,8.76,24,169602.49,Closed
LOAN00867,CUST04312,BR017,Home Loan,2025-04-12,3649794.25,12.88,48,2916342.41,Active
LOAN00868,CUST01472,BR053,Home Loan,2020-08-18,2567682.22,9.66,24,1994714.33,Defaulted
LOAN00869,CUST03144,BR030,Home Loan,2024-03-31,6729430.86,7.59,60,5407105.75,Pending
LOAN00870,CUST03770,BR023,Auto Loan,2023-11-01,1437553.74,11.98,48,322441.74,Active
LOAN00871,CUST06980,BR040,Education Loan,2024-08-28,1330986.06,11.87,48,1268851.38,Pending
LOAN00872,CUST00216,BR034,Personal Loan,2023-09-01,255552.08,11.41,180,123394.13,Active
LOAN00873,CUST05717,BR021,Auto Loan,2022-05-12,945389.43,7.48,84,892684.74,Defaulted
LOAN00874,CUST03932,BR047,Personal Loan,2023-08-04,287941.48,7.46,48,226895.5,Pending
LOAN00875,CUST03244,BR060,Business Loan,2024-03-16,1343277.34,10.17,48,637480.25,Closed
LOAN00876,CUST06005,BR031,Home Loan,2025-03-18,3668642.05,14.65,24,2777877.07,Defaulted
LOAN00877,CUST01836,BR013,Auto Loan,2024-03-17,1692081.45,14.61,24,1622275.8,Closed
LOAN00878,CUST02909,BR051,Business Loan,2023-06-22,1432198.87,9.62,120,226633.28,Pending
LOAN00879,CUST02770,BR012,Education Loan,2024-07-07,667424.36,10.02,36,382536.21,Active
LOAN00880,CUST05344,BR045,Education Loan,2025-09-30,226483.66,11.63,60,163921.97,Defaulted
LOAN00881,CUST02821,BR021,Personal Loan,2020-02-04,89815.6,11.37,48,7965.15,Pending
LOAN00882,CUST04889,BR044,Business Loan,2024-08-05,3645613.27,11.19,60,1278487.53,Closed
LOAN00883,CUST00349,BR060,Home Loan,2023-08-07,7748952.67,9.25,36,4255871.64,Closed
LOAN00884,CUST00550,BR027,Home Loan,2025-06-19,2068646.37,8.68,48,335115.02,Pending
LOAN00885,CUST07403,BR019,Home Loan,2023-01-09,2690214.04,10.47,180,943455.03,Active
LOAN00886,CUST05867,BR046,Home Loan,2021-11-09,3135430.24,11.17,180,1079791.67,Pending
LOAN00887,CUST07834,BR002,Personal Loan,2022-09-26,720592.63,14.61,240,280465.09,Closed
LOAN00888,CUST04524,BR012,Personal Loan,2024-10-13,726808.84,12.18,48,84133.79,Closed
LOAN00889,CUST06636,BR058,Auto Loan,2021-07-09,625311.29,12.64,24,569284.64,Pending
LOAN00890,CUST05906,BR047,Home Loan,2021-02-15,4792984.78,12.77,120,4749293.85,Defaulted
LOAN00891,CUST01612,BR049,Home Loan,2020-06-01,2952053.7,7.89,120,1923736.87,Closed
LOAN00892,CUST05027,BR030,Personal Loan,2022-01-28,431948.61,10.61,24,332930.6,Closed
LOAN00893,CUST06462,BR013,Personal Loan,2024-05-04,200047.13,11.81,120,21741.67,Active
LOAN00894,CUST01874,BR019,Home Loan,2024-08-30,7423795.0,7.26,36,7088074.36,Closed
LOAN00895,CUST05000,BR001,Auto Loan,2024-07-07,1356994.16,8.28,48,322278.11,Active
LOAN00896,CUST06300,BR008,Education Loan,2021-12-19,552629.67,12.76,84,514709.97,Pending
LOAN00897,CUST05745,BR033,Home Loan,2021-01-02,4432754.22,10.03,120,4090268.5,Defaulted
LOAN00898,CUST05082,BR013,Personal Loan,2024-11-17,249133.59,8.19,120,57536.46,Pending
LOAN00899,CUST07534,BR002,Business Loan,2023-07-04,2859205.12,9.8,12,1040553.23,Closed
LOAN00900,CUST05643,BR034,Home Loan,2022-01-27,4595115.67,11.32,48,762074.12,Pending
LOAN00901,CUST02204,BR038,Education Loan,2020-05-21,1394134.13,12.22,48,660831.15,Closed
LOAN00902,CUST00003,BR035,Personal Loan,2023-06-20,477251.97,13.25,180,61022.43,Pending
LOAN00903,CUST06619,BR057,Business Loan,2022-06-11,559968.0,9.13,180,56698.3,Defaulted
LOAN00904,CUST02969,BR014,Home Loan,2020-10-18,6109298.22,10.09,84,4685544.33,Closed
LOAN00905,CUST02863,BR004,Home Loan,2024-09-04,7131049.99,8.6,60,4646412.71,Defaulted
LOAN00906,CUST01640,BR009,Education Loan,2020-06-02,1429630.23,13.04,180,1268771.97,Active
LOAN00907,CUST04853,BR053,Home Loan,2022-05-17,5813905.62,8.6,120,3559033.73,Defaulted
LOAN00908,CUST00674,BR031,Auto Loan,2024-01-20,1323507.28,7.17,12,1217912.69,Closed
LOAN00909,CUST06283,BR045,Business Loan,2021-02-04,670767.03,15.23,84,501054.05,Defaulted
LOAN00910,CUST02941,BR008,Business Loan,2021-04-21,3468988.94,12.27,180,916149.99,Pending
LOAN00911,CUST03438,BR055,Auto Loan,2025-03-26,1552263.9,14.96,36,162552.97,Closed
LOAN00912,CUST01925,BR012,Education Loan,2024-11-01,1180181.68,15.03,24,478141.29,Pending
LOAN00913,CUST03307,BR009,Personal Loan,2024-09-16,256878.86,14.04,12,20887.75,Closed
LOAN00914,CUST06383,BR039,Education Loan,2023-05-06,1179403.52,8.29,120,177345.45,Pending
LOAN00915,CUST01025,BR026,Auto Loan,2021-11-14,489397.82,13.32,180,202104.8,Closed
LOAN00916,CUST01175,BR014,Auto Loan,2021-10-27,630246.16,12.9,120,601775.64,Defaulted
LOAN00917,CUST04586,BR001,Business Loan,2025-07-26,1465493.04,9.28,24,963636.48,Active
LOAN00918,CUST04657,BR038,Business Loan,2021-07-31,2962911.46,13.71,240,2557749.48,Defaulted
LOAN00919,CUST04933,BR018,Personal Loan,2021-02-23,371091.71,10.94,48,266221.69,Active
LOAN00920,CUST03750,BR022,Personal Loan,2025-02-12,177944.16,12.71,36,57424.38,Pending
LOAN00921,CUST07319,BR017,Auto Loan,2023-07-18,1792214.57,11.04,60,100676.05,Defaulted
LOAN00922,CUST07077,BR028,Auto Loan,2024-01-09,1178746.44,11.5,60,202585.1,Active
LOAN00923,CUST07046,BR001,Personal Loan,2023-12-23,294123.47,9.47,24,218909.54,Pending
LOAN00924,CUST00014,BR043,Business Loan,2020-01-12,4920267.8,12.11,12,1141397.24,Closed
LOAN00925,CUST02303,BR017,Business Loan,2024-05-31,1151064.12,14.51,120,1090943.25,Pending
LOAN00926,CUST06691,BR030,Auto Loan,2021-08-07,1463212.74,7.61,24,1277488.97,Pending
LOAN00927,CUST02540,BR046,Education Loan,2022-01-04,783961.9,11.0,48,284575.95,Pending
LOAN00928,CUST07339,BR052,Home Loan,2022-09-01,4235763.97,9.8,180,2848900.28,Active
LOAN00929,CUST01780,BR007,Personal Loan,2022-10-16,197585.96,12.39,36,156731.89,Pending
LOAN00930,CUST03350,BR056,Auto Loan,2024-05-26,1528007.94,11.35,180,314126.79,Pending
LOAN00931,CUST02694,BR030,Personal Loan,2022-08-19,249644.16,11.16,12,208640.96,Pending
LOAN00932,CUST05142,BR020,Home Loan,2020-08-07,4203760.89,7.44,60,1783274.74,Pending
LOAN00933,CUST03738,BR044,Personal Loan,2023-10-03,611649.48,9.74,120,201490.78,Active
LOAN00934,CUST00617,BR008,Personal Loan,2023-08-11,774675.66,7.79,240,722122.72,Closed
LOAN00935,CUST04452,BR026,Auto Loan,2024-02-07,904348.76,13.09,48,716626.72,Closed
LOAN00936,CUST03640,BR045,Education Loan,2020-07-23,1356419.55,14.08,12,560223.56,Active
LOAN00937,CUST00421,BR002,Auto Loan,2021-03-01,1955590.28,7.76,60,1841013.7,Pending
LOAN00938,CUST03635,BR023,Education Loan,2021-01-14,785985.43,10.56,60,652128.05,Closed
LOAN00939,CUST03398,BR004,Home Loan,2025-05-30,4453806.66,8.33,240,380476.18,Defaulted
LOAN00940,CUST02628,BR021,Business Loan,2025-07-23,3655189.83,12.44,36,2708850.89,Closed
LOAN00941,CUST05562,BR023,Business Loan,2023-12-16,1313846.6,11.17,12,193311.25,Closed
LOAN00942,CUST03122,BR027,Personal Loan,2024-06-20,685925.33,8.88,120,452719.38,Pending
LOAN00943,CUST04189,BR053,Education Loan,2020-07-19,711123.7,10.37,12,679947.86,Defaulted
LOAN00944,CUST02335,BR008,Auto Loan,2020-06-26,1395029.99,7.01,36,85854.57,Active
LOAN00945,CUST03182,BR039,Personal Loan,2020-05-24,313184.59,15.28,36,152627.51,Defaulted
LOAN00946,CUST01858,BR032,Home Loan,2023-07-20,3583439.38,9.58,24,1795536.78,Active
LOAN00947,CUST03331,BR049,Personal Loan,2022-09-09,794516.31,9.61,84,195809.56,Closed
LOAN00948,CUST04061,BR005,Auto Loan,2023-02-11,1316024.07,8.67,12,767739.95,Active
LOAN00949,CUST02888,BR007,Business Loan,2025-04-11,991557.08,14.57,60,166619.54,Active
LOAN00950,CUST05578,BR033,Business Loan,2023-02-23,4412971.79,13.89,24,474686.58,Defaulted
LOAN00951,CUST00825,BR037,Personal Loan,2024-11-23,328086.68,9.89,180,132074.35,Defaulted
LOAN00952,CUST00983,BR048,Education Loan,2025-05-10,1340057.32,12.64,24,316774.67,Closed
LOAN00953,CUST00779,BR025,Home Loan,2024-03-03,2173960.44,7.59,180,479610.93,Active
LOAN00954,CUST04324,BR059,Personal Loan,2024-07-30,197414.61,8.04,48,39050.7,Active
LOAN00955,CUST02701,BR049,Auto Loan,2021-08-25,1635111.7,7.45,240,888565.24,Pending
LOAN00956,CUST06752,BR039,Home Loan,2022-07-24,3882324.59,14.45,60,458464.98,Closed
LOAN00957,CUST00925,BR053,Personal Loan,2022-01-12,710535.5,13.62,120,494590.54,Defaulted
LOAN00958,CUST07995,BR044,Business Loan,2023-11-12,1930987.97,11.84,180,766879.81,Pending
LOAN00959,CUST02399,BR027,Home Loan,2024-10-22,7590273.03,10.23,24,4572576.23,Defaulted
LOAN00960,CUST01157,BR047,Education Loan,2024-05-27,1206631.22,15.03,36,766217.28,Defaulted
LOAN00961,CUST07606,BR055,Auto Loan,2021-09-09,1065924.62,12.8,60,682145.97,Closed
LOAN00962,CUST06247,BR038,Education Loan,2020-08-01,184001.05,11.33,48,170925.04,Active
LOAN00963,CUST07420,BR035,Home Loan,2021-05-31,3633699.54,12.09,180,1321972.69,Pending
LOAN00964,CUST03165,BR004,Education Loan,2020-10-05,802087.5,15.13,180,138175.04,Defaulted
LOAN00965,CUST06793,BR043,Business Loan,2024-03-19,4692784.21,9.33,12,2622401.32,Active
LOAN00966,CUST07880,BR012,Home Loan,2023-07-12,3766292.19,13.85,180,2090611.97,Closed
LOAN00967,CUST04624,BR039,Auto Loan,2020-06-30,835720.2,7.05,180,547139.28,Closed
LOAN00968,CUST04416,BR047,Education Loan,2023-08-27,1144281.35,12.34,180,411901.17,Pending
LOAN00969,CUST06183,BR021,Auto Loan,2020-12-05,766063.36,14.81,240,412196.57,Closed
LOAN00970,CUST01193,BR020,Personal Loan,2025-11-26,630229.32,7.44,24,552882.62,Active
LOAN00971,CUST05581,BR050,Home Loan,2024-09-20,921084.82,13.22,36,621134.91,Defaulted
LOAN00972,CUST05673,BR035,Auto Loan,2023-10-01,1674176.75,12.03,180,1559608.8,Defaulted
LOAN00973,CUST07280,BR038,Home Loan,2020-02-13,5935948.01,13.54,60,3604511.94,Closed
LOAN00974,CUST06083,BR001,Education Loan,2020-04-23,757612.0,11.65,120,457719.04,Active
LOAN00975,CUST05553,BR058,Education Loan,2020-12-14,188297.14,9.49,48,96155.73,Active
LOAN00976,CUST06267,BR058,Business Loan,2023-12-03,4403401.26,15.49,36,2951972.79,Defaulted
LOAN00977,CUST06434,BR024,Home Loan,2020-06-26,2159086.21,12.27,48,1109352.49,Closed
LOAN00978,CUST07043,BR003,Personal Loan,2024-07-30,334702.5,9.27,24,310771.5,Active
LOAN00979,CUST06357,BR024,Personal Loan,2024-08-16,538847.9,11.73,180,160581.6,Defaulted
LOAN00980,CUST06049,BR012,Home Loan,2020-09-27,1323693.64,11.48,84,989572.93,Active
LOAN00981,CUST01028,BR041,Personal Loan,2020-01-07,85778.25,14.06,48,47685.49,Active
LOAN00982,CUST05150,BR050,Business Loan,2025-09-18,2313702.12,13.72,180,383805.53,Active
LOAN00983,CUST02563,BR010,Education Loan,2021-09-15,1447875.66,11.62,48,1086372.47,Pending
LOAN00984,CUST04556,BR041,Education Loan,2022-08-25,632300.62,12.53,48,627574.41,Active
LOAN00985,CUST05351,BR026,Education Loan,2020-06-27,763781.24,12.03,12,463177.35,Closed
LOAN00986,CUST00792,BR001,Home Loan,2025-09-19,7459039.64,13.71,48,6306964.38,Closed
LOAN00987,CUST06929,BR030,Education Loan,2020-01-31,1054681.44,8.77,48,313343.75,Closed
LOAN00988,CUST01389,BR028,Auto Loan,2024-06-05,877900.92,9.85,24,525063.03,Active
LOAN00989,CUST04157,BR003,Education Loan,2021-04-20,765981.39,8.0,60,758261.62,Pending
LOAN00990,CUST04201,BR004,Home Loan,2024-06-20,5358949.88,9.55,84,1959363.56,Defaulted
LOAN00991,CUST03552,BR049,Education Loan,2025-09-03,591890.08,14.6,240,503155.74,Closed
LOAN00992,CUST06945,BR035,Home Loan,2023-08-16,2919243.03,14.72,240,1446353.94,Closed
LOAN00993,CUST03622,BR041,Business Loan,2024-05-12,3023937.6,13.91,120,1698761.15,Pending
LOAN00994,CUST06619,BR021,Personal Loan,2022-12-15,784859.38,11.44,36,610745.48,Pending
LOAN00995,CUST05813,BR017,Personal Loan,2025-12-18,718196.07,10.55,36,518142.8,Closed
LOAN00996,CUST01903,BR029,Home Loan,2023-07-08,4511351.33,14.34,84,650478.49,Closed
LOAN00997,CUST06060,BR037,Home Loan,2025-12-10,6695125.42,15.06,24,1753223.79,Defaulted
LOAN00998,CUST03339,BR045,Home Loan,2020-01-21,2001093.21,9.27,120,1785859.8,Pending
LOAN00999,CUST00556,BR029,Home Loan,2025-10-20,3502660.55,10.54,240,2527609.17,Closed
LOAN01000,CUST05032,BR057,Auto Loan,2024-08-12,1165985.13,9.1,24,852491.28,Defaulted
LOAN01001,CUST06788,BR058,Auto Loan,2024-01-30,1933330.03,8.16,120,1530971.46,Active
LOAN01002,CUST01772,BR015,Auto Loan,2022-05-02,363451.65,7.37,84,262438.08,Defaulted
LOAN01003,CUST00436,BR021,Home Loan,2023-02-11,5054753.9,10.38,84,844348.53,Active
LOAN01004,CUST05081,BR053,Education Loan,2020-03-04,858502.35,14.58,84,613867.24,Pending
LOAN01005,CUST00029,BR012,Personal Loan,2023-01-05,793174.04,8.16,12,340831.71,Active
LOAN01006,CUST01090,BR027,Home Loan,2023-07-30,2251724.87,8.4,120,1398284.79,Closed
LOAN01007,CUST04030,BR058,Personal Loan,2024-07-27,609809.3,7.04,240,184765.98,Pending
LOAN01008,CUST06539,BR019,Home Loan,2025-08-13,7697834.02,9.87,120,1446790.84,Closed
LOAN01009,CUST00416,BR008,Business Loan,2020-04-18,4378076.81,14.89,24,3965251.05,Defaulted
LOAN01010,CUST00095,BR045,Auto Loan,2025-09-21,1251863.5,10.9,180,434001.65,Pending
LOAN01011,CUST06618,BR043,Education Loan,2023-11-29,1222151.35,14.45,12,976265.5,Pending
LOAN01012,CUST01804,BR030,Home Loan,2025-12-09,811484.19,14.5,60,640011.66,Pending
LOAN01013,CUST05714,BR059,Education Loan,2021-10-01,490750.99,13.6,48,149749.73,Active
LOAN01014,CUST02825,BR007,Personal Loan,2025-10-24,415349.71,8.17,24,137437.69,Closed
LOAN01015,CUST06079,BR046,Education Loan,2025-04-19,844407.85,12.45,24,814420.27,Pending
LOAN01016,CUST02318,BR034,Education Loan,2025-02-08,380853.7,10.61,120,186827.89,Defaulted
LOAN01017,CUST00049,BR003,Home Loan,2020-04-23,3653340.11,12.27,240,1610574.07,Defaulted
LOAN01018,CUST00007,BR032,Personal Loan,2022-08-13,785227.86,8.84,240,245198.19,Defaulted
LOAN01019,CUST02361,BR023,Business Loan,2024-06-06,3366453.04,7.96,24,2609726.84,Pending
LOAN01020,CUST05143,BR058,Business Loan,2023-10-09,2521069.43,8.42,48,1469655.52,Defaulted
LOAN01021,CUST02920,BR025,Business Loan,2022-01-10,4006484.97,10.9,24,1500254.76,Closed
LOAN01022,CUST02857,BR059,Business Loan,2023-10-10,2680515.43,14.6,240,2643445.94,Active
LOAN01023,CUST05634,BR044,Personal Loan,2021-11-05,427357.04,10.06,12,158847.26,Defaulted
LOAN01024,CUST03038,BR020,Home Loan,2024-05-10,4720627.51,14.72,60,844016.25,Pending
LOAN01025,CUST00190,BR013,Home Loan,2025-06-12,1932206.94,7.67,84,988932.37,Defaulted
LOAN01026,CUST00766,BR030,Auto Loan,2022-02-06,463257.4,8.41,48,224435.31,Closed
LOAN01027,CUST02957,BR053,Business Loan,2022-08-03,711704.52,8.4,24,324461.77,Closed
LOAN01028,CUST00291,BR053,Home Loan,2020-06-17,4644898.3,12.23,24,1125806.64,Closed
LOAN01029,CUST01871,BR056,Auto Loan,2023-11-15,1637008.11,7.27,24,771985.06,Defaulted
LOAN01030,CUST06238,BR051,Business Loan,2025-03-14,4459593.22,12.58,240,2612015.62,Defaulted
LOAN01031,CUST01346,BR044,Education Loan,2024-11-24,205016.99,11.89,180,41668.29,Defaulted
LOAN01032,CUST02984,BR030,Business Loan,2022-02-22,3916832.52,12.59,60,2357843.0,Defaulted
LOAN01033,CUST04351,BR043,Auto Loan,2020-03-07,1679942.35,13.52,180,391062.46,Pending
LOAN01034,CUST02207,BR044,Auto Loan,2025-01-30,1300476.5,8.48,24,444423.2,Pending
LOAN01035,CUST00297,BR006,Auto Loan,2023-08-16,1709493.63,11.72,48,118260.32,Active
LOAN01036,CUST06706,BR038,Business Loan,2020-09-14,4949303.52,8.38,48,840320.65,Defaulted
LOAN01037,CUST00364,BR054,Personal Loan,2021-02-09,546198.66,13.15,60,279408.39,Defaulted
LOAN01038,CUST03995,BR003,Education Loan,2022-11-10,1177590.91,7.25,84,213317.13,Closed
LOAN01039,CUST06907,BR007,Auto Loan,2025-09-20,870358.06,12.99,36,343653.64,Closed
LOAN01040,CUST04632,BR008,Business Loan,2025-08-02,4574087.17,15.04,48,363342.53,Closed
LOAN01041,CUST02555,BR013,Auto Loan,2021-05-17,301338.94,12.31,120,142898.73,Pending
LOAN01042,CUST02512,BR033,Auto Loan,2022-09-18,451190.79,11.52,36,371165.54,Pending
LOAN01043,CUST00385,BR030,Auto Loan,2025-02-21,1371275.9,13.22,60,153590.16,Pending
LOAN01044,CUST05666,BR006,Home Loan,2022-12-02,3368122.2,13.02,36,718831.55,Pending
LOAN01045,CUST00418,BR030,Business Loan,2020-10-07,4199501.51,11.17,180,707366.82,Pending
LOAN01046,CUST01294,BR016,Education Loan,2020-06-08,110369.59,11.99,120,61440.19,Defaulted
LOAN01047,CUST00605,BR058,Education Loan,2024-01-28,461491.79,8.0,48,433909.54,Pending
LOAN01048,CUST04377,BR031,Home Loan,2022-07-24,6098743.2,7.54,240,508909.55,Active
LOAN01049,CUST00566,BR043,Education Loan,2024-02-13,925771.61,13.74,240,625939.71,Closed
LOAN01050,CUST07260,BR046,Home Loan,2025-07-12,3522507.07,13.06,120,2536728.43,Active
LOAN01051,CUST03289,BR039,Personal Loan,2025-09-09,83285.12,9.05,180,14281.15,Active
LOAN01052,CUST05920,BR057,Home Loan,2020-07-18,7433997.78,14.71,60,5550908.17,Active
LOAN01053,CUST06479,BR013,Auto Loan,2022-04-18,1074146.51,15.03,240,915849.96,Closed
LOAN01054,CUST04314,BR051,Education Loan,2022-08-30,1101904.59,7.29,180,435541.06,Pending
LOAN01055,CUST06195,BR002,Auto Loan,2024-03-31,1047778.02,15.36,240,521946.72,Active
LOAN01056,CUST06576,BR019,Education Loan,2020-03-09,1418062.49,7.76,36,134104.42,Closed
LOAN01057,CUST03893,BR043,Home Loan,2022-05-01,5033044.48,9.59,24,832451.24,Closed
LOAN01058,CUST03709,BR045,Education Loan,2024-03-02,1081958.24,14.3,240,613080.83,Defaulted
LOAN01059,CUST01548,BR060,Personal Loan,2021-08-29,524877.5,12.89,36,349633.18,Active
LOAN01060,CUST05659,BR050,Personal Loan,2021-03-16,665692.1,8.82,12,396016.06,Active
LOAN01061,CUST06496,BR033,Education Loan,2020-09-04,843976.76,7.78,180,774990.21,Pending
LOAN01062,CUST06802,BR004,Personal Loan,2022-03-22,332757.78,13.23,36,116505.48,Defaulted
LOAN01063,CUST00935,BR007,Business Loan,2024-01-18,4414203.6,10.94,84,2878023.22,Active
LOAN01064,CUST01303,BR025,Home Loan,2025-06-20,6497468.32,11.57,240,2004826.0,Defaulted
LOAN01065,CUST03390,BR026,Home Loan,2020-12-17,7186711.66,10.27,180,6070046.2,Pending
LOAN01066,CUST01771,BR018,Education Loan,2023-06-25,420098.96,12.94,120,263112.24,Closed
LOAN01067,CUST02762,BR025,Home Loan,2022-09-10,4178080.0,11.94,12,4046504.2,Pending
LOAN01068,CUST05033,BR004,Home Loan,2020-09-15,917668.76,14.15,180,210231.22,Closed
LOAN01069,CUST07237,BR025,Auto Loan,2022-03-29,737966.28,8.02,84,333525.25,Closed
LOAN01070,CUST00976,BR006,Home Loan,2023-04-24,2223601.14,8.43,36,684783.85,Pending
LOAN01071,CUST02654,BR026,Auto Loan,2023-12-03,1949092.23,8.5,84,691296.53,Defaulted
LOAN01072,CUST07724,BR033,Personal Loan,2024-09-29,556544.83,12.91,48,256505.85,Closed
LOAN01073,CUST07841,BR045,Education Loan,2020-03-31,605798.5,7.43,12,416452.7,Active
LOAN01074,CUST06827,BR040,Home Loan,2022-09-18,4954154.7,11.97,12,4870256.25,Active
LOAN01075,CUST07335,BR026,Personal Loan,2021-01-05,625800.61,14.87,120,472288.8,Active
LOAN01076,CUST04979,BR009,Education Loan,2021-04-28,1126865.92,11.22,84,602311.32,Pending
LOAN01077,CUST07304,BR016,Education Loan,2024-09-22,910951.14,11.18,240,144569.81,Closed
LOAN01078,CUST07391,BR006,Auto Loan,2020-05-06,596056.74,12.81,120,347228.45,Pending
LOAN01079,CUST06776,BR023,Personal Loan,2025-11-26,343229.3,10.95,12,250690.83,Closed
LOAN01080,CUST06133,BR056,Home Loan,2022-02-04,7826409.01,9.99,48,5339886.01,Closed
LOAN01081,CUST03771,BR059,Business Loan,2024-08-30,3594918.38,15.43,84,2380158.13,Active
LOAN01082,CUST01348,BR027,Education Loan,2023-11-11,1067302.65,12.59,48,460329.64,Active
LOAN01083,CUST04394,BR031,Education Loan,2020-02-20,740884.77,10.69,36,641182.8,Closed
LOAN01084,CUST05730,BR055,Business Loan,2024-10-19,3259045.79,9.04,180,2282159.0,Active
LOAN01085,CUST04033,BR053,Personal Loan,2020-11-30,617963.95,8.7,84,514309.09,Defaulted
LOAN01086,CUST00101,BR037,Personal Loan,2021-05-22,96008.73,12.93,180,8218.22,Defaulted
LOAN01087,CUST02883,BR035,Education Loan,2025-02-16,1214355.62,7.56,24,453689.23,Pending
LOAN01088,CUST02137,BR024,Business Loan,2023-01-02,2878516.13,8.45,60,702888.84,Active
LOAN01089,CUST06199,BR004,Education Loan,2025-04-13,1142694.73,13.24,60,335276.7,Closed
LOAN01090,CUST03865,BR009,Home Loan,2024-09-06,5784848.79,7.24,12,2033155.22,Pending
LOAN01091,CUST03082,BR004,Business Loan,2021-06-30,4983476.1,14.69,84,1257959.11,Defaulted
LOAN01092,CUST03831,BR042,Education Loan,2025-09-20,1248785.28,10.51,84,646381.92,Pending
LOAN01093,CUST01198,BR013,Home Loan,2020-09-13,6546017.06,12.95,120,3248402.48,Active
LOAN01094,CUST04669,BR001,Business Loan,2020-09-21,3650862.66,14.17,240,3105182.89,Defaulted
LOAN01095,CUST06704,BR050,Education Loan,2025-09-03,446313.67,10.12,240,36300.75,Closed
LOAN01096,CUST00792,BR032,Business Loan,2020-09-06,4257116.05,9.32,36,1568950.15,Defaulted
LOAN01097,CUST01848,BR002,Education Loan,2020-02-21,591465.12,8.79,36,197258.38,Closed
LOAN01098,CUST03467,BR019,Auto Loan,2025-02-05,231060.1,10.07,12,75814.04,Defaulted
LOAN01099,CUST06962,BR055,Home Loan,2022-01-03,1338809.65,10.14,60,113557.26,Closed
LOAN01100,CUST04797,BR003,Auto Loan,2024-11-01,1519277.13,14.5,240,803269.54,Pending
LOAN01101,CUST06209,BR042,Business Loan,2020-06-29,808849.34,14.81,84,599189.37,Defaulted
LOAN01102,CUST01917,BR037,Home Loan,2024-08-08,1302654.66,8.43,120,78698.86,Pending
LOAN01103,CUST01836,BR040,Auto Loan,2022-10-22,1796609.67,11.38,180,1547536.9,Closed
LOAN01104,CUST01328,BR036,Education Loan,2020-09-19,1170986.36,9.37,12,681733.66,Closed
LOAN01105,CUST01229,BR009,Auto Loan,2022-12-28,1283259.06,14.1,60,1257585.2,Pending
LOAN01106,CUST03558,BR031,Education Loan,2025-07-11,1249073.05,10.96,12,364413.29,Pending
LOAN01107,CUST06748,BR012,Business Loan,2020-04-05,981468.68,14.28,36,268313.16,Closed
LOAN01108,CUST01134,BR020,Education Loan,2025-11-27,1188542.3,9.21,84,548134.99,Closed
LOAN01109,CUST06420,BR004,Education Loan,2022-03-30,1464297.11,9.96,120,1004887.03,Closed
LOAN01110,CUST03990,BR040,Education Loan,2022-09-04,956542.48,11.76,60,705842.58,Pending
LOAN01111,CUST01553,BR005,Home Loan,2020-01-03,5845781.53,13.44,24,2362901.46,Pending
LOAN01112,CUST04635,BR013,Home Loan,2022-08-28,2982026.54,10.43,48,247184.95,Active
LOAN01113,CUST07861,BR042,Personal Loan,2024-11-15,758003.54,10.43,84,193315.82,Defaulted
LOAN01114,CUST02006,BR030,Personal Loan,2021-12-10,122169.84,8.69,120,38100.94,Active
LOAN01115,CUST06771,BR029,Home Loan,2023-11-11,2688198.04,12.34,12,674103.62,Active
LOAN01116,CUST01425,BR049,Business Loan,2025-06-11,1000492.67,7.15,60,369915.27,Closed
LOAN01117,CUST01517,BR017,Business Loan,2025-10-09,4467422.26,12.15,240,874454.5,Pending
LOAN01118,CUST00815,BR037,Business Loan,2021-03-14,571614.61,11.52,240,318790.98,Closed
LOAN01119,CUST01907,BR006,Auto Loan,2025-07-10,675189.31,10.5,180,524369.56,Closed
LOAN01120,CUST05921,BR030,Personal Loan,2023-12-29,196449.27,12.75,60,18225.63,Active
LOAN01121,CUST05477,BR058,Home Loan,2024-01-01,3882174.36,10.23,48,3285718.42,Defaulted
LOAN01122,CUST00285,BR013,Education Loan,2022-05-07,744844.99,8.62,12,458071.45,Closed
LOAN01123,CUST08008,BR042,Personal Loan,2024-01-07,312506.02,10.84,12,142617.18,Closed
LOAN01124,CUST04251,BR030,Personal Loan,2025-01-28,422368.06,14.44,84,168733.79,Defaulted
LOAN01125,CUST02679,BR047,Business Loan,2024-03-07,3440439.56,10.14,60,2411695.84,Active
LOAN01126,CUST02855,BR026,Business Loan,2023-07-25,2494513.03,12.91,24,635532.27,Closed
LOAN01127,CUST03152,BR006,Personal Loan,2025-07-22,599254.46,12.33,180,418836.63,Active
LOAN01128,CUST04520,BR019,Auto Loan,2025-11-21,867035.19,8.77,120,257452.2,Pending
LOAN01129,CUST05714,BR014,Home Loan,2025-09-06,4590908.4,10.27,180,2836132.18,Active
LOAN01130,CUST05173,BR059,Auto Loan,2021-10-12,564311.37,7.71,12,502967.64,Closed
LOAN01131,CUST01664,BR036,Business Loan,2021-07-01,1616452.87,13.84,120,935326.52,Closed
LOAN01132,CUST01515,BR052,Personal Loan,2022-01-08,771635.71,7.44,36,242307.32,Pending
LOAN01133,CUST02353,BR025,Auto Loan,2024-06-01,1396550.5,11.51,180,980366.43,Pending
LOAN01134,CUST03776,BR039,Business Loan,2021-03-29,2983337.37,13.17,120,1702976.24,Pending
LOAN01135,CUST02344,BR035,Auto Loan,2024-01-31,636840.76,13.7,84,583618.58,Defaulted
LOAN01136,CUST07319,BR005,Auto Loan,2020-11-21,1484970.98,14.99,84,97256.04,Pending
LOAN01137,CUST04352,BR046,Auto Loan,2021-11-03,541055.21,12.89,12,433103.29,Closed
LOAN01138,CUST04393,BR031,Education Loan,2023-04-11,453538.62,12.22,180,90604.96,Active
LOAN01139,CUST00434,BR019,Business Loan,2025-05-01,1777074.67,11.85,48,782901.0,Pending
LOAN01140,CUST05709,BR002,Auto Loan,2023-06-04,1178392.08,13.85,60,1027926.52,Pending
LOAN01141,CUST05659,BR025,Auto Loan,2023-09-17,533226.15,10.2,180,397245.38,Defaulted
LOAN01142,CUST03198,BR028,Personal Loan,2020-10-18,257157.16,14.87,180,128631.71,Defaulted
LOAN01143,CUST03090,BR049,Education Loan,2025-01-12,668994.18,7.99,24,87066.55,Defaulted
LOAN01144,CUST00305,BR049,Auto Loan,2022-12-31,463069.52,11.58,24,419903.54,Active
LOAN01145,CUST00145,BR007,Business Loan,2023-05-31,2611078.7,14.65,180,1711697.43,Defaulted
LOAN01146,CUST02793,BR041,Home Loan,2022-01-15,1422304.09,15.27,12,1318810.55,Active
LOAN01147,CUST03487,BR041,Personal Loan,2023-08-03,369685.25,10.89,120,256594.88,Closed
LOAN01148,CUST06480,BR057,Business Loan,2024-02-13,4511362.66,9.71,180,488417.61,Defaulted
LOAN01149,CUST07496,BR006,Business Loan,2023-09-29,3281904.23,10.78,240,2769903.11,Pending
LOAN01150,CUST03396,BR013,Business Loan,2020-05-22,3110673.06,8.72,180,247371.51,Pending
LOAN01151,CUST04724,BR059,Auto Loan,2023-08-31,1909775.16,15.04,60,1606463.46,Pending
LOAN01152,CUST00246,BR013,Auto Loan,2024-12-11,1605395.15,15.32,240,327703.22,Defaulted
LOAN01153,CUST07236,BR031,Home Loan,2020-02-21,1151801.57,11.98,180,984939.13,Closed
LOAN01154,CUST02841,BR017,Home Loan,2022-05-26,6759600.73,11.53,48,6331907.04,Closed
LOAN01155,CUST04072,BR041,Business Loan,2024-01-10,1291783.78,9.7,48,252476.35,Pending
LOAN01156,CUST06842,BR006,Personal Loan,2025-03-14,662467.38,12.76,120,41913.24,Pending
LOAN01157,CUST01527,BR002,Business Loan,2022-09-22,2953789.83,11.73,120,1509323.94,Active
LOAN01158,CUST01803,BR016,Auto Loan,2021-09-17,427789.26,8.32,240,245896.12,Active
LOAN01159,CUST07540,BR055,Education Loan,2022-09-08,1052599.85,11.59,120,754627.05,Active
LOAN01160,CUST00499,BR021,Auto Loan,2020-11-23,830466.89,15.26,120,151304.79,Pending
LOAN01161,CUST05827,BR015,Education Loan,2024-09-20,402696.73,10.72,12,348265.5,Active
LOAN01162,CUST02565,BR009,Auto Loan,2020-01-02,1744493.1,12.18,36,1073705.31,Closed
LOAN01163,CUST07619,BR020,Home Loan,2020-06-15,5485610.12,9.43,48,810825.49,Pending
LOAN01164,CUST00020,BR031,Home Loan,2024-05-20,5787718.82,13.9,12,827533.2,Pending
LOAN01165,CUST00618,BR051,Education Loan,2021-07-10,907785.9,8.56,12,713251.79,Closed
LOAN01166,CUST01880,BR025,Home Loan,2020-06-27,7711509.05,8.23,36,4871754.58,Active
LOAN01167,CUST01910,BR060,Home Loan,2025-12-27,7840935.0,12.2,24,5254815.6,Pending
LOAN01168,CUST04381,BR049,Personal Loan,2025-07-27,465948.06,7.72,84,335342.39,Closed
LOAN01169,CUST07192,BR016,Business Loan,2022-12-14,2789409.3,10.07,12,1173689.59,Closed
LOAN01170,CUST03122,BR018,Education Loan,2022-10-17,261349.03,11.69,240,117250.47,Defaulted
LOAN01171,CUST03560,BR048,Personal Loan,2023-07-08,616649.66,13.92,60,429418.67,Pending
LOAN01172,CUST07706,BR053,Personal Loan,2024-12-24,189031.67,15.06,84,70672.45,Closed
LOAN01173,CUST03526,BR009,Home Loan,2021-05-25,7742710.06,10.23,84,4285336.04,Pending
LOAN01174,CUST01411,BR027,Home Loan,2023-12-28,2248350.25,9.65,180,524353.05,Active
LOAN01175,CUST07651,BR037,Business Loan,2021-05-14,809439.79,10.98,24,790060.79,Defaulted
LOAN01176,CUST07386,BR012,Education Loan,2022-06-13,307960.75,12.37,48,225519.57,Active
LOAN01177,CUST05582,BR006,Business Loan,2021-06-24,787470.64,8.01,120,212854.58,Closed
LOAN01178,CUST04740,BR005,Education Loan,2025-06-14,603762.27,7.91,240,439010.76,Active
LOAN01179,CUST05124,BR048,Personal Loan,2022-09-30,417141.86,12.06,12,85524.59,Defaulted
LOAN01180,CUST01037,BR019,Personal Loan,2022-07-27,602222.95,11.05,36,507952.98,Pending
LOAN01181,CUST04827,BR054,Education Loan,2022-02-02,432724.36,10.2,120,227676.17,Pending
LOAN01182,CUST07842,BR024,Business Loan,2022-03-12,626502.27,14.37,240,112255.15,Closed
LOAN01183,CUST06681,BR053,Home Loan,2021-11-18,5059853.63,10.23,120,1255981.19,Closed
LOAN01184,CUST06159,BR019,Personal Loan,2023-09-30,192208.32,15.18,60,88791.43,Pending
LOAN01185,CUST02868,BR029,Auto Loan,2020-09-10,1394844.03,9.34,240,892177.46,Pending
LOAN01186,CUST05354,BR009,Education Loan,2023-11-26,783800.04,14.45,36,145910.7,Active
LOAN01187,CUST03893,BR019,Personal Loan,2022-06-21,617225.35,13.33,240,522199.38,Pending
LOAN01188,CUST07192,BR046,Auto Loan,2023-05-31,526991.87,7.94,240,361226.79,Active
LOAN01189,CUST02709,BR059,Personal Loan,2024-11-16,404899.44,13.22,120,152100.46,Defaulted
LOAN01190,CUST06931,BR055,Business Loan,2021-11-14,1857842.17,8.73,36,1188304.26,Active
LOAN01191,CUST07694,BR043,Home Loan,2020-01-19,6806939.52,10.9,60,1082826.61,Defaulted
LOAN01192,CUST06825,BR018,Education Loan,2020-12-21,846192.62,13.56,180,693638.83,Defaulted
LOAN01193,CUST03206,BR008,Business Loan,2022-05-17,2044065.35,9.65,48,1246169.42,Pending
LOAN01194,CUST05730,BR011,Education Loan,2025-03-30,153738.51,11.09,180,117600.25,Defaulted
LOAN01195,CUST01570,BR005,Education Loan,2025-08-13,527042.15,11.68,24,237204.77,Defaulted
LOAN01196,CUST03081,BR013,Education Loan,2025-09-10,345985.34,13.96,36,339316.42,Defaulted
LOAN01197,CUST07961,BR006,Home Loan,2022-12-27,6923498.39,10.61,180,6634541.34,Pending
LOAN01198,CUST02520,BR047,Education Loan,2024-11-14,572054.28,10.71,60,361655.08,Defaulted
LOAN01199,CUST00751,BR050,Home Loan,2025-07-29,4541497.85,9.35,120,4105070.93,Closed
LOAN01200,CUST01088,BR032,Auto Loan,2020-10-28,1718317.09,12.56,12,1262656.89,Defaulted
LOAN01201,CUST00046,BR015,Business Loan,2020-05-14,877664.74,9.61,120,175611.54,Defaulted
LOAN01202,CUST03968,BR041,Auto Loan,2022-08-19,459789.51,13.56,36,390184.38,Active
LOAN01203,CUST03934,BR021,Home Loan,2020-01-19,5223229.87,9.57,36,1426477.89,Active
LOAN01204,CUST06802,BR008,Home Loan,2021-01-14,2081542.11,8.53,12,1265100.39,Closed
LOAN01205,CUST01817,BR040,Business Loan,2021-01-23,1376174.75,7.2,180,1122529.66,Pending
LOAN01206,CUST01624,BR006,Home Loan,2022-06-25,1403366.85,9.17,120,1092434.68,Active
LOAN01207,CUST01697,BR034,Business Loan,2023-04-10,811758.42,13.85,60,50720.15,Defaulted
LOAN01208,CUST07664,BR010,Personal Loan,2025-09-15,443950.35,11.06,24,164550.72,Active
LOAN01209,CUST00111,BR052,Personal Loan,2020-04-13,370274.14,13.77,84,207679.41,Pending
LOAN01210,CUST07653,BR015,Business Loan,2024-09-19,1960496.41,10.66,36,1924890.47,Defaulted
LOAN01211,CUST01655,BR048,Education Loan,2020-08-15,1243234.2,11.28,84,789401.45,Defaulted
LOAN01212,CUST00085,BR021,Business Loan,2022-05-27,2965141.59,11.85,240,2636448.59,Defaulted
LOAN01213,CUST04252,BR022,Personal Loan,2023-10-17,726931.72,14.97,48,637878.83,Defaulted
LOAN01214,CUST07336,BR007,Education Loan,2020-07-05,514015.97,13.79,120,295093.67,Active
LOAN01215,CUST04552,BR014,Personal Loan,2022-03-12,508800.08,13.76,240,324617.45,Closed
LOAN01216,CUST07147,BR024,Home Loan,2023-09-05,4360175.32,14.71,60,3244852.14,Defaulted
LOAN01217,CUST07293,BR058,Education Loan,2022-02-23,562743.23,15.32,12,91141.65,Pending
LOAN01218,CUST00081,BR050,Home Loan,2020-08-26,2684223.59,12.99,120,2570996.94,Active
LOAN01219,CUST00792,BR058,Business Loan,2021-11-10,1670458.76,15.49,120,915072.56,Pending
LOAN01220,CUST02210,BR020,Auto Loan,2022-05-17,1434632.95,8.57,12,293769.65,Closed
LOAN01221,CUST03166,BR023,Personal Loan,2021-04-22,769227.56,11.45,12,625732.04,Defaulted
LOAN01222,CUST07081,BR052,Business Loan,2024-04-28,3528583.91,12.42,12,2812829.1,Defaulted
LOAN01223,CUST01685,BR001,Auto Loan,2024-07-27,1415957.79,9.27,84,777390.82,Pending
LOAN01224,CUST05357,BR021,Home Loan,2021-08-10,4074962.38,12.21,84,3124670.06,Active
LOAN01225,CUST00673,BR003,Education Loan,2021-04-21,1381528.07,12.79,84,139933.25,Active
LOAN01226,CUST00724,BR059,Home Loan,2023-04-04,4862857.8,11.6,240,1381534.42,Closed
LOAN01227,CUST04734,BR019,Home Loan,2021-04-14,982831.29,9.5,12,63476.21,Closed
LOAN01228,CUST05010,BR026,Auto Loan,2021-07-31,863747.11,12.16,180,792360.98,Closed
LOAN01229,CUST01470,BR017,Education Loan,2020-10-18,923618.28,11.53,36,734667.79,Active
LOAN01230,CUST00039,BR034,Personal Loan,2020-01-20,795042.99,14.59,84,380348.34,Pending
LOAN01231,CUST01418,BR057,Business Loan,2025-04-19,4764188.09,11.16,24,4502198.25,Defaulted
LOAN01232,CUST07463,BR001,Personal Loan,2022-05-12,415661.41,11.36,36,380252.75,Defaulted
LOAN01233,CUST07102,BR002,Auto Loan,2020-04-29,350731.74,15.15,24,86144.63,Closed
LOAN01234,CUST02420,BR033,Personal Loan,2023-06-22,67322.75,8.51,12,46566.03,Defaulted
LOAN01235,CUST03867,BR006,Home Loan,2025-11-09,7430536.57,10.62,12,5529200.55,Pending
LOAN01236,CUST07999,BR003,Education Loan,2021-09-12,1175188.52,13.52,60,353200.88,Defaulted
LOAN01237,CUST04157,BR049,Personal Loan,2024-11-22,455438.71,12.61,120,454038.21,Closed
LOAN01238,CUST04476,BR050,Personal Loan,2024-10-11,573700.62,11.32,120,477348.17,Pending
LOAN01239,CUST06512,BR060,Business Loan,2023-07-28,3315026.14,13.61,60,2911826.72,Pending
LOAN01240,CUST05684,BR052,Auto Loan,2022-04-05,1479006.45,11.73,180,273320.95,Defaulted
LOAN01241,CUST02960,BR052,Home Loan,2021-03-22,2629626.74,15.2,120,1004062.82,Pending
LOAN01242,CUST01525,BR012,Home Loan,2025-12-28,5506676.4,15.24,36,2814649.95,Pending
LOAN01243,CUST05402,BR026,Education Loan,2024-12-28,1490974.29,7.32,24,1379361.63,Closed
LOAN01244,CUST03892,BR004,Business Loan,2020-09-23,4835473.91,14.99,120,1677604.53,Defaulted
LOAN01245,CUST05955,BR011,Personal Loan,2024-05-20,239971.97,10.51,240,82709.08,Pending
LOAN01246,CUST07683,BR018,Education Loan,2020-11-06,871012.86,10.72,36,795068.41,Defaulted
LOAN01247,CUST07369,BR029,Business Loan,2020-05-11,3451281.11,10.35,120,1608557.29,Closed
LOAN01248,CUST07727,BR007,Education Loan,2021-09-28,701899.08,12.44,60,275059.49,Closed
LOAN01249,CUST00964,BR019,Business Loan,2020-03-27,1326275.51,10.9,84,954174.84,Pending
LOAN01250,CUST06884,BR036,Auto Loan,2020-04-09,1721545.85,10.47,240,703021.4,Pending
LOAN01251,CUST05431,BR056,Home Loan,2023-07-20,4890597.36,8.23,24,4547394.77,Active
LOAN01252,CUST03501,BR003,Home Loan,2024-01-24,4308900.41,8.3,180,2878756.0,Closed
LOAN01253,CUST05736,BR051,Education Loan,2024-08-28,613702.77,13.61,240,500582.16,Defaulted
LOAN01254,CUST02938,BR058,Home Loan,2025-11-27,6503343.71,8.75,180,727959.06,Active
LOAN01255,CUST04399,BR006,Personal Loan,2023-08-11,59189.09,11.13,24,4970.08,Active
LOAN01256,CUST02607,BR010,Auto Loan,2024-08-22,1867050.58,9.69,36,1810748.93,Closed
LOAN01257,CUST07053,BR042,Business Loan,2025-08-08,4479189.42,12.06,12,664097.98,Active
LOAN01258,CUST03395,BR038,Business Loan,2025-11-07,4038760.72,7.35,120,2721671.19,Defaulted
LOAN01259,CUST01885,BR054,Personal Loan,2021-10-10,447503.84,8.95,84,122620.47,Closed
LOAN01260,CUST04137,BR054,Auto Loan,2021-10-25,554554.29,15.46,240,544251.67,Defaulted
LOAN01261,CUST02535,BR058,Personal Loan,2024-05-16,728002.2,15.06,48,131168.5,Active
LOAN01262,CUST02034,BR050,Education Loan,2024-09-13,1358603.48,13.95,48,434899.5,Closed
LOAN01263,CUST04655,BR015,Auto Loan,2024-05-18,1298233.14,8.35,24,505662.7,Active
LOAN01264,CUST03683,BR046,Auto Loan,2020-10-17,1072259.7,11.5,36,541659.97,Defaulted
LOAN01265,CUST03257,BR059,Auto Loan,2020-04-01,1362734.52,11.13,48,647279.06,Active
LOAN01266,CUST02066,BR029,Personal Loan,2025-04-25,53579.21,14.43,24,41049.96,Active
LOAN01267,CUST01076,BR031,Auto Loan,2024-10-05,384334.97,11.1,60,242800.65,Pending
LOAN01268,CUST05036,BR024,Auto Loan,2020-11-02,1457894.44,13.36,24,289145.49,Closed
LOAN01269,CUST01819,BR002,Personal Loan,2021-03-25,235593.7,8.44,48,63505.94,Pending
LOAN01270,CUST02633,BR008,Education Loan,2022-04-14,475052.38,8.36,180,61114.85,Active
LOAN01271,CUST05069,BR038,Personal Loan,2021-07-17,681150.79,12.74,120,301614.85,Pending
LOAN01272,CUST05707,BR001,Business Loan,2024-11-18,2422991.28,12.08,12,229985.3,Active
LOAN01273,CUST04178,BR036,Personal Loan,2021-01-09,356660.63,13.36,120,285391.87,Closed
LOAN01274,CUST01697,BR041,Personal Loan,2021-11-21,771824.37,10.45,60,230415.64,Pending
LOAN01275,CUST02933,BR037,Personal Loan,2021-07-30,170123.61,10.74,240,89646.3,Active
LOAN01276,CUST05781,BR001,Personal Loan,2024-12-21,604279.46,11.07,36,211981.6,Active
LOAN01277,CUST00251,BR021,Home Loan,2024-07-19,7826906.91,14.13,24,5100574.77,Closed
LOAN01278,CUST07878,BR036,Education Loan,2022-07-05,1325326.26,7.81,36,581721.93,Pending
LOAN01279,CUST01858,BR036,Education Loan,2024-01-21,1327616.64,10.46,24,711287.12,Active
LOAN01280,CUST05273,BR018,Education Loan,2025-10-09,1476229.45,9.36,36,536620.94,Active
LOAN01281,CUST07503,BR042,Personal Loan,2022-05-02,719559.88,12.82,240,396943.7,Pending
LOAN01282,CUST04396,BR024,Education Loan,2020-09-21,756718.55,14.95,12,528959.69,Pending
LOAN01283,CUST04823,BR027,Auto Loan,2021-01-07,1431594.63,13.04,120,1329519.84,Active
LOAN01284,CUST04677,BR058,Education Loan,2023-03-22,768304.11,10.39,240,59159.6,Closed
LOAN01285,CUST05230,BR005,Education Loan,2020-10-16,1107880.94,11.69,60,236083.79,Closed
LOAN01286,CUST05120,BR020,Business Loan,2022-11-09,2217971.93,11.52,48,1903240.44,Defaulted
LOAN01287,CUST06451,BR049,Home Loan,2025-10-30,2591281.6,12.68,12,627525.29,Defaulted
LOAN01288,CUST00424,BR010,Personal Loan,2022-07-30,613151.4,9.22,60,556702.0,Pending
LOAN01289,CUST05973,BR048,Education Loan,2023-05-05,1175845.86,7.39,24,711939.79,Pending
LOAN01290,CUST04218,BR036,Auto Loan,2025-12-25,1842984.6,8.27,120,1195708.36,Pending
LOAN01291,CUST04266,BR029,Auto Loan,2021-03-18,760927.87,14.53,36,69279.07,Active
LOAN01292,CUST04607,BR040,Personal Loan,2020-04-26,714091.91,14.96,240,296460.62,Closed
LOAN01293,CUST06119,BR038,Education Loan,2022-03-07,563331.71,10.88,240,69691.1,Closed
LOAN01294,CUST06157,BR020,Business Loan,2024-04-10,1939623.87,13.75,84,1275961.97,Pending
LOAN01295,CUST05477,BR010,Auto Loan,2020-01-21,766741.67,11.91,84,529842.61,Closed
LOAN01296,CUST05807,BR016,Personal Loan,2025-06-15,490361.08,9.93,36,57080.43,Pending
LOAN01297,CUST01469,BR041,Auto Loan,2023-07-09,707077.28,11.15,24,48777.41,Active
LOAN01298,CUST05049,BR019,Home Loan,2025-02-27,3707945.6,12.62,24,659236.16,Defaulted
LOAN01299,CUST02321,BR021,Education Loan,2020-01-16,1120320.17,7.35,12,655202.3,Active
LOAN01300,CUST01113,BR050,Education Loan,2025-04-23,316233.89,15.33,240,33613.85,Closed
LOAN01301,CUST07375,BR052,Education Loan,2023-09-27,1447825.07,10.84,24,1246072.48,Defaulted
LOAN01302,CUST05162,BR014,Auto Loan,2025-02-03,1470125.02,13.96,240,520094.1,Pending
LOAN01303,CUST01080,BR047,Business Loan,2024-08-30,3585116.13,7.35,84,1222532.35,Pending
LOAN01304,CUST02576,BR055,Education Loan,2020-04-12,1259627.56,11.5,84,627752.64,Pending
LOAN01305,CUST01854,BR055,Home Loan,2022-10-10,6022502.47,8.96,12,1740019.05,Defaulted
LOAN01306,CUST02286,BR021,Business Loan,2024-02-04,2681370.06,13.65,180,2208706.37,Closed
LOAN01307,CUST03045,BR047,Auto Loan,2021-03-18,1063693.39,12.68,24,888713.01,Pending
LOAN01308,CUST01366,BR002,Home Loan,2024-10-07,7942848.59,7.96,48,4876730.38,Defaulted
LOAN01309,CUST05142,BR003,Personal Loan,2020-03-24,772979.55,12.18,48,411202.53,Defaulted
LOAN01310,CUST01050,BR002,Home Loan,2023-08-30,2484068.45,11.91,12,1596864.14,Closed
LOAN01311,CUST01817,BR026,Business Loan,2025-03-06,1976518.29,8.7,120,716216.78,Pending
LOAN01312,CUST04213,BR037,Auto Loan,2024-08-26,1666625.18,9.58,84,1570945.53,Pending
LOAN01313,CUST06675,BR023,Education Loan,2022-02-06,1125948.21,8.0,120,936828.73,Closed
LOAN01314,CUST01818,BR011,Education Loan,2023-02-03,319605.34,13.18,180,151109.6,Pending
LOAN01315,CUST05631,BR026,Personal Loan,2021-12-28,282213.1,8.87,120,250484.55,Closed
LOAN01316,CUST00528,BR034,Education Loan,2021-08-02,275369.85,14.84,84,48066.96,Pending
LOAN01317,CUST03389,BR047,Education Loan,2025-09-15,1210716.58,14.19,24,959679.9,Active
LOAN01318,CUST07253,BR045,Business Loan,2021-12-30,2139640.85,7.58,240,2071137.97,Defaulted
LOAN01319,CUST01767,BR009,Personal Loan,2024-09-03,193836.46,13.51,84,24934.56,Active
LOAN01320,CUST02296,BR057,Business Loan,2022-07-29,2692382.44,7.2,120,1480040.38,Pending
LOAN01321,CUST00703,BR019,Business Loan,2023-06-08,527575.2,11.48,180,99066.96,Pending
LOAN01322,CUST05376,BR054,Home Loan,2022-01-21,3327134.96,14.27,120,377401.98,Closed
LOAN01323,CUST06265,BR026,Home Loan,2020-03-11,844037.69,11.09,60,552561.32,Defaulted
LOAN01324,CUST06622,BR008,Business Loan,2025-02-10,3233600.34,15.4,180,580042.71,Active
LOAN01325,CUST00710,BR047,Home Loan,2024-03-22,1481783.19,7.5,84,1473478.72,Active
LOAN01326,CUST06607,BR017,Business Loan,2020-04-21,2165366.14,11.2,36,1436162.87,Active
LOAN01327,CUST02615,BR031,Auto Loan,2025-10-19,1313233.82,11.46,240,1179304.58,Closed
LOAN01328,CUST03459,BR024,Auto Loan,2020-03-12,1602250.65,11.43,180,486037.67,Pending
LOAN01329,CUST02404,BR054,Education Loan,2020-07-17,707746.68,7.54,24,375056.23,Defaulted
LOAN01330,CUST01926,BR020,Personal Loan,2025-11-09,591412.59,10.79,36,371754.21,Active
LOAN01331,CUST05453,BR042,Home Loan,2023-03-24,3909651.25,7.24,36,488263.56,Active
LOAN01332,CUST02019,BR028,Auto Loan,2024-05-12,1254526.39,9.42,24,343114.76,Pending
LOAN01333,CUST00516,BR028,Business Loan,2023-12-22,3075319.2,8.61,36,980462.41,Closed
LOAN01334,CUST00749,BR039,Business Loan,2025-05-19,3374686.22,10.88,84,565280.16,Closed
LOAN01335,CUST06259,BR039,Personal Loan,2025-01-27,377025.49,11.28,12,114984.21,Pending
LOAN01336,CUST04604,BR048,Personal Loan,2024-04-07,577834.21,7.7,240,190982.74,Closed
LOAN01337,CUST03199,BR028,Education Loan,2025-03-05,227301.66,8.96,180,102366.26,Active
LOAN01338,CUST07977,BR007,Auto Loan,2022-11-02,450375.37,8.51,60,431629.64,Closed
LOAN01339,CUST07128,BR026,Personal Loan,2021-08-30,289779.21,13.4,120,90621.48,Active
LOAN01340,CUST06965,BR060,Home Loan,2021-11-01,7221680.21,8.98,240,4591887.97,Pending
LOAN01341,CUST04546,BR032,Home Loan,2021-02-02,3530023.03,9.85,240,796688.43,Closed
LOAN01342,CUST06832,BR045,Personal Loan,2023-07-06,375228.56,12.7,48,252871.02,Pending
LOAN01343,CUST04726,BR007,Auto Loan,2020-01-14,1215897.03,7.44,36,114840.71,Active
LOAN01344,CUST06431,BR017,Education Loan,2021-10-22,349300.77,10.63,60,317808.29,Defaulted
LOAN01345,CUST07365,BR023,Business Loan,2024-05-10,2559580.08,13.48,12,809862.82,Defaulted
LOAN01346,CUST03839,BR012,Auto Loan,2025-05-11,1943232.17,15.39,12,1429798.3,Active
LOAN01347,CUST06927,BR013,Home Loan,2023-12-04,4125341.28,12.2,48,2464657.22,Active
LOAN01348,CUST06539,BR009,Business Loan,2021-10-26,3802896.05,14.0,240,1764462.79,Pending
LOAN01349,CUST03745,BR032,Personal Loan,2025-03-11,481463.96,15.02,36,459269.46,Pending
LOAN01350,CUST01933,BR056,Home Loan,2025-06-14,6541044.17,9.01,120,1759350.93,Closed
LOAN01351,CUST02485,BR050,Home Loan,2023-11-25,7560309.53,12.67,36,6928584.88,Pending
LOAN01352,CUST07123,BR002,Home Loan,2020-09-24,1929138.2,12.87,48,166171.67,Pending
LOAN01353,CUST05001,BR021,Home Loan,2023-11-19,3818815.43,15.03,24,903183.18,Pending
LOAN01354,CUST03402,BR032,Home Loan,2020-04-03,3761417.69,14.5,120,2745343.22,Pending
LOAN01355,CUST06941,BR025,Auto Loan,2020-06-16,1981547.67,14.39,180,1246824.14,Closed
LOAN01356,CUST06269,BR021,Personal Loan,2020-06-25,294555.48,8.39,84,226613.39,Pending
LOAN01357,CUST04917,BR051,Education Loan,2023-07-29,289172.68,12.84,36,151409.46,Pending
LOAN01358,CUST02082,BR006,Auto Loan,2021-03-15,1638661.37,7.65,60,1209251.56,Defaulted
LOAN01359,CUST05530,BR043,Home Loan,2025-10-06,4064738.2,10.67,12,3312359.83,Closed
LOAN01360,CUST01694,BR007,Education Loan,2020-12-07,833156.96,8.3,24,265561.49,Active
LOAN01361,CUST06603,BR031,Personal Loan,2021-08-29,747747.81,13.21,12,304067.32,Active
LOAN01362,CUST03895,BR008,Education Loan,2021-07-09,1076661.93,11.18,36,250351.68,Pending
LOAN01363,CUST05853,BR035,Education Loan,2025-03-25,745039.55,12.76,12,232448.63,Closed
LOAN01364,CUST02623,BR031,Business Loan,2020-03-25,1193516.84,9.54,12,609594.46,Closed
LOAN01365,CUST00819,BR059,Auto Loan,2024-05-01,1786188.13,12.94,120,1040819.2,Pending
LOAN01366,CUST02330,BR046,Personal Loan,2023-10-01,177686.05,9.76,120,39242.58,Closed
LOAN01367,CUST01994,BR049,Business Loan,2022-08-29,3919525.59,9.06,240,1387490.87,Closed
LOAN01368,CUST03297,BR019,Home Loan,2022-05-07,3615878.82,9.58,48,2411355.24,Active
LOAN01369,CUST07658,BR050,Personal Loan,2022-05-10,258707.03,12.13,180,173659.54,Defaulted
LOAN01370,CUST07755,BR043,Home Loan,2024-04-21,4239735.01,9.16,120,2875348.21,Active
LOAN01371,CUST00365,BR012,Home Loan,2024-11-06,7329809.78,13.2,84,7313326.55,Closed
LOAN01372,CUST03714,BR037,Business Loan,2025-04-10,3016866.46,11.5,240,821754.59,Defaulted
LOAN01373,CUST04967,BR057,Education Loan,2024-12-01,791539.67,10.97,24,310279.15,Closed
LOAN01374,CUST06682,BR048,Auto Loan,2021-06-13,496244.44,8.11,24,34417.24,Closed
LOAN01375,CUST02519,BR021,Education Loan,2022-11-28,1234115.3,12.66,180,460979.23,Pending
LOAN01376,CUST06811,BR040,Home Loan,2022-10-05,1092383.23,12.85,120,201565.13,Active
LOAN01377,CUST05592,BR033,Auto Loan,2020-03-24,732020.12,14.27,120,202617.25,Closed
LOAN01378,CUST06851,BR045,Auto Loan,2022-01-14,1714978.63,10.75,60,814822.31,Pending
LOAN01379,CUST06677,BR016,Auto Loan,2021-03-04,1368176.91,12.95,84,1137172.52,Active
LOAN01380,CUST01843,BR035,Home Loan,2025-08-11,3071511.71,9.0,24,2381873.64,Defaulted
LOAN01381,CUST02197,BR042,Education Loan,2023-09-05,281061.3,10.08,24,150998.26,Active
LOAN01382,CUST03384,BR012,Personal Loan,2024-02-11,508746.16,8.42,240,286718.8,Defaulted
LOAN01383,CUST01651,BR024,Auto Loan,2021-08-15,424881.59,14.01,240,231445.1,Active
LOAN01384,CUST01511,BR037,Auto Loan,2020-11-30,1213526.54,7.91,48,1159704.46,Closed
LOAN01385,CUST04531,BR007,Business Loan,2022-04-23,4501719.19,10.95,180,3101979.59,Closed
LOAN01386,CUST02098,BR047,Home Loan,2024-09-27,6237827.06,11.25,12,2998526.52,Closed
LOAN01387,CUST02620,BR040,Auto Loan,2020-09-19,1588870.39,10.04,36,1172237.63,Active
LOAN01388,CUST03882,BR007,Home Loan,2021-05-25,3315861.22,14.73,84,1359008.67,Closed
LOAN01389,CUST04015,BR006,Auto Loan,2020-05-26,1661080.75,15.36,120,1010664.19,Defaulted
LOAN01390,CUST04727,BR048,Personal Loan,2021-04-05,305212.44,7.12,36,217024.45,Closed
LOAN01391,CUST02383,BR026,Auto Loan,2024-12-14,1414114.5,8.37,180,1346166.03,Pending
LOAN01392,CUST03224,BR053,Business Loan,2021-09-20,399171.29,9.62,180,128665.47,Pending
LOAN01393,CUST00236,BR059,Business Loan,2024-12-03,3547532.61,9.33,84,1383389.26,Active
LOAN01394,CUST06702,BR006,Auto Loan,2020-04-07,608318.3,11.16,12,248703.08,Defaulted
LOAN01395,CUST06564,BR012,Auto Loan,2022-11-17,885007.96,9.59,84,793491.11,Active
LOAN01396,CUST07494,BR054,Education Loan,2023-10-02,1114026.92,13.73,48,989538.25,Pending
LOAN01397,CUST03651,BR003,Auto Loan,2021-05-05,1857914.77,12.19,24,480733.88,Closed
LOAN01398,CUST07797,BR037,Auto Loan,2020-10-01,1930847.56,12.04,36,1065383.54,Pending
LOAN01399,CUST00421,BR008,Education Loan,2025-08-04,223378.97,15.2,12,211932.56,Pending
LOAN01400,CUST00845,BR003,Education Loan,2020-10-16,327474.85,12.99,180,266586.69,Defaulted
LOAN01401,CUST05566,BR042,Business Loan,2020-06-13,3989404.86,8.76,180,3579759.83,Closed
LOAN01402,CUST06308,BR033,Business Loan,2025-05-16,965077.9,7.26,84,401266.76,Closed
LOAN01403,CUST06325,BR044,Personal Loan,2024-05-24,221680.73,8.52,84,198178.53,Defaulted
LOAN01404,CUST04007,BR014,Home Loan,2020-08-26,3815893.91,11.18,48,1594000.94,Pending
LOAN01405,CUST07679,BR060,Personal Loan,2023-12-12,426037.14,10.75,12,319162.35,Active
LOAN01406,CUST07127,BR009,Auto Loan,2025-06-24,1191138.17,8.16,12,123122.68,Active
LOAN01407,CUST00712,BR048,Education Loan,2024-04-25,1165032.86,13.51,12,518496.17,Pending
LOAN01408,CUST05067,BR058,Business Loan,2023-03-10,1303196.48,8.78,48,875342.88,Defaulted
LOAN01409,CUST07654,BR009,Auto Loan,2023-08-16,1086607.06,12.92,24,460764.15,Defaulted
LOAN01410,CUST00056,BR017,Home Loan,2022-11-26,3575664.6,9.19,180,819678.71,Closed
LOAN01411,CUST05720,BR045,Education Loan,2022-06-28,1241902.62,9.9,84,766415.87,Active
LOAN01412,CUST00506,BR051,Auto Loan,2025-10-17,1706718.64,13.6,48,1553469.64,Closed
LOAN01413,CUST01038,BR031,Education Loan,2020-06-22,604885.83,14.69,36,576828.59,Closed
LOAN01414,CUST07539,BR026,Auto Loan,2024-09-02,462336.63,10.65,12,416230.21,Pending
LOAN01415,CUST05667,BR035,Home Loan,2024-10-22,1633690.22,13.36,60,546869.87,Closed
LOAN01416,CUST04231,BR019,Auto Loan,2021-03-25,1122128.99,8.11,12,963126.69,Closed
LOAN01417,CUST06047,BR005,Home Loan,2025-05-17,4351575.39,11.6,120,2089474.71,Defaulted
LOAN01418,CUST01812,BR047,Education Loan,2023-07-20,1287212.69,9.48,240,281663.21,Active
LOAN01419,CUST07406,BR054,Personal Loan,2020-06-05,261015.05,9.19,36,234515.8,Active
LOAN01420,CUST03669,BR016,Education Loan,2021-02-26,688048.78,11.3,48,104236.99,Closed
LOAN01421,CUST06162,BR041,Home Loan,2025-07-04,6006559.1,15.46,48,3009579.28,Closed
LOAN01422,CUST02134,BR030,Auto Loan,2024-10-01,1786504.37,11.18,120,457446.78,Active
LOAN01423,CUST02241,BR022,Business Loan,2022-02-21,1881129.82,9.76,24,618826.89,Defaulted
LOAN01424,CUST07273,BR060,Education Loan,2023-02-09,699549.35,14.07,240,40900.38,Defaulted
LOAN01425,CUST01129,BR015,Education Loan,2025-03-18,480654.76,12.22,24,85515.08,Pending
LOAN01426,CUST06560,BR048,Personal Loan,2024-08-29,520730.94,12.26,60,215436.37,Defaulted
LOAN01427,CUST03545,BR037,Home Loan,2020-10-03,6447003.84,12.49,48,5559025.12,Defaulted
LOAN01428,CUST07925,BR022,Auto Loan,2025-01-06,293041.19,14.68,48,286213.38,Active
LOAN01429,CUST03222,BR006,Home Loan,2021-07-28,2124076.86,9.91,120,1560757.01,Closed
LOAN01430,CUST03703,BR010,Business Loan,2025-02-01,4585400.43,9.85,84,4411216.69,Pending
LOAN01431,CUST03829,BR037,Home Loan,2025-07-30,2999681.54,10.17,60,1379265.4,Pending
LOAN01432,CUST05205,BR030,Education Loan,2020-04-30,1394539.52,15.18,60,1055137.76,Closed
LOAN01433,CUST03867,BR045,Personal Loan,2021-06-21,533071.27,15.22,36,221173.0,Pending
LOAN01434,CUST03809,BR040,Education Loan,2023-06-18,592692.25,11.99,24,395718.81,Active
LOAN01435,CUST01668,BR051,Education Loan,2024-05-16,428138.61,13.44,180,118483.93,Active
LOAN01436,CUST00172,BR033,Personal Loan,2023-01-27,618226.66,8.91,36,55607.27,Closed
LOAN01437,CUST02003,BR008,Home Loan,2020-02-25,7855309.56,15.01,12,5416012.27,Pending
LOAN01438,CUST06187,BR044,Business Loan,2022-11-21,1929728.01,9.86,48,462595.35,Defaulted
LOAN01439,CUST01851,BR021,Personal Loan,2020-11-20,631685.18,15.01,60,361167.87,Closed
LOAN01440,CUST05941,BR022,Education Loan,2024-03-18,801317.07,15.39,180,507574.06,Closed
LOAN01441,CUST03492,BR005,Personal Loan,2023-03-28,216143.51,12.24,36,173469.34,Active
LOAN01442,CUST07575,BR031,Home Loan,2020-06-14,7411702.44,10.8,120,3432732.57,Active
LOAN01443,CUST01953,BR046,Education Loan,2022-12-07,663818.35,9.61,12,436962.2,Closed
LOAN01444,CUST06671,BR053,Education Loan,2023-08-20,423699.78,8.03,24,362224.32,Pending
LOAN01445,CUST04368,BR011,Auto Loan,2020-02-22,1630562.81,15.14,24,984049.02,Defaulted
LOAN01446,CUST00478,BR030,Education Loan,2022-10-21,416596.28,15.3,12,120838.73,Defaulted
LOAN01447,CUST00905,BR025,Home Loan,2024-11-15,6053034.32,9.39,120,4178749.9,Active
LOAN01448,CUST00685,BR015,Auto Loan,2020-02-25,1004885.11,11.05,12,181340.0,Defaulted
LOAN01449,CUST03829,BR049,Home Loan,2025-03-31,3040931.96,8.66,60,400107.59,Active
LOAN01450,CUST05034,BR036,Auto Loan,2023-08-08,1379736.66,13.94,60,533422.49,Pending
LOAN01451,CUST05404,BR033,Home Loan,2024-05-15,7722122.46,9.68,240,2652240.35,Closed
LOAN01452,CUST00358,BR056,Auto Loan,2021-04-24,1250675.32,15.03,48,903619.34,Pending
LOAN01453,CUST04235,BR059,Education Loan,2025-02-04,1423188.42,11.44,48,1309141.32,Defaulted
LOAN01454,CUST07448,BR052,Personal Loan,2022-02-20,594443.06,13.49,240,355718.72,Active
LOAN01455,CUST05426,BR055,Education Loan,2021-12-07,1008216.59,13.21,120,606188.83,Defaulted
LOAN01456,CUST05828,BR055,Home Loan,2022-07-05,3185213.4,12.86,120,1902150.29,Active
LOAN01457,CUST04314,BR006,Personal Loan,2022-04-14,481823.4,14.91,84,134862.61,Defaulted
LOAN01458,CUST07761,BR021,Education Loan,2023-11-20,859524.68,9.19,12,168263.38,Closed
LOAN01459,CUST06148,BR026,Auto Loan,2021-05-05,1941247.94,7.18,24,189881.57,Active
LOAN01460,CUST05881,BR008,Auto Loan,2022-02-14,1647007.28,14.15,12,93932.96,Active
LOAN01461,CUST04688,BR036,Home Loan,2021-03-22,1519970.39,8.51,24,175980.96,Active
LOAN01462,CUST00487,BR049,Education Loan,2021-04-12,1002045.27,14.8,120,334159.35,Active
LOAN01463,CUST04022,BR017,Personal Loan,2025-03-01,247335.2,8.71,36,51969.74,Defaulted
LOAN01464,CUST01549,BR056,Business Loan,2022-07-16,4960749.7,11.83,240,1377799.84,Closed
LOAN01465,CUST06272,BR004,Business Loan,2021-10-12,3642146.45,10.81,60,1795990.84,Closed
LOAN01466,CUST02848,BR009,Personal Loan,2025-08-01,169973.67,11.46,36,72447.54,Pending
LOAN01467,CUST02073,BR024,Personal Loan,2021-09-30,461080.81,11.81,180,348515.1,Closed
LOAN01468,CUST03226,BR056,Business Loan,2022-10-22,3381301.54,15.04,120,1680038.86,Closed
LOAN01469,CUST02893,BR019,Home Loan,2021-04-24,4892757.56,10.75,120,3631357.63,Pending
LOAN01470,CUST01678,BR029,Home Loan,2020-10-05,7497895.25,14.21,48,1964813.74,Pending
LOAN01471,CUST07574,BR005,Home Loan,2025-11-14,6602603.16,11.25,180,4632939.74,Defaulted
LOAN01472,CUST00450,BR046,Home Loan,2020-04-05,2843401.92,11.53,36,1190190.22,Pending
LOAN01473,CUST04740,BR004,Education Loan,2021-07-13,744812.2,11.51,60,226348.47,Defaulted
LOAN01474,CUST00622,BR036,Personal Loan,2021-07-25,434875.47,8.81,48,328936.87,Active
LOAN01475,CUST00590,BR052,Business Loan,2022-06-11,1513535.22,8.21,24,635836.43,Defaulted
LOAN01476,CUST04036,BR036,Home Loan,2023-08-30,4512916.14,13.62,12,4260212.02,Closed
LOAN01477,CUST00406,BR006,Auto Loan,2020-09-17,1424134.67,15.0,60,285822.91,Closed
LOAN01478,CUST02623,BR003,Auto Loan,2023-08-23,211365.68,13.7,36,21143.63,Pending
LOAN01479,CUST00612,BR059,Personal Loan,2023-11-02,765416.53,10.72,60,100196.12,Defaulted
LOAN01480,CUST05060,BR029,Auto Loan,2024-10-18,736992.53,12.35,84,221224.97,Pending
LOAN01481,CUST00652,BR038,Home Loan,2025-01-01,3976019.23,7.63,240,3930212.38,Pending
LOAN01482,CUST03050,BR019,Business Loan,2021-09-07,3734586.18,14.66,36,3305438.06,Active
LOAN01483,CUST05485,BR060,Education Loan,2020-07-08,1127547.05,9.2,36,145201.36,Active
LOAN01484,CUST04047,BR009,Auto Loan,2025-09-26,953568.32,10.53,48,48135.51,Defaulted
LOAN01485,CUST01266,BR028,Home Loan,2025-08-03,5986207.35,11.25,24,2260939.9,Closed
LOAN01486,CUST08007,BR053,Home Loan,2021-04-03,6781741.77,7.46,240,3847068.16,Closed
LOAN01487,CUST06376,BR050,Business Loan,2023-09-24,2171168.61,14.66,12,2035657.26,Active
LOAN01488,CUST01568,BR039,Personal Loan,2024-02-07,657947.36,14.08,48,68082.92,Pending
LOAN01489,CUST00720,BR003,Auto Loan,2020-07-19,1480861.11,7.49,12,1357231.89,Closed
LOAN01490,CUST06691,BR020,Business Loan,2025-06-04,1619558.34,11.25,60,1081211.19,Defaulted
LOAN01491,CUST01466,BR034,Education Loan,2020-02-11,586253.51,11.29,48,404207.22,Closed
LOAN01492,CUST01809,BR019,Home Loan,2020-11-08,4567166.14,8.73,180,3762012.54,Active
LOAN01493,CUST03886,BR055,Education Loan,2021-08-29,475520.01,13.64,180,73688.87,Pending
LOAN01494,CUST02929,BR034,Business Loan,2020-09-29,1919939.94,10.57,48,577736.98,Closed
LOAN01495,CUST04736,BR014,Auto Loan,2020-07-28,295287.83,15.23,48,20350.68,Defaulted
LOAN01496,CUST02247,BR021,Personal Loan,2025-03-17,560243.0,12.16,180,38689.2,Defaulted
LOAN01497,CUST07970,BR044,Business Loan,2023-09-30,1827282.47,12.66,48,962818.14,Pending
LOAN01498,CUST03379,BR038,Education Loan,2025-11-17,739625.58,8.27,180,358250.32,Closed
LOAN01499,CUST01798,BR055,Personal Loan,2021-06-27,777314.79,9.77,12,775065.52,Defaulted
LOAN01500,CUST05899,BR001,Auto Loan,2020-06-12,588770.7,8.89,60,93517.7,Active
LOAN01501,CUST01890,BR010,Business Loan,2023-03-31,3759121.05,9.37,120,1643381.21,Active
LOAN01502,CUST07269,BR042,Auto Loan,2020-06-05,411633.65,12.8,240,377099.12,Defaulted
LOAN01503,CUST00548,BR056,Business Loan,2020-12-09,3417362.82,9.72,48,908158.43,Active
LOAN01504,CUST04509,BR038,Education Loan,2023-10-23,651927.14,8.36,84,53255.0,Defaulted
LOAN01505,CUST02350,BR059,Business Loan,2022-09-16,2190448.0,7.17,24,1806490.96,Pending
LOAN01506,CUST05527,BR054,Personal Loan,2020-05-19,437701.85,15.01,60,139362.62,Defaulted
LOAN01507,CUST01615,BR027,Business Loan,2021-06-28,3267931.36,12.38,120,685192.91,Closed
LOAN01508,CUST05654,BR016,Education Loan,2023-04-21,775422.29,13.51,240,427265.45,Active
LOAN01509,CUST04210,BR035,Home Loan,2023-08-14,5870785.64,13.98,36,2979926.81,Active
LOAN01510,CUST07666,BR032,Education Loan,2021-06-26,912745.55,8.03,12,390149.65,Active
LOAN01511,CUST04652,BR048,Personal Loan,2025-03-25,79373.46,14.1,84,26373.94,Defaulted
LOAN01512,CUST01892,BR020,Business Loan,2021-09-27,1163038.02,14.0,180,497037.13,Active
LOAN01513,CUST00305,BR015,Auto Loan,2024-07-10,1321635.56,14.4,60,151740.03,Pending
LOAN01514,CUST01674,BR048,Personal Loan,2023-10-22,356498.45,11.66,12,86911.15,Active
LOAN01515,CUST06377,BR044,Auto Loan,2024-05-12,941139.8,13.05,24,691196.39,Active
LOAN01516,CUST06180,BR022,Education Loan,2020-07-14,854306.14,11.18,180,225903.32,Active
LOAN01517,CUST04170,BR040,Home Loan,2020-04-18,3146221.74,10.24,36,3123944.03,Defaulted
LOAN01518,CUST02437,BR004,Personal Loan,2021-12-11,563562.88,11.84,48,516529.05,Active
LOAN01519,CUST07431,BR051,Business Loan,2022-10-23,2202025.6,7.46,12,1952597.88,Active
LOAN01520,CUST03309,BR010,Home Loan,2022-02-18,7200501.02,9.11,180,1424477.44,Closed
LOAN01521,CUST03901,BR008,Auto Loan,2021-12-06,918023.63,9.28,120,611628.07,Defaulted
LOAN01522,CUST06905,BR042,Home Loan,2021-07-20,7182443.76,12.97,12,3893129.76,Closed
LOAN01523,CUST07781,BR044,Personal Loan,2025-10-16,575580.39,7.29,84,457777.31,Active
LOAN01524,CUST06229,BR012,Education Loan,2022-11-19,1385815.42,10.07,48,1237617.98,Defaulted
LOAN01525,CUST06825,BR004,Personal Loan,2024-07-16,475165.26,10.3,84,385461.62,Closed
LOAN01526,CUST03316,BR021,Business Loan,2020-10-01,3493855.91,11.83,48,3004595.81,Active
LOAN01527,CUST01614,BR034,Auto Loan,2020-06-29,225826.89,10.66,36,224032.65,Active
LOAN01528,CUST00599,BR052,Auto Loan,2022-10-27,228977.72,7.71,60,216524.85,Active
LOAN01529,CUST02970,BR035,Auto Loan,2022-11-23,248057.01,7.48,24,235959.02,Defaulted
LOAN01530,CUST06262,BR055,Business Loan,2020-05-20,4246660.92,14.4,12,229712.23,Pending
LOAN01531,CUST02446,BR028,Business Loan,2020-09-05,1171698.94,8.28,120,381079.44,Defaulted
LOAN01532,CUST05647,BR022,Home Loan,2020-11-03,6164244.84,14.8,36,1315662.66,Defaulted
LOAN01533,CUST01602,BR038,Education Loan,2023-07-01,1162947.78,12.88,120,1024820.67,Defaulted
LOAN01534,CUST07337,BR018,Auto Loan,2024-01-21,1683810.2,11.08,180,320010.52,Active
LOAN01535,CUST03996,BR008,Education Loan,2021-10-30,898205.66,14.91,180,221176.95,Active
LOAN01536,CUST05702,BR032,Auto Loan,2023-06-09,1262276.05,12.94,48,847840.76,Pending
LOAN01537,CUST02729,BR013,Home Loan,2023-04-01,2374934.3,12.48,180,2158076.6,Active
LOAN01538,CUST07455,BR039,Education Loan,2021-08-30,993460.66,15.0,240,353359.42,Closed
LOAN01539,CUST00737,BR048,Education Loan,2022-03-10,141477.32,13.17,240,64925.7,Active
LOAN01540,CUST05542,BR013,Personal Loan,2023-10-10,660635.29,13.47,36,148833.58,Active
LOAN01541,CUST00854,BR052,Business Loan,2021-10-09,4498747.01,7.15,12,2279842.2,Active
LOAN01542,CUST01486,BR043,Business Loan,2025-02-09,3161308.04,9.45,180,503940.21,Closed
LOAN01543,CUST06034,BR028,Home Loan,2025-03-27,4517608.62,9.12,48,249884.23,Defaulted
LOAN01544,CUST02836,BR041,Auto Loan,2023-07-28,748003.68,11.25,36,448128.5,Defaulted
LOAN01545,CUST00341,BR003,Personal Loan,2024-03-01,629532.83,7.26,84,203987.73,Active
LOAN01546,CUST05724,BR003,Personal Loan,2023-08-20,536733.7,12.65,48,39659.11,Active
LOAN01547,CUST03869,BR007,Business Loan,2024-10-22,3125537.66,8.86,240,1531708.63,Closed
LOAN01548,CUST00115,BR035,Business Loan,2020-02-11,1019273.18,15.02,180,111217.93,Defaulted
LOAN01549,CUST02593,BR015,Education Loan,2025-11-20,167643.18,11.86,84,105638.68,Pending
LOAN01550,CUST06437,BR052,Business Loan,2021-10-30,2824024.13,14.49,120,1843307.42,Closed
LOAN01551,CUST06463,BR045,Auto Loan,2024-09-28,1468226.47,14.62,120,1029023.31,Active
LOAN01552,CUST00473,BR035,Auto Loan,2022-10-11,560450.28,12.51,60,401900.04,Active
LOAN01553,CUST06556,BR034,Personal Loan,2024-10-06,174554.93,10.62,84,152567.97,Defaulted
LOAN01554,CUST00612,BR015,Auto Loan,2021-02-22,1671484.55,13.99,24,1648540.86,Closed
LOAN01555,CUST05223,BR026,Auto Loan,2023-02-01,606346.3,8.36,60,194588.59,Pending
LOAN01556,CUST04086,BR012,Business Loan,2025-02-06,4225954.65,12.02,12,1527821.2,Active
LOAN01557,CUST03416,BR006,Business Loan,2021-08-26,2090358.63,14.79,240,1874603.61,Defaulted
LOAN01558,CUST01465,BR049,Home Loan,2020-03-09,7596677.27,11.72,36,1658912.91,Closed
LOAN01559,CUST07353,BR032,Home Loan,2022-01-16,4348784.06,7.67,12,1828184.42,Active
LOAN01560,CUST05752,BR052,Business Loan,2021-08-23,2697669.25,11.19,12,1098535.0,Defaulted
LOAN01561,CUST05739,BR001,Auto Loan,2025-08-29,270062.73,12.19,84,187445.59,Pending
LOAN01562,CUST05396,BR054,Business Loan,2021-11-21,632017.49,11.03,120,449882.16,Defaulted
LOAN01563,CUST02170,BR035,Auto Loan,2020-12-20,1940262.77,7.01,84,690006.48,Defaulted
LOAN01564,CUST07748,BR009,Personal Loan,2024-01-21,764690.22,9.61,180,640444.19,Active
LOAN01565,CUST01248,BR005,Education Loan,2024-09-15,1072683.21,12.88,60,855669.72,Active
LOAN01566,CUST06218,BR051,Business Loan,2021-01-24,937180.92,13.16,24,753478.64,Active
LOAN01567,CUST04975,BR060,Personal Loan,2024-11-02,79524.81,12.01,240,33847.75,Defaulted
LOAN01568,CUST03856,BR057,Education Loan,2021-10-10,376347.89,10.17,84,114640.19,Pending
LOAN01569,CUST07058,BR026,Personal Loan,2022-08-15,586137.46,14.79,48,262774.53,Pending
LOAN01570,CUST02156,BR036,Auto Loan,2023-07-16,1395591.31,13.89,12,764880.62,Closed
LOAN01571,CUST01020,BR048,Education Loan,2025-02-07,644169.42,14.45,84,71853.09,Active
LOAN01572,CUST05512,BR049,Auto Loan,2022-12-14,1278975.15,8.11,60,1214773.65,Defaulted
LOAN01573,CUST05435,BR045,Home Loan,2024-11-27,4392465.64,11.86,36,2456624.67,Active
LOAN01574,CUST03746,BR057,Home Loan,2024-02-20,7455721.14,12.2,24,4900247.05,Active
LOAN01575,CUST06632,BR008,Business Loan,2025-03-30,4596614.73,7.66,240,1256519.9,Closed
LOAN01576,CUST02380,BR053,Auto Loan,2020-03-14,1820426.84,13.55,84,1772450.49,Pending
LOAN01577,CUST02706,BR015,Auto Loan,2020-11-29,225662.72,11.91,36,85119.32,Defaulted
LOAN01578,CUST05871,BR051,Education Loan,2024-03-25,738587.91,10.23,36,721040.7,Active
LOAN01579,CUST02878,BR022,Business Loan,2023-04-21,756800.04,11.83,36,560101.17,Closed
LOAN01580,CUST04715,BR009,Education Loan,2022-12-19,444262.4,9.05,240,205540.12,Defaulted
LOAN01581,CUST03585,BR055,Education Loan,2020-11-24,601106.27,8.41,240,43453.45,Pending
LOAN01582,CUST05009,BR050,Auto Loan,2021-06-23,547800.99,11.48,36,525966.76,Defaulted
LOAN01583,CUST04851,BR059,Personal Loan,2022-09-02,784530.69,9.02,60,126624.1,Closed
LOAN01584,CUST07675,BR014,Business Loan,2025-10-01,1906029.0,10.18,120,1175991.12,Active
LOAN01585,CUST03772,BR055,Business Loan,2020-11-08,4906796.84,15.4,24,1754825.94,Defaulted
LOAN01586,CUST07744,BR034,Auto Loan,2023-06-16,1286485.35,10.63,48,1222170.63,Active
LOAN01587,CUST04416,BR043,Business Loan,2025-06-01,4226191.9,15.42,240,331335.11,Defaulted
LOAN01588,CUST06696,BR030,Personal Loan,2025-03-11,724242.67,15.36,12,483267.8,Closed
LOAN01589,CUST07612,BR008,Auto Loan,2022-10-04,1662056.36,11.36,180,694740.15,Closed
LOAN01590,CUST04326,BR015,Business Loan,2025-12-11,3619321.31,10.76,60,1156103.97,Active
LOAN01591,CUST05212,BR058,Business Loan,2020-02-15,4921271.09,13.52,180,1682106.36,Pending
LOAN01592,CUST00031,BR055,Home Loan,2025-04-06,4557520.78,13.64,24,4446612.34,Closed
LOAN01593,CUST00711,BR041,Education Loan,2025-10-13,987652.46,10.05,84,235717.42,Defaulted
LOAN01594,CUST04691,BR041,Personal Loan,2023-03-20,505217.09,10.82,60,260489.0,Pending
LOAN01595,CUST07666,BR028,Education Loan,2020-07-05,1240984.53,10.32,12,108643.1,Closed
LOAN01596,CUST05531,BR059,Auto Loan,2024-09-13,1092576.31,13.44,120,321844.73,Pending
LOAN01597,CUST06604,BR011,Business Loan,2021-10-24,2002912.39,7.64,48,1555655.98,Active
LOAN01598,CUST03579,BR051,Education Loan,2022-12-08,527376.84,11.95,240,153244.4,Pending
LOAN01599,CUST06499,BR024,Business Loan,2024-12-09,3286312.21,11.85,240,1748534.11,Closed
LOAN01600,CUST06069,BR025,Auto Loan,2023-05-29,1739109.09,13.34,120,836464.98,Closed
LOAN01601,CUST05426,BR048,Personal Loan,2024-04-28,471776.5,13.01,36,453682.29,Pending
LOAN01602,CUST04041,BR027,Personal Loan,2025-07-25,488248.59,10.84,180,351425.57,Active
LOAN01603,CUST05750,BR007,Auto Loan,2025-10-24,1601102.0,10.9,84,898666.58,Pending
LOAN01604,CUST01262,BR016,Education Loan,2020-02-02,1131922.39,7.75,12,990900.56,Defaulted
LOAN01605,CUST04943,BR043,Business Loan,2021-05-03,1480937.19,11.1,84,1448837.22,Closed
LOAN01606,CUST06326,BR038,Business Loan,2024-06-18,3697810.92,10.35,180,999222.89,Defaulted
LOAN01607,CUST02252,BR010,Personal Loan,2023-12-05,309299.15,9.17,24,128500.09,Pending
LOAN01608,CUST06191,BR001,Business Loan,2021-01-14,2033806.34,10.86,48,322659.9,Active
LOAN01609,CUST07671,BR046,Auto Loan,2023-02-15,846582.32,8.75,240,198055.52,Closed
LOAN01610,CUST05000,BR046,Personal Loan,2024-05-29,777544.14,9.73,24,498444.59,Active
LOAN01611,CUST04302,BR057,Business Loan,2024-08-17,530050.14,10.26,36,212135.79,Closed
LOAN01612,CUST04545,BR022,Business Loan,2020-02-06,1716575.56,10.73,48,585817.59,Defaulted
LOAN01613,CUST06077,BR057,Education Loan,2022-11-05,544199.88,11.62,60,269950.55,Pending
LOAN01614,CUST04449,BR009,Auto Loan,2020-01-23,1768630.35,13.49,24,311803.91,Active
LOAN01615,CUST04744,BR009,Personal Loan,2020-06-18,353719.67,13.66,84,41182.95,Active
LOAN01616,CUST00840,BR047,Personal Loan,2025-11-13,450122.88,14.01,60,244275.1,Closed
LOAN01617,CUST06266,BR019,Home Loan,2022-09-27,2117226.63,14.86,240,421342.61,Pending
LOAN01618,CUST06113,BR026,Home Loan,2024-03-31,2057240.6,10.37,12,1720789.8,Defaulted
LOAN01619,CUST00353,BR037,Business Loan,2025-11-13,3347524.26,12.23,84,2751378.26,Defaulted
LOAN01620,CUST05120,BR023,Personal Loan,2021-09-14,112653.24,10.24,36,64573.79,Defaulted
LOAN01621,CUST01504,BR047,Auto Loan,2021-06-28,413168.07,13.28,60,227528.23,Pending
LOAN01622,CUST04160,BR023,Education Loan,2024-02-03,597843.65,15.4,60,86343.97,Pending
LOAN01623,CUST02512,BR009,Education Loan,2024-04-19,1484517.75,11.71,24,447944.77,Defaulted
LOAN01624,CUST01878,BR018,Education Loan,2020-06-05,614495.61,14.68,84,206319.39,Defaulted
LOAN01625,CUST07592,BR001,Home Loan,2024-11-12,5166209.47,11.17,180,638387.46,Defaulted
LOAN01626,CUST01419,BR031,Home Loan,2025-01-29,1084380.31,9.11,180,849548.0,Pending
LOAN01627,CUST04499,BR049,Education Loan,2020-03-27,1229041.84,9.3,60,1030429.27,Defaulted
LOAN01628,CUST07666,BR057,Auto Loan,2020-01-21,1939501.14,12.07,60,1914909.38,Pending
LOAN01629,CUST03985,BR012,Education Loan,2023-12-16,356306.86,11.64,36,50944.84,Defaulted
LOAN01630,CUST04304,BR001,Personal Loan,2021-07-01,233354.03,8.3,48,213660.82,Pending
LOAN01631,CUST04431,BR045,Personal Loan,2025-03-17,465930.38,13.64,48,324760.82,Pending
LOAN01632,CUST05884,BR033,Business Loan,2024-09-24,4223798.72,13.77,48,3451258.04,Pending
LOAN01633,CUST07153,BR014,Home Loan,2024-08-01,5099781.97,9.7,12,1325380.64,Defaulted
LOAN01634,CUST03678,BR015,Personal Loan,2024-03-16,138057.64,10.42,48,45370.6,Pending
LOAN01635,CUST02985,BR024,Auto Loan,2024-05-04,1557621.03,9.94,84,532287.65,Active
LOAN01636,CUST00457,BR042,Business Loan,2024-07-25,3778899.92,15.16,48,3278565.91,Defaulted
LOAN01637,CUST00087,BR006,Education Loan,2024-07-15,1184754.41,9.56,240,91731.42,Defaulted
LOAN01638,CUST01334,BR009,Personal Loan,2024-07-31,340279.14,12.88,180,116480.33,Defaulted
LOAN01639,CUST05243,BR048,Home Loan,2024-04-25,1378587.17,9.09,180,272162.46,Active
LOAN01640,CUST05572,BR013,Personal Loan,2025-05-05,765960.8,11.89,12,584370.17,Defaulted
LOAN01641,CUST00867,BR056,Business Loan,2024-05-05,2749401.93,7.07,36,940406.61,Closed
LOAN01642,CUST01181,BR020,Home Loan,2025-02-25,3865512.46,12.99,12,1097486.09,Active
LOAN01643,CUST03759,BR026,Auto Loan,2023-01-09,467634.36,12.26,84,268384.56,Defaulted
LOAN01644,CUST03950,BR049,Personal Loan,2021-02-24,534660.76,9.35,12,316242.66,Active
LOAN01645,CUST05536,BR059,Personal Loan,2020-09-22,721276.94,13.59,60,182065.2,Active
LOAN01646,CUST00871,BR051,Education Loan,2022-03-23,269560.65,15.33,24,89585.26,Pending
LOAN01647,CUST03767,BR027,Business Loan,2020-05-06,3782363.38,7.02,36,1897261.7,Closed
LOAN01648,CUST00283,BR055,Education Loan,2022-03-30,150489.63,13.62,60,93372.29,Active
LOAN01649,CUST00519,BR027,Home Loan,2024-05-17,4279160.27,8.05,24,1387063.64,Pending
LOAN01650,CUST01499,BR047,Education Loan,2020-01-20,528402.72,11.38,24,214784.37,Closed
LOAN01651,CUST06823,BR010,Education Loan,2023-07-09,954334.11,12.29,180,196056.18,Defaulted
LOAN01652,CUST05382,BR033,Personal Loan,2024-11-22,433120.98,13.63,36,134418.82,Defaulted
LOAN01653,CUST03297,BR030,Personal Loan,2021-04-25,555217.78,10.31,36,108851.18,Closed
LOAN01654,CUST07019,BR060,Home Loan,2020-02-09,2320413.44,7.02,180,1725579.4,Defaulted
LOAN01655,CUST03963,BR004,Business Loan,2023-10-10,905635.33,15.3,60,242841.13,Closed
LOAN01656,CUST02607,BR015,Education Loan,2020-01-02,1368029.11,15.46,48,1270881.03,Pending
LOAN01657,CUST00164,BR001,Business Loan,2023-08-10,1246455.67,12.43,180,926190.4,Pending
LOAN01658,CUST07524,BR004,Education Loan,2025-05-26,1365029.97,15.2,60,821389.73,Defaulted
LOAN01659,CUST03719,BR010,Personal Loan,2023-12-24,668757.68,13.01,180,499323.35,Closed
LOAN01660,CUST07240,BR033,Business Loan,2025-03-13,2123808.21,9.21,240,2021572.58,Defaulted
LOAN01661,CUST01057,BR038,Business Loan,2021-05-25,4340945.06,14.46,120,1754084.03,Defaulted
LOAN01662,CUST04678,BR053,Personal Loan,2023-05-09,397625.72,11.87,24,318559.28,Defaulted
LOAN01663,CUST00100,BR046,Auto Loan,2023-06-20,1472190.79,11.5,180,1262526.8,Active
LOAN01664,CUST02223,BR040,Education Loan,2021-06-09,587718.98,12.58,36,48218.58,Defaulted
LOAN01665,CUST06038,BR028,Home Loan,2025-07-18,1435737.8,7.63,60,375940.86,Pending
LOAN01666,CUST06109,BR009,Home Loan,2021-04-07,4053184.3,11.2,48,2836964.05,Closed
LOAN01667,CUST01183,BR050,Home Loan,2025-01-10,5257638.51,8.8,240,4924836.15,Closed
LOAN01668,CUST06676,BR016,Education Loan,2022-08-03,205713.24,8.02,180,158087.32,Defaulted
LOAN01669,CUST04832,BR039,Home Loan,2021-04-11,1767316.42,14.79,60,1652682.29,Defaulted
LOAN01670,CUST07974,BR055,Education Loan,2021-08-10,218774.47,8.93,36,206108.26,Pending
LOAN01671,CUST06316,BR029,Personal Loan,2023-01-24,553056.58,9.12,240,227961.64,Active
LOAN01672,CUST04314,BR045,Home Loan,2021-03-14,6526739.32,15.43,120,5780095.38,Active
LOAN01673,CUST06616,BR046,Auto Loan,2020-04-17,1459453.61,9.83,84,282986.49,Active
LOAN01674,CUST07133,BR019,Business Loan,2020-03-31,3525372.04,12.2,120,1413122.51,Pending
LOAN01675,CUST01854,BR051,Auto Loan,2020-05-07,1049832.61,14.92,84,412466.28,Pending
LOAN01676,CUST00426,BR021,Education Loan,2022-10-05,318633.43,14.79,84,174817.5,Active
LOAN01677,CUST06131,BR050,Business Loan,2025-04-05,4877276.21,10.42,12,670132.75,Active
LOAN01678,CUST05748,BR051,Personal Loan,2025-09-24,664466.81,12.77,240,528888.41,Pending
LOAN01679,CUST00510,BR035,Auto Loan,2022-06-20,286605.73,11.52,84,230319.75,Defaulted
LOAN01680,CUST05515,BR044,Business Loan,2025-02-11,4115865.02,11.05,12,3260560.84,Defaulted
LOAN01681,CUST07223,BR043,Business Loan,2021-07-18,2747629.89,13.48,48,1432796.67,Closed
LOAN01682,CUST03785,BR029,Auto Loan,2021-05-05,471767.75,15.21,48,165106.41,Closed
LOAN01683,CUST05234,BR009,Home Loan,2021-01-28,4235176.21,14.55,24,3697971.71,Active
LOAN01684,CUST02766,BR020,Business Loan,2020-12-25,1069128.2,8.4,180,945856.82,Closed
LOAN01685,CUST04923,BR030,Auto Loan,2025-07-07,832543.37,15.16,240,397474.56,Closed
LOAN01686,CUST04366,BR020,Personal Loan,2020-09-27,130842.59,8.28,84,112063.18,Defaulted
LOAN01687,CUST07303,BR019,Home Loan,2022-08-25,6730372.38,13.95,240,2282863.5,Closed
LOAN01688,CUST07527,BR023,Personal Loan,2024-03-30,653608.36,12.69,36,309478.84,Active
LOAN01689,CUST03039,BR043,Personal Loan,2020-01-02,698004.84,12.52,24,398450.03,Pending
LOAN01690,CUST03946,BR047,Personal Loan,2022-06-13,456968.68,15.14,84,304579.03,Defaulted
LOAN01691,CUST02563,BR023,Business Loan,2025-09-18,2683237.04,8.31,24,285622.56,Closed
LOAN01692,CUST05743,BR011,Business Loan,2022-08-25,3696510.69,8.43,48,1143629.62,Pending
LOAN01693,CUST05825,BR040,Personal Loan,2025-04-01,292491.26,8.13,36,290480.18,Active
LOAN01694,CUST07908,BR031,Home Loan,2020-10-07,943314.09,14.11,120,711067.35,Pending
LOAN01695,CUST02820,BR024,Personal Loan,2023-05-13,610706.61,13.77,36,226610.72,Pending
LOAN01696,CUST00846,BR040,Auto Loan,2022-04-18,1313092.67,11.57,48,749062.22,Pending
LOAN01697,CUST02299,BR001,Business Loan,2022-02-28,720896.92,8.85,240,707370.6,Pending
LOAN01698,CUST06502,BR010,Education Loan,2022-08-25,765702.88,8.41,12,492144.96,Defaulted
LOAN01699,CUST03759,BR043,Home Loan,2022-09-23,7684789.91,14.56,24,4049744.32,Active
LOAN01700,CUST05658,BR043,Business Loan,2022-11-12,3564463.26,13.19,84,1703886.9,Active
LOAN01701,CUST03864,BR028,Education Loan,2023-10-14,180850.81,15.19,180,114997.74,Defaulted
LOAN01702,CUST06882,BR002,Business Loan,2022-08-21,1997407.33,11.96,120,1129095.26,Pending
LOAN01703,CUST01553,BR001,Personal Loan,2023-06-26,668647.15,13.4,60,74859.62,Active
LOAN01704,CUST05458,BR021,Education Loan,2023-09-08,454553.77,15.04,240,49719.77,Active
LOAN01705,CUST00286,BR034,Education Loan,2022-09-26,448005.63,14.56,24,65727.23,Pending
LOAN01706,CUST06763,BR031,Auto Loan,2023-05-24,219710.49,13.67,36,164766.4,Closed
LOAN01707,CUST01212,BR032,Education Loan,2023-05-11,388849.21,14.65,240,175622.1,Defaulted
LOAN01708,CUST03634,BR051,Auto Loan,2020-12-22,882821.28,12.95,120,402492.72,Active
LOAN01709,CUST03823,BR012,Auto Loan,2024-04-06,808208.51,9.62,12,230918.31,Active
LOAN01710,CUST00086,BR060,Business Loan,2023-03-10,2109749.45,12.25,48,1101618.44,Defaulted
LOAN01711,CUST02340,BR037,Business Loan,2025-12-08,733257.5,14.32,60,496349.98,Active
LOAN01712,CUST03903,BR024,Home Loan,2021-08-20,6342933.92,11.85,180,4608895.7,Defaulted
LOAN01713,CUST01863,BR024,Home Loan,2023-11-16,5687309.94,7.98,120,468531.41,Closed
LOAN01714,CUST07178,BR052,Auto Loan,2023-10-04,1192812.74,12.03,120,1138026.6,Defaulted
LOAN01715,CUST01118,BR047,Home Loan,2020-04-25,961164.97,13.97,12,420582.06,Active
LOAN01716,CUST02072,BR049,Business Loan,2023-04-04,1645768.94,15.04,12,1181947.67,Closed
LOAN01717,CUST04732,BR022,Auto Loan,2025-04-11,1880907.65,11.22,48,842944.85,Active
LOAN01718,CUST05035,BR033,Personal Loan,2023-02-09,125000.04,9.44,12,10222.42,Active
LOAN01719,CUST06051,BR054,Personal Loan,2022-07-22,520770.76,9.47,12,251319.3,Closed
LOAN01720,CUST07673,BR043,Business Loan,2021-08-01,3152521.67,13.41,120,2360380.45,Active
LOAN01721,CUST01349,BR042,Personal Loan,2024-01-08,280679.59,12.04,240,201512.47,Active
LOAN01722,CUST06342,BR040,Business Loan,2024-08-15,4277791.56,11.15,84,1909952.09,Active
LOAN01723,CUST01219,BR026,Education Loan,2020-03-26,1021460.87,10.27,36,1017521.15,Active
LOAN01724,CUST00067,BR003,Auto Loan,2024-10-10,587725.87,11.84,84,448120.89,Pending
LOAN01725,CUST05047,BR005,Business Loan,2023-01-12,3632551.23,10.72,24,517084.45,Active
LOAN01726,CUST05090,BR005,Education Loan,2023-06-01,119147.55,13.51,24,36717.49,Closed
LOAN01727,CUST04652,BR039,Business Loan,2024-02-23,4518665.45,11.62,48,3894239.46,Active
LOAN01728,CUST07412,BR048,Education Loan,2024-03-10,340723.37,13.59,240,139415.66,Active
LOAN01729,CUST01805,BR050,Business Loan,2021-09-05,1153569.52,12.39,240,973213.82,Closed
LOAN01730,CUST05814,BR028,Business Loan,2022-06-10,4234231.43,7.05,120,593879.5,Pending
LOAN01731,CUST00379,BR020,Business Loan,2022-06-14,3939270.63,13.6,48,1303851.06,Defaulted
LOAN01732,CUST04858,BR022,Auto Loan,2023-09-15,1584962.99,14.16,180,378720.23,Pending
LOAN01733,CUST05399,BR059,Auto Loan,2025-02-08,1394772.73,10.19,24,949724.88,Closed
LOAN01734,CUST03673,BR049,Auto Loan,2025-09-24,1030864.27,8.09,48,527606.84,Pending
LOAN01735,CUST01245,BR055,Home Loan,2020-04-21,7327162.1,9.45,36,2551180.43,Active
LOAN01736,CUST01055,BR017,Auto Loan,2024-03-24,1728378.89,14.85,36,117549.07,Active
LOAN01737,CUST07027,BR047,Business Loan,2023-08-26,3552750.68,15.41,12,2168469.2,Defaulted
LOAN01738,CUST02086,BR027,Personal Loan,2022-04-12,403552.26,13.12,84,280201.94,Closed
LOAN01739,CUST04828,BR005,Auto Loan,2025-01-27,529964.75,11.29,48,80447.94,Closed
LOAN01740,CUST02732,BR032,Auto Loan,2025-06-17,595470.24,7.29,12,586889.52,Closed
LOAN01741,CUST07653,BR042,Personal Loan,2020-04-26,285400.27,8.29,48,199791.28,Pending
LOAN01742,CUST07812,BR041,Auto Loan,2020-08-09,331910.0,15.14,48,256477.31,Defaulted
LOAN01743,CUST04009,BR030,Education Loan,2021-06-12,548580.11,10.79,24,292830.93,Active
LOAN01744,CUST00302,BR040,Home Loan,2020-02-23,6760032.08,11.97,48,889763.04,Defaulted
LOAN01745,CUST00857,BR017,Education Loan,2024-07-29,152487.72,8.81,84,50851.93,Active
LOAN01746,CUST01794,BR055,Education Loan,2024-08-23,505084.79,9.81,36,41974.28,Active
LOAN01747,CUST07517,BR015,Education Loan,2024-03-30,742675.7,11.82,12,337920.11,Pending
LOAN01748,CUST05482,BR011,Education Loan,2020-03-07,1221780.96,9.56,60,591160.35,Active
LOAN01749,CUST02966,BR011,Personal Loan,2024-04-07,714281.81,7.77,24,693922.38,Closed
LOAN01750,CUST04034,BR002,Business Loan,2023-01-23,3174208.43,14.5,180,2612996.0,Pending
LOAN01751,CUST00788,BR029,Home Loan,2022-07-21,7862699.25,9.84,180,7283813.4,Defaulted
LOAN01752,CUST01990,BR018,Auto Loan,2021-12-07,1316078.62,8.28,120,1309760.16,Defaulted
LOAN01753,CUST07558,BR015,Business Loan,2022-01-27,437270.38,10.97,12,315482.52,Closed
LOAN01754,CUST06200,BR021,Auto Loan,2020-08-18,1086318.31,9.01,48,449906.08,Closed
LOAN01755,CUST06102,BR006,Business Loan,2020-01-04,1258995.96,8.64,240,73186.64,Defaulted
LOAN01756,CUST06120,BR033,Business Loan,2022-08-01,1780699.03,8.99,36,1101780.61,Defaulted
LOAN01757,CUST00870,BR052,Home Loan,2023-04-22,6652443.9,7.23,48,5981665.22,Defaulted
LOAN01758,CUST00377,BR060,Personal Loan,2021-08-18,354380.55,14.58,12,236308.45,Closed
LOAN01759,CUST00689,BR054,Personal Loan,2022-07-24,783041.43,10.62,180,624773.78,Active
LOAN01760,CUST03540,BR036,Home Loan,2020-01-21,7891060.97,12.88,240,7479411.76,Active
LOAN01761,CUST03425,BR039,Home Loan,2022-04-20,7941264.67,15.36,12,2313899.13,Defaulted
LOAN01762,CUST02232,BR033,Home Loan,2021-05-04,3576193.64,8.51,120,3398612.18,Pending
LOAN01763,CUST00062,BR045,Personal Loan,2021-11-10,156081.91,15.23,84,66007.62,Active
LOAN01764,CUST03279,BR016,Education Loan,2022-01-31,1198000.2,13.98,240,300452.02,Pending
LOAN01765,CUST07764,BR017,Auto Loan,2022-11-13,1146975.12,10.96,24,691897.86,Closed
LOAN01766,CUST01299,BR041,Personal Loan,2022-04-27,291246.16,13.19,36,225414.3,Defaulted
LOAN01767,CUST07385,BR022,Personal Loan,2020-04-04,344345.03,8.16,180,279726.14,Active
LOAN01768,CUST02290,BR028,Business Loan,2020-03-19,1498546.93,10.33,84,1291476.8,Active
LOAN01769,CUST06800,BR007,Auto Loan,2020-10-20,1180716.52,14.55,84,826647.64,Pending
LOAN01770,CUST07879,BR047,Education Loan,2023-01-17,303831.37,15.26,84,198278.74,Defaulted
LOAN01771,CUST00513,BR012,Auto Loan,2021-03-13,312081.58,10.05,120,146852.37,Closed
LOAN01772,CUST07917,BR007,Home Loan,2025-04-08,2468969.85,9.43,84,267443.74,Defaulted
LOAN01773,CUST04913,BR051,Home Loan,2024-11-24,1220878.74,13.22,120,148096.77,Defaulted
LOAN01774,CUST04676,BR045,Education Loan,2023-12-22,1386996.76,10.64,180,1105003.85,Defaulted
LOAN01775,CUST01000,BR026,Education Loan,2025-01-18,331141.51,14.86,180,230219.66,Closed
LOAN01776,CUST03682,BR001,Auto Loan,2020-11-05,1361158.12,10.76,24,77149.62,Defaulted
LOAN01777,CUST04334,BR023,Personal Loan,2024-05-20,432117.4,13.3,12,320759.85,Pending
LOAN01778,CUST01857,BR010,Home Loan,2022-07-28,3557756.89,11.04,36,663317.6,Defaulted
LOAN01779,CUST00472,BR043,Business Loan,2025-05-21,4441572.62,7.32,240,3412722.2,Pending
LOAN01780,CUST06959,BR010,Auto Loan,2020-02-19,1613673.39,13.27,24,1006625.22,Pending
LOAN01781,CUST01021,BR050,Education Loan,2020-05-07,364469.23,7.31,24,326239.46,Pending
LOAN01782,CUST02910,BR006,Personal Loan,2022-07-02,791712.95,10.73,120,441600.8,Active
LOAN01783,CUST04231,BR056,Home Loan,2025-02-25,4198002.47,10.74,12,1984542.02,Active
LOAN01784,CUST01710,BR024,Home Loan,2024-08-18,5563606.29,11.23,12,3340570.99,Defaulted
LOAN01785,CUST05356,BR043,Auto Loan,2021-11-03,337175.0,9.51,24,257930.56,Defaulted
LOAN01786,CUST05625,BR053,Auto Loan,2022-01-03,1735658.18,11.58,24,957072.72,Pending
LOAN01787,CUST07348,BR057,Business Loan,2020-05-31,843592.22,11.7,24,674956.46,Defaulted
LOAN01788,CUST07710,BR059,Personal Loan,2023-05-16,417875.58,10.17,48,96108.73,Closed
LOAN01789,CUST02930,BR019,Education Loan,2023-08-08,668309.81,14.53,12,249555.02,Active
LOAN01790,CUST07699,BR021,Personal Loan,2024-03-22,567915.18,10.19,84,507219.95,Defaulted
LOAN01791,CUST06245,BR053,Auto Loan,2023-08-04,394283.64,7.65,120,149287.78,Pending
LOAN01792,CUST07356,BR054,Education Loan,2025-01-31,478318.89,15.15,36,406486.0,Pending
LOAN01793,CUST07274,BR018,Business Loan,2023-06-03,3201914.37,10.39,60,2227406.18,Active
LOAN01794,CUST07026,BR004,Personal Loan,2022-11-20,126360.49,14.74,120,107809.41,Defaulted
LOAN01795,CUST01948,BR054,Personal Loan,2024-06-25,203301.99,7.22,120,11389.15,Closed
LOAN01796,CUST06989,BR026,Business Loan,2021-12-21,2504773.47,13.21,24,1362743.29,Defaulted
LOAN01797,CUST05075,BR025,Education Loan,2021-02-20,316946.27,8.09,24,253923.68,Active
LOAN01798,CUST05641,BR034,Personal Loan,2024-11-18,440599.26,12.74,120,73306.38,Closed
LOAN01799,CUST00392,BR055,Home Loan,2023-01-02,7145228.62,7.29,180,6765999.81,Pending
LOAN01800,CUST06239,BR004,Education Loan,2023-03-26,458665.06,14.57,60,206683.72,Active
LOAN01801,CUST02935,BR020,Auto Loan,2022-11-16,841393.17,10.14,240,755631.45,Active
LOAN01802,CUST02086,BR008,Personal Loan,2020-07-03,562836.58,15.44,60,302461.4,Closed
LOAN01803,CUST04461,BR033,Personal Loan,2024-06-25,81456.55,9.49,48,63287.21,Defaulted
LOAN01804,CUST05183,BR042,Home Loan,2024-10-18,1395685.06,7.88,120,1285837.89,Pending
LOAN01805,CUST01441,BR012,Auto Loan,2025-07-22,224709.24,12.54,60,189365.42,Active
LOAN01806,CUST07442,BR039,Business Loan,2022-07-20,3560748.67,9.14,180,1769429.26,Defaulted
LOAN01807,CUST05977,BR017,Auto Loan,2024-07-08,877463.51,8.31,84,772669.81,Closed
LOAN01808,CUST05972,BR032,Auto Loan,2023-02-12,1935928.46,13.39,120,1576434.48,Active
LOAN01809,CUST07906,BR019,Home Loan,2024-05-05,5163744.4,8.91,48,4237946.41,Pending
LOAN01810,CUST04064,BR024,Auto Loan,2025-02-18,1399396.15,14.54,180,637005.77,Closed
LOAN01811,CUST03603,BR003,Business Loan,2022-03-17,1697696.99,7.96,60,1097627.56,Active
LOAN01812,CUST01315,BR035,Education Loan,2020-11-02,992167.19,8.63,240,402568.36,Pending
LOAN01813,CUST03969,BR011,Home Loan,2025-03-30,6309800.9,7.72,60,3066400.56,Pending
LOAN01814,CUST03621,BR035,Education Loan,2024-02-10,1372910.94,8.78,180,618420.57,Pending
LOAN01815,CUST04930,BR020,Business Loan,2024-09-24,3438776.19,13.46,180,1073469.46,Active
LOAN01816,CUST03452,BR056,Business Loan,2021-09-18,661173.44,8.0,120,307967.32,Pending
LOAN01817,CUST01357,BR026,Home Loan,2025-05-10,7705227.52,10.0,120,3680438.37,Active
LOAN01818,CUST06649,BR047,Education Loan,2025-01-04,1337119.94,13.31,12,195539.11,Defaulted
LOAN01819,CUST02668,BR049,Home Loan,2021-09-29,2295672.46,10.28,120,837125.62,Active
LOAN01820,CUST02091,BR043,Home Loan,2022-11-25,7012676.64,9.97,120,5927040.98,Active
LOAN01821,CUST00190,BR059,Personal Loan,2021-01-20,206244.24,7.76,12,71540.1,Active
LOAN01822,CUST00876,BR015,Auto Loan,2020-03-01,1074878.98,12.3,84,520625.82,Pending
LOAN01823,CUST02556,BR004,Auto Loan,2021-10-02,853266.51,15.4,60,351879.65,Pending
LOAN01824,CUST02848,BR047,Business Loan,2022-06-07,4509166.26,7.2,240,4484969.81,Closed
LOAN01825,CUST02194,BR036,Personal Loan,2023-10-14,693592.88,13.46,24,352703.7,Defaulted
LOAN01826,CUST06684,BR044,Auto Loan,2021-11-14,227006.94,15.23,12,145753.07,Pending
LOAN01827,CUST01359,BR031,Education Loan,2024-10-01,734493.94,13.26,60,685056.1,Defaulted
LOAN01828,CUST02762,BR026,Education Loan,2022-06-15,861122.31,10.24,180,268470.57,Pending
LOAN01829,CUST05412,BR044,Home Loan,2020-01-18,6655481.78,14.09,24,2471950.78,Active
LOAN01830,CUST05802,BR016,Personal Loan,2022-09-19,537057.07,9.17,180,360162.88,Defaulted
LOAN01831,CUST01433,BR008,Auto Loan,2022-10-09,248781.99,11.31,180,162547.67,Pending
LOAN01832,CUST00806,BR050,Business Loan,2024-09-19,4683139.11,9.26,84,3403834.8,Closed
LOAN01833,CUST05795,BR028,Auto Loan,2024-02-24,1187995.7,11.16,48,352330.58,Pending
LOAN01834,CUST07548,BR043,Business Loan,2025-11-24,2910391.5,8.36,180,176083.77,Active
LOAN01835,CUST03156,BR018,Home Loan,2020-12-10,6199844.03,8.45,48,4594876.18,Defaulted
LOAN01836,CUST04741,BR007,Business Loan,2024-10-10,3754789.02,11.75,60,774412.47,Closed
LOAN01837,CUST05821,BR052,Home Loan,2021-08-07,6036426.13,9.12,60,2334414.32,Active
LOAN01838,CUST07695,BR006,Education Loan,2025-04-02,138168.29,10.33,12,38200.78,Defaulted
LOAN01839,CUST06600,BR004,Auto Loan,2024-01-22,1086276.76,12.5,48,566797.15,Defaulted
LOAN01840,CUST03172,BR049,Personal Loan,2020-03-24,780864.02,11.12,24,457668.08,Closed
LOAN01841,CUST05567,BR052,Business Loan,2022-03-07,1661190.13,12.67,60,1377657.29,Defaulted
LOAN01842,CUST06493,BR055,Home Loan,2020-01-13,5600249.65,9.96,120,1462842.82,Closed
LOAN01843,CUST06266,BR038,Auto Loan,2024-09-23,961233.12,13.08,12,756451.53,Closed
LOAN01844,CUST06676,BR048,Business Loan,2023-06-20,4504309.36,11.26,84,3958365.9,Defaulted
LOAN01845,CUST01577,BR005,Home Loan,2021-10-06,1268509.61,11.33,240,71671.4,Closed
LOAN01846,CUST03758,BR060,Business Loan,2022-05-15,748308.25,11.37,48,467542.75,Defaulted
LOAN01847,CUST06598,BR041,Education Loan,2020-12-06,309084.1,7.43,60,73694.4,Defaulted
LOAN01848,CUST02868,BR029,Business Loan,2024-07-26,1178094.55,14.08,12,313242.22,Defaulted
LOAN01849,CUST02090,BR037,Business Loan,2020-02-01,3797089.77,14.4,12,3770015.97,Closed
LOAN01850,CUST02490,BR025,Business Loan,2021-03-20,3571726.15,13.1,120,630532.64,Active
LOAN01851,CUST01687,BR057,Personal Loan,2023-07-19,547494.08,12.29,24,491440.56,Active
LOAN01852,CUST06137,BR060,Business Loan,2022-07-13,3359651.11,15.26,180,1468563.02,Closed
LOAN01853,CUST04519,BR044,Home Loan,2024-09-08,4156357.16,7.29,36,3771536.56,Active
LOAN01854,CUST00497,BR040,Auto Loan,2022-01-21,927906.11,12.56,180,697797.27,Defaulted
LOAN01855,CUST02452,BR009,Home Loan,2023-01-15,1994521.45,12.16,12,154035.75,Closed
LOAN01856,CUST06081,BR026,Business Loan,2024-04-15,477193.56,12.15,36,468367.67,Pending
LOAN01857,CUST00938,BR017,Home Loan,2021-06-05,4359747.0,14.5,36,3120523.54,Pending
LOAN01858,CUST07372,BR011,Personal Loan,2021-06-13,580355.94,12.52,180,230025.94,Defaulted
LOAN01859,CUST05457,BR027,Business Loan,2021-12-19,4851822.13,15.31,240,3129881.73,Defaulted
LOAN01860,CUST07893,BR052,Personal Loan,2021-04-23,68124.22,14.9,240,34342.68,Closed
LOAN01861,CUST03549,BR036,Home Loan,2022-02-13,3369309.87,10.39,48,312557.53,Closed
LOAN01862,CUST04524,BR056,Auto Loan,2021-05-01,1770162.55,14.8,240,1542216.41,Defaulted
LOAN01863,CUST02977,BR025,Home Loan,2025-04-22,5743599.1,13.29,12,1345632.54,Active
LOAN01864,CUST05878,BR015,Home Loan,2020-05-05,7980823.15,14.19,120,1756804.94,Active
LOAN01865,CUST05658,BR005,Education Loan,2025-12-25,772831.97,12.99,240,197663.12,Closed
LOAN01866,CUST07269,BR033,Auto Loan,2022-10-22,480953.51,15.12,60,480166.41,Closed
LOAN01867,CUST04818,BR043,Auto Loan,2021-11-05,1894920.19,10.13,48,184290.39,Active
LOAN01868,CUST00364,BR012,Business Loan,2023-11-02,4078413.3,14.16,36,337374.82,Pending
LOAN01869,CUST01755,BR039,Personal Loan,2025-11-04,403058.81,12.16,36,61254.28,Closed
LOAN01870,CUST07507,BR010,Business Loan,2025-06-17,423376.96,10.18,240,386744.24,Closed
LOAN01871,CUST04590,BR033,Home Loan,2020-05-18,5267407.85,14.26,12,2682394.04,Defaulted
LOAN01872,CUST05680,BR008,Education Loan,2025-10-11,707582.04,7.6,240,700161.46,Pending
LOAN01873,CUST03640,BR028,Business Loan,2024-11-06,3546923.36,13.43,180,279175.98,Defaulted
LOAN01874,CUST06396,BR054,Education Loan,2022-12-09,202722.89,14.36,48,158792.0,Active
LOAN01875,CUST03154,BR004,Education Loan,2023-03-26,1266263.65,9.24,180,1253047.74,Closed
LOAN01876,CUST05791,BR009,Business Loan,2021-02-16,3547600.37,8.6,120,606805.61,Active
LOAN01877,CUST06283,BR025,Auto Loan,2025-03-12,1664764.97,7.05,12,1098380.72,Closed
LOAN01878,CUST06383,BR048,Personal Loan,2021-08-28,158851.55,14.75,60,77474.71,Defaulted
LOAN01879,CUST04896,BR044,Auto Loan,2020-03-15,1137084.36,9.07,48,156644.24,Closed
LOAN01880,CUST02022,BR060,Personal Loan,2022-06-20,494316.24,12.58,24,142747.99,Active
LOAN01881,CUST03493,BR048,Auto Loan,2022-04-13,618884.21,14.28,60,378954.61,Active
LOAN01882,CUST06025,BR011,Personal Loan,2023-01-08,448988.95,11.1,24,304861.25,Pending
LOAN01883,CUST07966,BR040,Personal Loan,2023-04-25,479099.88,13.43,84,189042.51,Defaulted
LOAN01884,CUST05560,BR033,Personal Loan,2023-11-29,448618.04,14.66,84,346756.29,Closed
LOAN01885,CUST02450,BR016,Auto Loan,2025-08-04,1358725.75,7.96,120,397013.62,Closed
LOAN01886,CUST06755,BR018,Auto Loan,2022-07-06,506048.0,10.51,12,505365.9,Pending
LOAN01887,CUST04087,BR016,Auto Loan,2020-11-05,508595.43,13.5,180,502014.51,Closed
LOAN01888,CUST05321,BR025,Personal Loan,2025-10-13,653010.18,12.22,36,272196.84,Pending
LOAN01889,CUST01242,BR028,Business Loan,2021-05-30,2816534.44,11.51,12,286714.16,Pending
LOAN01890,CUST02801,BR034,Home Loan,2021-12-22,6305665.56,10.27,180,6019787.8,Active
LOAN01891,CUST07752,BR057,Home Loan,2022-05-21,6665962.77,8.88,180,3865275.71,Pending
LOAN01892,CUST01996,BR027,Business Loan,2020-10-05,4228781.46,12.52,120,829318.7,Active
LOAN01893,CUST05242,BR020,Auto Loan,2021-07-05,772798.44,12.54,36,199874.28,Active
LOAN01894,CUST03218,BR040,Auto Loan,2022-11-30,1923548.51,10.17,24,1375467.78,Active
LOAN01895,CUST05034,BR045,Business Loan,2024-01-22,4278033.04,9.47,180,1010966.21,Closed
LOAN01896,CUST04805,BR041,Auto Loan,2024-09-29,351246.09,11.83,48,210332.76,Pending
LOAN01897,CUST02584,BR032,Home Loan,2022-06-04,1642293.77,7.63,36,1060866.47,Pending
LOAN01898,CUST02075,BR017,Education Loan,2025-05-01,431879.19,10.81,84,366684.08,Active
LOAN01899,CUST03789,BR053,Education Loan,2022-04-18,322528.03,11.09,24,205621.89,Closed
LOAN01900,CUST00612,BR004,Auto Loan,2022-11-19,515871.73,14.8,24,329493.48,Active
LOAN01901,CUST01929,BR041,Education Loan,2021-05-13,1189178.4,7.64,36,364654.47,Active
LOAN01902,CUST01920,BR058,Business Loan,2022-11-27,3330386.82,13.46,120,3241976.84,Active
LOAN01903,CUST00586,BR018,Auto Loan,2023-02-10,740771.6,7.07,12,202944.69,Closed
LOAN01904,CUST01508,BR014,Education Loan,2023-05-29,1482463.76,10.6,240,1372849.27,Active
LOAN01905,CUST01896,BR029,Home Loan,2021-01-11,3547376.61,13.12,48,2467020.38,Defaulted
LOAN01906,CUST05056,BR021,Business Loan,2020-01-19,506642.86,7.87,36,303754.46,Pending
LOAN01907,CUST04855,BR027,Home Loan,2023-12-02,5321622.7,10.72,120,1685941.42,Defaulted
LOAN01908,CUST00802,BR010,Personal Loan,2022-08-14,357020.05,9.86,12,97306.34,Active
LOAN01909,CUST03910,BR039,Personal Loan,2021-01-31,712522.22,12.37,36,461461.15,Active
LOAN01910,CUST01717,BR052,Personal Loan,2021-01-26,571145.08,9.01,60,450190.63,Closed
LOAN01911,CUST06904,BR026,Home Loan,2022-05-09,3612160.43,11.32,240,2958242.43,Defaulted
LOAN01912,CUST04777,BR057,Auto Loan,2025-05-25,1203759.04,11.83,12,377023.82,Closed
LOAN01913,CUST03280,BR006,Personal Loan,2022-04-22,738748.96,13.35,12,534892.98,Defaulted
LOAN01914,CUST07761,BR022,Auto Loan,2020-06-05,1995836.06,9.35,36,1903169.14,Defaulted
LOAN01915,CUST06005,BR035,Education Loan,2021-10-03,421495.91,8.89,60,175706.91,Pending
LOAN01916,CUST05321,BR050,Education Loan,2020-03-02,1316374.27,12.38,36,891107.85,Closed
LOAN01917,CUST01978,BR011,Home Loan,2023-06-20,3226000.26,8.38,24,923145.9,Active
LOAN01918,CUST04311,BR034,Auto Loan,2025-03-15,1252057.05,15.2,48,1073197.8,Closed
LOAN01919,CUST01681,BR039,Home Loan,2025-02-10,4476339.55,9.18,48,1415537.32,Defaulted
LOAN01920,CUST01061,BR024,Business Loan,2023-03-09,2497043.92,14.1,240,697878.1,Pending
LOAN01921,CUST07156,BR028,Education Loan,2025-08-09,644612.16,11.33,12,269663.15,Active
LOAN01922,CUST06127,BR027,Auto Loan,2022-10-02,519686.7,9.7,48,295743.06,Defaulted
LOAN01923,CUST05423,BR039,Education Loan,2024-12-16,1245720.84,13.01,120,402241.63,Defaulted
LOAN01924,CUST01297,BR041,Home Loan,2021-05-15,7552414.59,9.15,12,4254970.54,Active
LOAN01925,CUST03319,BR019,Education Loan,2024-07-28,1405479.72,13.14,60,112433.94,Defaulted
LOAN01926,CUST03459,BR031,Home Loan,2021-10-21,4029473.48,11.07,60,1676465.57,Closed
LOAN01927,CUST01817,BR040,Education Loan,2023-08-20,276238.27,7.08,180,49143.79,Pending
LOAN01928,CUST00256,BR035,Auto Loan,2023-09-27,597724.34,15.21,12,65118.89,Defaulted
LOAN01929,CUST04051,BR008,Education Loan,2021-09-02,420972.01,7.1,120,48146.38,Pending
LOAN01930,CUST02258,BR060,Home Loan,2022-08-12,1723824.75,13.32,240,1716737.08,Closed
LOAN01931,CUST01508,BR058,Auto Loan,2025-10-03,530731.74,13.78,60,505707.43,Defaulted
LOAN01932,CUST00962,BR030,Home Loan,2025-11-15,5098360.31,8.76,84,2235708.99,Closed
LOAN01933,CUST02279,BR023,Auto Loan,2024-11-10,985024.7,8.11,84,874947.77,Closed
LOAN01934,CUST01795,BR059,Auto Loan,2023-05-16,1792856.14,9.83,60,685588.59,Closed
LOAN01935,CUST03037,BR052,Education Loan,2021-07-10,629509.2,13.94,240,521595.51,Defaulted
LOAN01936,CUST02109,BR042,Business Loan,2023-08-13,1404248.19,7.42,48,895141.81,Pending
LOAN01937,CUST05069,BR054,Home Loan,2025-03-14,3241278.49,9.67,48,2714928.4,Defaulted
LOAN01938,CUST05666,BR057,Personal Loan,2024-02-14,261539.48,9.65,24,48759.49,Closed
LOAN01939,CUST03726,BR056,Business Loan,2022-01-21,3843754.0,12.22,180,2442212.62,Closed
LOAN01940,CUST04703,BR054,Business Loan,2025-10-21,4586475.86,8.87,180,4261827.48,Active
LOAN01941,CUST01159,BR003,Auto Loan,2023-10-29,1073927.63,11.16,180,136311.16,Pending
LOAN01942,CUST02138,BR020,Education Loan,2025-06-06,833650.51,15.11,120,780418.69,Defaulted
LOAN01943,CUST07776,BR004,Auto Loan,2022-11-15,349323.37,9.1,180,290148.93,Closed
LOAN01944,CUST00301,BR028,Education Loan,2020-01-12,646025.47,11.94,60,356214.75,Active
LOAN01945,CUST05006,BR047,Auto Loan,2024-09-06,1435988.86,10.39,240,389676.48,Closed
LOAN01946,CUST03666,BR027,Education Loan,2024-07-31,779093.48,10.31,84,774465.81,Defaulted
LOAN01947,CUST06338,BR051,Personal Loan,2023-07-05,577208.04,9.36,48,431359.91,Closed
LOAN01948,CUST00461,BR039,Education Loan,2020-07-01,577988.0,10.08,120,501133.98,Closed
LOAN01949,CUST07350,BR055,Education Loan,2022-07-30,805005.82,9.48,36,401609.92,Closed
LOAN01950,CUST06236,BR020,Auto Loan,2023-01-14,1006371.49,15.16,24,395107.36,Pending
LOAN01951,CUST03774,BR010,Home Loan,2025-06-20,4028385.75,14.42,48,3556087.63,Defaulted
LOAN01952,CUST05060,BR056,Personal Loan,2022-10-23,245967.81,12.98,36,138226.58,Active
LOAN01953,CUST01121,BR001,Education Loan,2022-01-12,995011.27,9.78,36,212823.96,Defaulted
LOAN01954,CUST04010,BR050,Home Loan,2022-08-14,1513618.37,14.93,120,535448.65,Defaulted
LOAN01955,CUST07412,BR058,Home Loan,2023-05-04,3956353.32,13.24,12,2620596.2,Closed
LOAN01956,CUST05277,BR043,Auto Loan,2024-07-12,1802526.4,11.91,36,1033793.25,Defaulted
LOAN01957,CUST05299,BR031,Education Loan,2023-07-19,1234865.63,10.34,180,1039354.25,Defaulted
LOAN01958,CUST05914,BR049,Home Loan,2023-08-04,3807642.31,7.31,240,1919624.24,Closed
LOAN01959,CUST00588,BR040,Auto Loan,2021-04-10,1430143.39,12.19,48,1104068.18,Active
LOAN01960,CUST03538,BR038,Auto Loan,2023-06-26,1763207.15,8.73,120,745912.92,Active
LOAN01961,CUST02313,BR010,Home Loan,2020-11-11,4355729.07,7.46,24,2792615.71,Active
LOAN01962,CUST02843,BR021,Auto Loan,2022-03-02,426660.53,10.57,240,120281.89,Pending
LOAN01963,CUST06154,BR010,Auto Loan,2024-06-02,987164.36,10.31,36,222255.89,Active
LOAN01964,CUST06536,BR060,Home Loan,2022-04-12,2458209.92,12.08,60,1367690.32,Defaulted
LOAN01965,CUST05320,BR024,Business Loan,2025-04-01,3298943.9,7.38,180,763209.43,Active
LOAN01966,CUST04190,BR018,Home Loan,2025-02-04,3519884.84,14.79,24,1754138.33,Defaulted
LOAN01967,CUST05196,BR034,Education Loan,2025-04-15,834820.83,13.58,84,62642.33,Closed
LOAN01968,CUST06601,BR033,Education Loan,2021-03-01,151593.31,11.07,240,146816.88,Defaulted
LOAN01969,CUST05093,BR024,Business Loan,2025-02-10,3769417.85,15.04,180,3735702.8,Pending
LOAN01970,CUST03976,BR017,Personal Loan,2021-10-02,717027.54,12.69,48,290810.12,Defaulted
LOAN01971,CUST04276,BR026,Education Loan,2024-10-28,774079.07,7.0,48,611614.79,Closed
LOAN01972,CUST03121,BR049,Education Loan,2023-10-15,1196960.21,14.41,36,379188.14,Active
LOAN01973,CUST05693,BR035,Personal Loan,2023-08-04,767213.88,14.89,48,63700.17,Pending
LOAN01974,CUST01201,BR040,Personal Loan,2021-09-01,451881.01,11.99,36,432985.7,Pending
LOAN01975,CUST02418,BR004,Personal Loan,2025-02-03,183078.4,12.84,12,169467.69,Closed
LOAN01976,CUST03040,BR002,Education Loan,2025-07-29,1325718.41,8.19,84,790380.51,Active
LOAN01977,CUST06485,BR051,Personal Loan,2023-03-14,681922.17,8.31,60,437022.28,Closed
LOAN01978,CUST01543,BR014,Auto Loan,2021-09-01,1522824.27,15.5,60,697064.44,Pending
LOAN01979,CUST01780,BR053,Business Loan,2020-04-05,1648067.25,10.92,240,1217206.35,Active
LOAN01980,CUST03793,BR060,Auto Loan,2025-04-30,1356178.32,12.01,120,478702.22,Closed
LOAN01981,CUST04686,BR056,Personal Loan,2022-05-22,127794.57,10.54,36,82812.12,Defaulted
LOAN01982,CUST04066,BR006,Personal Loan,2023-04-17,488375.86,13.67,120,181343.76,Closed
LOAN01983,CUST06690,BR043,Education Loan,2024-12-29,533408.63,15.23,240,440727.73,Active
LOAN01984,CUST02950,BR011,Home Loan,2024-12-11,6498144.63,12.47,24,5841307.97,Pending
LOAN01985,CUST04408,BR001,Education Loan,2023-08-01,797431.16,15.47,12,130502.31,Active
LOAN01986,CUST07986,BR053,Home Loan,2022-05-08,4557489.56,7.12,12,4018795.03,Pending
LOAN01987,CUST06289,BR053,Home Loan,2020-05-05,3853616.84,11.61,60,799026.3,Defaulted
LOAN01988,CUST07667,BR025,Personal Loan,2021-03-28,79039.61,8.83,60,57943.76,Active
LOAN01989,CUST03605,BR014,Personal Loan,2021-07-31,749486.86,11.59,84,396541.65,Closed
LOAN01990,CUST07066,BR011,Education Loan,2022-12-03,1318726.59,13.56,240,397469.12,Pending
LOAN01991,CUST01359,BR028,Home Loan,2023-04-13,6656552.12,7.65,240,5285289.96,Defaulted
LOAN01992,CUST06285,BR010,Auto Loan,2022-12-01,1195369.17,13.21,48,551802.2,Defaulted
LOAN01993,CUST02210,BR001,Business Loan,2023-06-08,502417.85,11.25,84,273465.55,Pending
LOAN01994,CUST00478,BR019,Education Loan,2020-04-05,347112.61,15.26,120,158235.17,Closed
LOAN01995,CUST06516,BR033,Auto Loan,2025-12-23,1899471.1,8.96,84,1786108.34,Closed
LOAN01996,CUST01085,BR033,Home Loan,2020-07-06,2263725.47,8.7,36,1061538.45,Closed
LOAN01997,CUST02059,BR023,Home Loan,2023-12-02,7779959.26,8.57,36,7066025.18,Active
LOAN01998,CUST07534,BR048,Business Loan,2020-09-08,3044433.6,13.14,240,1609532.93,Closed
LOAN01999,CUST07562,BR031,Auto Loan,2024-10-25,769092.24,8.37,240,117063.5,Closed
LOAN02000,CUST03992,BR054,Education Loan,2025-02-18,416965.52,11.49,24,80204.17,Active
LOAN02001,CUST02356,BR005,Education Loan,2022-11-21,1254600.6,12.31,120,156965.23,Defaulted
LOAN02002,CUST07357,BR010,Auto Loan,2020-08-24,418354.3,13.37,60,36042.51,Defaulted
LOAN02003,CUST07488,BR003,Home Loan,2024-02-23,5118252.0,14.48,180,2111868.67,Closed
LOAN02004,CUST05025,BR040,Auto Loan,2023-02-18,875455.02,11.97,60,714357.96,Pending
LOAN02005,CUST06208,BR040,Personal Loan,2025-04-25,74272.85,13.71,12,47511.86,Pending
LOAN02006,CUST02590,BR035,Home Loan,2025-03-22,6136331.25,15.39,12,5993318.83,Pending
LOAN02007,CUST05377,BR031,Education Loan,2025-05-03,1235036.81,8.74,60,556713.97,Closed
LOAN02008,CUST07975,BR025,Education Loan,2025-06-02,471388.2,10.9,180,355116.94,Defaulted
LOAN02009,CUST00819,BR037,Home Loan,2023-03-26,3607816.75,10.23,180,3315485.3,Pending
LOAN02010,CUST03021,BR006,Personal Loan,2023-06-23,754104.38,7.66,180,293260.22,Defaulted
LOAN02011,CUST05693,BR022,Auto Loan,2020-10-30,656086.94,12.37,12,143002.38,Pending
LOAN02012,CUST07382,BR039,Personal Loan,2021-02-03,552211.04,9.12,180,326032.57,Defaulted
LOAN02013,CUST04234,BR029,Home Loan,2023-12-21,7054845.45,8.33,12,4663385.53,Active
LOAN02014,CUST04652,BR055,Auto Loan,2022-10-18,1109329.84,13.84,12,1001532.73,Active
LOAN02015,CUST00223,BR050,Business Loan,2021-12-08,4553791.77,13.2,180,439314.39,Pending
LOAN02016,CUST05479,BR060,Education Loan,2023-09-20,1279430.24,9.85,240,1137666.51,Closed
LOAN02017,CUST03863,BR007,Personal Loan,2024-05-18,133025.02,14.83,48,51129.77,Active
LOAN02018,CUST07420,BR029,Business Loan,2020-06-04,4888081.12,14.16,48,2761875.48,Defaulted
LOAN02019,CUST01284,BR008,Business Loan,2020-10-26,4928702.88,12.04,12,1667786.54,Closed
LOAN02020,CUST01254,BR053,Education Loan,2023-06-05,446020.39,10.76,240,73584.49,Active
LOAN02021,CUST03733,BR051,Business Loan,2021-10-08,4920814.05,12.52,48,2241279.02,Pending
LOAN02022,CUST05578,BR030,Home Loan,2024-09-03,6485182.55,12.38,48,4691983.48,Pending
LOAN02023,CUST06005,BR048,Personal Loan,2023-01-16,392263.57,12.7,180,184009.51,Defaulted
LOAN02024,CUST01261,BR027,Business Loan,2020-07-10,773041.4,8.41,84,102025.43,Active
LOAN02025,CUST05698,BR049,Business Loan,2020-07-23,4914188.93,11.76,48,3986624.4,Pending
LOAN02026,CUST05452,BR012,Home Loan,2024-04-13,1695275.66,9.98,36,1618656.49,Active
LOAN02027,CUST02850,BR028,Education Loan,2020-06-03,981662.61,13.19,24,891876.73,Defaulted
LOAN02028,CUST00382,BR036,Business Loan,2023-06-05,3299904.54,12.43,240,1368845.46,Defaulted
LOAN02029,CUST06068,BR003,Home Loan,2021-06-16,4650631.38,8.53,84,1435829.84,Defaulted
LOAN02030,CUST04183,BR001,Personal Loan,2025-03-26,605610.76,13.46,48,285588.45,Defaulted
LOAN02031,CUST02353,BR014,Home Loan,2021-07-26,4356309.18,7.58,60,2531069.52,Closed
LOAN02032,CUST00004,BR005,Auto Loan,2024-04-25,446069.39,12.56,240,59844.36,Active
LOAN02033,CUST07377,BR006,Business Loan,2022-12-21,2824782.24,9.82,48,809739.37,Closed
LOAN02034,CUST02578,BR046,Personal Loan,2023-02-08,61905.28,11.89,240,18437.8,Active
LOAN02035,CUST02840,BR058,Business Loan,2023-05-20,2828015.67,14.11,120,2555683.85,Closed
LOAN02036,CUST01686,BR041,Education Loan,2021-12-05,1322200.13,11.63,48,326493.79,Pending
LOAN02037,CUST06969,BR010,Auto Loan,2023-09-03,1677012.69,13.32,240,317578.97,Closed
LOAN02038,CUST04826,BR013,Personal Loan,2024-03-15,233800.67,9.81,120,225371.53,Active
LOAN02039,CUST03928,BR050,Personal Loan,2020-05-29,173759.59,8.56,240,9750.43,Pending
LOAN02040,CUST07716,BR050,Business Loan,2024-04-20,2299009.12,14.4,84,254962.88,Pending
LOAN02041,CUST07083,BR014,Education Loan,2024-01-30,181177.7,7.72,12,44599.37,Pending
LOAN02042,CUST02017,BR013,Home Loan,2022-06-13,2179658.76,9.53,120,1124569.8,Closed
LOAN02043,CUST01162,BR025,Home Loan,2025-04-30,3699202.19,12.76,240,1667985.84,Active
LOAN02044,CUST02639,BR002,Auto Loan,2024-02-08,1024895.16,15.42,240,826108.84,Defaulted
LOAN02045,CUST07898,BR009,Home Loan,2025-04-02,6128366.81,9.56,84,3945613.78,Closed
LOAN02046,CUST00445,BR006,Personal Loan,2023-01-20,278642.61,7.41,12,39042.36,Closed
LOAN02047,CUST06704,BR008,Education Loan,2023-02-20,1455871.58,10.31,36,1378958.15,Defaulted
LOAN02048,CUST04918,BR006,Auto Loan,2023-10-17,1533607.18,13.23,84,861806.66,Active
LOAN02049,CUST02114,BR027,Business Loan,2024-03-11,2039044.97,11.89,84,1297084.52,Active
LOAN02050,CUST03801,BR043,Auto Loan,2021-09-23,1458233.61,11.25,36,803058.81,Defaulted
LOAN02051,CUST03912,BR015,Home Loan,2022-08-23,3044385.09,12.63,120,1136995.68,Closed
LOAN02052,CUST00387,BR053,Home Loan,2025-03-20,3477244.29,13.78,36,1731483.05,Active
LOAN02053,CUST04577,BR028,Home Loan,2023-04-04,5055636.6,7.17,180,2741321.78,Closed
LOAN02054,CUST04657,BR042,Education Loan,2022-11-06,140192.95,10.94,36,56286.98,Pending
LOAN02055,CUST06845,BR007,Personal Loan,2023-08-06,392334.63,10.95,240,224054.52,Active
LOAN02056,CUST04056,BR011,Business Loan,2021-04-17,1190914.19,9.52,48,696823.68,Defaulted
LOAN02057,CUST03638,BR035,Education Loan,2023-04-09,1185782.2,7.93,60,438110.91,Active
LOAN02058,CUST04923,BR002,Personal Loan,2025-11-27,458796.0,14.68,12,46374.94,Active
LOAN02059,CUST04385,BR049,Personal Loan,2021-04-26,541593.98,14.81,60,166073.82,Closed
LOAN02060,CUST01219,BR036,Education Loan,2024-11-05,1096627.0,15.31,12,291254.96,Pending
LOAN02061,CUST01029,BR043,Auto Loan,2025-05-10,289605.14,8.37,36,59032.76,Pending
LOAN02062,CUST06872,BR056,Auto Loan,2025-11-29,1262774.89,14.11,12,1107234.46,Pending
LOAN02063,CUST05158,BR052,Education Loan,2023-11-13,203391.8,9.57,120,88709.79,Defaulted
LOAN02064,CUST05487,BR024,Auto Loan,2023-04-12,1152834.66,7.95,120,380992.74,Active
LOAN02065,CUST06679,BR020,Education Loan,2021-02-05,1188453.57,12.95,12,1116159.46,Active
LOAN02066,CUST01848,BR018,Personal Loan,2025-10-13,454989.64,7.64,120,27289.3,Pending
LOAN02067,CUST06732,BR048,Personal Loan,2021-04-12,581732.21,7.31,36,88441.55,Closed
LOAN02068,CUST00920,BR048,Home Loan,2021-05-13,4847970.11,15.0,36,844675.56,Active
LOAN02069,CUST01680,BR014,Education Loan,2023-03-13,1193278.59,12.4,60,473780.89,Pending
LOAN02070,CUST07738,BR045,Education Loan,2023-03-26,1385212.26,14.91,240,166099.11,Active
LOAN02071,CUST05751,BR037,Home Loan,2024-01-17,3696795.01,7.98,36,1240103.21,Closed
LOAN02072,CUST00752,BR031,Business Loan,2025-08-19,1276815.01,7.45,180,262218.92,Defaulted
LOAN02073,CUST01908,BR004,Personal Loan,2022-10-01,374882.9,8.6,120,269600.74,Active
LOAN02074,CUST01462,BR008,Auto Loan,2025-09-20,1887457.2,10.14,36,253648.01,Defaulted
LOAN02075,CUST03454,BR024,Auto Loan,2020-03-14,228366.03,8.02,120,162860.17,Defaulted
LOAN02076,CUST06749,BR019,Personal Loan,2023-07-22,157877.87,11.17,84,128340.5,Active
LOAN02077,CUST04877,BR053,Personal Loan,2024-01-21,271739.96,14.62,84,260936.97,Active
LOAN02078,CUST05484,BR017,Education Loan,2021-01-16,1043660.26,12.02,240,403357.68,Active
LOAN02079,CUST04784,BR005,Education Loan,2020-12-17,469321.61,12.01,12,455143.01,Active
LOAN02080,CUST05814,BR001,Education Loan,2023-12-14,254089.03,8.1,24,53286.84,Defaulted
LOAN02081,CUST03745,BR025,Personal Loan,2025-02-23,154571.15,9.07,84,29821.32,Active
LOAN02082,CUST03773,BR060,Business Loan,2025-02-22,4161440.56,13.45,84,1612650.73,Active
LOAN02083,CUST00031,BR039,Personal Loan,2024-09-28,474532.81,13.99,48,474014.45,Closed
LOAN02084,CUST03989,BR015,Auto Loan,2022-01-03,1593240.51,7.4,180,334503.68,Active
LOAN02085,CUST03745,BR044,Auto Loan,2022-03-30,1008713.94,8.48,36,551583.85,Closed
LOAN02086,CUST06362,BR015,Education Loan,2021-10-21,1184541.06,13.4,12,460574.38,Active
LOAN02087,CUST00523,BR049,Auto Loan,2022-05-02,974418.14,7.72,240,475592.06,Defaulted
LOAN02088,CUST05175,BR001,Personal Loan,2023-10-17,674352.59,9.19,12,280582.25,Pending
LOAN02089,CUST04345,BR042,Home Loan,2023-06-07,1779395.31,10.72,48,911407.48,Closed
LOAN02090,CUST03319,BR009,Business Loan,2021-06-01,3198208.74,11.23,240,2953464.83,Defaulted
LOAN02091,CUST01015,BR002,Business Loan,2021-07-16,3831339.38,12.56,240,2831548.47,Pending
LOAN02092,CUST06921,BR035,Business Loan,2025-11-16,3503015.78,13.09,24,1373620.71,Active
LOAN02093,CUST00406,BR021,Education Loan,2025-07-12,546725.31,14.43,180,100430.85,Pending
LOAN02094,CUST00668,BR022,Auto Loan,2021-01-28,440742.77,7.8,36,109310.29,Pending
LOAN02095,CUST01965,BR022,Personal Loan,2024-01-20,283992.41,8.7,48,135577.43,Active
LOAN02096,CUST06953,BR003,Personal Loan,2025-02-23,683770.98,10.96,48,518315.12,Closed
LOAN02097,CUST01338,BR013,Education Loan,2021-08-07,609739.04,14.14,240,228366.87,Pending
LOAN02098,CUST02748,BR009,Business Loan,2024-08-08,664975.71,7.06,120,366261.65,Active
LOAN02099,CUST07904,BR049,Business Loan,2020-01-17,2558272.81,13.61,60,1851648.96,Closed
LOAN02100,CUST06294,BR034,Personal Loan,2025-09-16,228085.79,11.44,240,171806.14,Pending
LOAN02101,CUST07828,BR045,Education Loan,2021-06-04,412417.52,14.79,36,86018.73,Pending
LOAN02102,CUST04737,BR009,Business Loan,2023-11-10,2982525.1,12.75,24,816615.47,Active
LOAN02103,CUST03632,BR048,Business Loan,2025-10-19,3375187.67,11.29,24,1956098.21,Closed
LOAN02104,CUST07534,BR020,Business Loan,2022-05-02,3065193.18,14.6,24,767322.89,Defaulted
LOAN02105,CUST07141,BR052,Education Loan,2024-02-17,1421600.01,15.08,12,987065.97,Defaulted
LOAN02106,CUST04559,BR023,Business Loan,2025-10-15,481646.09,14.06,240,293271.72,Pending
LOAN02107,CUST05868,BR026,Personal Loan,2021-09-09,687487.29,14.63,120,204528.68,Pending
LOAN02108,CUST01220,BR021,Education Loan,2021-08-21,330932.32,11.69,36,294612.83,Closed
LOAN02109,CUST00151,BR006,Education Loan,2024-09-24,988840.13,7.07,48,125594.86,Active
LOAN02110,CUST02664,BR051,Home Loan,2023-06-18,1762473.76,14.36,48,1314433.55,Closed
LOAN02111,CUST06645,BR035,Education Loan,2022-03-12,1334299.46,8.66,60,94861.3,Closed
LOAN02112,CUST06847,BR034,Auto Loan,2022-02-16,854511.03,10.63,60,710608.13,Defaulted
LOAN02113,CUST07405,BR022,Personal Loan,2020-02-04,683666.42,8.75,240,650963.91,Closed
LOAN02114,CUST05062,BR055,Personal Loan,2023-03-02,58337.68,12.41,36,54127.98,Defaulted
LOAN02115,CUST01516,BR018,Home Loan,2021-11-09,5792615.84,9.68,84,2979330.48,Pending
LOAN02116,CUST00839,BR018,Auto Loan,2024-03-30,1111487.15,13.68,180,1051374.97,Closed
LOAN02117,CUST06802,BR028,Auto Loan,2021-03-11,732663.52,15.34,60,277738.54,Pending
LOAN02118,CUST06397,BR018,Education Loan,2025-05-12,205967.47,8.39,180,16975.02,Pending
LOAN02119,CUST02360,BR024,Business Loan,2022-03-24,3439505.32,13.23,120,2058725.73,Defaulted
LOAN02120,CUST00479,BR059,Personal Loan,2021-02-01,448071.81,14.1,180,404959.33,Pending
LOAN02121,CUST00447,BR038,Education Loan,2020-03-05,1318273.45,10.62,240,489737.78,Pending
LOAN02122,CUST03597,BR003,Personal Loan,2020-10-11,674266.39,9.77,36,537447.52,Closed
LOAN02123,CUST01073,BR047,Education Loan,2024-08-22,1326271.24,14.27,180,1204331.04,Defaulted
LOAN02124,CUST04845,BR014,Personal Loan,2020-05-23,361591.83,7.54,24,54802.44,Pending
LOAN02125,CUST06363,BR032,Education Loan,2022-06-15,279816.38,12.72,36,110180.33,Active
LOAN02126,CUST02003,BR036,Auto Loan,2024-07-15,1976254.39,13.94,180,205459.33,Pending
LOAN02127,CUST04539,BR003,Education Loan,2020-05-14,424985.76,9.16,180,203407.28,Closed
LOAN02128,CUST01863,BR034,Auto Loan,2022-06-01,1416715.57,11.16,48,919022.67,Pending
LOAN02129,CUST02504,BR007,Education Loan,2025-08-17,1341803.67,8.72,36,943912.01,Closed
LOAN02130,CUST00597,BR038,Personal Loan,2020-03-23,604939.68,15.29,60,278017.86,Defaulted
LOAN02131,CUST02755,BR047,Personal Loan,2023-01-10,771454.62,7.89,84,140494.42,Pending
LOAN02132,CUST04124,BR050,Personal Loan,2023-12-15,647452.42,9.72,84,290768.86,Pending
LOAN02133,CUST05006,BR026,Personal Loan,2023-10-21,54928.53,11.93,84,35199.6,Pending
LOAN02134,CUST03537,BR058,Education Loan,2020-07-18,1197176.68,12.48,60,1183137.09,Active
LOAN02135,CUST02111,BR013,Personal Loan,2022-08-16,486315.08,12.87,24,170478.69,Defaulted
LOAN02136,CUST00757,BR002,Personal Loan,2024-03-07,145636.71,10.73,24,105750.03,Defaulted
LOAN02137,CUST02645,BR006,Education Loan,2024-04-07,1134902.81,7.86,12,137228.32,Closed
LOAN02138,CUST01110,BR020,Business Loan,2022-11-03,3778850.25,14.58,36,2381217.06,Closed
LOAN02139,CUST02145,BR001,Personal Loan,2023-08-21,768306.4,14.01,240,681006.7,Active
LOAN02140,CUST01429,BR034,Personal Loan,2025-05-02,519228.62,15.01,240,126290.0,Active
LOAN02141,CUST07309,BR047,Home Loan,2021-10-08,4147600.18,12.77,36,912079.28,Active
LOAN02142,CUST02664,BR046,Business Loan,2023-06-17,3872158.38,10.11,24,1558433.61,Defaulted
LOAN02143,CUST07818,BR002,Education Loan,2024-11-17,1092091.43,15.42,12,1028769.04,Defaulted
LOAN02144,CUST06048,BR018,Home Loan,2022-12-05,2887032.77,13.39,48,2045720.06,Active
LOAN02145,CUST02182,BR010,Home Loan,2024-01-08,7715849.6,13.82,48,3147704.5,Defaulted
LOAN02146,CUST02917,BR060,Auto Loan,2024-05-19,1391881.79,9.57,84,656422.59,Pending
LOAN02147,CUST07234,BR013,Business Loan,2021-02-18,2599981.88,10.59,240,2583444.77,Defaulted
LOAN02148,CUST06785,BR060,Education Loan,2025-05-24,466434.91,8.14,12,314296.18,Closed
LOAN02149,CUST03246,BR019,Personal Loan,2024-03-29,794297.54,10.75,84,458161.21,Pending
LOAN02150,CUST06320,BR013,Personal Loan,2023-02-18,166325.13,10.03,84,26628.96,Defaulted
LOAN02151,CUST00705,BR038,Education Loan,2021-07-10,1057487.26,7.9,180,714250.06,Closed
LOAN02152,CUST01471,BR024,Business Loan,2021-05-05,1859296.67,14.17,24,902223.6,Pending
LOAN02153,CUST06821,BR026,Education Loan,2025-06-13,1471985.64,12.92,84,943514.62,Closed
LOAN02154,CUST06000,BR008,Personal Loan,2022-03-25,568707.19,11.31,60,518399.6,Pending
LOAN02155,CUST02659,BR030,Education Loan,2025-03-28,316139.93,10.46,48,279667.21,Closed
LOAN02156,CUST00102,BR024,Personal Loan,2025-12-06,334467.43,11.01,60,46158.28,Defaulted
LOAN02157,CUST03521,BR031,Personal Loan,2021-07-18,442608.68,14.63,24,394721.79,Closed
LOAN02158,CUST07832,BR008,Education Loan,2024-06-24,730526.69,12.3,240,452776.99,Defaulted
LOAN02159,CUST03394,BR034,Home Loan,2023-10-04,6285047.07,10.87,36,4847036.11,Active
LOAN02160,CUST07064,BR004,Personal Loan,2025-02-10,494979.11,14.08,60,475190.47,Closed
LOAN02161,CUST00662,BR007,Education Loan,2022-11-18,1027403.06,10.33,240,1018924.89,Active
LOAN02162,CUST01125,BR054,Auto Loan,2023-08-15,431087.4,9.18,120,176466.22,Defaulted
LOAN02163,CUST06850,BR039,Business Loan,2024-07-08,1626926.7,10.45,48,276950.72,Pending
LOAN02164,CUST07110,BR060,Education Loan,2022-12-02,1155095.01,10.96,120,781892.55,Closed
LOAN02165,CUST07523,BR031,Personal Loan,2022-08-20,614553.19,13.85,12,529933.88,Active
LOAN02166,CUST05767,BR026,Home Loan,2020-06-30,7563384.26,13.75,180,7261457.68,Pending
LOAN02167,CUST00529,BR054,Business Loan,2024-04-15,4573729.31,13.96,60,3400605.45,Pending
LOAN02168,CUST01682,BR032,Business Loan,2025-07-30,1173684.92,8.84,120,221631.6,Closed
LOAN02169,CUST01639,BR035,Business Loan,2025-10-20,1537114.99,13.43,240,1100009.92,Pending
LOAN02170,CUST00333,BR026,Home Loan,2024-11-23,4047481.16,8.93,12,1737204.46,Active
LOAN02171,CUST07582,BR023,Personal Loan,2024-07-25,55908.07,11.51,60,52330.45,Active
LOAN02172,CUST00359,BR056,Business Loan,2024-03-08,4824090.89,13.68,120,4550593.28,Closed
LOAN02173,CUST06719,BR032,Home Loan,2022-09-11,2671187.48,10.27,12,2333787.09,Closed
LOAN02174,CUST00467,BR021,Auto Loan,2023-02-15,906512.06,14.72,240,135765.1,Active
LOAN02175,CUST02273,BR020,Home Loan,2020-06-03,7710362.47,14.5,84,414405.63,Active
LOAN02176,CUST07081,BR034,Home Loan,2022-08-26,3522875.11,9.34,36,1833557.48,Active
LOAN02177,CUST00402,BR040,Personal Loan,2021-07-11,623882.35,15.4,36,236673.12,Defaulted
LOAN02178,CUST00443,BR018,Personal Loan,2024-05-04,499845.43,13.17,240,288618.94,Active
LOAN02179,CUST00821,BR009,Personal Loan,2025-03-16,128353.21,10.4,240,107416.22,Active
LOAN02180,CUST02638,BR001,Business Loan,2022-04-17,1669411.93,7.93,36,287363.33,Defaulted
LOAN02181,CUST05861,BR042,Auto Loan,2023-09-12,1577877.91,9.98,12,206444.95,Active
LOAN02182,CUST06576,BR009,Education Loan,2025-05-04,1272310.83,8.62,120,704242.36,Defaulted
LOAN02183,CUST07323,BR026,Business Loan,2020-10-10,1603659.93,13.85,180,1207516.85,Defaulted
LOAN02184,CUST03052,BR056,Auto Loan,2023-07-11,585084.85,7.12,240,119708.38,Defaulted
LOAN02185,CUST00093,BR053,Personal Loan,2024-09-05,87046.01,10.7,48,66545.64,Active
LOAN02186,CUST06176,BR049,Education Loan,2025-12-24,963492.16,14.17,48,572163.39,Pending
LOAN02187,CUST03468,BR047,Education Loan,2022-10-07,1192935.68,8.76,36,775030.32,Pending
LOAN02188,CUST01236,BR052,Personal Loan,2020-04-02,789153.89,7.11,24,355957.84,Active
LOAN02189,CUST07916,BR004,Personal Loan,2025-03-31,121917.47,14.64,180,16125.95,Closed
LOAN02190,CUST00583,BR028,Business Loan,2021-11-16,3380893.06,13.77,60,2684491.74,Pending
LOAN02191,CUST01111,BR012,Education Loan,2020-04-06,448025.07,8.46,36,225038.91,Active
LOAN02192,CUST05860,BR048,Education Loan,2020-06-09,631462.74,8.59,120,519431.6,Active
LOAN02193,CUST04635,BR047,Personal Loan,2020-03-24,158820.03,14.27,240,34421.12,Pending
LOAN02194,CUST07579,BR030,Education Loan,2024-08-08,1153987.25,12.54,24,1102190.22,Defaulted
LOAN02195,CUST04158,BR001,Auto Loan,2024-08-01,1805922.18,10.38,48,1071937.14,Closed
LOAN02196,CUST07090,BR006,Home Loan,2020-11-08,1993169.07,11.71,84,788629.96,Closed
LOAN02197,CUST07820,BR005,Business Loan,2022-04-20,1540692.64,10.8,180,1020065.27,Active
LOAN02198,CUST07129,BR007,Auto Loan,2025-12-17,245575.52,10.54,240,78430.45,Pending
LOAN02199,CUST02615,BR002,Education Loan,2020-07-14,213373.61,8.14,120,187335.44,Defaulted
LOAN02200,CUST06808,BR013,Home Loan,2020-08-29,3745533.43,10.09,60,3302312.19,Pending
LOAN02201,CUST01587,BR033,Home Loan,2025-03-16,7567574.93,10.25,60,6179095.31,Closed
LOAN02202,CUST06580,BR007,Personal Loan,2020-05-14,714145.52,13.01,84,533417.96,Closed
LOAN02203,CUST01842,BR013,Auto Loan,2023-05-06,479006.61,12.52,240,449888.96,Pending
LOAN02204,CUST03540,BR043,Auto Loan,2024-10-18,941682.47,8.78,36,677134.97,Pending
LOAN02205,CUST03644,BR027,Education Loan,2022-03-26,370084.87,10.61,84,351860.64,Active
LOAN02206,CUST06656,BR046,Business Loan,2024-09-24,4559672.41,11.84,240,2565327.58,Pending
LOAN02207,CUST04959,BR024,Business Loan,2023-02-18,3284255.95,11.43,24,835160.94,Pending
LOAN02208,CUST06926,BR016,Business Loan,2020-02-05,582902.82,8.56,12,258950.29,Defaulted
LOAN02209,CUST03860,BR008,Personal Loan,2024-06-13,596220.86,7.55,60,429198.42,Closed
LOAN02210,CUST07771,BR042,Home Loan,2021-07-29,2894818.75,7.62,48,2718906.65,Closed
LOAN02211,CUST05356,BR020,Education Loan,2025-03-01,645041.91,13.31,12,489518.73,Active
LOAN02212,CUST01611,BR020,Personal Loan,2022-12-31,541497.68,11.38,240,27847.57,Closed
LOAN02213,CUST03776,BR003,Education Loan,2023-11-04,705645.18,15.14,24,40491.25,Closed
LOAN02214,CUST05043,BR020,Business Loan,2025-01-16,3287089.04,14.58,84,2302149.66,Closed
LOAN02215,CUST00566,BR050,Personal Loan,2025-03-14,718794.76,7.89,36,638630.6,Active
LOAN02216,CUST04965,BR033,Business Loan,2020-12-02,4589966.43,7.29,36,2634621.35,Defaulted
LOAN02217,CUST04014,BR038,Business Loan,2020-10-09,1866714.7,7.45,180,596689.0,Pending
LOAN02218,CUST04514,BR015,Home Loan,2022-04-11,3414018.11,13.9,84,2811629.59,Pending
LOAN02219,CUST05642,BR016,Personal Loan,2022-03-10,601206.07,9.07,36,302913.07,Pending
LOAN02220,CUST05035,BR025,Personal Loan,2020-11-09,105287.67,7.1,12,71969.06,Active
LOAN02221,CUST07640,BR009,Business Loan,2024-08-30,669264.43,7.29,84,337506.16,Defaulted
LOAN02222,CUST00775,BR027,Personal Loan,2021-10-28,466409.86,12.62,24,287295.44,Closed
LOAN02223,CUST01851,BR005,Personal Loan,2025-09-28,239592.03,11.36,60,189826.01,Closed
LOAN02224,CUST02750,BR006,Home Loan,2023-02-18,3786106.94,8.4,12,2623527.86,Pending
LOAN02225,CUST05045,BR022,Personal Loan,2023-04-02,195246.29,13.58,240,106504.92,Active
LOAN02226,CUST05849,BR049,Education Loan,2020-08-26,1304484.87,14.98,60,1268339.08,Active
LOAN02227,CUST01132,BR006,Home Loan,2024-01-17,2899408.62,14.76,180,2409099.17,Defaulted
LOAN02228,CUST06580,BR054,Auto Loan,2024-06-14,933780.64,11.43,12,221633.65,Pending
LOAN02229,CUST06446,BR042,Education Loan,2020-05-23,222300.18,13.88,240,113202.05,Defaulted
LOAN02230,CUST03311,BR055,Personal Loan,2022-06-17,274720.38,8.24,240,83658.95,Pending
LOAN02231,CUST06458,BR047,Auto Loan,2020-06-09,1558246.61,7.21,12,1468832.41,Defaulted
LOAN02232,CUST05904,BR060,Auto Loan,2022-03-06,990677.4,12.89,60,331455.19,Active
LOAN02233,CUST06616,BR020,Education Loan,2022-10-08,1472823.86,11.72,60,1419763.32,Active
LOAN02234,CUST06732,BR009,Education Loan,2024-10-06,211976.02,14.66,12,73462.18,Pending
LOAN02235,CUST07584,BR044,Business Loan,2023-10-13,1165072.51,8.17,84,929761.6,Active
LOAN02236,CUST07781,BR038,Business Loan,2024-07-14,1552085.14,12.4,48,1504793.63,Defaulted
LOAN02237,CUST03906,BR027,Personal Loan,2024-03-22,196217.01,8.97,240,49112.18,Pending
LOAN02238,CUST03060,BR009,Business Loan,2025-02-28,3237073.79,11.66,12,3075943.37,Active
LOAN02239,CUST01077,BR009,Home Loan,2021-09-27,2742774.51,13.15,24,1399709.52,Active
LOAN02240,CUST02525,BR017,Personal Loan,2025-04-17,469486.86,8.65,180,434947.62,Closed
LOAN02241,CUST03209,BR011,Business Loan,2025-09-11,515437.83,13.41,36,136389.21,Defaulted
LOAN02242,CUST00837,BR046,Education Loan,2023-10-14,643274.84,7.3,12,399307.39,Defaulted
LOAN02243,CUST03577,BR060,Personal Loan,2024-09-26,58765.14,11.41,120,46318.62,Active
LOAN02244,CUST07589,BR033,Business Loan,2025-05-05,4777837.83,12.06,48,4325854.75,Closed
LOAN02245,CUST00118,BR055,Auto Loan,2022-04-01,868837.7,14.59,12,310987.79,Defaulted
LOAN02246,CUST04868,BR041,Personal Loan,2024-11-23,363261.63,14.24,60,164961.25,Closed
LOAN02247,CUST04734,BR057,Personal Loan,2021-08-01,308235.94,7.52,84,267095.78,Closed
LOAN02248,CUST00277,BR058,Auto Loan,2025-03-31,854350.89,14.96,84,151455.45,Active
LOAN02249,CUST04663,BR001,Business Loan,2020-07-26,2697188.86,15.06,60,237456.25,Defaulted
LOAN02250,CUST00283,BR014,Home Loan,2022-09-15,7393693.19,15.32,12,1943669.15,Defaulted
LOAN02251,CUST05443,BR053,Education Loan,2023-11-14,538043.88,15.02,180,360303.5,Pending
LOAN02252,CUST07807,BR031,Education Loan,2020-09-27,437089.55,14.77,180,29802.73,Closed
LOAN02253,CUST00540,BR038,Home Loan,2023-02-21,4170795.7,11.05,240,2114061.49,Active
LOAN02254,CUST04356,BR014,Education Loan,2023-09-17,783374.33,13.69,12,483580.7,Active
LOAN02255,CUST01957,BR052,Auto Loan,2025-03-20,924394.39,10.94,48,827058.9,Defaulted
LOAN02256,CUST07774,BR011,Auto Loan,2022-03-09,1753543.61,12.31,12,566160.17,Active
LOAN02257,CUST03867,BR015,Home Loan,2021-01-14,3331340.08,10.08,60,758198.61,Pending
LOAN02258,CUST02871,BR024,Personal Loan,2020-02-18,624360.61,8.86,36,546313.46,Defaulted
LOAN02259,CUST00357,BR052,Business Loan,2021-03-08,4948320.39,9.43,12,3090106.17,Closed
LOAN02260,CUST01936,BR039,Personal Loan,2024-11-24,202907.79,11.93,12,71482.13,Defaulted
LOAN02261,CUST04134,BR023,Business Loan,2025-07-28,1968355.14,11.22,48,830017.52,Pending
LOAN02262,CUST03376,BR057,Personal Loan,2025-09-09,538184.43,12.96,12,360617.22,Pending
LOAN02263,CUST01291,BR038,Auto Loan,2023-07-23,726243.11,13.78,84,208941.4,Active
LOAN02264,CUST02025,BR006,Auto Loan,2021-09-23,1580110.96,12.21,24,662626.56,Closed
LOAN02265,CUST01035,BR009,Education Loan,2020-06-30,1025576.77,7.32,180,688184.17,Closed
LOAN02266,CUST07590,BR032,Auto Loan,2022-02-26,1104325.93,7.06,24,206746.58,Closed
LOAN02267,CUST07312,BR016,Education Loan,2024-03-21,1204077.75,14.36,12,1019998.4,Pending
LOAN02268,CUST04107,BR038,Education Loan,2024-02-26,1293595.31,10.18,84,1076300.75,Pending
LOAN02269,CUST01092,BR049,Education Loan,2020-03-01,680386.96,10.57,36,131225.76,Closed
LOAN02270,CUST03631,BR037,Business Loan,2025-07-25,4537858.57,10.75,84,2436305.65,Pending
LOAN02271,CUST07362,BR041,Business Loan,2020-03-09,4330847.07,10.8,60,2336686.46,Active
LOAN02272,CUST04717,BR024,Auto Loan,2023-12-04,1165254.94,8.63,84,738443.48,Closed
LOAN02273,CUST07500,BR042,Auto Loan,2021-10-29,490587.58,11.29,180,148003.71,Defaulted
LOAN02274,CUST03068,BR048,Home Loan,2022-09-05,3674550.14,8.45,120,2536020.39,Closed
LOAN02275,CUST05492,BR036,Education Loan,2022-09-01,481479.7,15.47,180,473168.99,Active
LOAN02276,CUST04265,BR045,Education Loan,2025-05-01,480004.83,10.89,240,244547.74,Defaulted
LOAN02277,CUST07432,BR020,Home Loan,2024-10-11,5199671.85,15.32,48,5193855.1,Active
LOAN02278,CUST02247,BR003,Home Loan,2023-08-26,2024194.31,10.57,48,1181502.97,Active
LOAN02279,CUST02037,BR010,Personal Loan,2023-09-19,119507.05,8.0,36,80231.13,Pending
LOAN02280,CUST07893,BR022,Auto Loan,2020-12-04,300958.9,11.27,48,36604.29,Pending
LOAN02281,CUST01124,BR039,Education Loan,2021-01-21,1183778.63,8.19,180,776802.36,Closed
LOAN02282,CUST00576,BR033,Personal Loan,2025-01-13,105351.08,8.02,48,28672.29,Pending
LOAN02283,CUST00026,BR026,Personal Loan,2023-10-14,751207.92,9.31,180,719772.84,Active
LOAN02284,CUST02087,BR014,Education Loan,2020-09-22,587152.64,14.02,24,495234.1,Defaulted
LOAN02285,CUST03817,BR028,Education Loan,2025-10-07,1156702.06,7.23,24,776132.61,Pending
LOAN02286,CUST00358,BR050,Auto Loan,2025-09-27,232595.49,8.9,24,129980.57,Pending
LOAN02287,CUST02442,BR025,Business Loan,2020-05-27,3591745.31,15.16,180,1304667.64,Pending
LOAN02288,CUST03908,BR035,Auto Loan,2022-12-04,754565.11,9.24,120,215561.37,Pending
LOAN02289,CUST02412,BR005,Auto Loan,2025-08-18,1028533.29,14.04,12,790691.67,Closed
LOAN02290,CUST03551,BR030,Home Loan,2021-11-01,2350882.92,12.78,60,1600039.39,Closed
LOAN02291,CUST01374,BR005,Home Loan,2024-02-20,5529224.0,8.05,24,1037375.28,Closed
LOAN02292,CUST06832,BR001,Auto Loan,2024-11-06,306276.07,12.27,180,156737.92,Closed
LOAN02293,CUST08006,BR038,Business Loan,2024-06-22,1653022.06,15.01,84,848698.18,Active
LOAN02294,CUST02637,BR022,Education Loan,2020-09-14,1412084.28,9.54,84,293628.48,Closed
LOAN02295,CUST01507,BR034,Business Loan,2023-06-27,3900013.16,11.98,60,3023142.87,Active
LOAN02296,CUST00489,BR044,Education Loan,2020-01-02,1197687.69,8.4,36,842945.16,Closed
LOAN02297,CUST04001,BR044,Education Loan,2020-10-17,521681.66,15.39,84,307042.3,Defaulted
LOAN02298,CUST06168,BR052,Business Loan,2023-12-29,1911466.66,8.52,12,617390.99,Closed
LOAN02299,CUST02534,BR042,Home Loan,2024-12-06,2510046.41,12.27,24,1811283.25,Closed
LOAN02300,CUST02452,BR026,Business Loan,2024-01-30,3151352.06,9.89,240,1683544.89,Active
LOAN02301,CUST01438,BR040,Education Loan,2022-10-10,427017.07,12.47,36,280849.56,Active
LOAN02302,CUST03501,BR046,Home Loan,2021-09-23,2614932.94,15.3,60,2371680.4,Active
LOAN02303,CUST02142,BR004,Education Loan,2024-12-13,281960.48,13.72,24,46331.3,Defaulted
LOAN02304,CUST07753,BR022,Education Loan,2024-12-04,1033108.38,9.95,84,108112.19,Closed
LOAN02305,CUST02901,BR059,Education Loan,2021-01-10,1396687.3,13.02,24,1348946.35,Closed
LOAN02306,CUST02025,BR052,Personal Loan,2022-12-14,385646.38,7.42,180,62393.83,Active
LOAN02307,CUST02649,BR017,Personal Loan,2021-03-26,368516.78,12.9,180,202404.21,Active
LOAN02308,CUST05989,BR031,Education Loan,2020-11-08,1030219.38,12.69,240,513489.31,Active
LOAN02309,CUST00816,BR058,Education Loan,2020-03-29,1056016.01,12.87,240,947719.54,Active
LOAN02310,CUST01387,BR060,Education Loan,2020-04-27,1257575.82,11.52,60,1066016.06,Closed
LOAN02311,CUST02619,BR058,Business Loan,2025-02-04,4199832.58,14.52,120,1015098.22,Closed
LOAN02312,CUST05768,BR016,Auto Loan,2023-01-16,1024605.72,13.17,120,187397.82,Active
LOAN02313,CUST07971,BR054,Auto Loan,2025-01-07,1364431.74,11.77,12,163217.48,Closed
LOAN02314,CUST05755,BR027,Auto Loan,2024-12-30,1162848.88,14.97,48,482181.25,Defaulted
LOAN02315,CUST00789,BR035,Home Loan,2025-05-28,959455.29,11.08,180,622011.83,Closed
LOAN02316,CUST00599,BR034,Home Loan,2024-09-10,3896186.03,15.43,36,1842045.21,Active
LOAN02317,CUST03264,BR059,Personal Loan,2022-12-14,523441.08,12.73,120,75279.95,Pending
LOAN02318,CUST06031,BR044,Business Loan,2020-08-20,2880897.17,7.76,48,797444.85,Active
LOAN02319,CUST02942,BR041,Personal Loan,2020-02-07,725123.15,14.55,24,708189.06,Closed
LOAN02320,CUST02370,BR015,Business Loan,2022-12-19,4645759.5,8.59,12,2870890.93,Defaulted
LOAN02321,CUST06291,BR021,Business Loan,2024-07-24,2937619.29,7.61,24,2876045.15,Defaulted
LOAN02322,CUST02890,BR060,Business Loan,2025-11-16,1549618.98,14.26,60,585471.86,Defaulted
LOAN02323,CUST06138,BR040,Personal Loan,2023-08-07,100815.96,9.43,60,65731.34,Closed
LOAN02324,CUST04524,BR006,Business Loan,2020-07-29,4442907.61,14.82,48,2700036.67,Active
LOAN02325,CUST03204,BR020,Auto Loan,2025-01-04,524550.42,13.53,48,323154.61,Pending
LOAN02326,CUST00212,BR044,Business Loan,2020-01-16,2792247.64,7.49,36,1771815.84,Defaulted
LOAN02327,CUST02344,BR014,Auto Loan,2020-07-16,1825828.87,7.77,180,101313.69,Defaulted
LOAN02328,CUST00421,BR058,Auto Loan,2023-01-10,1334610.12,13.16,12,1325327.47,Defaulted
LOAN02329,CUST06840,BR033,Personal Loan,2023-01-15,603879.41,10.25,48,546471.78,Defaulted
LOAN02330,CUST02423,BR023,Auto Loan,2020-02-06,257672.45,13.11,180,242529.78,Active
LOAN02331,CUST04032,BR014,Business Loan,2025-03-12,4833346.93,11.02,240,1805911.89,Defaulted
LOAN02332,CUST00787,BR008,Business Loan,2022-06-13,4163932.51,11.47,48,3888873.14,Defaulted
LOAN02333,CUST05877,BR005,Education Loan,2020-12-12,534011.37,8.86,48,29115.08,Defaulted
LOAN02334,CUST07544,BR033,Home Loan,2021-02-06,7100224.85,7.53,240,5562697.7,Pending
LOAN02335,CUST00605,BR020,Business Loan,2025-02-01,2051220.51,14.89,84,1492439.19,Defaulted
LOAN02336,CUST05107,BR058,Personal Loan,2023-03-11,529035.82,7.29,120,360980.39,Defaulted
LOAN02337,CUST00551,BR016,Home Loan,2021-12-02,6124381.37,10.69,180,3765995.74,Active
LOAN02338,CUST07394,BR022,Business Loan,2021-08-18,4852398.57,7.73,84,2813427.21,Pending
LOAN02339,CUST03119,BR001,Home Loan,2020-02-05,864009.14,15.0,12,772953.42,Pending
LOAN02340,CUST00197,BR041,Auto Loan,2021-08-05,1380036.86,7.51,60,915101.87,Active
LOAN02341,CUST07188,BR060,Auto Loan,2022-04-12,1606342.27,9.87,120,1419071.07,Pending
LOAN02342,CUST06211,BR026,Auto Loan,2023-02-16,498902.72,10.52,36,489440.24,Pending
LOAN02343,CUST04224,BR021,Auto Loan,2024-03-03,1508602.18,14.67,60,1119559.15,Defaulted
LOAN02344,CUST07325,BR055,Personal Loan,2025-04-21,233436.73,9.89,120,61818.77,Closed
LOAN02345,CUST01452,BR039,Business Loan,2021-01-26,4781741.06,12.06,84,1740036.42,Active
LOAN02346,CUST02720,BR013,Home Loan,2022-10-18,2546761.39,14.06,12,219278.17,Pending
LOAN02347,CUST04960,BR040,Education Loan,2021-06-23,537777.85,12.99,180,431482.02,Defaulted
LOAN02348,CUST06659,BR044,Home Loan,2024-04-18,3826982.83,11.81,180,2451673.91,Defaulted
LOAN02349,CUST03360,BR045,Auto Loan,2023-11-12,1610404.69,13.97,60,181350.61,Active
LOAN02350,CUST06488,BR041,Personal Loan,2023-09-20,201096.48,13.6,240,141410.23,Closed
LOAN02351,CUST06754,BR021,Personal Loan,2021-01-12,620541.02,11.69,120,466355.91,Closed
LOAN02352,CUST05710,BR039,Business Loan,2022-02-12,2895555.77,12.89,24,761787.36,Pending
LOAN02353,CUST04011,BR060,Business Loan,2024-06-08,1761957.35,8.68,240,487533.17,Pending
LOAN02354,CUST02961,BR037,Personal Loan,2023-10-12,551719.97,14.16,180,318329.78,Active
LOAN02355,CUST02542,BR032,Home Loan,2024-12-27,2497820.37,11.86,48,639421.46,Defaulted
LOAN02356,CUST03295,BR016,Business Loan,2024-10-05,2488109.99,9.79,36,162792.64,Closed
LOAN02357,CUST07305,BR038,Education Loan,2023-06-05,1380844.13,14.72,24,967657.82,Pending
LOAN02358,CUST01759,BR020,Business Loan,2020-01-05,1807095.16,10.9,24,555295.3,Closed
LOAN02359,CUST02676,BR055,Home Loan,2025-02-13,3614235.97,8.48,84,602867.5,Active
LOAN02360,CUST04106,BR046,Personal Loan,2022-06-16,116605.52,8.47,180,62666.11,Pending
LOAN02361,CUST06382,BR040,Personal Loan,2020-12-08,492225.58,12.62,84,169510.88,Closed
LOAN02362,CUST05158,BR060,Personal Loan,2021-10-29,217664.64,7.69,60,142881.72,Closed
LOAN02363,CUST00462,BR010,Education Loan,2023-10-19,802307.66,14.4,240,58971.45,Closed
LOAN02364,CUST04567,BR043,Education Loan,2022-04-14,1123718.06,7.91,240,839546.08,Active
LOAN02365,CUST03660,BR060,Personal Loan,2024-09-20,657428.7,13.04,36,468895.84,Defaulted
LOAN02366,CUST04430,BR060,Education Loan,2021-03-21,458248.61,8.7,84,146032.38,Active
LOAN02367,CUST06025,BR058,Personal Loan,2021-07-29,152421.81,8.57,36,72650.78,Active
LOAN02368,CUST00347,BR004,Home Loan,2025-08-24,2222802.72,11.29,84,588962.87,Closed
LOAN02369,CUST03910,BR039,Business Loan,2023-01-18,460483.7,11.62,36,423630.88,Pending
LOAN02370,CUST05456,BR010,Auto Loan,2021-04-16,396883.8,13.97,84,152297.67,Pending
LOAN02371,CUST02391,BR046,Personal Loan,2023-03-21,133105.18,8.18,180,33978.12,Defaulted
LOAN02372,CUST04756,BR030,Home Loan,2020-01-20,7033974.34,13.33,12,4455386.57,Closed
LOAN02373,CUST01882,BR029,Education Loan,2024-06-20,1427014.05,13.11,12,1177562.99,Defaulted
LOAN02374,CUST05262,BR033,Education Loan,2020-03-08,384242.51,9.37,24,314146.48,Closed
LOAN02375,CUST04312,BR018,Personal Loan,2020-03-31,710614.62,10.22,240,68116.38,Closed
LOAN02376,CUST04905,BR009,Personal Loan,2024-06-07,449029.44,14.9,60,223157.04,Active
LOAN02377,CUST03802,BR015,Auto Loan,2021-05-07,1303096.36,15.0,12,65685.27,Defaulted
LOAN02378,CUST03256,BR019,Auto Loan,2023-05-07,1718681.92,8.66,36,791377.19,Pending
LOAN02379,CUST02623,BR038,Auto Loan,2023-05-27,1017381.23,10.54,36,73905.33,Active
LOAN02380,CUST07684,BR005,Education Loan,2025-08-02,555648.7,13.81,84,383634.9,Defaulted
LOAN02381,CUST00412,BR019,Home Loan,2022-09-04,5301124.74,8.74,48,3754971.97,Active
LOAN02382,CUST01419,BR045,Personal Loan,2020-11-18,476042.77,9.12,180,472529.33,Pending
LOAN02383,CUST01197,BR040,Business Loan,2024-08-26,4725687.78,13.97,24,2478199.19,Defaulted
LOAN02384,CUST00830,BR059,Business Loan,2024-10-10,1707461.85,10.38,36,683315.0,Active
LOAN02385,CUST05059,BR054,Auto Loan,2025-07-16,895786.72,11.97,180,787721.59,Closed
LOAN02386,CUST06925,BR050,Auto Loan,2021-11-06,359690.34,13.75,84,318696.34,Closed
LOAN02387,CUST00138,BR046,Auto Loan,2024-06-11,1681822.31,10.09,240,438277.17,Defaulted
LOAN02388,CUST04371,BR042,Business Loan,2022-01-22,1905430.35,7.72,240,1561300.39,Defaulted
LOAN02389,CUST04004,BR049,Personal Loan,2022-10-22,444481.12,8.86,12,350232.15,Pending
LOAN02390,CUST04781,BR002,Home Loan,2020-07-04,7844801.31,11.77,36,4359380.69,Pending
LOAN02391,CUST01227,BR030,Home Loan,2024-05-22,3690709.95,7.42,120,1251082.6,Defaulted
LOAN02392,CUST01856,BR023,Auto Loan,2023-08-08,1275639.86,7.28,84,109586.64,Active
LOAN02393,CUST02580,BR060,Education Loan,2020-04-02,674771.85,7.42,12,443427.12,Defaulted
LOAN02394,CUST07009,BR014,Auto Loan,2023-02-09,557406.88,14.88,120,297776.95,Closed
LOAN02395,CUST00523,BR021,Education Loan,2020-01-24,538059.06,13.22,180,444282.66,Defaulted
LOAN02396,CUST02945,BR025,Personal Loan,2025-04-20,121657.11,13.22,24,30076.72,Active
LOAN02397,CUST00917,BR024,Business Loan,2025-08-19,3635192.77,13.49,84,1185880.17,Closed
LOAN02398,CUST01167,BR023,Business Loan,2025-02-06,2226721.39,14.94,12,1641223.44,Active
LOAN02399,CUST06613,BR024,Auto Loan,2021-05-24,612761.56,7.23,48,244604.51,Closed
LOAN02400,CUST01177,BR043,Education Loan,2021-05-26,381060.7,11.8,84,193745.19,Pending
LOAN02401,CUST00185,BR056,Personal Loan,2020-11-21,169729.18,12.19,12,153765.74,Active
LOAN02402,CUST04545,BR035,Auto Loan,2021-08-14,1882830.43,8.21,120,1601304.44,Active
LOAN02403,CUST03076,BR034,Personal Loan,2025-12-11,141229.1,14.2,180,22390.64,Defaulted
LOAN02404,CUST00516,BR009,Home Loan,2025-06-25,2657603.38,12.95,48,457015.85,Defaulted
LOAN02405,CUST04663,BR038,Auto Loan,2024-08-03,1808732.04,11.05,12,314802.3,Defaulted
LOAN02406,CUST03800,BR022,Business Loan,2023-10-27,2570566.07,9.25,120,672753.19,Active
LOAN02407,CUST02984,BR015,Personal Loan,2021-09-13,524874.0,7.3,240,326713.44,Active
LOAN02408,CUST07774,BR028,Education Loan,2025-01-28,1256385.68,12.73,240,111039.03,Defaulted
LOAN02409,CUST06539,BR048,Personal Loan,2022-03-20,466749.26,8.82,60,384125.18,Defaulted
LOAN02410,CUST06847,BR049,Auto Loan,2021-08-30,257976.04,12.0,84,217192.12,Pending
LOAN02411,CUST01667,BR001,Auto Loan,2020-08-15,886911.59,12.08,84,750223.65,Defaulted
LOAN02412,CUST04677,BR022,Home Loan,2022-01-03,6979152.04,12.53,240,1489301.28,Defaulted
LOAN02413,CUST00021,BR057,Personal Loan,2024-03-06,456776.61,12.98,12,314744.96,Closed
LOAN02414,CUST03737,BR050,Home Loan,2021-09-17,5664157.83,10.96,120,3092164.69,Pending
LOAN02415,CUST01245,BR006,Business Loan,2020-09-14,2861259.78,15.08,180,576732.6,Defaulted
LOAN02416,CUST01194,BR038,Home Loan,2023-08-17,2615344.72,10.93,12,2223739.57,Active
LOAN02417,CUST06333,BR037,Education Loan,2023-12-10,844182.45,14.67,120,407241.92,Active
LOAN02418,CUST00763,BR060,Education Loan,2021-06-26,601176.55,13.97,120,496113.33,Defaulted
LOAN02419,CUST07153,BR003,Auto Loan,2020-06-15,647497.37,7.87,120,573871.43,Pending
LOAN02420,CUST01256,BR009,Auto Loan,2022-04-20,1623783.98,8.46,60,1482443.96,Active
LOAN02421,CUST07236,BR038,Personal Loan,2024-01-07,351243.81,8.52,84,52036.81,Defaulted
LOAN02422,CUST02331,BR008,Education Loan,2023-10-03,767597.23,7.25,24,405412.73,Closed
LOAN02423,CUST07979,BR037,Auto Loan,2024-04-16,1653769.46,14.89,48,1072497.18,Closed
LOAN02424,CUST07162,BR004,Education Loan,2023-12-31,850684.97,11.58,84,49235.88,Closed
LOAN02425,CUST04046,BR035,Education Loan,2024-12-18,547958.63,13.74,180,152082.96,Defaulted
LOAN02426,CUST07908,BR002,Personal Loan,2025-03-06,132625.59,12.36,60,46476.28,Active
LOAN02427,CUST03307,BR021,Home Loan,2020-07-19,4245336.21,13.77,12,2086157.03,Pending
LOAN02428,CUST01851,BR033,Personal Loan,2021-10-12,142762.71,13.22,48,43587.58,Pending
LOAN02429,CUST06404,BR041,Education Loan,2021-03-08,707707.05,13.22,36,92283.99,Closed
LOAN02430,CUST07807,BR028,Business Loan,2023-02-15,4075218.31,12.74,240,3069772.94,Active
LOAN02431,CUST01301,BR032,Auto Loan,2023-12-17,1908561.1,14.37,120,785256.43,Pending
LOAN02432,CUST06968,BR027,Auto Loan,2020-06-20,1923155.51,10.85,180,670425.27,Closed
LOAN02433,CUST02652,BR044,Home Loan,2020-05-06,1674210.75,10.76,24,1642950.21,Defaulted
LOAN02434,CUST00749,BR032,Personal Loan,2025-08-31,332633.19,7.58,36,57205.33,Defaulted
LOAN02435,CUST02219,BR007,Business Loan,2023-05-04,4480035.64,10.43,180,236943.91,Defaulted
LOAN02436,CUST04861,BR011,Personal Loan,2022-10-09,146487.44,12.52,48,72815.09,Closed
LOAN02437,CUST04688,BR037,Business Loan,2021-03-18,1189360.0,7.23,12,885858.79,Closed
LOAN02438,CUST06404,BR030,Business Loan,2023-10-15,1836514.73,9.37,180,376226.76,Closed
LOAN02439,CUST03932,BR058,Personal Loan,2022-11-17,215884.32,7.13,24,111711.41,Closed
LOAN02440,CUST02932,BR035,Education Loan,2024-06-19,963754.3,9.07,12,604889.94,Closed
LOAN02441,CUST00229,BR007,Auto Loan,2023-01-06,1466299.58,13.18,60,918091.91,Pending
LOAN02442,CUST07431,BR030,Education Loan,2023-06-01,1477455.28,14.23,120,314318.42,Defaulted
LOAN02443,CUST07563,BR047,Personal Loan,2023-09-09,430157.05,13.26,36,222936.62,Pending
LOAN02444,CUST05570,BR019,Education Loan,2020-10-26,1392892.36,11.54,84,1108053.0,Defaulted
LOAN02445,CUST06626,BR041,Home Loan,2021-02-26,3306982.08,11.36,12,3268397.02,Closed
LOAN02446,CUST07640,BR053,Business Loan,2023-02-01,2667413.34,7.05,240,1283669.42,Pending
LOAN02447,CUST07555,BR050,Personal Loan,2022-05-26,108043.27,14.86,36,86639.17,Active
LOAN02448,CUST06041,BR013,Auto Loan,2024-07-17,1329541.76,8.95,180,1152467.77,Defaulted
LOAN02449,CUST06847,BR043,Business Loan,2024-11-29,3361996.13,13.85,120,1271294.54,Closed
LOAN02450,CUST05246,BR019,Auto Loan,2021-04-22,545451.56,8.47,180,387855.32,Active
LOAN02451,CUST00838,BR046,Education Loan,2024-07-10,672531.35,9.15,84,49225.94,Pending
LOAN02452,CUST03659,BR029,Education Loan,2022-12-07,1319169.79,13.07,36,1089755.18,Closed
LOAN02453,CUST07333,BR057,Education Loan,2022-10-21,661191.33,13.67,36,513576.11,Closed
LOAN02454,CUST02232,BR047,Home Loan,2020-07-14,7223715.91,9.81,24,1592950.48,Closed
LOAN02455,CUST01416,BR052,Personal Loan,2025-04-07,83229.86,8.32,60,68530.56,Pending
LOAN02456,CUST04268,BR009,Home Loan,2021-03-02,5121586.73,10.95,180,1784748.6,Pending
LOAN02457,CUST01089,BR028,Business Loan,2021-08-12,3168763.03,10.44,180,733450.98,Pending
LOAN02458,CUST05271,BR012,Home Loan,2022-03-19,5963400.51,10.3,60,786427.74,Closed
LOAN02459,CUST03769,BR008,Home Loan,2024-10-23,1816151.7,7.32,24,194463.29,Closed
LOAN02460,CUST07394,BR022,Business Loan,2022-11-04,4218728.3,10.74,240,1226431.33,Defaulted
LOAN02461,CUST04972,BR058,Auto Loan,2023-06-04,1525118.93,11.37,60,1077416.01,Active
LOAN02462,CUST04905,BR047,Auto Loan,2023-04-03,615412.02,15.5,36,341205.99,Defaulted
LOAN02463,CUST03138,BR010,Auto Loan,2022-12-15,1671934.48,10.79,12,225504.38,Defaulted
LOAN02464,CUST02820,BR023,Business Loan,2024-11-08,3541302.04,11.08,36,1045132.07,Pending
LOAN02465,CUST02644,BR032,Personal Loan,2024-09-29,490679.55,10.35,12,452923.8,Defaulted
LOAN02466,CUST03841,BR049,Personal Loan,2025-11-16,143896.48,9.51,240,77471.19,Closed
LOAN02467,CUST02386,BR037,Business Loan,2025-05-02,998157.07,8.05,84,309428.15,Defaulted
LOAN02468,CUST06648,BR014,Auto Loan,2020-09-23,662738.47,8.45,36,231772.32,Defaulted
LOAN02469,CUST04583,BR009,Business Loan,2022-04-25,3090243.25,15.17,120,2358222.27,Active
LOAN02470,CUST05876,BR026,Business Loan,2023-09-24,3563236.42,10.42,24,3415296.64,Pending
LOAN02471,CUST03015,BR036,Home Loan,2020-12-21,7174835.84,11.41,60,922626.53,Defaulted
LOAN02472,CUST01520,BR023,Auto Loan,2021-08-11,1394966.99,10.04,120,924499.19,Closed
LOAN02473,CUST02460,BR018,Education Loan,2025-12-12,1110350.62,8.76,12,97053.07,Closed
LOAN02474,CUST01491,BR032,Home Loan,2020-01-11,1234940.77,15.21,24,200339.77,Active
LOAN02475,CUST01994,BR055,Home Loan,2024-01-30,3666081.02,11.77,240,2783045.61,Active
LOAN02476,CUST02623,BR023,Auto Loan,2022-07-07,1226137.91,12.78,240,1053875.46,Closed
LOAN02477,CUST04707,BR049,Business Loan,2020-05-26,3764617.03,14.87,84,697928.77,Defaulted
LOAN02478,CUST02427,BR036,Home Loan,2022-11-03,4125330.79,10.9,120,398016.59,Closed
LOAN02479,CUST01969,BR046,Education Loan,2025-03-08,640776.12,11.31,60,48511.17,Closed
LOAN02480,CUST03378,BR012,Business Loan,2025-02-01,4682772.83,12.07,12,3471268.43,Closed
LOAN02481,CUST07744,BR047,Education Loan,2021-01-24,742882.21,8.92,60,537799.81,Defaulted
LOAN02482,CUST02114,BR048,Education Loan,2022-09-05,1319370.94,9.51,36,991220.79,Defaulted
LOAN02483,CUST04172,BR012,Home Loan,2021-05-09,3251581.75,15.07,84,2503608.7,Pending
LOAN02484,CUST04574,BR056,Home Loan,2025-10-05,3733300.65,8.22,120,3637249.11,Defaulted
LOAN02485,CUST06105,BR023,Auto Loan,2023-07-19,224999.99,10.99,84,36311.15,Closed
LOAN02486,CUST06271,BR007,Business Loan,2024-03-11,4731847.22,7.82,240,2577442.41,Active
LOAN02487,CUST07926,BR001,Business Loan,2025-11-19,1094706.4,13.01,36,56427.89,Closed
LOAN02488,CUST04641,BR041,Home Loan,2025-07-03,7131475.56,8.45,84,6830425.84,Pending
LOAN02489,CUST07276,BR039,Home Loan,2020-04-27,1775489.5,11.8,60,1325519.96,Closed
LOAN02490,CUST00230,BR012,Home Loan,2021-08-27,2856510.31,9.4,48,2736265.75,Active
LOAN02491,CUST06124,BR036,Home Loan,2024-07-18,1428415.87,12.98,120,385326.13,Pending
LOAN02492,CUST07191,BR058,Auto Loan,2023-09-23,1508436.54,12.23,12,1374895.74,Active
LOAN02493,CUST00582,BR050,Education Loan,2021-05-26,218855.65,8.91,120,55710.42,Active
LOAN02494,CUST02396,BR012,Education Loan,2024-01-20,508937.67,10.15,12,446867.23,Closed
LOAN02495,CUST00443,BR054,Auto Loan,2023-07-27,821496.44,7.75,12,195778.58,Closed
LOAN02496,CUST05777,BR053,Education Loan,2021-03-31,324603.14,8.04,240,165768.96,Closed
LOAN02497,CUST06841,BR015,Business Loan,2020-10-08,4750971.7,10.11,24,1625765.05,Defaulted
LOAN02498,CUST02521,BR056,Personal Loan,2025-01-23,102284.93,12.52,48,78202.01,Pending
LOAN02499,CUST05371,BR027,Personal Loan,2022-05-26,70780.88,13.31,180,15860.67,Pending
LOAN02500,CUST01400,BR003,Business Loan,2022-06-13,3790234.23,11.36,36,1320722.73,Pending
LOAN02501,CUST05180,BR024,Personal Loan,2024-05-28,226793.97,9.1,48,94200.16,Closed
LOAN02502,CUST05658,BR052,Home Loan,2021-10-03,4459819.43,13.73,240,3673474.45,Pending
LOAN02503,CUST06676,BR023,Personal Loan,2023-04-28,192041.69,10.36,60,160042.26,Active
LOAN02504,CUST00600,BR042,Personal Loan,2021-03-16,99641.86,9.54,48,28490.7,Pending
LOAN02505,CUST07346,BR048,Auto Loan,2024-03-04,576089.31,13.13,240,57099.32,Pending
LOAN02506,CUST01492,BR014,Auto Loan,2022-10-22,1987736.6,8.26,12,1919312.19,Defaulted
LOAN02507,CUST00685,BR030,Business Loan,2024-04-06,4685430.44,15.28,120,2224616.2,Pending
LOAN02508,CUST00133,BR012,Auto Loan,2020-01-23,1061297.63,9.7,180,931703.35,Active
LOAN02509,CUST05845,BR053,Auto Loan,2025-01-15,728725.69,15.26,60,521646.52,Active
LOAN02510,CUST07239,BR004,Home Loan,2023-08-04,3405110.02,11.87,84,3279076.73,Active
LOAN02511,CUST04952,BR045,Home Loan,2023-06-02,1402645.52,11.15,180,765237.29,Defaulted
LOAN02512,CUST07275,BR059,Business Loan,2022-11-21,1776147.87,12.21,48,195513.48,Active
LOAN02513,CUST04625,BR037,Auto Loan,2025-09-08,208643.69,9.09,48,207543.82,Active
LOAN02514,CUST07362,BR026,Business Loan,2023-02-07,572132.3,10.09,120,428121.07,Pending
LOAN02515,CUST04386,BR010,Auto Loan,2023-02-16,708953.37,10.19,240,653266.59,Closed
LOAN02516,CUST06726,BR006,Home Loan,2021-06-20,5512791.04,8.38,180,2106595.99,Pending
LOAN02517,CUST00540,BR028,Business Loan,2020-11-06,3009142.93,14.35,180,879457.22,Defaulted
LOAN02518,CUST01045,BR047,Personal Loan,2022-05-30,477118.0,8.9,84,341661.23,Active
LOAN02519,CUST03171,BR058,Auto Loan,2022-03-06,870818.16,9.05,180,276936.03,Closed
LOAN02520,CUST06379,BR032,Education Loan,2022-07-07,956545.38,12.72,60,121289.93,Defaulted
LOAN02521,CUST01711,BR009,Personal Loan,2021-03-19,660124.88,7.2,36,77653.35,Defaulted
LOAN02522,CUST07955,BR043,Education Loan,2024-12-25,1481467.27,8.72,84,1052049.56,Defaulted
LOAN02523,CUST03175,BR056,Home Loan,2025-12-01,6593933.1,11.53,240,932836.88,Closed
LOAN02524,CUST01909,BR038,Home Loan,2023-08-12,5534501.33,14.25,60,2019172.09,Defaulted
LOAN02525,CUST00317,BR011,Auto Loan,2024-07-17,1312679.8,13.56,48,192725.68,Closed
LOAN02526,CUST03032,BR003,Education Loan,2021-02-12,1028476.09,11.67,120,354470.33,Pending
LOAN02527,CUST02289,BR036,Home Loan,2022-07-02,3910847.08,12.77,60,2345341.1,Active
LOAN02528,CUST03117,BR012,Business Loan,2021-11-06,3233035.61,7.64,180,2419166.83,Pending
LOAN02529,CUST02341,BR034,Auto Loan,2025-05-06,1207306.96,8.02,24,500183.36,Closed
LOAN02530,CUST04834,BR017,Personal Loan,2023-03-05,578931.43,7.33,60,168612.13,Closed
LOAN02531,CUST01809,BR016,Personal Loan,2021-05-13,157124.27,8.99,12,115114.84,Pending
LOAN02532,CUST05948,BR044,Home Loan,2025-03-21,2781694.56,12.59,36,198383.67,Defaulted
LOAN02533,CUST00004,BR037,Education Loan,2021-02-03,503531.58,13.12,180,450581.1,Pending
LOAN02534,CUST02341,BR031,Personal Loan,2020-01-18,460514.44,11.0,24,400782.78,Closed
LOAN02535,CUST04301,BR025,Home Loan,2024-07-13,6331809.37,8.92,12,3681008.07,Closed
LOAN02536,CUST03549,BR002,Business Loan,2022-03-05,4666266.81,11.38,240,3829205.68,Closed
LOAN02537,CUST04905,BR050,Business Loan,2025-09-15,2088479.66,7.96,180,1982944.56,Defaulted
LOAN02538,CUST03421,BR057,Personal Loan,2024-03-13,521693.71,9.96,12,356349.53,Pending
LOAN02539,CUST06440,BR050,Business Loan,2025-10-28,3197369.38,11.36,180,1665411.47,Active
LOAN02540,CUST00030,BR056,Business Loan,2025-08-25,3929019.16,11.55,120,2370167.53,Defaulted
LOAN02541,CUST06623,BR059,Auto Loan,2020-12-21,855801.9,15.2,84,543548.38,Active
LOAN02542,CUST06697,BR044,Education Loan,2024-07-03,734258.12,10.0,36,149705.95,Pending
LOAN02543,CUST01596,BR008,Home Loan,2021-12-24,3109989.0,10.82,24,1059853.62,Closed
LOAN02544,CUST04155,BR016,Auto Loan,2022-07-13,1646537.75,7.31,24,805036.9,Pending
LOAN02545,CUST07446,BR001,Home Loan,2024-08-12,2010473.83,7.39,12,536842.51,Active
LOAN02546,CUST04702,BR003,Auto Loan,2025-02-06,375451.86,14.25,36,314857.73,Defaulted
LOAN02547,CUST05810,BR014,Personal Loan,2022-05-12,135723.12,7.38,84,10490.08,Active
LOAN02548,CUST04537,BR032,Auto Loan,2021-11-02,1112468.12,9.6,12,414198.5,Active
LOAN02549,CUST01002,BR026,Business Loan,2021-02-15,1000113.19,10.66,60,469819.17,Closed
LOAN02550,CUST06584,BR037,Business Loan,2021-07-09,1077555.13,10.78,48,144364.95,Pending
LOAN02551,CUST05994,BR033,Auto Loan,2021-05-18,1672480.4,7.74,48,448969.68,Active
LOAN02552,CUST06034,BR044,Home Loan,2025-09-21,6020660.73,7.69,36,5276608.07,Active
LOAN02553,CUST06371,BR059,Home Loan,2021-08-27,5456812.82,13.78,48,4814017.95,Pending
LOAN02554,CUST05302,BR024,Personal Loan,2022-04-27,190747.85,13.63,24,109556.59,Active
LOAN02555,CUST01567,BR019,Home Loan,2021-04-04,3821482.12,7.18,240,3067059.05,Closed
LOAN02556,CUST03786,BR012,Business Loan,2022-07-23,3899244.36,7.9,36,3444568.2,Defaulted
LOAN02557,CUST05269,BR045,Education Loan,2021-12-12,1084628.17,10.94,36,506053.73,Pending
LOAN02558,CUST07933,BR037,Business Loan,2020-06-24,1349482.89,13.18,36,1299433.92,Closed
LOAN02559,CUST02225,BR027,Business Loan,2020-11-16,3175115.08,12.35,36,2583036.06,Closed
LOAN02560,CUST04754,BR027,Auto Loan,2025-11-26,378706.39,9.54,60,274042.56,Closed
LOAN02561,CUST00193,BR050,Education Loan,2023-02-21,752353.83,11.17,36,645877.76,Closed
LOAN02562,CUST06547,BR034,Business Loan,2023-05-26,3183015.26,9.73,180,1202061.51,Defaulted
LOAN02563,CUST02728,BR017,Business Loan,2021-04-26,3298461.09,13.5,24,1974169.65,Active
LOAN02564,CUST02487,BR003,Personal Loan,2021-12-03,405756.06,8.76,12,230087.07,Closed
LOAN02565,CUST00006,BR029,Home Loan,2022-11-07,2900700.31,12.44,84,1522411.56,Pending
LOAN02566,CUST03017,BR034,Home Loan,2021-09-04,5796874.03,13.36,84,4121558.41,Active
LOAN02567,CUST02240,BR054,Auto Loan,2025-11-26,450404.86,11.33,60,149197.42,Active
LOAN02568,CUST00483,BR031,Home Loan,2024-09-27,6021548.88,13.39,240,1145757.83,Defaulted
LOAN02569,CUST06690,BR047,Home Loan,2021-11-03,3314053.71,13.9,36,2441291.82,Defaulted
LOAN02570,CUST02116,BR057,Personal Loan,2021-09-03,476579.77,14.66,84,301777.45,Pending
LOAN02571,CUST01462,BR024,Home Loan,2023-08-29,2028103.88,12.5,36,1980838.0,Pending
LOAN02572,CUST01339,BR022,Education Loan,2024-05-11,988929.19,8.92,24,594504.93,Active
LOAN02573,CUST00578,BR038,Home Loan,2022-11-07,2271899.53,8.97,60,1349364.45,Pending
LOAN02574,CUST06963,BR058,Personal Loan,2023-12-13,303492.0,8.84,180,52819.05,Pending
LOAN02575,CUST06943,BR018,Home Loan,2025-05-15,4468958.28,11.68,48,4000503.57,Defaulted
LOAN02576,CUST04781,BR013,Personal Loan,2020-01-14,254478.6,7.11,12,241138.04,Defaulted
LOAN02577,CUST03487,BR031,Business Loan,2020-08-31,1229382.94,12.5,48,248317.12,Closed
LOAN02578,CUST00879,BR056,Home Loan,2024-08-19,1303871.11,9.62,240,165880.76,Active
LOAN02579,CUST06552,BR021,Auto Loan,2023-02-08,651928.02,15.05,48,309463.61,Active
LOAN02580,CUST00614,BR047,Auto Loan,2021-01-30,1069881.29,10.15,48,109257.68,Pending
LOAN02581,CUST01493,BR026,Business Loan,2022-02-25,3418542.41,10.59,84,1279592.97,Closed
LOAN02582,CUST03305,BR044,Personal Loan,2021-07-01,315963.07,9.0,180,65463.22,Active
LOAN02583,CUST03706,BR045,Personal Loan,2025-05-11,286307.34,9.39,120,128264.66,Active
LOAN02584,CUST01558,BR011,Home Loan,2023-08-31,7646097.28,10.71,120,7582510.01,Pending
LOAN02585,CUST01951,BR049,Home Loan,2022-09-17,7163607.52,9.64,120,3999508.19,Defaulted
LOAN02586,CUST02023,BR016,Personal Loan,2023-11-07,469927.82,12.68,240,442008.95,Closed
LOAN02587,CUST04360,BR053,Auto Loan,2025-08-23,1703579.37,14.18,240,151962.56,Active
LOAN02588,CUST06804,BR014,Personal Loan,2023-04-17,186571.37,14.93,240,96345.97,Defaulted
LOAN02589,CUST02869,BR054,Education Loan,2020-07-19,1255967.88,9.71,240,134644.66,Defaulted
LOAN02590,CUST01299,BR007,Auto Loan,2025-05-12,1479497.17,7.94,180,125195.61,Pending
LOAN02591,CUST07784,BR050,Business Loan,2024-03-26,4941624.63,12.18,120,1986426.76,Active
LOAN02592,CUST04076,BR045,Personal Loan,2020-04-15,372605.38,9.69,120,216398.8,Active
LOAN02593,CUST05725,BR013,Education Loan,2021-11-06,1142541.01,7.57,48,308047.66,Pending
LOAN02594,CUST07546,BR008,Personal Loan,2023-03-13,415672.9,13.35,84,141945.64,Closed
LOAN02595,CUST00097,BR030,Personal Loan,2022-12-23,497589.25,15.43,120,213511.9,Active
LOAN02596,CUST04185,BR005,Business Loan,2023-03-03,3295834.34,11.08,180,555541.67,Defaulted
LOAN02597,CUST06567,BR054,Personal Loan,2020-01-28,355669.51,13.14,180,159060.86,Defaulted
LOAN02598,CUST01874,BR040,Education Loan,2021-03-24,394427.66,14.83,36,332766.49,Active
LOAN02599,CUST01567,BR055,Auto Loan,2022-05-05,1209817.88,7.71,36,352649.46,Active
LOAN02600,CUST03385,BR051,Education Loan,2021-06-20,220542.74,13.86,60,218153.33,Closed
LOAN02601,CUST00914,BR004,Auto Loan,2025-04-20,1845063.27,13.53,36,1565430.89,Pending
LOAN02602,CUST02586,BR026,Home Loan,2021-01-29,1847441.17,13.01,12,500748.42,Active
LOAN02603,CUST02588,BR013,Education Loan,2022-12-26,1292876.14,13.38,180,743667.31,Active
LOAN02604,CUST07517,BR030,Home Loan,2025-01-24,2349710.53,11.4,48,1824099.2,Closed
LOAN02605,CUST01200,BR053,Education Loan,2020-06-21,1119336.72,9.12,120,621146.05,Defaulted
LOAN02606,CUST02901,BR019,Education Loan,2021-08-15,932994.26,14.04,60,716794.54,Pending
LOAN02607,CUST01648,BR036,Education Loan,2024-12-31,417284.84,11.3,240,345326.84,Pending
LOAN02608,CUST01802,BR032,Personal Loan,2023-09-03,364361.19,9.87,60,30751.65,Pending
LOAN02609,CUST00715,BR040,Home Loan,2021-12-29,1236410.28,7.56,36,431907.57,Defaulted
LOAN02610,CUST00971,BR052,Auto Loan,2021-01-27,1496488.05,14.82,120,208923.3,Closed
LOAN02611,CUST02200,BR036,Business Loan,2025-06-22,620514.5,9.63,240,353466.78,Active
LOAN02612,CUST07091,BR018,Education Loan,2024-09-08,1024904.29,15.39,24,194304.54,Defaulted
LOAN02613,CUST00835,BR010,Auto Loan,2024-04-10,672720.99,15.25,240,515893.99,Closed
LOAN02614,CUST04499,BR009,Business Loan,2022-04-12,3529515.63,15.27,180,705099.2,Defaulted
LOAN02615,CUST04737,BR015,Auto Loan,2020-09-05,1418987.16,7.7,240,182860.17,Pending
LOAN02616,CUST05892,BR018,Education Loan,2025-10-21,215734.69,11.85,84,185324.86,Defaulted
LOAN02617,CUST06403,BR005,Business Loan,2023-10-18,379421.55,13.33,24,45350.03,Defaulted
LOAN02618,CUST02023,BR013,Auto Loan,2022-04-11,1150801.13,12.81,24,1050755.93,Active
LOAN02619,CUST07496,BR038,Personal Loan,2020-12-12,764831.95,12.16,24,172550.31,Active
LOAN02620,CUST02298,BR048,Business Loan,2022-09-06,2656388.63,11.81,120,2352681.73,Pending
LOAN02621,CUST02227,BR038,Auto Loan,2023-04-10,273349.08,12.73,60,237522.42,Pending
LOAN02622,CUST04557,BR025,Education Loan,2025-11-01,1009957.63,10.26,60,388722.8,Closed
LOAN02623,CUST06809,BR017,Personal Loan,2020-09-17,420338.89,9.45,180,194570.87,Pending
LOAN02624,CUST00662,BR051,Education Loan,2024-01-07,1359967.42,10.76,48,192181.95,Closed
LOAN02625,CUST03085,BR058,Home Loan,2024-03-25,1200757.71,11.66,36,178201.61,Closed
LOAN02626,CUST03180,BR009,Business Loan,2020-05-07,4280554.1,11.68,12,3489279.52,Defaulted
LOAN02627,CUST05911,BR042,Education Loan,2025-05-25,668562.16,12.16,84,129643.21,Defaulted
LOAN02628,CUST04408,BR009,Auto Loan,2021-03-06,1740797.26,10.78,84,1367796.79,Defaulted
LOAN02629,CUST07167,BR012,Business Loan,2021-12-03,3143386.5,11.68,120,1608059.92,Closed
LOAN02630,CUST03691,BR017,Education Loan,2024-03-07,327968.96,7.14,24,197541.13,Closed
LOAN02631,CUST02938,BR020,Auto Loan,2025-08-18,888813.73,11.64,48,831285.86,Defaulted
LOAN02632,CUST05464,BR032,Personal Loan,2020-07-11,513295.32,10.47,36,409563.0,Pending
LOAN02633,CUST06527,BR040,Auto Loan,2024-08-26,464501.08,14.97,60,237293.71,Closed
LOAN02634,CUST01509,BR004,Auto Loan,2021-09-12,869109.65,11.3,36,186594.3,Active
LOAN02635,CUST05865,BR008,Personal Loan,2024-11-20,677079.19,10.23,120,642961.14,Defaulted
LOAN02636,CUST06276,BR050,Personal Loan,2020-11-10,484695.16,8.89,240,101843.31,Pending
LOAN02637,CUST05989,BR023,Home Loan,2025-09-27,4224042.43,12.08,24,1904297.19,Pending
LOAN02638,CUST07540,BR041,Auto Loan,2025-09-23,1131182.71,14.54,120,779054.44,Defaulted
LOAN02639,CUST07140,BR020,Auto Loan,2021-04-05,660419.59,14.01,48,541234.43,Pending
LOAN02640,CUST03752,BR002,Personal Loan,2023-10-05,364795.41,7.79,48,190549.88,Active
LOAN02641,CUST06462,BR043,Personal Loan,2023-08-16,472122.23,11.46,60,378068.63,Pending
LOAN02642,CUST00313,BR009,Auto Loan,2025-12-02,597287.95,13.97,180,78319.4,Closed
LOAN02643,CUST05897,BR043,Auto Loan,2024-10-05,1398743.13,7.07,240,563019.29,Pending
LOAN02644,CUST06561,BR059,Auto Loan,2025-01-25,684591.4,8.39,60,55792.91,Defaulted
LOAN02645,CUST05523,BR021,Personal Loan,2025-10-02,400558.44,11.63,240,191963.59,Closed
LOAN02646,CUST03752,BR005,Education Loan,2024-03-02,691506.44,15.42,240,528728.48,Pending
LOAN02647,CUST06068,BR050,Auto Loan,2024-04-21,846833.79,10.78,60,801247.99,Active
LOAN02648,CUST03765,BR054,Business Loan,2021-01-15,349004.78,9.11,240,111544.12,Closed
LOAN02649,CUST05606,BR059,Business Loan,2025-12-30,4480761.05,8.46,36,963068.0,Pending
LOAN02650,CUST04693,BR001,Business Loan,2023-09-19,4246169.23,10.65,24,3745827.04,Pending
LOAN02651,CUST00186,BR020,Education Loan,2024-08-22,1236355.04,8.75,36,700318.46,Defaulted
LOAN02652,CUST02902,BR044,Auto Loan,2025-03-30,1795938.4,13.22,48,1381308.45,Active
LOAN02653,CUST06699,BR029,Education Loan,2025-05-24,689441.11,14.81,180,527463.21,Closed
LOAN02654,CUST01758,BR048,Business Loan,2020-08-01,3383634.5,14.95,24,1402365.07,Active
LOAN02655,CUST03409,BR014,Auto Loan,2022-06-21,1107270.29,8.65,12,180177.86,Active
LOAN02656,CUST00487,BR060,Business Loan,2024-09-05,4631939.25,14.06,120,1640695.55,Closed
LOAN02657,CUST07256,BR048,Home Loan,2020-11-02,1963689.9,10.37,48,1234606.69,Closed
LOAN02658,CUST07136,BR029,Education Loan,2024-11-03,139579.61,7.91,84,38527.74,Closed
LOAN02659,CUST03021,BR001,Home Loan,2022-05-18,5134252.71,14.26,240,324504.15,Defaulted
LOAN02660,CUST04299,BR031,Education Loan,2021-12-04,769951.42,9.47,240,709268.84,Pending
LOAN02661,CUST03463,BR030,Home Loan,2025-06-28,4122410.24,11.01,240,2629748.95,Pending
LOAN02662,CUST04391,BR042,Home Loan,2025-01-23,832804.9,15.21,240,446571.57,Pending
LOAN02663,CUST07213,BR060,Auto Loan,2021-08-30,1657494.29,8.85,240,424535.17,Defaulted
LOAN02664,CUST07343,BR014,Business Loan,2024-10-10,4224218.99,11.22,84,453855.65,Pending
LOAN02665,CUST02683,BR054,Auto Loan,2022-12-17,1713667.21,9.95,24,1322043.36,Defaulted
LOAN02666,CUST02955,BR003,Personal Loan,2020-11-13,743724.07,10.54,84,132949.97,Defaulted
LOAN02667,CUST06664,BR044,Personal Loan,2024-06-24,531086.71,8.51,48,59801.22,Active
LOAN02668,CUST05170,BR023,Home Loan,2022-12-05,7837287.02,13.18,12,3414352.32,Pending
LOAN02669,CUST02289,BR007,Home Loan,2021-09-11,7230341.24,11.26,180,5564012.9,Closed
LOAN02670,CUST04902,BR053,Personal Loan,2025-01-04,273244.05,8.83,120,69316.21,Pending
LOAN02671,CUST06013,BR041,Auto Loan,2022-03-25,1739379.62,10.97,12,528954.89,Defaulted
LOAN02672,CUST01509,BR052,Personal Loan,2025-08-22,229987.96,11.53,120,151006.67,Closed
LOAN02673,CUST01078,BR027,Auto Loan,2025-09-07,518927.4,7.81,240,158314.76,Pending
LOAN02674,CUST00005,BR007,Home Loan,2021-11-02,4107552.76,10.85,240,1062327.03,Defaulted
LOAN02675,CUST00864,BR058,Business Loan,2020-04-17,1650884.7,11.34,36,1285914.74,Defaulted
LOAN02676,CUST04364,BR042,Auto Loan,2023-08-27,1950466.5,10.98,24,1822464.81,Closed
LOAN02677,CUST05629,BR018,Home Loan,2025-05-17,4240421.16,12.78,240,867358.96,Active
LOAN02678,CUST00144,BR059,Home Loan,2025-07-20,7886494.2,12.53,24,2306995.03,Active
LOAN02679,CUST05055,BR050,Auto Loan,2025-08-31,1316124.62,14.57,84,994643.99,Pending
LOAN02680,CUST04165,BR037,Education Loan,2023-06-08,1072322.6,14.54,60,141895.88,Pending
LOAN02681,CUST01245,BR051,Auto Loan,2022-01-06,447947.69,12.78,12,177525.15,Defaulted
LOAN02682,CUST00616,BR028,Personal Loan,2022-11-07,478516.44,10.16,48,426698.67,Pending
LOAN02683,CUST05092,BR026,Auto Loan,2022-11-12,917615.98,12.06,84,241272.93,Active
LOAN02684,CUST05483,BR012,Personal Loan,2024-04-10,756233.07,7.21,12,351977.73,Pending
LOAN02685,CUST03379,BR017,Auto Loan,2023-09-11,850875.89,9.01,24,839147.27,Defaulted
LOAN02686,CUST00036,BR003,Education Loan,2020-03-18,610893.0,13.69,24,602458.13,Pending
LOAN02687,CUST06642,BR031,Auto Loan,2023-09-10,613230.73,8.43,240,581585.21,Pending
LOAN02688,CUST00142,BR009,Business Loan,2024-01-07,2840756.39,12.49,180,1849057.93,Closed
LOAN02689,CUST04742,BR040,Home Loan,2020-07-21,4195855.27,15.46,84,1562641.82,Active
LOAN02690,CUST07286,BR046,Business Loan,2020-05-24,2921339.97,7.16,84,551817.03,Pending
LOAN02691,CUST07502,BR060,Home Loan,2025-08-18,6924519.4,14.96,36,1493870.77,Pending
LOAN02692,CUST06684,BR040,Education Loan,2021-08-20,149965.94,11.06,48,107858.18,Pending
LOAN02693,CUST01289,BR056,Auto Loan,2025-10-10,1354622.08,8.81,84,796137.31,Closed
LOAN02694,CUST00420,BR060,Personal Loan,2021-12-03,169301.18,10.64,36,27753.71,Pending
LOAN02695,CUST05001,BR052,Auto Loan,2025-11-23,1264390.56,12.94,36,1011374.76,Pending
LOAN02696,CUST01042,BR041,Personal Loan,2023-12-16,786086.8,10.82,240,412896.2,Closed
LOAN02697,CUST01228,BR001,Education Loan,2021-11-21,445226.63,14.98,24,238438.1,Pending
LOAN02698,CUST04170,BR009,Business Loan,2021-11-02,2943930.56,15.09,36,2009419.32,Closed
LOAN02699,CUST01738,BR007,Home Loan,2021-12-26,6060861.53,8.2,84,4512005.0,Active
LOAN02700,CUST06085,BR006,Auto Loan,2025-05-21,1904645.44,15.4,60,698040.24,Defaulted
LOAN02701,CUST00313,BR017,Education Loan,2020-07-11,1359119.87,13.5,120,412263.25,Pending
LOAN02702,CUST05191,BR021,Auto Loan,2025-05-14,1122254.24,12.98,180,560929.37,Active
LOAN02703,CUST05764,BR015,Personal Loan,2024-09-10,357679.59,7.38,24,82010.11,Closed
LOAN02704,CUST00528,BR003,Auto Loan,2021-12-27,1606485.57,14.51,84,88703.95,Active
LOAN02705,CUST07200,BR048,Education Loan,2021-04-26,525523.65,8.39,180,82183.28,Active
LOAN02706,CUST06494,BR045,Auto Loan,2023-11-22,1826131.13,10.6,180,1337441.73,Active
LOAN02707,CUST03166,BR012,Education Loan,2022-02-18,729026.92,7.78,12,70230.4,Closed
LOAN02708,CUST04997,BR047,Auto Loan,2023-03-04,1810043.62,14.06,60,859038.43,Active
LOAN02709,CUST07595,BR018,Home Loan,2025-08-15,6087113.3,11.45,240,3100351.38,Active
LOAN02710,CUST03136,BR035,Business Loan,2022-03-09,3581738.73,8.74,12,2692586.33,Active
LOAN02711,CUST00760,BR058,Personal Loan,2020-03-12,124463.86,11.79,240,48097.7,Pending
LOAN02712,CUST07996,BR028,Personal Loan,2022-07-04,121999.99,7.26,36,43940.74,Defaulted
LOAN02713,CUST00765,BR021,Personal Loan,2023-03-14,457712.51,8.38,60,24260.25,Defaulted
LOAN02714,CUST07766,BR044,Education Loan,2021-06-12,389475.94,12.63,36,86964.7,Closed
LOAN02715,CUST01306,BR039,Education Loan,2025-11-23,704366.14,11.25,36,154440.73,Active
LOAN02716,CUST07180,BR007,Personal Loan,2021-02-17,116560.22,14.75,24,8882.22,Pending
LOAN02717,CUST02564,BR016,Personal Loan,2023-10-26,490891.55,10.29,84,310203.42,Defaulted
LOAN02718,CUST02220,BR002,Personal Loan,2024-06-22,107114.59,10.2,84,66246.94,Defaulted
LOAN02719,CUST02857,BR006,Personal Loan,2020-01-27,415101.15,14.98,12,141189.04,Closed
LOAN02720,CUST06536,BR005,Business Loan,2022-12-12,4641734.66,13.48,24,362400.81,Defaulted
LOAN02721,CUST07309,BR046,Home Loan,2020-10-22,2164236.84,8.7,48,1678807.1,Active
LOAN02722,CUST06453,BR029,Auto Loan,2025-03-03,1705497.69,9.49,36,1614214.29,Active
LOAN02723,CUST05394,BR018,Auto Loan,2024-03-27,1804917.8,12.98,84,1110897.02,Active
LOAN02724,CUST04508,BR002,Education Loan,2022-09-18,1466296.69,7.68,180,338616.77,Pending
LOAN02725,CUST05287,BR051,Personal Loan,2020-12-11,421433.28,12.26,240,237329.69,Defaulted
LOAN02726,CUST03274,BR039,Auto Loan,2021-11-13,1273170.86,9.71,240,108910.54,Defaulted
LOAN02727,CUST06189,BR050,Business Loan,2020-07-07,1138259.77,15.21,180,1050795.19,Active
LOAN02728,CUST07525,BR043,Auto Loan,2025-06-25,519834.25,12.0,12,423007.91,Active
LOAN02729,CUST05963,BR046,Education Loan,2025-04-30,597054.02,11.19,84,299073.22,Defaulted
LOAN02730,CUST06290,BR007,Education Loan,2022-11-01,441044.88,14.01,60,123339.26,Pending
LOAN02731,CUST04410,BR024,Education Loan,2024-02-13,722684.79,7.59,180,297135.06,Active
LOAN02732,CUST02565,BR034,Business Loan,2022-10-09,2489983.98,13.07,24,1093663.87,Pending
LOAN02733,CUST01724,BR040,Personal Loan,2023-09-04,754819.61,9.41,120,235919.95,Pending
LOAN02734,CUST03002,BR010,Business Loan,2024-03-10,2943675.01,10.32,48,1427554.51,Pending
LOAN02735,CUST04698,BR006,Personal Loan,2024-02-16,661118.64,7.8,48,349846.18,Active
LOAN02736,CUST06826,BR029,Business Loan,2021-06-08,3410988.41,13.82,120,2042899.37,Pending
LOAN02737,CUST05954,BR047,Business Loan,2024-08-22,1232657.63,12.74,24,559088.42,Active
LOAN02738,CUST05710,BR016,Auto Loan,2023-03-01,792226.98,11.72,48,583846.82,Defaulted
LOAN02739,CUST01075,BR012,Personal Loan,2025-01-10,697540.2,14.32,120,232262.02,Active
LOAN02740,CUST04386,BR042,Education Loan,2021-08-31,147786.93,13.14,12,124671.1,Active
LOAN02741,CUST00252,BR012,Personal Loan,2020-08-14,682596.6,14.7,84,584573.14,Active
LOAN02742,CUST02127,BR008,Business Loan,2025-09-20,1662739.0,7.65,120,1646090.48,Closed
LOAN02743,CUST06909,BR055,Personal Loan,2023-07-30,422594.28,12.91,48,289110.23,Active
LOAN02744,CUST04081,BR006,Personal Loan,2020-02-27,66761.36,8.46,24,56900.07,Closed
LOAN02745,CUST06275,BR028,Personal Loan,2025-07-10,252299.79,8.92,240,164965.28,Defaulted
LOAN02746,CUST06067,BR026,Business Loan,2025-07-30,3861471.28,9.3,36,527615.42,Closed
LOAN02747,CUST02516,BR026,Business Loan,2025-07-28,4428885.13,14.47,240,578252.21,Closed
LOAN02748,CUST03442,BR015,Personal Loan,2023-10-03,127226.46,9.58,12,99180.95,Active
LOAN02749,CUST05729,BR049,Business Loan,2022-02-03,552210.14,10.8,180,140248.95,Defaulted
LOAN02750,CUST02911,BR039,Auto Loan,2021-03-01,1661483.25,7.15,60,415971.33,Active
LOAN02751,CUST01823,BR015,Auto Loan,2025-03-14,1084966.79,12.35,48,404816.28,Pending
LOAN02752,CUST04776,BR037,Home Loan,2022-08-06,5938405.07,7.76,240,1540778.04,Closed
LOAN02753,CUST03550,BR020,Personal Loan,2024-04-07,141099.42,11.93,24,24325.98,Pending
LOAN02754,CUST02065,BR014,Business Loan,2022-05-20,4324767.93,12.6,240,2725658.43,Active
LOAN02755,CUST07367,BR031,Business Loan,2021-06-01,3505578.05,9.32,60,1156930.35,Pending
LOAN02756,CUST05177,BR017,Business Loan,2025-08-24,2121215.43,12.4,12,1307955.59,Active
LOAN02757,CUST05371,BR032,Home Loan,2020-01-12,2816969.01,8.22,12,2022623.52,Closed
LOAN02758,CUST00923,BR027,Personal Loan,2025-02-20,686688.51,10.39,60,591151.47,Closed
LOAN02759,CUST07293,BR048,Personal Loan,2022-04-25,794834.33,11.68,180,427594.53,Defaulted
LOAN02760,CUST00132,BR029,Education Loan,2020-02-19,541200.41,14.58,240,335714.6,Defaulted
LOAN02761,CUST04043,BR035,Auto Loan,2020-11-16,506547.88,8.15,48,494144.13,Defaulted
LOAN02762,CUST00222,BR053,Education Loan,2025-10-31,827806.42,8.94,24,89204.87,Closed
LOAN02763,CUST03970,BR012,Education Loan,2024-07-25,934041.54,9.02,120,807240.61,Defaulted
LOAN02764,CUST02062,BR029,Personal Loan,2021-02-10,287397.06,10.82,24,246094.47,Closed
LOAN02765,CUST02907,BR015,Personal Loan,2020-08-15,640858.82,10.03,180,264568.85,Defaulted
LOAN02766,CUST03757,BR002,Business Loan,2023-04-09,2216403.15,10.91,12,2201578.54,Closed
LOAN02767,CUST04691,BR025,Home Loan,2023-08-31,5832614.38,10.48,24,3890530.25,Active
LOAN02768,CUST04432,BR020,Personal Loan,2021-02-11,159707.6,10.4,84,81024.35,Defaulted
LOAN02769,CUST04890,BR006,Personal Loan,2020-05-12,229157.71,12.09,180,93357.44,Closed
LOAN02770,CUST07869,BR021,Home Loan,2022-12-11,3000656.29,10.76,84,2459353.61,Active
LOAN02771,CUST06357,BR015,Business Loan,2023-08-20,3207268.34,8.48,180,382958.2,Active
LOAN02772,CUST05024,BR009,Auto Loan,2021-09-12,755025.52,11.2,240,333062.11,Pending
LOAN02773,CUST05019,BR011,Home Loan,2025-04-29,4325367.31,7.71,60,2868498.31,Pending
LOAN02774,CUST02837,BR018,Home Loan,2021-05-20,5857083.55,9.02,120,1550803.59,Defaulted
LOAN02775,CUST03996,BR027,Home Loan,2021-02-04,6767651.88,15.34,12,4254486.01,Defaulted
LOAN02776,CUST01691,BR055,Home Loan,2021-02-27,1256448.43,14.27,84,1056777.0,Defaulted
LOAN02777,CUST05446,BR029,Home Loan,2024-11-24,858320.22,11.09,12,559608.34,Defaulted
LOAN02778,CUST08008,BR015,Personal Loan,2022-01-13,458551.25,10.86,12,338189.05,Active
LOAN02779,CUST02540,BR013,Personal Loan,2022-06-08,244038.24,11.17,36,195678.18,Closed
LOAN02780,CUST02359,BR058,Business Loan,2023-06-19,1562889.12,10.49,12,837758.98,Active
LOAN02781,CUST04283,BR004,Home Loan,2023-09-30,1957791.37,15.24,36,1477187.22,Pending
LOAN02782,CUST02689,BR052,Auto Loan,2024-07-02,506052.78,13.66,240,416201.57,Closed
LOAN02783,CUST05356,BR019,Business Loan,2023-12-10,1278993.31,9.02,84,815060.27,Active
LOAN02784,CUST03029,BR027,Education Loan,2025-07-06,174525.19,11.17,240,48996.26,Defaulted
LOAN02785,CUST03693,BR005,Business Loan,2025-12-26,4460069.29,14.44,240,3428935.69,Active
LOAN02786,CUST05046,BR032,Auto Loan,2021-03-05,787446.96,15.07,36,332892.81,Active
LOAN02787,CUST01577,BR022,Business Loan,2020-11-19,4979480.89,12.82,120,279513.86,Active
LOAN02788,CUST01008,BR010,Personal Loan,2020-07-27,763871.35,14.83,12,392076.83,Closed
LOAN02789,CUST07733,BR034,Education Loan,2021-02-11,633120.33,7.84,240,433531.27,Active
LOAN02790,CUST01291,BR024,Auto Loan,2022-08-30,1198063.52,11.74,12,1024239.27,Pending
LOAN02791,CUST04681,BR042,Business Loan,2023-01-29,1889365.18,8.96,12,1002109.85,Defaulted
LOAN02792,CUST02051,BR045,Auto Loan,2021-04-01,1336027.23,12.8,60,1075771.72,Pending
LOAN02793,CUST01710,BR040,Business Loan,2021-09-21,1368645.74,13.97,36,507792.91,Pending
LOAN02794,CUST01552,BR060,Personal Loan,2024-10-04,135148.24,7.15,12,56966.93,Defaulted
LOAN02795,CUST07044,BR003,Education Loan,2025-04-28,821854.36,10.48,240,413519.31,Active
LOAN02796,CUST04147,BR051,Home Loan,2020-11-13,2007770.49,11.73,180,1456471.84,Active
LOAN02797,CUST07273,BR023,Home Loan,2022-07-07,3414281.6,8.81,12,2398859.63,Closed
LOAN02798,CUST03626,BR002,Home Loan,2020-07-12,3411908.26,10.28,36,1363371.46,Defaulted
LOAN02799,CUST05857,BR003,Education Loan,2021-05-17,1103619.42,9.64,12,120110.25,Defaulted
LOAN02800,CUST05189,BR027,Personal Loan,2022-05-04,260084.12,11.24,120,119684.19,Defaulted
LOAN02801,CUST04501,BR024,Education Loan,2025-07-12,963926.86,11.69,84,296470.26,Pending
LOAN02802,CUST06887,BR044,Auto Loan,2021-01-28,919042.77,14.22,36,160061.33,Closed
LOAN02803,CUST02336,BR030,Education Loan,2023-06-20,691700.94,13.55,84,434941.9,Defaulted
LOAN02804,CUST01100,BR016,Auto Loan,2022-07-07,1052871.99,12.92,240,535860.01,Defaulted
LOAN02805,CUST06921,BR046,Business Loan,2025-08-30,2364232.84,10.74,240,440434.35,Pending
LOAN02806,CUST06819,BR018,Business Loan,2023-01-27,1459381.36,14.78,48,518529.88,Closed
LOAN02807,CUST03267,BR057,Education Loan,2024-03-12,1481726.16,8.6,84,1284411.73,Pending
LOAN02808,CUST01543,BR011,Personal Loan,2022-12-21,228942.46,14.58,240,49241.81,Active
LOAN02809,CUST00366,BR053,Auto Loan,2023-01-12,807709.13,11.28,180,233125.14,Closed
LOAN02810,CUST04062,BR036,Education Loan,2023-08-27,121592.49,9.83,120,56793.64,Active
LOAN02811,CUST00580,BR020,Home Loan,2023-01-28,3748019.36,10.42,48,2569856.99,Active
LOAN02812,CUST05388,BR059,Education Loan,2021-05-30,760050.28,13.2,24,475254.93,Defaulted
LOAN02813,CUST05371,BR006,Home Loan,2023-01-21,5486806.88,8.35,12,1312670.64,Active
LOAN02814,CUST01187,BR012,Auto Loan,2022-03-16,1518829.79,12.35,60,1262728.27,Active
LOAN02815,CUST06884,BR053,Home Loan,2025-03-09,1093248.33,11.86,84,610556.22,Closed
LOAN02816,CUST00101,BR032,Personal Loan,2020-09-29,143291.53,13.32,48,142483.72,Active
LOAN02817,CUST02162,BR032,Education Loan,2021-02-12,706272.05,14.25,240,379764.05,Pending
LOAN02818,CUST02535,BR040,Personal Loan,2020-04-05,768046.91,9.09,240,138572.18,Active
LOAN02819,CUST04370,BR001,Business Loan,2022-08-02,2714054.11,12.55,60,403112.63,Defaulted
LOAN02820,CUST07089,BR037,Auto Loan,2025-09-29,1490274.57,7.85,120,1180229.91,Closed
LOAN02821,CUST01718,BR039,Personal Loan,2021-08-17,103659.57,10.6,24,47068.33,Closed
LOAN02822,CUST02420,BR008,Business Loan,2021-08-25,1523216.41,14.44,12,409563.77,Active
LOAN02823,CUST02220,BR014,Business Loan,2024-03-23,2313482.75,7.09,36,635183.56,Defaulted
LOAN02824,CUST04696,BR030,Home Loan,2022-09-12,2368876.93,11.8,60,1472807.62,Closed
LOAN02825,CUST05202,BR020,Auto Loan,2021-03-09,1491513.67,10.05,12,798942.25,Pending
LOAN02826,CUST04341,BR049,Personal Loan,2022-06-29,68842.65,9.43,48,52686.86,Pending
LOAN02827,CUST05003,BR043,Auto Loan,2022-01-15,967810.67,12.67,36,179445.65,Defaulted
LOAN02828,CUST04183,BR017,Education Loan,2025-06-22,647951.31,8.56,48,405504.74,Active
LOAN02829,CUST04984,BR009,Education Loan,2022-05-26,1144778.07,13.31,48,1071733.5,Pending
LOAN02830,CUST07301,BR035,Personal Loan,2021-01-13,723963.49,14.87,84,368843.69,Closed
LOAN02831,CUST02059,BR009,Home Loan,2021-11-04,7312501.55,8.01,84,6213201.12,Closed
LOAN02832,CUST03817,BR009,Personal Loan,2025-06-09,176963.17,14.72,180,133815.51,Defaulted
LOAN02833,CUST01121,BR016,Education Loan,2024-01-19,503915.01,14.55,84,183077.74,Closed
LOAN02834,CUST02286,BR060,Home Loan,2023-11-21,2408267.46,12.19,240,193539.82,Closed
LOAN02835,CUST03525,BR040,Business Loan,2020-08-10,3329950.15,15.23,180,556809.21,Pending
LOAN02836,CUST06487,BR003,Education Loan,2022-07-24,1320468.71,7.46,48,627967.81,Closed
LOAN02837,CUST02266,BR008,Business Loan,2021-10-27,4913380.84,10.54,24,304728.32,Closed
LOAN02838,CUST03463,BR022,Business Loan,2022-03-07,2016987.14,13.62,12,1650866.94,Closed
LOAN02839,CUST06364,BR060,Auto Loan,2020-09-12,701793.32,8.81,60,309364.13,Pending
LOAN02840,CUST05353,BR018,Home Loan,2020-11-14,2603260.23,12.55,12,265976.21,Defaulted
LOAN02841,CUST01930,BR011,Personal Loan,2023-07-23,690808.28,8.34,24,119885.61,Pending
LOAN02842,CUST02448,BR027,Education Loan,2021-07-29,731563.88,8.01,12,126156.47,Pending
LOAN02843,CUST05691,BR042,Business Loan,2023-02-01,3791755.16,14.91,84,638173.01,Active
LOAN02844,CUST03278,BR058,Business Loan,2022-05-20,2543841.57,15.13,24,866651.84,Closed
LOAN02845,CUST04626,BR028,Education Loan,2022-02-18,855128.5,13.55,84,825682.54,Closed
LOAN02846,CUST05437,BR035,Personal Loan,2020-11-05,390594.53,10.72,24,367458.94,Active
LOAN02847,CUST05330,BR017,Auto Loan,2024-09-19,1135328.92,11.01,240,255073.88,Pending
LOAN02848,CUST04476,BR059,Home Loan,2023-08-21,6021507.65,13.34,48,1582034.24,Active
LOAN02849,CUST00174,BR058,Personal Loan,2022-03-16,598851.25,10.08,240,249904.07,Closed
LOAN02850,CUST03082,BR019,Education Loan,2024-01-28,1383101.56,14.8,60,957553.49,Pending
LOAN02851,CUST00215,BR044,Auto Loan,2025-12-28,1288492.92,13.65,240,653180.05,Defaulted
LOAN02852,CUST02815,BR004,Auto Loan,2023-10-21,990257.57,10.24,180,324611.32,Defaulted
LOAN02853,CUST03051,BR015,Home Loan,2022-02-28,2056211.57,14.63,12,1749049.96,Active
LOAN02854,CUST06227,BR039,Home Loan,2020-02-07,3777594.21,12.41,240,379101.76,Defaulted
LOAN02855,CUST00245,BR016,Business Loan,2020-08-28,574751.74,12.98,48,380870.73,Pending
LOAN02856,CUST07478,BR020,Home Loan,2021-08-31,4079684.85,9.8,48,1635305.07,Pending
LOAN02857,CUST01136,BR023,Business Loan,2022-11-16,1985708.98,11.54,60,1604960.15,Active
LOAN02858,CUST06899,BR023,Business Loan,2023-12-25,3850390.35,13.07,12,3268211.54,Defaulted
LOAN02859,CUST00140,BR003,Home Loan,2025-02-04,6642621.51,7.24,180,5816255.51,Pending
LOAN02860,CUST02863,BR039,Personal Loan,2024-05-18,497324.74,8.74,12,159075.22,Pending
LOAN02861,CUST07846,BR036,Personal Loan,2024-10-12,289556.07,11.41,48,127841.62,Closed
LOAN02862,CUST07275,BR016,Personal Loan,2020-09-02,636711.21,15.27,120,448925.6,Defaulted
LOAN02863,CUST07974,BR007,Auto Loan,2025-03-10,1302356.92,13.91,24,297722.41,Defaulted
LOAN02864,CUST04227,BR055,Auto Loan,2023-01-17,1570378.33,10.98,240,1040045.3,Active
LOAN02865,CUST06513,BR008,Auto Loan,2020-01-25,1423817.77,11.9,48,761435.74,Closed
LOAN02866,CUST02491,BR048,Personal Loan,2025-01-21,318508.31,12.35,84,293129.11,Pending
LOAN02867,CUST07268,BR027,Education Loan,2020-03-19,999230.6,10.92,24,166753.08,Defaulted
LOAN02868,CUST07280,BR003,Personal Loan,2020-09-15,328803.91,9.31,84,275629.25,Active
LOAN02869,CUST06463,BR024,Business Loan,2023-06-12,1830465.56,11.83,48,210102.43,Active
LOAN02870,CUST06845,BR008,Education Loan,2024-04-27,688919.2,10.99,24,338842.18,Closed
LOAN02871,CUST03132,BR034,Home Loan,2020-07-17,6144720.55,12.6,36,5097148.57,Active
LOAN02872,CUST01463,BR046,Home Loan,2023-07-03,6297316.28,10.87,240,513177.24,Closed
LOAN02873,CUST07199,BR044,Auto Loan,2020-01-13,1583823.69,15.34,240,181330.02,Closed
LOAN02874,CUST01756,BR057,Auto Loan,2022-07-26,1796621.76,7.48,240,912143.86,Defaulted
LOAN02875,CUST00376,BR006,Home Loan,2024-07-14,3819445.07,13.97,12,2234959.05,Pending
LOAN02876,CUST01508,BR028,Business Loan,2025-12-01,3101760.92,15.08,48,1035376.89,Active
LOAN02877,CUST01190,BR054,Education Loan,2024-05-24,1270020.93,12.1,120,524216.0,Closed
LOAN02878,CUST00157,BR043,Education Loan,2025-09-18,1110762.61,15.09,84,916239.43,Active
LOAN02879,CUST03744,BR014,Education Loan,2025-04-25,1428409.36,7.7,120,220012.63,Defaulted
LOAN02880,CUST06937,BR060,Personal Loan,2020-03-07,702939.07,15.09,240,593178.38,Closed
LOAN02881,CUST01480,BR036,Business Loan,2020-07-05,4608156.98,9.63,84,1981696.46,Closed
LOAN02882,CUST03792,BR060,Education Loan,2020-05-06,841019.48,9.69,12,759975.46,Closed
LOAN02883,CUST04934,BR044,Auto Loan,2021-11-29,976503.35,12.02,36,239009.67,Defaulted
LOAN02884,CUST05883,BR013,Home Loan,2022-11-17,7752077.87,7.63,12,564103.56,Defaulted
LOAN02885,CUST07517,BR008,Home Loan,2024-08-14,6672822.08,10.16,84,2421050.89,Defaulted
LOAN02886,CUST05363,BR034,Education Loan,2022-09-15,157114.75,10.78,120,87407.53,Pending
LOAN02887,CUST02167,BR018,Personal Loan,2022-03-22,725392.03,14.86,60,546236.82,Closed
LOAN02888,CUST03320,BR024,Personal Loan,2022-06-10,120966.83,11.22,24,105486.98,Pending
LOAN02889,CUST02540,BR054,Education Loan,2021-06-17,152245.29,12.52,12,135027.78,Defaulted
LOAN02890,CUST04522,BR014,Home Loan,2022-01-03,4540631.98,12.34,84,3400766.46,Pending
LOAN02891,CUST01555,BR014,Home Loan,2025-01-26,7882069.66,14.89,180,4391277.52,Pending
LOAN02892,CUST02069,BR052,Personal Loan,2023-10-17,111600.78,14.72,24,27472.04,Closed
LOAN02893,CUST06773,BR044,Education Loan,2024-10-22,254694.67,11.1,84,42656.45,Closed
LOAN02894,CUST06897,BR041,Personal Loan,2023-11-29,84473.53,10.16,48,56484.1,Closed
LOAN02895,CUST01251,BR053,Personal Loan,2020-04-08,247916.16,13.17,240,194840.82,Defaulted
LOAN02896,CUST01099,BR055,Personal Loan,2020-06-30,130902.5,15.03,60,62536.24,Defaulted
LOAN02897,CUST06792,BR031,Business Loan,2023-10-24,2114647.16,9.21,24,633839.08,Active
LOAN02898,CUST07271,BR017,Business Loan,2020-05-06,2874523.31,14.46,180,2580332.13,Active
LOAN02899,CUST06980,BR015,Auto Loan,2021-09-14,978509.85,7.46,84,797860.33,Pending
LOAN02900,CUST02843,BR003,Education Loan,2025-10-17,1436008.06,14.05,240,1232331.62,Pending
LOAN02901,CUST01970,BR058,Auto Loan,2024-12-26,1139401.1,12.7,24,291312.26,Active
LOAN02902,CUST07879,BR040,Auto Loan,2024-12-23,584537.44,8.46,36,254681.93,Closed
LOAN02903,CUST05557,BR017,Personal Loan,2021-01-23,493456.2,12.38,120,260288.02,Active
LOAN02904,CUST06723,BR027,Auto Loan,2023-07-02,1327207.97,15.21,120,625639.61,Active
LOAN02905,CUST01216,BR028,Auto Loan,2025-01-27,660944.54,14.43,240,388465.2,Closed
LOAN02906,CUST00247,BR053,Education Loan,2025-06-19,453060.8,7.58,60,174595.14,Pending
LOAN02907,CUST06540,BR012,Business Loan,2025-07-12,2306731.53,11.51,48,767596.66,Defaulted
LOAN02908,CUST06214,BR013,Auto Loan,2024-08-16,559790.03,12.22,48,312745.35,Active
LOAN02909,CUST02327,BR002,Education Loan,2021-12-06,489222.56,8.11,24,379328.43,Defaulted
LOAN02910,CUST06387,BR051,Education Loan,2020-05-23,969514.79,14.91,84,599161.55,Defaulted
LOAN02911,CUST01402,BR059,Business Loan,2024-08-23,4801456.6,8.47,60,3960738.94,Pending
LOAN02912,CUST02440,BR046,Business Loan,2025-02-10,3040038.3,7.41,120,1128908.02,Closed
LOAN02913,CUST01683,BR014,Home Loan,2020-03-18,5250782.07,7.95,24,892067.77,Pending
LOAN02914,CUST06112,BR031,Personal Loan,2020-05-25,752877.87,9.28,12,165455.92,Pending
LOAN02915,CUST02593,BR024,Business Loan,2024-12-01,3742621.47,15.3,12,1491676.97,Defaulted
LOAN02916,CUST06598,BR018,Home Loan,2024-11-23,4344007.77,8.4,36,1501751.7,Pending
LOAN02917,CUST07080,BR052,Home Loan,2021-12-21,3750907.94,13.56,180,1301895.69,Defaulted
LOAN02918,CUST01811,BR006,Business Loan,2020-01-01,3536545.14,8.52,36,920164.89,Closed
LOAN02919,CUST04939,BR054,Education Loan,2025-05-04,757412.61,11.31,48,165067.62,Active
LOAN02920,CUST00341,BR015,Education Loan,2022-11-03,1332773.24,14.45,180,191754.64,Closed
LOAN02921,CUST07455,BR015,Home Loan,2020-10-25,7145866.69,8.78,120,3063422.75,Pending
LOAN02922,CUST07571,BR046,Business Loan,2021-09-26,373204.22,13.52,24,143294.6,Defaulted
LOAN02923,CUST07906,BR057,Auto Loan,2021-05-16,1355134.7,8.56,24,338103.26,Closed
LOAN02924,CUST07162,BR005,Education Loan,2024-07-17,800812.36,12.9,60,175221.53,Pending
LOAN02925,CUST07763,BR053,Auto Loan,2021-04-13,1146805.77,8.05,60,942093.39,Active
LOAN02926,CUST04495,BR004,Business Loan,2023-03-24,1860157.88,15.14,48,1507515.92,Active
LOAN02927,CUST04834,BR045,Home Loan,2025-01-18,6747057.53,11.39,36,5269338.17,Pending
LOAN02928,CUST00560,BR054,Auto Loan,2025-04-25,961974.6,8.16,84,167016.96,Closed
LOAN02929,CUST03541,BR031,Auto Loan,2022-12-01,1289943.44,15.01,240,524914.96,Pending
LOAN02930,CUST02981,BR060,Auto Loan,2023-12-02,235646.41,13.77,240,42400.68,Pending
LOAN02931,CUST00044,BR050,Auto Loan,2023-03-25,506353.72,11.96,84,237277.18,Active
LOAN02932,CUST00355,BR024,Education Loan,2025-09-22,1154399.25,15.07,36,1107195.24,Closed
LOAN02933,CUST00819,BR055,Business Loan,2020-11-11,467638.43,10.16,24,228147.33,Pending
LOAN02934,CUST01093,BR033,Auto Loan,2022-12-10,449603.41,10.55,48,102381.84,Pending
LOAN02935,CUST04464,BR035,Business Loan,2022-06-19,2629891.24,11.19,120,672086.86,Pending
LOAN02936,CUST06721,BR045,Auto Loan,2023-05-08,544577.26,10.22,180,253170.09,Defaulted
LOAN02937,CUST03268,BR018,Personal Loan,2024-12-04,442449.12,10.28,120,296291.25,Active
LOAN02938,CUST00165,BR023,Home Loan,2020-01-21,2085504.97,7.49,12,156655.89,Active
LOAN02939,CUST06556,BR054,Business Loan,2024-06-27,1219862.33,8.1,120,474413.01,Active
LOAN02940,CUST01769,BR001,Personal Loan,2025-05-28,169688.85,11.11,240,74774.86,Defaulted
LOAN02941,CUST07011,BR003,Auto Loan,2023-04-30,393873.78,10.42,240,47622.75,Pending
LOAN02942,CUST02907,BR021,Auto Loan,2023-11-19,853424.01,8.94,84,670215.23,Pending
LOAN02943,CUST01683,BR014,Personal Loan,2025-09-08,112705.95,14.15,36,38973.65,Pending
LOAN02944,CUST07384,BR035,Education Loan,2021-06-08,245072.96,14.22,84,14827.47,Closed
LOAN02945,CUST02273,BR020,Home Loan,2025-10-07,6385521.32,7.27,24,1677352.47,Pending
LOAN02946,CUST05934,BR044,Business Loan,2022-02-14,3424201.11,7.26,12,1301061.26,Active
LOAN02947,CUST05773,BR002,Auto Loan,2023-05-29,1138233.58,12.0,60,558989.04,Pending
LOAN02948,CUST02749,BR024,Home Loan,2020-09-02,7209548.51,10.63,36,7010624.61,Active
LOAN02949,CUST03997,BR046,Auto Loan,2024-07-23,1958191.26,10.96,180,1405337.31,Pending
LOAN02950,CUST01276,BR028,Business Loan,2022-12-11,500408.37,15.28,84,352605.85,Defaulted
LOAN02951,CUST04929,BR052,Education Loan,2025-08-23,1413229.64,8.83,120,402624.31,Active
LOAN02952,CUST00211,BR060,Auto Loan,2025-10-05,654357.89,14.48,60,202064.66,Closed
LOAN02953,CUST00172,BR009,Education Loan,2024-07-06,391333.09,13.13,240,199895.65,Active
LOAN02954,CUST07130,BR038,Education Loan,2021-09-07,815159.13,7.61,240,177900.63,Closed
LOAN02955,CUST02528,BR033,Business Loan,2025-03-14,815684.23,9.49,180,248653.46,Defaulted
LOAN02956,CUST03282,BR040,Business Loan,2023-12-03,2560790.98,14.01,240,2177884.5,Defaulted
LOAN02957,CUST01421,BR046,Personal Loan,2025-03-16,758354.84,12.69,60,742493.95,Pending
LOAN02958,CUST01299,BR044,Auto Loan,2021-12-05,943340.46,14.7,240,746262.12,Defaulted
LOAN02959,CUST01188,BR023,Business Loan,2023-10-02,4077385.74,13.82,24,1151492.45,Active
LOAN02960,CUST07796,BR010,Education Loan,2021-10-03,1038981.37,11.69,12,430057.82,Closed
LOAN02961,CUST03966,BR053,Personal Loan,2024-09-09,418386.93,12.89,24,22243.61,Active
LOAN02962,CUST00828,BR009,Personal Loan,2023-10-27,766997.4,13.42,180,154215.58,Defaulted
LOAN02963,CUST05122,BR014,Home Loan,2025-01-27,5120498.12,15.01,240,1191966.53,Pending
LOAN02964,CUST01579,BR004,Auto Loan,2022-06-15,1197311.88,10.51,48,941951.13,Closed
LOAN02965,CUST06262,BR054,Auto Loan,2024-10-26,1015609.06,10.43,24,758424.02,Closed
LOAN02966,CUST06810,BR049,Home Loan,2020-03-13,6010220.51,13.33,48,3766236.9,Pending
LOAN02967,CUST07597,BR030,Education Loan,2021-01-04,899010.04,13.22,240,522877.39,Pending
LOAN02968,CUST02174,BR009,Personal Loan,2021-11-22,119859.14,8.95,24,75257.17,Active
LOAN02969,CUST06382,BR050,Business Loan,2023-01-12,1358502.16,14.08,120,1324490.2,Active
LOAN02970,CUST04231,BR042,Auto Loan,2025-12-19,1286592.12,14.53,48,68852.35,Closed
LOAN02971,CUST00240,BR016,Education Loan,2020-11-14,1066041.0,11.45,84,406285.27,Defaulted
LOAN02972,CUST03953,BR027,Business Loan,2020-05-28,640314.73,14.79,240,226922.26,Pending
LOAN02973,CUST00738,BR007,Business Loan,2022-08-16,574756.34,7.54,36,473870.38,Active
LOAN02974,CUST07580,BR007,Auto Loan,2022-10-22,368461.5,11.41,48,23516.27,Closed
LOAN02975,CUST06416,BR045,Business Loan,2020-11-06,1681021.77,14.92,48,774920.78,Defaulted
LOAN02976,CUST02405,BR004,Personal Loan,2020-07-05,477207.31,13.75,12,129506.48,Closed
LOAN02977,CUST01878,BR045,Business Loan,2021-05-17,1526083.43,11.67,12,1318555.8,Closed
LOAN02978,CUST06557,BR005,Business Loan,2021-05-21,409719.37,12.06,84,299131.97,Defaulted
LOAN02979,CUST01870,BR003,Education Loan,2024-06-12,269367.91,8.69,60,60120.27,Defaulted
LOAN02980,CUST06785,BR008,Personal Loan,2021-04-09,445071.38,14.74,84,261830.6,Active
LOAN02981,CUST04207,BR026,Education Loan,2024-09-10,362388.55,7.39,120,195948.91,Pending
LOAN02982,CUST07016,BR034,Personal Loan,2020-04-19,176121.63,11.17,120,86452.82,Active
LOAN02983,CUST06386,BR029,Auto Loan,2020-12-01,1070053.49,12.06,120,744191.66,Closed
LOAN02984,CUST05788,BR028,Business Loan,2025-10-15,4690536.2,13.06,36,3876498.83,Closed
LOAN02985,CUST03480,BR023,Education Loan,2023-08-14,424841.13,9.02,36,409616.34,Active
LOAN02986,CUST01450,BR034,Auto Loan,2021-02-26,1967730.76,10.85,60,656919.73,Closed
LOAN02987,CUST06104,BR049,Auto Loan,2023-08-30,563517.14,14.12,60,388425.98,Closed
LOAN02988,CUST05320,BR036,Home Loan,2024-03-13,1792248.69,13.18,12,1749138.66,Defaulted
LOAN02989,CUST03989,BR006,Personal Loan,2024-06-26,773306.93,13.38,180,164485.49,Active
LOAN02990,CUST02323,BR040,Business Loan,2020-07-03,4234404.97,8.03,120,1178797.08,Active
LOAN02991,CUST06949,BR024,Home Loan,2025-08-30,1309429.94,12.5,24,1077409.54,Closed
LOAN02992,CUST07691,BR004,Home Loan,2021-07-10,7923738.23,7.97,12,1143134.7,Closed
LOAN02993,CUST05705,BR047,Auto Loan,2024-10-14,1519533.83,7.97,36,94356.48,Closed
LOAN02994,CUST04267,BR050,Business Loan,2023-05-13,1330815.04,7.22,60,722432.64,Defaulted
LOAN02995,CUST06934,BR010,Education Loan,2023-11-17,663899.82,10.86,24,59923.81,Pending
LOAN02996,CUST00368,BR053,Auto Loan,2021-11-30,1068806.77,13.52,24,533567.67,Defaulted
LOAN02997,CUST06558,BR018,Home Loan,2025-03-12,5481890.64,9.29,240,4354855.6,Active
LOAN02998,CUST00369,BR020,Auto Loan,2024-10-09,829398.79,8.51,60,60143.64,Defaulted
LOAN02999,CUST01126,BR032,Home Loan,2024-11-16,975356.79,7.68,12,374669.26,Defaulted
LOAN03000,CUST01476,BR055,Personal Loan,2022-04-26,518087.28,14.47,240,332112.08,Active
LOAN03001,CUST00696,BR035,Business Loan,2023-02-06,1298576.02,11.7,60,1275865.65,Pending
LOAN03002,CUST01340,BR019,Auto Loan,2024-11-16,1123472.07,14.62,120,1092011.79,Pending
LOAN03003,CUST02965,BR043,Business Loan,2020-04-16,4208650.63,14.09,24,2649755.04,Active
LOAN03004,CUST06039,BR018,Education Loan,2021-02-02,871486.11,11.73,24,195063.48,Closed
LOAN03005,CUST02940,BR041,Personal Loan,2023-04-25,232366.48,12.28,180,102381.28,Pending
LOAN03006,CUST07209,BR016,Auto Loan,2022-10-18,306516.73,8.76,60,269996.04,Active
LOAN03007,CUST06079,BR038,Personal Loan,2021-01-22,567023.51,7.77,24,390822.62,Closed
LOAN03008,CUST07243,BR020,Auto Loan,2025-03-15,1725277.86,12.85,84,1028150.07,Closed
LOAN03009,CUST01042,BR060,Auto Loan,2025-09-29,398361.42,7.05,48,47183.83,Pending
LOAN03010,CUST06761,BR019,Home Loan,2022-08-14,2495251.18,11.96,12,1928702.46,Closed
LOAN03011,CUST04713,BR012,Personal Loan,2020-08-25,244001.41,10.96,36,134984.39,Closed
LOAN03012,CUST05306,BR039,Auto Loan,2021-06-18,236952.66,12.92,60,73276.53,Defaulted
LOAN03013,CUST04844,BR017,Business Loan,2024-10-12,1713290.44,11.02,240,804408.53,Defaulted
LOAN03014,CUST01669,BR049,Personal Loan,2022-03-06,523445.42,13.57,24,46185.19,Pending
LOAN03015,CUST01167,BR005,Home Loan,2025-10-10,3947997.97,11.79,48,3642796.0,Closed
LOAN03016,CUST06020,BR005,Home Loan,2022-04-09,3109830.94,15.1,60,935840.81,Active
LOAN03017,CUST06352,BR025,Personal Loan,2023-06-21,354208.15,10.03,240,325829.97,Defaulted
LOAN03018,CUST04969,BR053,Home Loan,2025-03-14,4373173.02,11.09,84,3790946.33,Pending
LOAN03019,CUST06366,BR049,Business Loan,2020-06-19,1189800.89,7.34,12,595276.63,Active
LOAN03020,CUST01809,BR009,Personal Loan,2025-05-16,625387.86,9.1,12,253046.58,Pending
LOAN03021,CUST01526,BR004,Personal Loan,2022-03-14,497561.33,8.69,48,434878.56,Defaulted
LOAN03022,CUST05271,BR033,Personal Loan,2025-07-24,602800.05,10.72,84,198343.65,Pending
LOAN03023,CUST06495,BR015,Home Loan,2022-03-12,5076641.1,11.24,48,3123788.12,Defaulted
LOAN03024,CUST06424,BR027,Personal Loan,2023-11-02,745230.26,10.96,24,281345.83,Active
LOAN03025,CUST02323,BR028,Home Loan,2023-01-11,4413024.73,13.03,48,2728651.92,Active
LOAN03026,CUST05040,BR017,Business Loan,2021-12-08,4906934.84,11.51,120,1625933.33,Closed
LOAN03027,CUST06140,BR043,Auto Loan,2025-07-04,1039279.8,7.78,180,1039127.2,Closed
LOAN03028,CUST06612,BR002,Home Loan,2025-09-17,4956762.16,7.84,12,2513023.11,Closed
LOAN03029,CUST00328,BR027,Education Loan,2025-05-03,1284013.59,13.89,84,583045.86,Closed
LOAN03030,CUST05002,BR015,Home Loan,2025-03-11,4749444.42,14.67,240,4418247.81,Closed
LOAN03031,CUST01917,BR046,Business Loan,2020-07-26,1424833.45,9.75,12,121028.46,Active
LOAN03032,CUST00341,BR014,Auto Loan,2022-04-03,682740.43,13.97,12,626672.86,Pending
LOAN03033,CUST01831,BR046,Home Loan,2020-06-14,4583855.08,11.93,180,3892084.18,Defaulted
LOAN03034,CUST00008,BR041,Home Loan,2024-07-05,2255042.37,14.39,180,296231.86,Pending
LOAN03035,CUST03518,BR051,Business Loan,2023-11-22,1498128.98,9.64,180,1321118.87,Pending
LOAN03036,CUST00095,BR008,Personal Loan,2021-06-14,315387.43,7.58,36,264316.58,Defaulted
LOAN03037,CUST02806,BR057,Personal Loan,2022-08-30,741216.81,11.34,12,423175.53,Active
LOAN03038,CUST07379,BR001,Business Loan,2020-11-06,694654.05,7.63,36,275061.44,Pending
LOAN03039,CUST02918,BR034,Education Loan,2022-02-04,667093.1,8.8,48,303689.47,Defaulted
LOAN03040,CUST01742,BR030,Education Loan,2022-12-06,173061.08,11.97,84,90941.34,Closed
LOAN03041,CUST06385,BR059,Home Loan,2024-05-17,2587185.94,11.3,84,1856684.53,Pending
LOAN03042,CUST03235,BR011,Auto Loan,2020-12-09,511225.57,12.06,180,305094.09,Active
LOAN03043,CUST07308,BR015,Business Loan,2022-04-06,3806498.09,14.72,240,2403395.75,Active
LOAN03044,CUST05443,BR029,Home Loan,2025-11-02,1160003.05,8.51,240,919808.21,Active
LOAN03045,CUST06228,BR045,Business Loan,2022-08-27,2703638.99,11.76,60,1402844.97,Active
LOAN03046,CUST05239,BR003,Auto Loan,2020-08-24,415805.54,10.79,180,62292.37,Pending
LOAN03047,CUST03377,BR020,Education Loan,2024-08-02,680918.52,7.66,12,627204.26,Pending
LOAN03048,CUST02038,BR007,Auto Loan,2024-02-03,220317.53,14.82,12,203794.37,Pending
LOAN03049,CUST02857,BR014,Education Loan,2025-12-21,719349.38,12.37,240,333035.96,Pending
LOAN03050,CUST03356,BR045,Business Loan,2020-12-23,2540971.36,14.98,120,1928267.75,Closed
LOAN03051,CUST05018,BR027,Home Loan,2024-03-05,2277464.28,13.24,24,116102.91,Defaulted
LOAN03052,CUST00768,BR041,Home Loan,2025-02-22,2300211.16,9.54,180,1965358.81,Pending
LOAN03053,CUST00024,BR015,Education Loan,2020-05-28,693375.03,11.23,240,220954.16,Pending
LOAN03054,CUST00563,BR049,Home Loan,2021-11-03,6841261.29,14.25,180,5527185.19,Defaulted
LOAN03055,CUST02579,BR006,Business Loan,2022-01-26,3433533.07,8.72,24,1248822.92,Pending
LOAN03056,CUST05579,BR045,Education Loan,2023-10-04,573069.81,7.54,12,475236.22,Pending
LOAN03057,CUST07203,BR017,Education Loan,2024-09-20,866184.13,8.53,120,458872.72,Defaulted
LOAN03058,CUST03051,BR007,Education Loan,2020-10-15,1456718.89,9.15,48,772937.43,Defaulted
LOAN03059,CUST06210,BR018,Personal Loan,2023-07-25,630357.97,10.74,60,209461.81,Pending
LOAN03060,CUST07042,BR001,Home Loan,2021-10-22,7507966.71,9.11,84,5491520.9,Pending
LOAN03061,CUST04743,BR034,Personal Loan,2023-06-03,321889.2,11.36,60,43036.89,Defaulted
LOAN03062,CUST02324,BR053,Auto Loan,2020-04-04,846042.45,15.06,240,274926.07,Defaulted
LOAN03063,CUST06750,BR018,Personal Loan,2024-11-23,218386.61,12.4,24,208470.24,Pending
LOAN03064,CUST07089,BR023,Personal Loan,2025-06-27,617781.87,13.55,48,213055.05,Pending
LOAN03065,CUST02281,BR049,Personal Loan,2025-01-30,363770.49,8.51,84,29859.06,Pending
LOAN03066,CUST04034,BR037,Business Loan,2024-07-13,2955227.58,10.32,84,2450825.77,Active
LOAN03067,CUST03511,BR055,Personal Loan,2022-05-06,513005.9,15.48,60,470068.11,Closed
LOAN03068,CUST00816,BR046,Business Loan,2025-01-26,4573624.03,10.12,24,261496.89,Closed
LOAN03069,CUST06098,BR038,Education Loan,2022-05-20,408802.28,12.23,60,274324.22,Pending
LOAN03070,CUST02670,BR035,Auto Loan,2024-02-03,1568570.45,8.95,240,1117506.0,Active
LOAN03071,CUST06730,BR029,Auto Loan,2023-10-23,573553.38,9.46,12,112860.44,Active
LOAN03072,CUST01460,BR023,Education Loan,2023-05-16,1289664.2,15.25,24,304192.98,Defaulted
LOAN03073,CUST03339,BR027,Education Loan,2021-01-11,639353.56,13.05,24,182385.95,Active
LOAN03074,CUST01903,BR046,Business Loan,2020-08-31,2387287.37,10.69,120,1312441.89,Active
LOAN03075,CUST02054,BR024,Personal Loan,2022-11-10,300068.98,12.1,12,255474.88,Active
LOAN03076,CUST04562,BR002,Business Loan,2021-05-12,4333966.62,10.21,48,2125569.7,Defaulted
LOAN03077,CUST00853,BR005,Home Loan,2023-07-09,4151789.38,12.78,180,704419.38,Closed
LOAN03078,CUST02951,BR029,Auto Loan,2024-04-28,225366.7,10.18,84,124277.86,Pending
LOAN03079,CUST06462,BR055,Auto Loan,2020-04-18,1305203.81,9.18,36,234405.51,Active
LOAN03080,CUST01805,BR024,Education Loan,2025-09-06,1131155.28,7.27,240,71670.3,Active
LOAN03081,CUST07020,BR029,Auto Loan,2020-11-27,847686.31,11.94,120,46020.32,Closed
LOAN03082,CUST02056,BR022,Auto Loan,2025-12-14,482907.15,13.76,84,97227.49,Defaulted
LOAN03083,CUST06675,BR032,Education Loan,2021-08-03,1122488.65,13.33,60,958821.76,Defaulted
LOAN03084,CUST04381,BR030,Auto Loan,2024-07-14,1797616.05,8.56,180,680467.04,Defaulted
LOAN03085,CUST05542,BR034,Business Loan,2024-11-24,3382597.46,11.19,120,2856940.72,Active
LOAN03086,CUST04612,BR057,Business Loan,2023-11-17,3106959.2,10.53,12,877426.43,Closed
LOAN03087,CUST06475,BR053,Auto Loan,2020-12-27,1200993.51,7.43,24,90744.3,Pending
LOAN03088,CUST00046,BR055,Home Loan,2024-03-17,5984274.9,8.74,240,4712183.57,Closed
LOAN03089,CUST07566,BR008,Personal Loan,2024-08-07,450417.51,11.47,12,70305.47,Closed
LOAN03090,CUST04937,BR031,Personal Loan,2025-01-18,667917.49,13.86,84,641728.15,Closed
LOAN03091,CUST06023,BR055,Home Loan,2020-05-09,4358892.47,14.51,240,2270435.26,Closed
LOAN03092,CUST00024,BR007,Education Loan,2024-02-19,548009.76,11.61,180,468368.42,Pending
LOAN03093,CUST07510,BR017,Auto Loan,2020-04-13,1029382.03,10.92,84,89729.44,Defaulted
LOAN03094,CUST00341,BR051,Home Loan,2020-03-15,5173995.48,13.93,36,4201700.47,Active
LOAN03095,CUST00997,BR044,Auto Loan,2025-04-29,709168.95,7.69,84,605306.23,Pending
LOAN03096,CUST01049,BR045,Business Loan,2021-03-20,2325475.84,12.37,180,208788.68,Active
LOAN03097,CUST05617,BR007,Auto Loan,2025-08-15,1173560.51,10.94,36,377108.64,Defaulted
LOAN03098,CUST01206,BR048,Auto Loan,2024-06-02,546489.41,11.06,36,398532.68,Active
LOAN03099,CUST03172,BR032,Education Loan,2024-08-25,607998.3,14.02,36,466127.25,Pending
LOAN03100,CUST00110,BR044,Business Loan,2020-12-11,4209842.06,10.31,240,2192153.21,Defaulted
LOAN03101,CUST05981,BR034,Home Loan,2021-04-22,7644364.89,11.27,120,7521349.53,Closed
LOAN03102,CUST06532,BR025,Home Loan,2025-11-07,2917951.06,14.68,180,2195105.31,Defaulted
LOAN03103,CUST02333,BR024,Education Loan,2022-05-27,1297781.51,12.81,240,192163.0,Closed
LOAN03104,CUST07981,BR040,Personal Loan,2024-06-10,681287.22,7.04,60,580874.94,Closed
LOAN03105,CUST01305,BR040,Auto Loan,2024-05-04,856281.23,8.16,120,424693.05,Active
LOAN03106,CUST00709,BR004,Auto Loan,2024-11-12,1278589.78,12.47,84,931013.39,Defaulted
LOAN03107,CUST02987,BR003,Business Loan,2020-01-25,2165137.83,15.46,240,217944.85,Closed
LOAN03108,CUST03154,BR019,Auto Loan,2024-08-25,1219213.58,10.03,60,1199215.74,Defaulted
LOAN03109,CUST00476,BR019,Home Loan,2024-06-03,2159209.07,7.35,180,1475972.08,Active
LOAN03110,CUST06376,BR018,Home Loan,2023-01-04,851679.18,9.95,120,143932.38,Closed
LOAN03111,CUST00037,BR031,Home Loan,2024-03-07,1130544.59,9.88,84,497142.51,Defaulted
LOAN03112,CUST01037,BR039,Home Loan,2024-01-23,3686051.44,13.01,84,1290388.38,Defaulted
LOAN03113,CUST07199,BR006,Business Loan,2023-11-17,4209717.5,14.48,60,791316.98,Closed
LOAN03114,CUST03945,BR033,Education Loan,2025-11-20,1014771.43,10.35,12,979335.11,Defaulted
LOAN03115,CUST00211,BR015,Education Loan,2025-04-04,766361.87,13.17,180,539568.13,Defaulted
LOAN03116,CUST04026,BR020,Education Loan,2025-07-14,1118382.09,9.4,240,1088415.34,Defaulted
LOAN03117,CUST04165,BR020,Personal Loan,2021-02-08,601584.77,9.79,240,479222.92,Defaulted
LOAN03118,CUST05269,BR012,Education Loan,2022-12-29,940791.75,12.36,60,570134.93,Defaulted
LOAN03119,CUST02478,BR049,Education Loan,2024-08-13,337914.42,13.68,240,232636.46,Pending
LOAN03120,CUST04169,BR017,Home Loan,2020-03-05,3595396.12,9.81,36,1065680.34,Defaulted
LOAN03121,CUST03986,BR029,Education Loan,2025-10-11,246602.6,12.14,12,205124.58,Defaulted
LOAN03122,CUST05146,BR042,Education Loan,2024-12-12,1390495.61,13.58,24,1179909.64,Pending
LOAN03123,CUST06855,BR043,Auto Loan,2025-06-19,1801780.56,9.82,180,770762.87,Pending
LOAN03124,CUST05416,BR054,Education Loan,2022-04-23,407400.52,10.8,180,279403.79,Defaulted
LOAN03125,CUST02771,BR001,Auto Loan,2022-01-17,524752.12,8.56,84,134027.78,Defaulted
LOAN03126,CUST01051,BR028,Auto Loan,2025-01-07,1334088.5,12.98,84,396889.28,Active
LOAN03127,CUST06985,BR055,Home Loan,2025-05-21,5521409.07,12.12,48,1985333.08,Defaulted
LOAN03128,CUST01395,BR053,Personal Loan,2025-06-28,758965.16,14.96,180,303604.51,Closed
LOAN03129,CUST03329,BR031,Education Loan,2023-09-28,1468249.38,14.91,240,1351072.88,Active
LOAN03130,CUST01392,BR035,Auto Loan,2023-08-30,296278.12,8.84,36,51755.12,Pending
LOAN03131,CUST01594,BR020,Personal Loan,2022-12-16,770719.2,8.3,48,642837.99,Active
LOAN03132,CUST05707,BR057,Business Loan,2023-01-13,872891.5,9.66,24,712024.0,Active
LOAN03133,CUST07633,BR021,Auto Loan,2024-03-03,1630863.24,13.26,180,256152.09,Defaulted
LOAN03134,CUST04658,BR031,Personal Loan,2020-03-13,736115.35,8.73,120,536039.88,Active
LOAN03135,CUST01647,BR004,Home Loan,2020-07-07,5091741.55,11.64,180,700087.9,Pending
LOAN03136,CUST03575,BR016,Auto Loan,2021-09-16,1543766.68,13.54,120,1496136.02,Active
LOAN03137,CUST01046,BR004,Education Loan,2023-11-24,535960.12,9.37,60,383204.29,Pending
LOAN03138,CUST03393,BR007,Home Loan,2025-09-06,3172339.32,10.57,12,1241160.86,Closed
LOAN03139,CUST05205,BR017,Education Loan,2021-01-09,1295679.66,9.41,180,894502.91,Defaulted
LOAN03140,CUST07561,BR048,Home Loan,2023-01-01,2973053.1,9.74,120,709228.85,Active
LOAN03141,CUST04617,BR055,Home Loan,2025-06-15,5338055.34,9.04,180,723255.97,Defaulted
LOAN03142,CUST01847,BR022,Business Loan,2024-06-03,2551697.99,9.13,36,690522.71,Pending
LOAN03143,CUST05962,BR041,Personal Loan,2021-08-14,492618.95,9.31,120,377325.5,Pending
LOAN03144,CUST02596,BR041,Business Loan,2025-07-31,4132423.18,14.29,36,4003365.96,Closed
LOAN03145,CUST06805,BR046,Auto Loan,2021-07-16,272812.53,7.65,48,41102.96,Closed
LOAN03146,CUST03082,BR014,Education Loan,2023-07-21,1098675.56,9.72,240,776653.5,Defaulted
LOAN03147,CUST01598,BR023,Education Loan,2024-12-24,847900.64,14.66,180,282635.46,Pending
LOAN03148,CUST07146,BR022,Auto Loan,2024-06-19,684415.58,8.1,48,584589.36,Defaulted
LOAN03149,CUST03257,BR058,Home Loan,2024-04-16,3823818.55,15.15,24,1245146.58,Active
LOAN03150,CUST03069,BR032,Auto Loan,2022-09-16,1864983.16,12.92,84,1722063.2,Closed
LOAN03151,CUST00512,BR054,Business Loan,2020-07-07,2788210.04,14.44,120,2241541.0,Closed
LOAN03152,CUST05621,BR009,Education Loan,2025-11-05,829113.95,14.83,180,420647.54,Active
LOAN03153,CUST06990,BR004,Business Loan,2024-11-29,4278464.02,13.41,180,3695836.15,Active
LOAN03154,CUST04752,BR032,Business Loan,2021-04-12,3781996.8,12.58,48,221302.92,Defaulted
LOAN03155,CUST04200,BR026,Home Loan,2021-12-31,5011949.53,13.22,120,2555257.32,Defaulted
LOAN03156,CUST00502,BR045,Home Loan,2021-04-11,4053041.93,12.88,12,1743810.05,Pending
LOAN03157,CUST04897,BR018,Home Loan,2024-04-18,851040.25,11.04,84,812812.14,Closed
LOAN03158,CUST01860,BR021,Personal Loan,2022-12-05,248427.49,9.58,240,80359.57,Active
LOAN03159,CUST01326,BR058,Personal Loan,2025-02-22,107678.82,8.5,84,82888.96,Pending
LOAN03160,CUST04681,BR003,Personal Loan,2020-09-30,770430.97,8.54,84,512435.7,Closed
LOAN03161,CUST06851,BR001,Education Loan,2025-12-03,190358.39,10.06,12,124789.36,Active
LOAN03162,CUST00343,BR011,Auto Loan,2020-11-05,612838.97,14.13,84,572412.07,Pending
LOAN03163,CUST03985,BR015,Education Loan,2023-10-07,902665.55,14.15,240,59337.46,Defaulted
LOAN03164,CUST01082,BR051,Home Loan,2023-06-21,1876885.41,12.42,240,202197.28,Defaulted
LOAN03165,CUST07717,BR003,Auto Loan,2023-02-13,733327.0,14.15,24,711625.53,Pending
LOAN03166,CUST02504,BR030,Business Loan,2021-05-22,4960715.18,14.73,60,3249788.07,Defaulted
LOAN03167,CUST03256,BR009,Personal Loan,2025-01-26,780338.23,12.97,240,716361.94,Active
LOAN03168,CUST00461,BR058,Personal Loan,2025-06-25,515750.04,7.66,48,107708.19,Pending
LOAN03169,CUST03728,BR026,Education Loan,2021-03-06,1123821.14,9.86,60,627656.7,Pending
LOAN03170,CUST06667,BR016,Auto Loan,2024-08-05,987571.59,7.3,60,442182.09,Pending
LOAN03171,CUST07888,BR002,Personal Loan,2024-02-18,782832.6,10.38,240,135918.78,Pending
LOAN03172,CUST00777,BR050,Personal Loan,2025-12-29,373491.8,12.15,36,107057.26,Closed
LOAN03173,CUST05572,BR027,Education Loan,2023-04-23,540506.01,9.06,84,385304.85,Defaulted
LOAN03174,CUST06318,BR050,Home Loan,2022-05-31,4032812.85,10.21,36,1031311.94,Active
LOAN03175,CUST07420,BR021,Business Loan,2023-10-12,2786979.85,7.63,60,2718862.98,Active
LOAN03176,CUST03992,BR045,Home Loan,2024-03-08,5954704.4,9.47,240,5524989.0,Defaulted
LOAN03177,CUST03405,BR050,Auto Loan,2021-09-14,443515.47,8.0,48,416627.39,Defaulted
LOAN03178,CUST04283,BR014,Business Loan,2024-07-29,4135373.53,10.73,180,295830.08,Closed
LOAN03179,CUST01025,BR048,Home Loan,2025-06-18,5727614.16,14.37,120,1540785.42,Active
LOAN03180,CUST07050,BR060,Personal Loan,2024-07-20,466517.47,14.98,12,247696.0,Active
LOAN03181,CUST06822,BR006,Education Loan,2023-11-14,1344172.19,15.34,24,893502.24,Defaulted
LOAN03182,CUST01762,BR015,Business Loan,2022-07-26,2759019.47,13.97,36,1660443.37,Active
LOAN03183,CUST01299,BR011,Auto Loan,2023-04-10,438819.49,8.68,240,215232.09,Defaulted
LOAN03184,CUST03005,BR048,Auto Loan,2024-05-19,1543727.38,11.04,12,735750.4,Defaulted
LOAN03185,CUST02908,BR039,Home Loan,2022-06-19,4318019.03,7.17,120,2481974.81,Pending
LOAN03186,CUST05588,BR019,Education Loan,2022-05-06,780371.87,9.29,120,599935.94,Active
LOAN03187,CUST01799,BR027,Education Loan,2024-06-15,1200046.99,13.98,180,728462.21,Active
LOAN03188,CUST00475,BR048,Business Loan,2025-04-01,4037736.52,9.57,240,3206650.09,Defaulted
LOAN03189,CUST07971,BR018,Auto Loan,2025-09-15,1955155.55,15.38,48,1438259.15,Closed
LOAN03190,CUST05546,BR039,Home Loan,2023-09-24,3242711.19,10.11,12,649714.34,Pending
LOAN03191,CUST00731,BR008,Personal Loan,2022-11-02,132794.28,13.66,36,108159.42,Active
LOAN03192,CUST04032,BR017,Education Loan,2020-07-28,1463525.09,13.3,240,140106.09,Pending
LOAN03193,CUST07117,BR012,Business Loan,2024-11-24,4371067.37,11.67,24,1736891.59,Defaulted
LOAN03194,CUST04743,BR015,Business Loan,2021-08-05,3806366.83,8.11,240,1215868.62,Defaulted
LOAN03195,CUST01318,BR015,Business Loan,2025-12-20,2120723.78,13.4,180,347271.88,Pending
LOAN03196,CUST06281,BR002,Home Loan,2025-08-31,3931386.74,11.53,12,379892.14,Defaulted
LOAN03197,CUST07284,BR002,Personal Loan,2024-09-17,100235.09,8.32,84,35193.6,Pending
LOAN03198,CUST00043,BR034,Education Loan,2020-10-03,1486533.89,15.36,60,1211198.03,Pending
LOAN03199,CUST03748,BR020,Personal Loan,2022-11-30,458046.84,11.48,180,308814.59,Active
LOAN03200,CUST02576,BR019,Auto Loan,2023-01-27,298932.68,14.21,36,295491.51,Active
LOAN03201,CUST07981,BR046,Business Loan,2021-10-25,4409821.71,7.93,60,2417437.4,Pending
LOAN03202,CUST07442,BR034,Home Loan,2020-05-17,833488.28,7.84,36,354371.18,Closed
LOAN03203,CUST05735,BR046,Auto Loan,2024-06-09,1660184.55,15.13,120,826353.75,Closed
LOAN03204,CUST03365,BR051,Education Loan,2024-06-09,354708.93,8.73,84,227094.13,Closed
LOAN03205,CUST04856,BR011,Home Loan,2020-05-11,7873038.14,12.81,60,2215145.18,Active
LOAN03206,CUST05143,BR041,Business Loan,2024-10-24,4800474.97,15.0,84,959001.47,Pending
LOAN03207,CUST04181,BR034,Business Loan,2025-12-28,2190298.63,10.76,48,828887.85,Pending
LOAN03208,CUST02959,BR049,Education Loan,2025-05-09,1390313.81,11.46,48,430696.24,Pending
LOAN03209,CUST03820,BR028,Business Loan,2023-03-02,4546311.5,7.29,60,1690911.26,Defaulted
LOAN03210,CUST06761,BR027,Education Loan,2020-05-28,104878.24,13.05,180,88055.21,Active
LOAN03211,CUST05772,BR030,Home Loan,2025-02-04,6375659.49,11.16,120,1925739.76,Active
LOAN03212,CUST00038,BR035,Education Loan,2025-01-15,1251177.35,12.17,240,163119.54,Defaulted
LOAN03213,CUST03574,BR027,Education Loan,2020-09-01,354517.52,8.48,36,63491.49,Closed
LOAN03214,CUST01219,BR060,Business Loan,2023-04-29,2142282.4,8.71,48,1679765.34,Defaulted
LOAN03215,CUST00912,BR018,Education Loan,2020-10-12,952466.06,11.17,24,204928.73,Pending
LOAN03216,CUST03884,BR032,Personal Loan,2020-06-23,755838.67,9.27,60,484050.31,Defaulted
LOAN03217,CUST01324,BR039,Business Loan,2024-09-07,2990168.03,7.54,60,1557431.58,Pending
LOAN03218,CUST02159,BR037,Business Loan,2020-08-14,2817987.58,14.7,240,1431521.48,Active
LOAN03219,CUST07334,BR004,Personal Loan,2020-05-03,250388.05,14.14,12,141330.04,Closed
LOAN03220,CUST04668,BR017,Business Loan,2020-01-27,1612377.88,7.46,240,1182309.46,Defaulted
LOAN03221,CUST05409,BR023,Auto Loan,2025-07-09,1558073.34,9.79,120,1531665.94,Active
LOAN03222,CUST03874,BR011,Personal Loan,2025-11-30,445109.2,13.43,240,210270.36,Active
LOAN03223,CUST05711,BR039,Auto Loan,2024-10-13,545019.18,10.18,84,452534.61,Defaulted
LOAN03224,CUST06157,BR005,Home Loan,2025-09-06,3170623.05,10.75,24,1180285.32,Active
LOAN03225,CUST00036,BR003,Education Loan,2023-04-20,670791.24,7.28,120,328577.44,Pending
LOAN03226,CUST07466,BR031,Personal Loan,2023-01-19,247411.34,14.27,24,236793.47,Defaulted
LOAN03227,CUST00971,BR036,Auto Loan,2020-01-27,1989134.07,13.09,12,227550.38,Closed
LOAN03228,CUST02549,BR036,Auto Loan,2021-03-31,673983.64,14.17,120,496197.58,Closed
LOAN03229,CUST00674,BR005,Home Loan,2024-07-25,5831688.35,12.46,240,3471208.25,Defaulted
LOAN03230,CUST04215,BR010,Personal Loan,2022-05-01,377441.01,11.02,48,201205.96,Defaulted
LOAN03231,CUST00017,BR013,Home Loan,2021-10-18,4074085.21,12.08,36,3564157.81,Active
LOAN03232,CUST05812,BR005,Auto Loan,2023-02-16,1791824.09,9.21,12,124994.06,Active
LOAN03233,CUST04310,BR039,Auto Loan,2024-03-11,562726.63,13.07,84,149019.13,Active
LOAN03234,CUST01627,BR054,Auto Loan,2021-01-07,1615425.45,7.62,60,552267.77,Closed
LOAN03235,CUST00263,BR030,Education Loan,2025-11-29,731422.11,13.6,120,613641.58,Active
LOAN03236,CUST00034,BR033,Business Loan,2020-06-08,3184257.29,13.68,240,2455941.71,Closed
LOAN03237,CUST02750,BR006,Business Loan,2021-08-21,4457342.04,11.85,48,2178039.65,Pending
LOAN03238,CUST00087,BR035,Business Loan,2021-05-02,3679982.43,11.51,120,2397520.19,Closed
LOAN03239,CUST01403,BR038,Personal Loan,2022-12-30,636207.34,12.23,120,529053.48,Defaulted
LOAN03240,CUST04060,BR059,Home Loan,2021-08-14,2147517.25,9.78,240,730778.49,Active
LOAN03241,CUST04286,BR059,Business Loan,2022-07-23,4766289.41,9.54,60,2949477.3,Pending
LOAN03242,CUST07306,BR017,Home Loan,2025-11-12,3802548.82,7.62,60,2726619.61,Pending
LOAN03243,CUST04364,BR047,Education Loan,2020-11-23,1336246.82,14.74,120,797561.6,Defaulted
LOAN03244,CUST04522,BR058,Business Loan,2024-05-02,2030087.92,7.79,24,1344353.12,Pending
LOAN03245,CUST04962,BR035,Business Loan,2023-09-26,3987621.1,7.86,36,3960638.18,Pending
LOAN03246,CUST02736,BR060,Education Loan,2025-05-28,883495.29,10.64,120,163391.3,Active
LOAN03247,CUST06287,BR055,Home Loan,2025-08-03,2178965.72,15.18,12,925520.15,Active
LOAN03248,CUST02864,BR018,Personal Loan,2025-07-07,332804.78,13.22,36,180908.21,Closed
LOAN03249,CUST03979,BR053,Auto Loan,2025-04-09,313693.23,8.95,48,260596.59,Closed
LOAN03250,CUST07272,BR044,Home Loan,2025-06-13,4446034.96,13.76,12,1823080.15,Active
LOAN03251,CUST00812,BR036,Auto Loan,2024-02-26,802773.0,13.0,120,518712.38,Active
LOAN03252,CUST03054,BR056,Auto Loan,2024-04-29,1291531.93,9.05,84,615783.63,Pending
LOAN03253,CUST06795,BR026,Personal Loan,2024-12-20,694402.51,11.59,36,119568.49,Closed
LOAN03254,CUST01280,BR042,Business Loan,2023-02-24,3416847.8,12.34,180,1869218.7,Closed
LOAN03255,CUST07782,BR051,Education Loan,2025-12-06,216959.23,8.49,180,210904.71,Defaulted
LOAN03256,CUST00926,BR053,Education Loan,2020-11-28,230422.47,13.43,180,18029.14,Active
LOAN03257,CUST04197,BR047,Home Loan,2023-08-15,3019718.58,7.62,24,2586990.21,Active
LOAN03258,CUST02986,BR013,Business Loan,2022-10-22,3566266.48,12.15,120,1428680.33,Pending
LOAN03259,CUST03027,BR024,Auto Loan,2021-03-22,443805.78,7.78,180,261817.72,Pending
LOAN03260,CUST02671,BR051,Personal Loan,2025-09-22,112315.26,7.81,36,48277.42,Pending
LOAN03261,CUST03868,BR007,Education Loan,2022-11-10,1432710.54,14.23,240,477178.12,Defaulted
LOAN03262,CUST01005,BR016,Business Loan,2024-05-22,1955355.52,7.92,60,1154112.27,Closed
LOAN03263,CUST01188,BR007,Business Loan,2025-02-01,3206448.06,8.66,24,534172.71,Active
LOAN03264,CUST00535,BR058,Home Loan,2022-05-18,4657015.14,12.87,84,492046.39,Pending
LOAN03265,CUST03847,BR015,Auto Loan,2024-04-25,706173.56,11.55,36,212088.85,Closed
LOAN03266,CUST03223,BR026,Personal Loan,2021-07-19,739086.47,7.95,36,232706.9,Pending
LOAN03267,CUST02262,BR016,Auto Loan,2024-09-15,635943.39,14.69,12,313049.74,Defaulted
LOAN03268,CUST05978,BR058,Home Loan,2020-10-16,5248705.1,9.87,48,2469391.41,Closed
LOAN03269,CUST06953,BR008,Business Loan,2022-09-28,4835048.32,14.57,12,4661319.25,Closed
LOAN03270,CUST00069,BR047,Business Loan,2025-10-05,2024088.53,15.1,240,1381961.37,Defaulted
LOAN03271,CUST03025,BR014,Personal Loan,2020-08-11,442402.72,13.26,60,213902.09,Active
LOAN03272,CUST03795,BR057,Home Loan,2022-04-10,7668387.66,11.72,180,7098816.91,Pending
LOAN03273,CUST05407,BR047,Auto Loan,2022-04-12,886523.24,7.56,84,776608.44,Defaulted
LOAN03274,CUST00749,BR005,Personal Loan,2021-03-12,51503.32,14.91,12,13544.26,Pending
LOAN03275,CUST05881,BR041,Auto Loan,2024-04-26,1158416.09,8.54,48,188003.82,Closed
LOAN03276,CUST05203,BR053,Business Loan,2022-11-04,707145.49,11.3,120,410818.92,Active
LOAN03277,CUST05780,BR052,Home Loan,2024-07-11,4218319.03,14.88,120,1380176.84,Defaulted
LOAN03278,CUST03310,BR051,Business Loan,2022-09-18,4045431.81,14.74,240,3009210.75,Closed
LOAN03279,CUST03321,BR026,Education Loan,2024-12-09,257518.19,14.65,240,247471.86,Closed
LOAN03280,CUST06630,BR058,Personal Loan,2024-04-25,289726.78,12.34,120,101552.32,Pending
LOAN03281,CUST00503,BR030,Personal Loan,2025-06-15,476783.37,9.93,84,259917.39,Pending
LOAN03282,CUST04530,BR043,Business Loan,2023-10-13,1529752.46,14.35,60,402820.53,Pending
LOAN03283,CUST04296,BR006,Business Loan,2021-07-29,948104.18,12.98,180,405148.34,Pending
LOAN03284,CUST04857,BR013,Auto Loan,2024-04-04,794385.18,11.45,180,518923.32,Defaulted
LOAN03285,CUST06459,BR031,Auto Loan,2024-05-12,969407.83,12.25,84,961694.62,Active
LOAN03286,CUST00836,BR045,Auto Loan,2021-10-28,229769.61,14.41,240,172378.51,Pending
LOAN03287,CUST07904,BR025,Personal Loan,2022-08-21,258861.75,15.06,24,136637.66,Defaulted
LOAN03288,CUST02642,BR040,Education Loan,2025-09-01,389190.43,13.42,120,109601.01,Closed
LOAN03289,CUST05495,BR055,Education Loan,2023-03-24,952129.83,10.38,24,630866.59,Closed
LOAN03290,CUST01347,BR021,Home Loan,2023-07-15,7796953.19,8.27,60,406179.12,Closed
LOAN03291,CUST02358,BR019,Home Loan,2025-08-16,6210851.59,9.02,180,4373816.48,Closed
LOAN03292,CUST04705,BR051,Auto Loan,2025-02-28,519302.93,7.11,24,474149.3,Defaulted
LOAN03293,CUST04693,BR049,Business Loan,2025-01-12,1022366.58,10.55,60,430690.01,Pending
LOAN03294,CUST07995,BR056,Home Loan,2024-06-26,6213746.38,8.66,240,4840807.15,Closed
LOAN03295,CUST02149,BR053,Auto Loan,2020-10-26,1507483.24,14.64,84,1057056.46,Active
LOAN03296,CUST04896,BR024,Auto Loan,2024-11-11,1502420.34,13.13,120,163234.33,Closed
LOAN03297,CUST07522,BR044,Personal Loan,2020-01-17,137832.37,15.08,84,52303.21,Active
LOAN03298,CUST01198,BR020,Personal Loan,2021-12-05,792270.27,12.37,180,280469.44,Closed
LOAN03299,CUST05668,BR034,Auto Loan,2021-06-02,1455923.8,12.82,12,1393419.2,Defaulted
LOAN03300,CUST07565,BR032,Personal Loan,2023-03-25,685396.58,12.91,60,227184.91,Closed
LOAN03301,CUST06477,BR018,Home Loan,2023-07-01,5959860.14,13.38,12,3286384.82,Defaulted
LOAN03302,CUST03116,BR045,Home Loan,2025-05-03,2154007.21,9.36,84,1201094.81,Defaulted
LOAN03303,CUST06857,BR056,Personal Loan,2022-03-01,489422.03,9.42,48,108963.54,Pending
LOAN03304,CUST05240,BR004,Personal Loan,2021-07-04,492129.63,8.91,60,461680.01,Pending
LOAN03305,CUST04936,BR036,Business Loan,2024-04-25,4316809.93,11.92,240,1231256.0,Closed
LOAN03306,CUST02996,BR004,Home Loan,2024-08-10,7492599.15,9.42,240,7173541.1,Pending
LOAN03307,CUST04775,BR036,Home Loan,2024-09-06,2183350.84,11.16,60,1270288.18,Active
LOAN03308,CUST01553,BR021,Education Loan,2020-11-12,403959.67,12.6,180,395433.88,Pending
LOAN03309,CUST02504,BR029,Home Loan,2023-10-09,6184195.47,14.21,84,3811095.78,Defaulted
LOAN03310,CUST00786,BR013,Home Loan,2021-11-14,6317669.21,13.04,60,5877651.87,Defaulted
LOAN03311,CUST04245,BR007,Home Loan,2024-04-19,937780.32,7.16,36,667501.8,Closed
LOAN03312,CUST03237,BR011,Business Loan,2025-12-09,2857588.54,10.33,36,184188.2,Pending
LOAN03313,CUST02826,BR035,Home Loan,2024-07-17,2136580.37,11.83,240,390682.79,Closed
LOAN03314,CUST06482,BR038,Personal Loan,2024-08-29,554925.91,10.2,180,186004.36,Defaulted
LOAN03315,CUST06249,BR022,Auto Loan,2022-08-10,445169.69,10.82,12,174015.06,Defaulted
LOAN03316,CUST01286,BR049,Education Loan,2024-12-21,1364920.51,10.91,48,1183099.68,Pending
LOAN03317,CUST06134,BR029,Personal Loan,2023-03-28,295710.31,14.78,60,107544.1,Active
LOAN03318,CUST05072,BR040,Business Loan,2023-08-03,1680815.75,9.64,12,569617.1,Closed
LOAN03319,CUST03199,BR014,Home Loan,2023-01-28,2105179.06,15.33,84,617255.16,Closed
LOAN03320,CUST05406,BR055,Education Loan,2022-02-23,1220956.9,8.9,120,233678.18,Closed
LOAN03321,CUST03899,BR014,Business Loan,2021-08-26,2463417.94,9.54,12,2236475.75,Pending
LOAN03322,CUST06232,BR040,Personal Loan,2023-02-28,536514.99,14.58,180,414876.53,Active
LOAN03323,CUST01923,BR060,Home Loan,2024-01-16,3970866.53,7.88,36,276172.52,Defaulted
LOAN03324,CUST04376,BR059,Auto Loan,2020-11-04,1478985.97,12.27,84,1007361.57,Defaulted
LOAN03325,CUST00999,BR041,Home Loan,2022-02-26,6292692.63,11.46,180,5072847.75,Defaulted
LOAN03326,CUST05234,BR056,Personal Loan,2024-02-12,639685.77,8.5,60,448000.54,Closed
LOAN03327,CUST03069,BR058,Home Loan,2020-11-22,3639737.93,13.83,12,3017917.45,Closed
LOAN03328,CUST05888,BR003,Auto Loan,2022-03-14,1807781.59,12.26,36,417747.44,Active
LOAN03329,CUST07761,BR033,Home Loan,2021-06-14,5781238.34,15.0,240,2442005.62,Active
LOAN03330,CUST07778,BR031,Home Loan,2024-03-17,3658747.62,11.39,36,2161621.89,Closed
LOAN03331,CUST04580,BR032,Personal Loan,2023-08-23,379168.13,14.9,48,310088.58,Pending
LOAN03332,CUST03924,BR038,Personal Loan,2024-02-26,753663.49,12.44,24,250278.71,Active
LOAN03333,CUST03306,BR054,Business Loan,2022-06-28,1474122.33,9.29,84,264337.36,Pending
LOAN03334,CUST06141,BR054,Business Loan,2023-12-21,2496373.37,10.66,120,2298848.58,Closed
LOAN03335,CUST04826,BR038,Education Loan,2025-07-29,1436398.36,14.03,24,148496.94,Pending
LOAN03336,CUST01042,BR031,Education Loan,2025-12-14,330493.62,10.25,36,139496.92,Defaulted
LOAN03337,CUST07638,BR058,Home Loan,2020-10-22,7940279.81,14.0,48,2638282.4,Defaulted
LOAN03338,CUST00795,BR007,Auto Loan,2025-02-28,1770703.82,13.78,48,1350355.97,Active
LOAN03339,CUST01751,BR002,Personal Loan,2024-12-26,765548.88,9.07,24,306077.34,Closed
LOAN03340,CUST00267,BR032,Personal Loan,2020-05-18,219548.24,7.41,36,82162.15,Pending
LOAN03341,CUST03005,BR030,Education Loan,2024-02-01,1115797.75,9.35,48,62887.36,Defaulted
LOAN03342,CUST05091,BR009,Home Loan,2025-02-17,7297696.27,14.36,36,3956054.95,Active
LOAN03343,CUST03946,BR040,Auto Loan,2021-09-15,351579.13,8.8,84,21976.95,Active
LOAN03344,CUST02507,BR009,Personal Loan,2020-01-31,357757.5,15.12,36,258362.78,Closed
LOAN03345,CUST02170,BR043,Home Loan,2025-04-19,1642995.52,11.06,48,1248242.18,Closed
LOAN03346,CUST07216,BR049,Home Loan,2020-06-06,5109264.42,12.08,36,2766829.69,Closed
LOAN03347,CUST04181,BR020,Home Loan,2022-05-04,1621674.09,11.44,12,1362134.05,Closed
LOAN03348,CUST05978,BR032,Education Loan,2024-10-09,911142.96,13.31,48,734494.01,Defaulted
LOAN03349,CUST02304,BR046,Education Loan,2025-07-25,462342.95,14.14,180,250431.41,Defaulted
LOAN03350,CUST07530,BR037,Personal Loan,2020-03-25,643608.95,15.14,36,391401.9,Pending
LOAN03351,CUST06797,BR032,Home Loan,2021-09-19,3517919.88,11.24,12,537884.98,Pending
LOAN03352,CUST07368,BR060,Personal Loan,2021-07-06,413905.2,7.27,120,38860.8,Pending
LOAN03353,CUST03100,BR027,Education Loan,2022-06-02,687824.04,14.23,180,168982.77,Pending
LOAN03354,CUST03571,BR013,Education Loan,2022-04-17,199953.65,15.42,48,113199.51,Active
LOAN03355,CUST05389,BR012,Home Loan,2024-02-15,6568295.45,15.22,180,3048333.78,Closed
LOAN03356,CUST04159,BR053,Education Loan,2023-04-20,1215972.1,14.01,240,355245.31,Pending
LOAN03357,CUST07646,BR025,Business Loan,2023-12-28,854241.96,12.64,48,536022.91,Defaulted
LOAN03358,CUST03904,BR014,Education Loan,2021-07-16,204092.9,12.75,36,145024.07,Closed
LOAN03359,CUST02124,BR003,Auto Loan,2024-06-25,1002402.94,12.09,120,277257.38,Active
LOAN03360,CUST05737,BR009,Home Loan,2022-01-24,4981301.18,14.89,12,2375334.82,Pending
LOAN03361,CUST07864,BR030,Personal Loan,2024-02-01,423730.36,8.1,12,287055.59,Active
LOAN03362,CUST02380,BR024,Business Loan,2022-03-16,4488627.4,15.26,24,1353652.73,Defaulted
LOAN03363,CUST07892,BR036,Business Loan,2022-07-23,2276788.13,10.19,84,304450.28,Defaulted
LOAN03364,CUST07041,BR040,Business Loan,2023-05-25,1444631.55,10.8,36,941266.78,Pending
LOAN03365,CUST06320,BR015,Home Loan,2021-04-02,4810174.91,8.66,180,347453.01,Pending
LOAN03366,CUST05975,BR057,Personal Loan,2023-02-02,672261.79,7.47,24,538459.59,Pending
LOAN03367,CUST05011,BR055,Auto Loan,2024-03-20,1415487.13,12.18,60,74245.51,Closed
LOAN03368,CUST03250,BR016,Home Loan,2020-02-28,6380761.76,14.29,84,2831390.59,Pending
LOAN03369,CUST03430,BR049,Business Loan,2024-05-10,2132358.02,11.71,84,369137.92,Pending
LOAN03370,CUST05377,BR028,Auto Loan,2023-04-29,705580.34,11.29,12,148372.88,Defaulted
LOAN03371,CUST07641,BR013,Auto Loan,2025-08-23,674739.89,13.47,36,260163.61,Closed
LOAN03372,CUST05912,BR007,Education Loan,2024-06-12,880601.27,8.81,24,461662.27,Closed
LOAN03373,CUST03395,BR047,Business Loan,2022-12-23,1852549.84,14.69,84,116986.49,Active
LOAN03374,CUST01046,BR060,Auto Loan,2023-12-30,449041.81,8.34,120,321750.55,Closed
LOAN03375,CUST05748,BR007,Home Loan,2020-06-01,5346340.13,9.05,60,3026642.64,Pending
LOAN03376,CUST07578,BR012,Personal Loan,2022-10-10,523091.94,14.27,48,451866.01,Pending
LOAN03377,CUST06992,BR045,Business Loan,2024-10-25,2590860.61,7.39,240,1873799.79,Defaulted
LOAN03378,CUST00369,BR053,Education Loan,2020-03-23,183342.99,7.3,12,131020.8,Defaulted
LOAN03379,CUST03896,BR050,Business Loan,2024-06-28,4185089.98,15.2,36,3687347.24,Pending
LOAN03380,CUST01272,BR036,Personal Loan,2021-12-14,707482.45,13.56,48,496018.25,Defaulted
LOAN03381,CUST05730,BR016,Personal Loan,2021-11-05,665985.49,11.46,84,627301.29,Closed
LOAN03382,CUST00127,BR048,Education Loan,2024-06-18,171454.51,10.37,240,149966.99,Pending
LOAN03383,CUST07816,BR024,Education Loan,2023-11-06,201413.16,7.06,180,24102.75,Defaulted
LOAN03384,CUST04697,BR009,Personal Loan,2024-12-26,534668.16,7.28,36,302865.47,Defaulted
LOAN03385,CUST06242,BR021,Education Loan,2024-09-10,1442069.41,13.56,48,184796.53,Active
LOAN03386,CUST05162,BR028,Home Loan,2024-10-17,1106336.58,9.91,120,517221.37,Defaulted
LOAN03387,CUST05099,BR025,Personal Loan,2023-06-17,393173.65,13.96,240,184629.68,Pending
LOAN03388,CUST01219,BR017,Auto Loan,2023-03-22,484986.17,11.57,24,297996.42,Defaulted
LOAN03389,CUST03387,BR043,Home Loan,2025-03-04,5983858.49,12.11,240,2081560.43,Closed
LOAN03390,CUST05804,BR050,Home Loan,2023-04-29,6311819.42,9.33,24,4702029.61,Closed
LOAN03391,CUST02017,BR019,Business Loan,2021-12-15,3533575.57,7.13,60,2856107.56,Active
LOAN03392,CUST07994,BR024,Auto Loan,2024-07-16,1774131.92,10.89,36,176627.36,Pending
LOAN03393,CUST05177,BR056,Auto Loan,2021-06-15,1671679.15,9.01,36,1233818.55,Pending
LOAN03394,CUST02761,BR044,Business Loan,2024-03-30,4771446.3,7.89,36,2661352.27,Closed
LOAN03395,CUST04764,BR048,Personal Loan,2024-07-28,293480.13,13.79,24,61797.87,Defaulted
LOAN03396,CUST07722,BR025,Education Loan,2022-08-15,878155.39,7.83,180,532423.66,Closed
LOAN03397,CUST06506,BR055,Personal Loan,2025-02-21,561618.1,7.43,180,122263.08,Pending
LOAN03398,CUST06358,BR060,Business Loan,2022-06-28,4294634.38,13.29,60,2160665.97,Active
LOAN03399,CUST07934,BR057,Home Loan,2022-02-17,6737682.32,8.93,36,1659846.71,Closed
LOAN03400,CUST05359,BR037,Auto Loan,2023-11-26,1047485.16,14.31,12,555397.42,Closed
LOAN03401,CUST03906,BR059,Auto Loan,2023-04-08,1972778.99,14.56,84,490878.68,Defaulted
LOAN03402,CUST06336,BR055,Home Loan,2023-12-15,6798752.94,15.34,240,1873994.87,Pending
LOAN03403,CUST07453,BR025,Home Loan,2020-03-04,6594775.97,8.57,240,5068380.14,Active
LOAN03404,CUST07926,BR027,Home Loan,2025-01-17,1739807.46,12.86,120,1633838.91,Closed
LOAN03405,CUST01547,BR029,Business Loan,2020-12-01,1619568.2,14.11,12,593369.38,Pending
LOAN03406,CUST06081,BR020,Education Loan,2020-11-25,1249973.86,13.94,120,900828.68,Closed
LOAN03407,CUST00415,BR052,Auto Loan,2023-12-22,1929443.05,13.53,48,605919.22,Closed
LOAN03408,CUST00642,BR030,Education Loan,2023-06-07,1499428.57,14.79,120,449035.4,Defaulted
LOAN03409,CUST01103,BR033,Education Loan,2020-01-30,1472341.06,8.69,180,1326311.65,Active
LOAN03410,CUST00656,BR016,Business Loan,2023-07-05,4574388.55,9.59,24,3490533.5,Defaulted
LOAN03411,CUST01299,BR052,Business Loan,2023-10-24,707979.71,7.23,48,241503.03,Closed
LOAN03412,CUST03742,BR023,Education Loan,2023-10-20,1268371.81,12.05,12,1115344.45,Pending
LOAN03413,CUST00282,BR041,Auto Loan,2025-01-11,810164.8,12.69,48,691577.3,Closed
LOAN03414,CUST01898,BR019,Business Loan,2020-06-27,1524332.6,9.45,24,1106125.95,Defaulted
LOAN03415,CUST01161,BR044,Home Loan,2023-12-07,7380362.65,8.05,48,2948890.41,Closed
LOAN03416,CUST07290,BR010,Home Loan,2020-05-11,7900261.23,13.0,24,5446190.28,Closed
LOAN03417,CUST01629,BR033,Education Loan,2025-01-11,108119.47,7.02,12,17303.18,Active
LOAN03418,CUST05723,BR023,Education Loan,2020-05-26,1306173.67,15.18,60,638557.35,Active
LOAN03419,CUST05914,BR058,Home Loan,2020-07-13,5837134.69,15.22,12,1562087.65,Defaulted
LOAN03420,CUST07705,BR054,Business Loan,2021-11-05,2560524.35,13.82,60,1988824.88,Closed
LOAN03421,CUST07112,BR022,Personal Loan,2023-05-21,564705.59,14.39,180,264217.54,Active
LOAN03422,CUST07837,BR037,Education Loan,2025-06-16,372171.41,7.7,48,371005.94,Closed
LOAN03423,CUST07730,BR031,Personal Loan,2021-12-19,112308.94,15.3,120,24105.68,Defaulted
LOAN03424,CUST07483,BR009,Education Loan,2021-09-05,334298.37,10.32,120,123046.23,Defaulted
LOAN03425,CUST01933,BR025,Home Loan,2022-06-25,7530493.83,15.21,60,2238817.11,Pending
LOAN03426,CUST06651,BR027,Personal Loan,2022-06-24,88210.78,9.3,180,48748.57,Closed
LOAN03427,CUST02940,BR035,Education Loan,2023-10-09,174275.73,9.94,240,99191.57,Active
LOAN03428,CUST03820,BR008,Personal Loan,2022-09-23,454952.97,9.67,12,199376.82,Closed
LOAN03429,CUST03445,BR035,Home Loan,2021-04-10,5066337.13,14.72,24,1108453.43,Closed
LOAN03430,CUST06826,BR014,Home Loan,2020-03-22,7018826.0,7.14,120,3226450.16,Active
LOAN03431,CUST01018,BR011,Personal Loan,2020-07-17,522573.0,10.56,240,27236.58,Defaulted
LOAN03432,CUST07277,BR015,Home Loan,2025-04-17,1185109.36,9.64,84,512645.48,Defaulted
LOAN03433,CUST03583,BR011,Personal Loan,2020-04-16,665271.58,12.71,120,84659.66,Active
LOAN03434,CUST04126,BR018,Education Loan,2022-05-29,338299.68,11.4,180,238995.39,Pending
LOAN03435,CUST06178,BR007,Auto Loan,2021-07-27,1468173.82,10.6,36,1378146.79,Defaulted
LOAN03436,CUST00310,BR055,Auto Loan,2025-09-03,688520.64,8.41,240,433503.36,Active
LOAN03437,CUST06434,BR035,Business Loan,2023-09-21,2409014.52,10.34,48,742077.31,Closed
LOAN03438,CUST05493,BR043,Business Loan,2020-01-07,1250178.37,10.35,48,512961.06,Closed
LOAN03439,CUST01427,BR042,Education Loan,2020-05-16,610869.25,14.67,12,260918.99,Defaulted
LOAN03440,CUST04135,BR019,Auto Loan,2024-10-25,211984.95,9.74,48,114248.34,Pending
LOAN03441,CUST07716,BR010,Education Loan,2024-07-31,203180.35,11.93,24,16235.07,Active
LOAN03442,CUST01864,BR025,Auto Loan,2024-08-20,307228.6,15.05,60,120823.76,Closed
LOAN03443,CUST07328,BR007,Home Loan,2024-08-07,5973771.06,7.77,60,5536748.82,Closed
LOAN03444,CUST00373,BR043,Auto Loan,2020-02-09,1262233.82,9.19,12,877581.43,Closed
LOAN03445,CUST06462,BR042,Personal Loan,2024-06-28,693362.5,13.96,240,173264.2,Pending
LOAN03446,CUST02379,BR057,Education Loan,2020-06-19,932188.57,9.98,12,776239.82,Closed
LOAN03447,CUST03731,BR059,Personal Loan,2022-05-30,608565.75,7.17,60,130119.4,Active
LOAN03448,CUST03767,BR014,Auto Loan,2021-05-09,1964441.7,13.95,60,589727.79,Defaulted
LOAN03449,CUST00906,BR040,Personal Loan,2021-11-16,66396.26,8.47,12,11950.78,Closed
LOAN03450,CUST06600,BR040,Personal Loan,2024-06-28,538961.57,12.23,24,486858.85,Active
LOAN03451,CUST06417,BR038,Business Loan,2025-10-03,1490977.97,8.72,24,1188706.9,Pending
LOAN03452,CUST04651,BR014,Home Loan,2025-12-09,5105889.56,10.79,120,2112073.31,Active
LOAN03453,CUST06376,BR020,Business Loan,2022-11-11,1662249.05,14.35,120,504461.97,Defaulted
LOAN03454,CUST05786,BR010,Education Loan,2025-12-26,992967.66,8.8,60,923325.88,Active
LOAN03455,CUST01216,BR039,Auto Loan,2025-11-13,846733.6,12.15,36,627668.75,Defaulted
LOAN03456,CUST00730,BR002,Personal Loan,2025-03-04,149948.37,7.54,48,73284.94,Pending
LOAN03457,CUST05005,BR040,Business Loan,2022-02-02,3687586.48,9.89,120,3312141.09,Defaulted
LOAN03458,CUST00870,BR010,Home Loan,2023-03-26,3758674.65,13.43,12,2370593.63,Defaulted
LOAN03459,CUST02745,BR024,Education Loan,2021-06-25,1148650.77,7.73,24,736693.52,Defaulted
LOAN03460,CUST02326,BR023,Auto Loan,2024-07-22,884187.72,14.09,84,775733.31,Pending
LOAN03461,CUST01806,BR047,Business Loan,2025-09-16,4066662.76,7.35,240,927798.56,Active
LOAN03462,CUST01052,BR043,Personal Loan,2022-11-07,673457.86,8.38,60,271382.32,Closed
LOAN03463,CUST06974,BR060,Home Loan,2022-05-12,3906392.18,7.68,60,511197.26,Defaulted
LOAN03464,CUST01735,BR041,Business Loan,2022-12-31,4028387.15,10.36,180,3429260.33,Pending
LOAN03465,CUST05884,BR047,Auto Loan,2023-03-24,1692374.73,8.2,84,1038675.26,Active
LOAN03466,CUST06359,BR021,Home Loan,2025-08-09,1875603.44,8.62,60,1555276.71,Active
LOAN03467,CUST01523,BR001,Home Loan,2024-02-01,2341752.52,12.83,180,854474.32,Defaulted
LOAN03468,CUST07340,BR004,Business Loan,2020-04-14,2014443.29,12.8,180,1974011.12,Active
LOAN03469,CUST03048,BR030,Home Loan,2020-09-02,5412787.93,9.06,84,2134984.09,Pending
LOAN03470,CUST06115,BR008,Personal Loan,2025-07-27,117232.1,9.1,180,25863.63,Active
LOAN03471,CUST02716,BR050,Business Loan,2021-02-06,3249250.73,8.68,60,842323.14,Closed
LOAN03472,CUST01576,BR003,Education Loan,2020-01-16,1062798.95,10.87,24,747055.96,Defaulted
LOAN03473,CUST01108,BR014,Home Loan,2025-01-03,6923101.38,8.92,24,3152189.59,Active
LOAN03474,CUST05962,BR014,Auto Loan,2022-04-05,1471272.5,14.86,36,1158987.38,Active
LOAN03475,CUST02801,BR037,Home Loan,2020-04-02,5506729.62,10.14,240,3850835.38,Pending
LOAN03476,CUST04066,BR045,Education Loan,2022-10-04,1213554.25,7.54,60,415415.88,Defaulted
LOAN03477,CUST02798,BR059,Education Loan,2022-02-19,352363.19,10.48,24,165511.96,Defaulted
LOAN03478,CUST05474,BR034,Education Loan,2025-01-23,1017599.56,13.1,84,409143.45,Pending
LOAN03479,CUST06399,BR009,Business Loan,2020-08-12,4965985.23,15.41,36,3415852.6,Pending
LOAN03480,CUST01057,BR055,Business Loan,2021-08-24,2475267.78,12.18,60,1596761.83,Pending
LOAN03481,CUST01108,BR029,Personal Loan,2023-10-02,689484.15,15.05,60,183597.5,Closed
LOAN03482,CUST07325,BR023,Home Loan,2025-09-24,2250191.53,9.01,180,317599.75,Defaulted
LOAN03483,CUST06164,BR013,Education Loan,2021-07-30,772921.18,15.33,36,758252.37,Closed
LOAN03484,CUST01810,BR033,Home Loan,2025-12-13,7079186.31,14.43,36,6609125.99,Defaulted
LOAN03485,CUST03293,BR053,Education Loan,2024-09-12,746777.17,9.15,84,148134.33,Closed
LOAN03486,CUST01444,BR050,Education Loan,2022-04-09,525714.58,10.21,36,161767.91,Defaulted
LOAN03487,CUST04512,BR018,Education Loan,2022-08-11,1228899.34,10.01,12,1076530.32,Pending
LOAN03488,CUST07197,BR042,Personal Loan,2024-08-16,394025.96,9.19,36,356369.56,Pending
LOAN03489,CUST02734,BR020,Home Loan,2021-11-07,2325412.44,9.41,240,173056.19,Pending
LOAN03490,CUST05744,BR019,Business Loan,2024-09-24,1714093.39,10.37,36,265401.64,Closed
LOAN03491,CUST02140,BR044,Business Loan,2024-07-18,4809561.65,11.99,180,1783205.16,Pending
LOAN03492,CUST06404,BR037,Personal Loan,2021-01-28,457899.27,9.69,240,24197.91,Defaulted
LOAN03493,CUST04330,BR037,Personal Loan,2024-11-09,401906.46,10.84,180,168779.43,Defaulted
LOAN03494,CUST01545,BR045,Education Loan,2022-02-03,274887.38,12.95,240,49031.23,Defaulted
LOAN03495,CUST05130,BR044,Education Loan,2025-11-23,527702.01,8.86,24,299633.1,Defaulted
LOAN03496,CUST00100,BR038,Education Loan,2021-01-20,1217552.52,11.41,180,90247.36,Pending
LOAN03497,CUST04237,BR030,Business Loan,2024-02-29,3431694.89,9.65,84,747746.0,Pending
LOAN03498,CUST00265,BR023,Education Loan,2025-07-21,866938.8,14.38,60,88339.71,Closed
LOAN03499,CUST04542,BR056,Home Loan,2020-04-10,3077440.99,13.18,48,1511639.62,Defaulted
LOAN03500,CUST07327,BR009,Personal Loan,2020-03-26,685720.56,9.83,120,239884.6,Closed
LOAN03501,CUST05991,BR049,Home Loan,2023-06-28,1670900.54,12.68,180,127341.09,Defaulted
LOAN03502,CUST03513,BR056,Personal Loan,2022-11-07,409177.18,10.56,36,30993.89,Active
LOAN03503,CUST05186,BR026,Home Loan,2023-08-02,5078748.09,9.23,12,4645295.02,Active
LOAN03504,CUST00032,BR041,Personal Loan,2022-02-07,641187.94,12.73,12,462017.46,Pending
LOAN03505,CUST03485,BR030,Education Loan,2025-09-19,911915.95,10.2,48,310039.34,Active
LOAN03506,CUST00356,BR008,Education Loan,2020-11-05,1135102.66,12.31,84,170088.14,Pending
LOAN03507,CUST06469,BR008,Education Loan,2021-06-26,1134745.15,7.35,240,980600.2,Active
LOAN03508,CUST04502,BR011,Auto Loan,2023-05-17,1691190.03,13.22,36,891729.34,Active
LOAN03509,CUST04676,BR057,Auto Loan,2025-08-05,1587310.61,15.13,84,1227441.93,Closed
LOAN03510,CUST02632,BR043,Auto Loan,2020-11-27,1047104.58,8.01,120,130375.55,Closed
LOAN03511,CUST07570,BR018,Education Loan,2024-09-10,831804.02,14.21,60,375713.72,Closed
LOAN03512,CUST02524,BR026,Education Loan,2024-03-28,579677.77,12.12,240,40993.34,Active
LOAN03513,CUST00305,BR002,Home Loan,2020-09-26,5238548.5,12.63,120,1475170.08,Pending
LOAN03514,CUST00168,BR024,Personal Loan,2022-06-05,312191.79,8.7,48,310960.06,Defaulted
LOAN03515,CUST03053,BR044,Personal Loan,2020-10-25,189484.99,11.85,48,144225.65,Pending
LOAN03516,CUST02864,BR046,Auto Loan,2025-04-24,575585.16,13.32,180,468057.97,Closed
LOAN03517,CUST00881,BR031,Auto Loan,2021-08-02,1253481.94,11.05,60,1033058.1,Closed
LOAN03518,CUST03727,BR028,Home Loan,2024-10-24,4317138.08,11.14,120,3176775.0,Pending
LOAN03519,CUST05728,BR031,Business Loan,2024-11-25,1005026.94,7.99,24,733022.18,Active
LOAN03520,CUST03741,BR030,Auto Loan,2025-10-07,554069.04,13.91,84,184067.87,Closed
LOAN03521,CUST03351,BR030,Home Loan,2021-11-18,3986596.96,13.49,36,1327451.67,Defaulted
LOAN03522,CUST02722,BR013,Auto Loan,2021-04-14,635445.78,10.37,240,540494.11,Pending
LOAN03523,CUST03869,BR028,Auto Loan,2020-07-16,234279.25,10.06,48,116838.26,Closed
LOAN03524,CUST06703,BR013,Auto Loan,2022-10-12,1791128.15,12.01,60,1224930.82,Defaulted
LOAN03525,CUST03565,BR048,Business Loan,2021-11-22,3878713.82,14.32,180,3062510.15,Closed
LOAN03526,CUST00430,BR018,Home Loan,2021-08-30,2604302.48,10.77,240,1257943.11,Defaulted
LOAN03527,CUST04935,BR034,Home Loan,2023-09-12,2912296.93,14.41,84,2638433.92,Closed
LOAN03528,CUST00834,BR059,Personal Loan,2023-05-21,532802.78,9.2,240,260737.85,Active
LOAN03529,CUST02625,BR025,Home Loan,2021-04-11,2788883.94,11.97,48,1689334.64,Pending
LOAN03530,CUST05718,BR026,Education Loan,2021-03-16,230301.85,13.26,180,83768.06,Closed
LOAN03531,CUST04673,BR016,Home Loan,2022-12-17,1076881.99,15.01,48,724533.11,Pending
LOAN03532,CUST05883,BR006,Auto Loan,2024-11-16,1723618.0,9.43,12,1336477.17,Closed
LOAN03533,CUST01601,BR054,Auto Loan,2025-03-07,1207090.1,8.57,84,211467.97,Defaulted
LOAN03534,CUST06357,BR027,Auto Loan,2022-09-01,993050.4,7.48,120,448543.7,Closed
LOAN03535,CUST06054,BR057,Home Loan,2025-11-09,7580775.77,12.87,120,7560105.31,Pending
LOAN03536,CUST05305,BR050,Auto Loan,2025-02-24,895857.92,8.44,240,477238.3,Active
LOAN03537,CUST03422,BR037,Business Loan,2020-01-23,4390326.74,8.99,36,4031479.79,Defaulted
LOAN03538,CUST00288,BR012,Business Loan,2022-04-23,1147368.83,15.26,48,564282.17,Pending
LOAN03539,CUST07136,BR047,Education Loan,2020-02-04,1470914.42,9.61,60,857621.11,Pending
LOAN03540,CUST00463,BR046,Personal Loan,2022-03-21,659908.46,15.24,60,467865.95,Active
LOAN03541,CUST07178,BR047,Home Loan,2022-01-09,1398725.17,9.2,84,1052989.2,Pending
LOAN03542,CUST06905,BR025,Education Loan,2020-10-29,222397.18,9.41,240,108693.99,Pending
LOAN03543,CUST04253,BR009,Education Loan,2023-06-15,1484193.12,8.24,24,956640.82,Defaulted
LOAN03544,CUST05844,BR014,Home Loan,2022-10-07,7297922.46,11.25,240,2352892.83,Defaulted
LOAN03545,CUST01578,BR027,Education Loan,2024-08-10,1158978.59,7.56,48,1143390.46,Defaulted
LOAN03546,CUST02282,BR035,Home Loan,2020-01-26,5756923.27,11.98,120,1925796.66,Defaulted
LOAN03547,CUST06418,BR030,Auto Loan,2021-08-30,928032.81,10.43,84,636914.59,Pending
LOAN03548,CUST05871,BR028,Personal Loan,2020-04-11,238845.8,7.28,240,26249.28,Pending
LOAN03549,CUST04149,BR024,Auto Loan,2025-09-06,1200501.58,8.97,24,137641.69,Defaulted
LOAN03550,CUST02700,BR035,Personal Loan,2020-12-13,441336.95,7.59,12,418682.9,Active
LOAN03551,CUST05017,BR019,Personal Loan,2022-04-18,588801.95,8.15,120,47752.53,Closed
LOAN03552,CUST01434,BR033,Auto Loan,2020-01-22,401372.78,13.92,120,109485.88,Closed
LOAN03553,CUST07198,BR023,Personal Loan,2022-06-21,336557.88,9.83,24,98621.1,Pending
LOAN03554,CUST07549,BR029,Personal Loan,2021-12-24,321951.71,9.04,120,88446.53,Active
LOAN03555,CUST03004,BR044,Home Loan,2025-09-18,3128108.86,13.33,120,1578272.51,Defaulted
LOAN03556,CUST01447,BR049,Business Loan,2025-09-25,3061036.91,13.55,84,2851400.12,Active
LOAN03557,CUST03829,BR046,Education Loan,2022-03-24,1129255.91,15.48,12,988049.9,Pending
LOAN03558,CUST05879,BR044,Auto Loan,2024-03-19,446343.64,12.01,48,264693.48,Active
LOAN03559,CUST05461,BR012,Home Loan,2025-12-26,1963584.33,8.07,240,1048755.39,Defaulted
LOAN03560,CUST01127,BR042,Home Loan,2025-08-14,3421402.7,7.72,48,1324408.78,Pending
LOAN03561,CUST07802,BR032,Personal Loan,2024-09-13,554659.4,13.34,240,228949.67,Closed
LOAN03562,CUST02214,BR030,Business Loan,2024-08-19,509120.71,11.32,12,487166.48,Closed
LOAN03563,CUST02391,BR018,Home Loan,2022-11-08,7453871.11,13.02,36,1951081.08,Pending
LOAN03564,CUST02224,BR034,Home Loan,2024-03-16,4019631.3,8.76,84,2335810.5,Active
LOAN03565,CUST04830,BR010,Personal Loan,2020-01-09,169847.88,11.51,240,26148.42,Active
LOAN03566,CUST04391,BR024,Education Loan,2020-05-28,659514.91,13.07,24,52184.74,Defaulted
LOAN03567,CUST04222,BR040,Auto Loan,2021-01-07,1913043.25,14.12,240,1061466.95,Defaulted
LOAN03568,CUST05099,BR016,Personal Loan,2023-08-29,653703.35,8.19,60,508549.16,Defaulted
LOAN03569,CUST05794,BR010,Business Loan,2023-01-05,1612994.57,13.68,240,1074881.65,Defaulted
LOAN03570,CUST00731,BR016,Auto Loan,2022-09-19,1756219.46,13.06,120,1654173.62,Active
LOAN03571,CUST04863,BR021,Personal Loan,2023-04-16,799049.23,9.67,240,330262.32,Pending
LOAN03572,CUST06650,BR038,Personal Loan,2024-02-24,365783.73,10.97,180,211832.65,Defaulted
LOAN03573,CUST04058,BR041,Personal Loan,2024-03-24,581409.55,9.01,48,212425.14,Pending
LOAN03574,CUST00694,BR018,Home Loan,2020-10-03,6446101.49,15.39,12,2790853.98,Pending
LOAN03575,CUST04710,BR030,Education Loan,2022-03-01,675483.13,8.51,36,165726.03,Active
LOAN03576,CUST00401,BR053,Education Loan,2020-05-10,252861.41,14.86,240,134654.7,Closed
LOAN03577,CUST05329,BR058,Home Loan,2025-01-30,5285188.42,9.15,84,4663196.44,Active
LOAN03578,CUST03101,BR038,Home Loan,2022-08-05,3970571.53,12.12,48,1883405.01,Defaulted
LOAN03579,CUST06438,BR015,Personal Loan,2021-07-19,378601.36,9.2,120,181648.33,Active
LOAN03580,CUST03168,BR015,Auto Loan,2020-10-18,677516.91,11.14,60,183581.88,Pending
LOAN03581,CUST07080,BR051,Education Loan,2024-10-02,390018.94,15.06,36,107145.28,Defaulted
LOAN03582,CUST02372,BR015,Business Loan,2021-08-30,3818309.66,9.34,84,757845.37,Active
LOAN03583,CUST03279,BR025,Home Loan,2024-09-09,2768360.76,12.05,84,1526221.2,Closed
LOAN03584,CUST05327,BR031,Business Loan,2023-06-26,2663585.94,13.91,84,2496540.56,Defaulted
LOAN03585,CUST05942,BR028,Education Loan,2024-08-07,505898.73,11.45,240,371877.56,Active
LOAN03586,CUST00546,BR037,Education Loan,2025-10-13,386474.1,12.28,12,44016.76,Active
LOAN03587,CUST04466,BR024,Education Loan,2020-07-04,1122379.49,7.58,84,1064386.39,Active
LOAN03588,CUST02167,BR025,Personal Loan,2023-05-07,469074.85,12.46,180,157356.99,Defaulted
LOAN03589,CUST03343,BR018,Business Loan,2024-02-15,1274377.18,12.06,120,737548.31,Defaulted
LOAN03590,CUST01772,BR028,Auto Loan,2023-10-26,1004264.21,11.65,84,812043.59,Closed
LOAN03591,CUST04552,BR012,Auto Loan,2022-05-23,1579144.73,13.7,84,645317.22,Defaulted
LOAN03592,CUST01493,BR040,Home Loan,2022-01-27,1262751.21,10.79,84,82201.47,Pending
LOAN03593,CUST03999,BR048,Education Loan,2020-02-01,951107.85,10.17,180,474403.35,Active
LOAN03594,CUST06332,BR034,Auto Loan,2023-05-09,1161424.45,12.51,48,678744.19,Pending
LOAN03595,CUST04043,BR024,Home Loan,2023-09-14,4364633.77,9.54,180,2772939.18,Active
LOAN03596,CUST00144,BR008,Personal Loan,2020-02-11,683450.69,9.58,48,657803.87,Pending
LOAN03597,CUST06583,BR046,Education Loan,2021-03-15,689876.85,9.44,120,673257.1,Closed
LOAN03598,CUST00886,BR050,Business Loan,2023-07-22,3505959.45,14.71,180,880877.01,Pending
LOAN03599,CUST05755,BR051,Auto Loan,2023-02-01,1853198.02,9.59,12,1749400.67,Pending
LOAN03600,CUST06638,BR007,Education Loan,2020-05-08,949323.5,9.67,24,181739.85,Defaulted
LOAN03601,CUST04144,BR010,Business Loan,2024-10-21,1161030.38,9.86,12,750882.14,Active
LOAN03602,CUST02494,BR038,Personal Loan,2020-05-30,583101.72,14.34,24,221505.85,Pending
LOAN03603,CUST04448,BR001,Auto Loan,2025-07-11,682441.11,8.23,36,441228.95,Active
LOAN03604,CUST05144,BR044,Education Loan,2025-01-05,420449.76,12.09,84,301167.95,Pending
LOAN03605,CUST05945,BR034,Personal Loan,2023-01-02,732285.11,9.04,60,542404.71,Active
LOAN03606,CUST04851,BR038,Business Loan,2023-04-03,3252784.9,15.39,120,675594.34,Active
LOAN03607,CUST05866,BR053,Education Loan,2023-11-16,982382.74,13.52,36,187800.1,Defaulted
LOAN03608,CUST06493,BR015,Personal Loan,2025-03-15,83233.16,12.23,60,37410.65,Active
LOAN03609,CUST00287,BR048,Home Loan,2025-06-14,2005626.62,11.36,12,1375336.23,Closed
LOAN03610,CUST05363,BR017,Personal Loan,2024-11-19,255623.48,12.8,60,195659.94,Defaulted
LOAN03611,CUST06060,BR013,Personal Loan,2025-10-13,67731.77,13.96,12,45646.6,Pending
LOAN03612,CUST05541,BR019,Home Loan,2023-10-25,6410621.48,9.18,48,5533573.42,Closed
LOAN03613,CUST03673,BR035,Home Loan,2023-11-15,3688773.07,13.87,240,879573.81,Closed
LOAN03614,CUST07086,BR034,Business Loan,2020-10-21,4380913.05,14.61,180,587808.79,Defaulted
LOAN03615,CUST02708,BR024,Education Loan,2024-05-06,612520.63,8.64,84,561069.28,Pending
LOAN03616,CUST03708,BR014,Home Loan,2023-07-15,7094248.65,10.74,24,3446354.79,Active
LOAN03617,CUST02350,BR042,Personal Loan,2020-12-06,375719.26,15.32,180,190605.81,Closed
LOAN03618,CUST06803,BR003,Personal Loan,2022-08-28,762185.43,8.42,120,90885.16,Defaulted
LOAN03619,CUST05745,BR029,Business Loan,2024-06-25,1007859.08,7.59,48,132032.91,Closed
LOAN03620,CUST00532,BR048,Auto Loan,2021-10-19,1863737.09,7.03,36,1728282.45,Closed
LOAN03621,CUST07132,BR001,Personal Loan,2022-05-06,640952.17,14.93,180,550530.08,Active
LOAN03622,CUST02320,BR038,Business Loan,2022-04-06,3375280.5,9.89,84,232358.11,Active
LOAN03623,CUST02143,BR036,Personal Loan,2025-05-13,669647.98,14.49,12,391847.84,Defaulted
LOAN03624,CUST05988,BR032,Auto Loan,2025-09-16,1315501.05,9.02,48,902466.45,Closed
LOAN03625,CUST04084,BR059,Business Loan,2025-10-20,496411.87,14.13,48,452308.01,Defaulted
LOAN03626,CUST02578,BR005,Home Loan,2021-03-05,3852896.0,11.4,12,3845383.81,Closed
LOAN03627,CUST02743,BR009,Home Loan,2023-12-26,3782272.45,8.92,60,434808.19,Defaulted
LOAN03628,CUST04034,BR036,Auto Loan,2020-08-04,658865.12,7.22,24,95344.92,Closed
LOAN03629,CUST01721,BR029,Home Loan,2023-11-08,3657607.34,10.42,12,3144195.69,Active
LOAN03630,CUST02276,BR054,Home Loan,2025-11-19,5420276.26,9.01,120,317577.44,Closed
LOAN03631,CUST06619,BR011,Auto Loan,2021-11-19,1342807.05,12.66,84,235781.47,Defaulted
LOAN03632,CUST05198,BR044,Home Loan,2021-12-06,2786177.94,15.25,84,754845.0,Closed
LOAN03633,CUST00843,BR056,Personal Loan,2024-06-02,300949.62,7.69,24,204520.42,Defaulted
LOAN03634,CUST02822,BR004,Personal Loan,2022-07-06,769984.12,7.55,48,232736.45,Active
LOAN03635,CUST07418,BR022,Auto Loan,2021-02-13,583808.91,9.72,24,324651.34,Closed
LOAN03636,CUST07069,BR060,Home Loan,2024-04-23,5040297.03,11.95,12,4640952.92,Defaulted
LOAN03637,CUST07334,BR054,Education Loan,2023-08-09,1268967.53,15.06,84,1222346.51,Closed
LOAN03638,CUST00632,BR005,Business Loan,2023-12-25,4118022.79,9.08,48,1528778.19,Defaulted
LOAN03639,CUST04730,BR002,Education Loan,2020-01-30,1315821.28,7.35,36,990533.69,Pending
LOAN03640,CUST07467,BR049,Personal Loan,2024-10-08,516082.98,8.39,84,192996.0,Active
LOAN03641,CUST06261,BR050,Education Loan,2024-09-16,444970.69,15.21,24,322385.56,Defaulted
LOAN03642,CUST02288,BR055,Auto Loan,2023-05-31,1870662.62,14.97,120,151231.79,Pending
LOAN03643,CUST00926,BR046,Home Loan,2021-03-27,5387197.73,13.55,12,4800379.79,Active
LOAN03644,CUST07473,BR060,Personal Loan,2025-01-24,696155.48,14.39,24,70324.71,Defaulted
LOAN03645,CUST00138,BR001,Auto Loan,2022-12-24,1298041.41,8.49,84,507878.61,Defaulted
LOAN03646,CUST07268,BR001,Home Loan,2023-06-30,4895524.02,13.38,48,2135256.52,Active
LOAN03647,CUST03576,BR011,Personal Loan,2021-11-14,203869.23,14.02,12,128064.05,Closed
LOAN03648,CUST00842,BR024,Personal Loan,2022-04-21,292259.41,14.89,120,175000.87,Defaulted
LOAN03649,CUST00016,BR021,Home Loan,2021-01-27,6573936.07,13.7,12,1237642.67,Active
LOAN03650,CUST05321,BR057,Education Loan,2022-10-22,1348412.03,13.17,120,312239.74,Active
LOAN03651,CUST04149,BR009,Auto Loan,2025-02-22,1977859.26,9.86,84,540969.62,Pending
LOAN03652,CUST05340,BR056,Auto Loan,2020-10-02,1109440.53,8.36,120,1000121.87,Pending
LOAN03653,CUST05964,BR018,Education Loan,2025-10-05,473535.54,10.01,48,332820.57,Closed
LOAN03654,CUST01507,BR039,Business Loan,2022-09-03,3618846.93,8.15,240,1857854.0,Pending
LOAN03655,CUST04448,BR018,Auto Loan,2023-09-03,390785.3,9.0,36,368270.42,Active
LOAN03656,CUST05387,BR038,Business Loan,2023-11-28,771305.3,8.68,180,331141.65,Pending
LOAN03657,CUST00981,BR044,Personal Loan,2021-06-23,478688.2,11.16,24,135553.91,Defaulted
LOAN03658,CUST01606,BR025,Home Loan,2022-03-04,1629209.16,10.45,36,349312.2,Defaulted
LOAN03659,CUST06492,BR006,Home Loan,2022-03-07,3453173.24,7.54,36,1035890.46,Defaulted
LOAN03660,CUST05154,BR005,Business Loan,2023-06-22,1059792.81,12.0,84,812061.67,Pending
LOAN03661,CUST05206,BR048,Home Loan,2023-01-13,5016877.85,14.36,24,4843619.36,Active
LOAN03662,CUST07405,BR024,Personal Loan,2022-06-11,366614.51,8.72,60,310357.9,Pending
LOAN03663,CUST01222,BR051,Personal Loan,2022-11-11,769172.36,12.2,240,522256.27,Active
LOAN03664,CUST07798,BR035,Education Loan,2023-09-03,1437507.97,9.82,24,836336.17,Defaulted
LOAN03665,CUST06234,BR010,Business Loan,2025-09-12,2330891.17,13.19,60,429194.6,Defaulted
LOAN03666,CUST07355,BR021,Education Loan,2020-01-15,1043398.35,14.2,120,59685.84,Closed
LOAN03667,CUST00989,BR015,Business Loan,2020-09-24,1181043.96,14.87,24,69157.92,Pending
LOAN03668,CUST02125,BR013,Business Loan,2024-08-10,455857.25,7.86,36,445192.14,Closed
LOAN03669,CUST03836,BR027,Personal Loan,2023-07-06,83420.64,9.89,12,13111.42,Defaulted
LOAN03670,CUST06875,BR015,Education Loan,2020-01-02,807055.95,10.31,60,541342.46,Defaulted
LOAN03671,CUST06986,BR009,Home Loan,2020-07-26,4019253.29,9.9,120,1474375.85,Defaulted
LOAN03672,CUST04879,BR054,Business Loan,2023-06-26,2295133.88,9.97,24,1216653.03,Closed
LOAN03673,CUST07626,BR036,Business Loan,2025-03-09,1264213.94,9.82,12,1200238.21,Defaulted
LOAN03674,CUST07764,BR052,Business Loan,2023-10-24,1368841.24,12.92,240,461423.84,Defaulted
LOAN03675,CUST02663,BR003,Home Loan,2023-05-27,2681615.29,13.28,60,2516965.92,Defaulted
LOAN03676,CUST05762,BR014,Business Loan,2025-10-12,3844385.91,9.43,180,1545512.12,Active
LOAN03677,CUST04879,BR047,Home Loan,2021-08-29,4262812.11,14.23,60,3925883.52,Pending
LOAN03678,CUST07973,BR002,Personal Loan,2023-02-27,455124.79,11.6,120,363700.9,Defaulted
LOAN03679,CUST05003,BR039,Business Loan,2022-07-24,1691539.53,11.49,48,416462.75,Active
LOAN03680,CUST06228,BR058,Home Loan,2021-12-07,6665969.44,12.74,180,4865469.62,Defaulted
LOAN03681,CUST01517,BR014,Personal Loan,2023-09-24,725121.53,8.48,84,540907.38,Pending
LOAN03682,CUST06594,BR057,Education Loan,2023-12-02,1399372.74,7.19,180,300029.19,Pending
LOAN03683,CUST07394,BR017,Business Loan,2023-11-02,1558075.05,13.15,120,646484.48,Active
LOAN03684,CUST02550,BR050,Education Loan,2021-03-15,890908.11,7.76,24,820050.91,Pending
LOAN03685,CUST01599,BR032,Home Loan,2021-03-16,1799160.81,7.14,180,590462.87,Pending
LOAN03686,CUST03205,BR031,Personal Loan,2024-07-29,720727.07,14.95,12,81305.64,Defaulted
LOAN03687,CUST03844,BR037,Business Loan,2022-06-18,4799071.02,14.31,60,3268677.85,Pending
LOAN03688,CUST01272,BR042,Auto Loan,2024-11-23,602047.89,7.48,240,243856.28,Closed
LOAN03689,CUST02926,BR010,Personal Loan,2025-08-24,125830.72,12.8,120,114338.55,Pending
LOAN03690,CUST05358,BR042,Personal Loan,2020-08-24,321046.55,11.93,48,248225.86,Closed
LOAN03691,CUST05516,BR059,Auto Loan,2023-07-25,876641.94,11.28,180,577461.98,Active
LOAN03692,CUST00809,BR050,Auto Loan,2022-11-16,911755.77,7.69,84,156496.68,Closed
LOAN03693,CUST01356,BR047,Home Loan,2022-05-29,1061792.55,13.28,24,258287.42,Closed
LOAN03694,CUST00608,BR002,Personal Loan,2022-03-28,639346.34,11.52,240,498133.8,Defaulted
LOAN03695,CUST05686,BR003,Personal Loan,2020-06-10,756731.99,11.87,180,314199.12,Defaulted
LOAN03696,CUST01438,BR008,Education Loan,2023-10-10,778750.69,11.73,180,631199.24,Active
LOAN03697,CUST03136,BR060,Education Loan,2023-06-15,339621.78,7.84,180,40935.34,Active
LOAN03698,CUST03587,BR020,Education Loan,2025-02-13,1132116.63,9.31,36,396180.41,Pending
LOAN03699,CUST03898,BR022,Auto Loan,2023-05-13,1600797.99,9.83,36,175076.07,Pending
LOAN03700,CUST03707,BR036,Education Loan,2020-02-19,736624.8,11.27,180,557117.92,Closed
LOAN03701,CUST07227,BR022,Auto Loan,2022-09-05,499799.01,9.25,240,208173.0,Defaulted
LOAN03702,CUST07185,BR054,Personal Loan,2020-09-18,541324.04,10.44,24,449112.16,Defaulted
LOAN03703,CUST02595,BR031,Personal Loan,2025-09-20,382963.4,9.35,240,376335.82,Pending
LOAN03704,CUST05312,BR006,Business Loan,2021-12-31,4892847.25,12.2,48,1722555.09,Closed
LOAN03705,CUST07342,BR012,Personal Loan,2025-04-21,551270.25,9.28,240,282866.3,Closed
LOAN03706,CUST05864,BR018,Business Loan,2021-10-29,2276085.44,13.89,84,1580790.79,Active
LOAN03707,CUST03236,BR048,Personal Loan,2025-10-28,709826.49,8.59,180,157612.48,Active
LOAN03708,CUST01748,BR060,Education Loan,2021-05-14,186264.9,14.65,12,108433.35,Active
LOAN03709,CUST02680,BR015,Personal Loan,2025-06-13,152034.14,10.59,120,91246.74,Pending
LOAN03710,CUST07753,BR053,Education Loan,2022-12-28,1069486.23,8.46,36,972471.59,Active
LOAN03711,CUST07685,BR014,Education Loan,2023-04-26,1025202.34,14.47,36,257070.12,Defaulted
LOAN03712,CUST01278,BR028,Auto Loan,2020-03-03,712058.24,12.64,48,412607.0,Closed
LOAN03713,CUST03868,BR046,Home Loan,2020-07-31,5215606.35,14.97,60,2739725.35,Defaulted
LOAN03714,CUST06824,BR021,Education Loan,2023-08-23,1310498.39,11.88,84,414238.62,Defaulted
LOAN03715,CUST04444,BR006,Personal Loan,2021-11-09,295286.45,7.86,24,73509.13,Active
LOAN03716,CUST02808,BR004,Auto Loan,2024-04-28,1155545.01,8.46,120,288308.9,Defaulted
LOAN03717,CUST01612,BR039,Auto Loan,2024-07-17,900786.86,14.9,180,315004.41,Defaulted
LOAN03718,CUST00655,BR021,Business Loan,2022-05-27,3217852.41,11.24,180,311028.47,Closed
LOAN03719,CUST05575,BR012,Personal Loan,2023-12-03,663421.96,10.06,12,539367.58,Pending
LOAN03720,CUST02427,BR021,Home Loan,2021-10-17,1083107.27,8.94,120,589326.6,Pending
LOAN03721,CUST02667,BR033,Home Loan,2025-10-07,5182394.08,8.9,36,1085203.98,Defaulted
LOAN03722,CUST06775,BR005,Auto Loan,2021-07-25,288824.59,7.81,240,155947.75,Closed
LOAN03723,CUST02662,BR040,Auto Loan,2023-10-26,1242028.12,9.99,60,1203062.71,Defaulted
LOAN03724,CUST00049,BR004,Home Loan,2022-04-07,4454276.67,10.96,84,414053.76,Defaulted
LOAN03725,CUST04534,BR029,Personal Loan,2024-08-03,690045.48,14.3,48,182522.83,Pending
LOAN03726,CUST04677,BR016,Home Loan,2020-01-30,5307095.88,8.46,84,3403561.51,Active
LOAN03727,CUST01472,BR055,Home Loan,2024-08-24,3000441.21,14.95,60,974681.88,Active
LOAN03728,CUST04639,BR029,Auto Loan,2024-06-04,1956106.74,12.37,12,188214.51,Active
LOAN03729,CUST00026,BR011,Auto Loan,2020-10-21,690350.01,7.45,24,567356.23,Closed
LOAN03730,CUST06618,BR033,Home Loan,2025-12-10,6256549.41,14.59,120,3907113.33,Closed
LOAN03731,CUST05531,BR012,Business Loan,2022-06-25,1864720.88,12.28,36,373249.28,Closed
LOAN03732,CUST01431,BR008,Auto Loan,2021-07-26,1409381.23,10.59,36,464070.94,Closed
LOAN03733,CUST03232,BR004,Home Loan,2022-02-15,868641.88,14.67,84,321007.95,Closed
LOAN03734,CUST06696,BR046,Personal Loan,2021-10-11,240005.99,15.44,12,22986.23,Pending
LOAN03735,CUST01191,BR042,Business Loan,2024-11-17,2325276.48,10.83,24,911679.5,Closed
LOAN03736,CUST06123,BR008,Education Loan,2025-02-06,1495549.54,7.89,12,737573.17,Closed
LOAN03737,CUST02339,BR037,Personal Loan,2024-12-10,56873.47,7.54,24,22665.28,Pending
LOAN03738,CUST01977,BR054,Education Loan,2021-04-04,1074287.18,9.37,240,855694.9,Defaulted
LOAN03739,CUST01817,BR028,Business Loan,2022-08-06,3038527.5,10.08,180,2938234.46,Defaulted
LOAN03740,CUST00313,BR004,Business Loan,2023-05-26,4846562.95,13.71,240,2320465.98,Pending
LOAN03741,CUST05568,BR031,Education Loan,2021-07-18,896266.8,9.1,84,712944.95,Closed
LOAN03742,CUST00132,BR001,Education Loan,2020-05-20,667641.61,7.81,24,503198.19,Defaulted
LOAN03743,CUST04733,BR020,Personal Loan,2023-05-22,131294.63,7.12,60,78025.85,Pending
LOAN03744,CUST06040,BR018,Education Loan,2020-06-26,330561.15,9.27,36,319558.62,Defaulted
LOAN03745,CUST06629,BR044,Home Loan,2024-01-29,2547531.55,7.69,12,1631744.47,Pending
LOAN03746,CUST06997,BR033,Personal Loan,2024-03-29,483340.89,10.91,48,284758.92,Pending
LOAN03747,CUST06759,BR049,Personal Loan,2025-08-30,784617.32,7.25,12,206947.52,Closed
LOAN03748,CUST03494,BR041,Business Loan,2022-05-13,3789115.69,7.36,120,1583847.09,Active
LOAN03749,CUST05319,BR048,Home Loan,2022-02-24,6173396.73,9.41,84,3497551.24,Defaulted
LOAN03750,CUST07546,BR034,Personal Loan,2020-07-27,226664.17,13.93,84,148722.41,Pending
LOAN03751,CUST07245,BR042,Personal Loan,2024-01-05,147560.91,10.75,24,111314.62,Active
LOAN03752,CUST02034,BR050,Education Loan,2020-01-05,1236172.46,12.74,180,652713.34,Defaulted
LOAN03753,CUST00483,BR023,Auto Loan,2025-10-18,1178810.03,8.54,240,298314.77,Active
LOAN03754,CUST03005,BR051,Business Loan,2024-06-26,3967474.59,13.04,48,3820653.68,Active
LOAN03755,CUST04939,BR016,Personal Loan,2020-06-23,172690.46,13.69,24,22431.48,Defaulted
LOAN03756,CUST01195,BR024,Business Loan,2024-10-29,1831651.25,13.89,60,597684.13,Active
LOAN03757,CUST06565,BR047,Auto Loan,2021-10-10,791581.17,10.07,12,753860.85,Active
LOAN03758,CUST05294,BR039,Auto Loan,2021-10-29,1261602.01,15.19,120,1187570.75,Closed
LOAN03759,CUST06975,BR014,Business Loan,2024-08-14,1228270.71,10.43,84,1010987.45,Defaulted
LOAN03760,CUST07566,BR034,Education Loan,2020-12-04,1170939.5,8.06,60,440422.23,Active
LOAN03761,CUST02697,BR057,Business Loan,2021-12-05,2122808.95,9.57,36,376165.49,Defaulted
LOAN03762,CUST05796,BR035,Home Loan,2020-03-11,1383596.56,10.12,240,958151.86,Defaulted
LOAN03763,CUST03200,BR051,Home Loan,2024-04-24,4485381.8,7.73,12,545708.92,Pending
LOAN03764,CUST07994,BR045,Business Loan,2025-06-12,4418521.79,8.3,24,3200864.15,Closed
LOAN03765,CUST03815,BR023,Auto Loan,2023-10-29,1078623.69,13.86,48,287148.57,Closed
LOAN03766,CUST03406,BR036,Education Loan,2021-01-15,232907.5,7.98,36,148038.91,Active
LOAN03767,CUST06293,BR015,Personal Loan,2021-05-06,485606.13,10.66,180,184590.93,Closed
LOAN03768,CUST07187,BR059,Personal Loan,2024-05-21,761562.28,9.84,36,415568.92,Pending
LOAN03769,CUST03751,BR042,Business Loan,2021-03-24,4247839.77,14.78,84,3268995.96,Defaulted
LOAN03770,CUST04910,BR041,Education Loan,2020-10-24,473822.37,7.45,180,80427.18,Pending
LOAN03771,CUST01337,BR015,Education Loan,2022-11-06,1101549.12,15.46,120,443825.07,Closed
LOAN03772,CUST02725,BR035,Education Loan,2025-07-23,403982.82,10.37,240,314146.04,Pending
LOAN03773,CUST01947,BR021,Personal Loan,2024-01-28,388264.02,7.14,48,242550.17,Closed
LOAN03774,CUST03046,BR002,Business Loan,2021-06-19,1665526.6,11.9,24,1049970.65,Pending
LOAN03775,CUST04082,BR002,Auto Loan,2025-02-24,923699.39,11.32,180,117159.08,Pending
LOAN03776,CUST06269,BR006,Education Loan,2023-04-12,950538.85,9.51,240,132971.52,Closed
LOAN03777,CUST05653,BR054,Personal Loan,2021-06-09,81651.41,12.07,24,61707.52,Defaulted
LOAN03778,CUST07466,BR039,Business Loan,2023-12-03,1024016.59,9.56,48,172174.22,Active
LOAN03779,CUST07840,BR044,Education Loan,2023-01-25,1308215.91,7.5,24,799404.21,Defaulted
LOAN03780,CUST03421,BR033,Education Loan,2024-08-21,1244151.56,8.49,48,461545.52,Defaulted
LOAN03781,CUST04069,BR010,Education Loan,2021-03-03,967600.55,8.88,84,929851.55,Active
LOAN03782,CUST02589,BR043,Auto Loan,2020-10-10,1297307.38,7.61,84,861968.22,Active
LOAN03783,CUST00306,BR021,Personal Loan,2021-02-14,326737.61,9.06,36,281843.6,Pending
LOAN03784,CUST05307,BR023,Education Loan,2021-06-11,598038.53,15.12,12,479778.27,Active
LOAN03785,CUST03530,BR021,Business Loan,2020-12-13,1036989.66,14.48,24,730444.01,Pending
LOAN03786,CUST01365,BR038,Auto Loan,2020-02-17,441337.0,11.39,240,148133.05,Defaulted
LOAN03787,CUST03043,BR050,Education Loan,2020-04-19,750106.6,12.83,240,458232.04,Active
LOAN03788,CUST04220,BR016,Auto Loan,2020-10-08,1494736.71,9.9,24,180210.83,Active
LOAN03789,CUST03119,BR033,Home Loan,2022-01-26,7777934.63,12.77,84,6435316.28,Closed
LOAN03790,CUST01849,BR007,Personal Loan,2023-06-27,496754.58,7.38,60,447308.86,Defaulted
LOAN03791,CUST07511,BR011,Business Loan,2021-07-10,2632527.9,11.98,84,594910.92,Active
LOAN03792,CUST00388,BR025,Business Loan,2021-11-01,2730528.66,7.98,12,1122696.93,Pending
LOAN03793,CUST06189,BR003,Auto Loan,2020-07-20,808195.51,11.3,12,517667.72,Pending
LOAN03794,CUST07645,BR026,Personal Loan,2024-10-14,165946.84,11.11,48,81716.6,Pending
LOAN03795,CUST06500,BR014,Education Loan,2024-06-26,337415.23,14.22,180,319931.7,Closed
LOAN03796,CUST02613,BR005,Home Loan,2022-05-02,6366923.27,13.4,60,4510613.24,Defaulted
LOAN03797,CUST01783,BR038,Personal Loan,2024-10-28,694314.18,8.93,12,159538.94,Defaulted
LOAN03798,CUST00736,BR006,Home Loan,2021-03-06,6005352.24,8.03,48,4030106.02,Pending
LOAN03799,CUST06210,BR033,Personal Loan,2025-12-29,570371.33,15.27,60,185261.61,Active
LOAN03800,CUST03659,BR034,Business Loan,2021-11-07,4789569.02,7.26,60,2513189.17,Closed
LOAN03801,CUST00181,BR043,Education Loan,2022-03-12,899194.67,12.8,240,565341.28,Active
LOAN03802,CUST00943,BR023,Auto Loan,2024-05-17,1375607.6,11.87,48,291295.01,Defaulted
LOAN03803,CUST06058,BR013,Education Loan,2025-10-21,1241846.59,12.91,24,592794.11,Defaulted
LOAN03804,CUST04160,BR045,Business Loan,2024-09-24,638053.36,8.39,48,566938.74,Active
LOAN03805,CUST05514,BR018,Personal Loan,2021-02-06,447037.85,13.77,180,327578.37,Active
LOAN03806,CUST05805,BR028,Auto Loan,2025-01-07,699989.73,14.26,180,576930.33,Active
LOAN03807,CUST01893,BR035,Auto Loan,2021-02-07,557853.99,7.17,60,178247.25,Closed
LOAN03808,CUST05193,BR045,Business Loan,2020-06-19,839736.95,8.11,48,174479.74,Pending
LOAN03809,CUST00609,BR047,Business Loan,2022-04-12,656503.75,8.85,12,220141.73,Defaulted
LOAN03810,CUST03962,BR030,Personal Loan,2022-12-28,798473.69,10.65,240,180047.17,Defaulted
LOAN03811,CUST07525,BR048,Home Loan,2022-09-14,5858279.0,14.69,120,5661852.57,Active
LOAN03812,CUST03984,BR045,Business Loan,2020-06-17,520300.81,9.66,180,499077.05,Defaulted
LOAN03813,CUST03156,BR009,Business Loan,2020-12-31,3610821.98,9.11,48,795242.38,Active
LOAN03814,CUST00976,BR060,Personal Loan,2021-10-30,178067.3,11.06,240,145389.24,Closed
LOAN03815,CUST03407,BR042,Auto Loan,2022-02-28,1872756.09,7.5,240,736508.01,Active
LOAN03816,CUST02835,BR015,Education Loan,2025-12-23,892992.06,14.83,60,263158.33,Active
LOAN03817,CUST01860,BR020,Personal Loan,2023-01-01,387575.21,10.32,24,242457.27,Active
LOAN03818,CUST06924,BR035,Education Loan,2024-02-23,1004278.76,7.65,240,988163.23,Defaulted
LOAN03819,CUST03582,BR056,Personal Loan,2021-10-15,500363.32,8.69,36,131956.33,Active
LOAN03820,CUST07204,BR007,Personal Loan,2021-02-11,211234.9,14.21,84,85788.08,Closed
LOAN03821,CUST02077,BR038,Education Loan,2023-09-06,445595.33,11.58,24,100770.91,Defaulted
LOAN03822,CUST00066,BR039,Personal Loan,2021-03-17,241379.31,13.2,240,168682.48,Closed
LOAN03823,CUST03546,BR014,Personal Loan,2023-08-17,494390.68,11.67,60,407064.09,Closed
LOAN03824,CUST06976,BR030,Business Loan,2024-10-06,2931969.05,14.53,60,1241551.8,Pending
LOAN03825,CUST06182,BR005,Home Loan,2023-02-21,1525958.27,14.64,48,1203876.11,Defaulted
LOAN03826,CUST07959,BR017,Personal Loan,2025-03-12,150424.91,7.6,120,62535.87,Active
LOAN03827,CUST01791,BR054,Auto Loan,2020-10-22,1957663.46,12.21,60,335648.9,Active
LOAN03828,CUST04189,BR048,Personal Loan,2022-02-13,536443.51,11.51,84,244750.93,Closed
LOAN03829,CUST07005,BR019,Home Loan,2020-10-05,3690335.92,14.64,24,2894317.73,Active
LOAN03830,CUST01211,BR021,Auto Loan,2021-04-13,1587757.55,11.12,60,347607.19,Closed
LOAN03831,CUST02198,BR008,Education Loan,2022-11-19,1225616.06,13.42,120,550614.94,Pending
LOAN03832,CUST07900,BR028,Auto Loan,2025-05-28,889149.95,15.25,120,650702.64,Active
LOAN03833,CUST04412,BR057,Business Loan,2024-08-05,1079328.95,13.4,84,81033.0,Pending
LOAN03834,CUST01685,BR013,Education Loan,2020-11-11,409470.52,11.35,48,35304.3,Active
LOAN03835,CUST00660,BR011,Home Loan,2023-06-19,1590756.44,15.03,24,726832.33,Active
LOAN03836,CUST04146,BR042,Auto Loan,2023-07-09,605528.71,14.93,60,347888.16,Pending
LOAN03837,CUST03170,BR054,Business Loan,2024-10-16,4375418.15,12.14,12,1672032.21,Closed
LOAN03838,CUST04335,BR013,Education Loan,2022-04-19,115796.78,7.05,60,47057.01,Defaulted
LOAN03839,CUST01601,BR016,Business Loan,2025-08-06,4563527.33,11.0,24,4561801.59,Defaulted
LOAN03840,CUST05374,BR009,Personal Loan,2021-09-02,174580.96,12.54,36,84933.41,Pending
LOAN03841,CUST00629,BR059,Education Loan,2024-05-26,1100397.41,7.29,84,460196.6,Pending
LOAN03842,CUST01925,BR052,Personal Loan,2020-07-24,571074.84,10.8,24,349206.09,Pending
LOAN03843,CUST05421,BR013,Education Loan,2023-10-27,1445187.75,13.37,240,493035.36,Pending
LOAN03844,CUST00554,BR032,Business Loan,2025-05-30,2302439.14,9.44,36,1323632.69,Pending
LOAN03845,CUST00735,BR005,Business Loan,2024-03-09,1724738.85,12.59,180,1035073.16,Active
LOAN03846,CUST02227,BR053,Education Loan,2021-09-16,1291271.6,10.71,36,1106262.66,Active
LOAN03847,CUST03256,BR056,Business Loan,2023-04-29,4572150.07,9.3,60,4461978.27,Active
LOAN03848,CUST07770,BR058,Education Loan,2024-11-04,1178750.24,10.62,24,635218.57,Defaulted
LOAN03849,CUST04368,BR056,Auto Loan,2021-07-10,1737987.27,11.24,36,254597.78,Defaulted
LOAN03850,CUST05247,BR007,Home Loan,2025-10-25,4254056.36,9.55,36,709447.84,Defaulted
LOAN03851,CUST04563,BR040,Auto Loan,2025-07-21,1030614.58,7.49,48,800135.57,Active
LOAN03852,CUST03099,BR044,Personal Loan,2022-05-15,748684.33,15.32,240,614361.67,Pending
LOAN03853,CUST06239,BR057,Personal Loan,2023-06-30,598322.3,12.58,120,305887.2,Defaulted
LOAN03854,CUST03527,BR009,Business Loan,2025-01-01,1769276.57,9.8,84,1716580.49,Active
LOAN03855,CUST02081,BR001,Personal Loan,2022-11-05,197693.5,10.55,84,156129.76,Active
LOAN03856,CUST02314,BR008,Business Loan,2023-03-29,1273689.93,12.36,240,603915.07,Pending
LOAN03857,CUST01754,BR004,Education Loan,2023-09-14,156920.71,7.92,60,117444.23,Defaulted
LOAN03858,CUST00030,BR028,Business Loan,2025-06-03,1328678.28,15.13,48,841449.02,Pending
LOAN03859,CUST02370,BR052,Auto Loan,2024-04-29,1853537.81,7.01,48,1392475.45,Closed
LOAN03860,CUST05004,BR001,Home Loan,2024-01-05,2626813.28,11.98,84,1036678.21,Active
LOAN03861,CUST00529,BR056,Home Loan,2021-08-26,5907257.79,14.39,240,4053003.31,Pending
LOAN03862,CUST04280,BR008,Business Loan,2025-05-08,2201139.17,13.01,24,302122.3,Pending
LOAN03863,CUST03443,BR060,Personal Loan,2021-10-28,256694.52,11.63,12,107206.75,Defaulted
LOAN03864,CUST07668,BR009,Auto Loan,2021-11-10,401860.0,10.04,180,30513.11,Pending
LOAN03865,CUST01833,BR035,Personal Loan,2020-12-04,112754.36,7.68,12,47396.42,Defaulted
LOAN03866,CUST06169,BR047,Home Loan,2022-11-17,6777986.41,8.34,24,4587086.83,Active
LOAN03867,CUST05979,BR042,Business Loan,2020-02-08,1257717.82,10.26,48,707741.24,Defaulted
LOAN03868,CUST00938,BR058,Auto Loan,2023-02-06,1699840.99,10.15,48,1492741.73,Active
LOAN03869,CUST06851,BR018,Business Loan,2025-07-07,519654.96,13.98,24,344881.04,Closed
LOAN03870,CUST06141,BR049,Home Loan,2022-07-18,7987332.16,14.62,48,5478898.17,Defaulted
LOAN03871,CUST03239,BR058,Education Loan,2023-06-23,787927.47,12.6,60,733575.05,Pending
LOAN03872,CUST02089,BR013,Business Loan,2020-12-17,4202541.6,9.37,240,956078.9,Active
LOAN03873,CUST05130,BR013,Business Loan,2024-10-31,1263492.77,11.41,84,1231896.61,Closed
LOAN03874,CUST01284,BR015,Auto Loan,2022-03-27,1125040.51,11.25,240,272888.82,Active
LOAN03875,CUST02034,BR048,Auto Loan,2020-09-14,1287864.5,9.67,36,228406.34,Closed
LOAN03876,CUST03743,BR012,Business Loan,2021-12-01,3381947.76,8.25,60,1205017.17,Closed
LOAN03877,CUST06449,BR047,Home Loan,2021-03-04,3615703.89,10.36,36,1807215.13,Closed
LOAN03878,CUST05090,BR036,Home Loan,2020-01-31,1537639.03,10.52,24,897308.73,Defaulted
LOAN03879,CUST00664,BR058,Auto Loan,2023-02-11,1605293.45,10.15,240,491618.89,Pending
LOAN03880,CUST06744,BR057,Auto Loan,2024-03-25,393817.76,12.55,60,224622.96,Closed
LOAN03881,CUST07517,BR011,Home Loan,2022-07-21,4965775.03,13.13,84,4926777.51,Defaulted
LOAN03882,CUST05292,BR012,Home Loan,2025-09-23,5087944.66,12.86,120,3346001.53,Active
LOAN03883,CUST06512,BR054,Personal Loan,2025-07-25,297044.73,10.74,240,96141.37,Active
LOAN03884,CUST06622,BR060,Business Loan,2023-03-12,1903624.87,8.28,60,1407293.45,Active
LOAN03885,CUST01443,BR006,Personal Loan,2022-07-30,230952.87,13.94,180,218071.36,Closed
LOAN03886,CUST03172,BR033,Personal Loan,2023-02-13,597654.94,11.94,84,308138.81,Active
LOAN03887,CUST00316,BR011,Auto Loan,2025-07-28,1917655.65,11.27,36,272328.38,Defaulted
LOAN03888,CUST03830,BR038,Education Loan,2024-03-19,1415459.72,14.12,84,1408731.94,Defaulted
LOAN03889,CUST06478,BR017,Business Loan,2022-11-19,4787730.68,10.44,48,3380587.47,Pending
LOAN03890,CUST06634,BR024,Education Loan,2021-09-10,927752.74,14.15,12,583918.42,Defaulted
LOAN03891,CUST03722,BR005,Auto Loan,2023-10-25,1494801.2,8.61,60,712792.2,Defaulted
LOAN03892,CUST06949,BR026,Education Loan,2022-07-22,1417098.53,10.26,12,1264461.42,Defaulted
LOAN03893,CUST05006,BR048,Auto Loan,2020-09-04,1162840.45,9.3,36,701997.58,Defaulted
LOAN03894,CUST01189,BR016,Home Loan,2023-07-23,3072918.02,12.91,48,1953908.49,Defaulted
LOAN03895,CUST07971,BR021,Personal Loan,2022-01-29,162124.84,12.91,84,22280.27,Pending
LOAN03896,CUST04422,BR003,Education Loan,2020-02-04,615913.74,7.52,12,441510.97,Active
LOAN03897,CUST06914,BR053,Business Loan,2024-04-15,2538507.91,12.8,84,1613013.15,Closed
LOAN03898,CUST06274,BR003,Business Loan,2025-09-30,4036292.7,7.18,60,1961795.16,Closed
LOAN03899,CUST00272,BR027,Home Loan,2020-08-16,2245630.48,12.52,48,1421153.24,Pending
LOAN03900,CUST02530,BR020,Business Loan,2020-05-07,957778.99,10.27,240,144304.07,Defaulted
LOAN03901,CUST01054,BR012,Personal Loan,2021-08-01,359895.97,11.83,84,208469.64,Pending
LOAN03902,CUST06155,BR047,Education Loan,2020-11-20,279222.02,11.87,24,247005.68,Active
LOAN03903,CUST02215,BR037,Auto Loan,2021-04-22,225430.15,13.73,12,180426.24,Closed
LOAN03904,CUST05546,BR042,Personal Loan,2025-10-08,57125.04,13.74,180,11987.32,Pending
LOAN03905,CUST07458,BR020,Auto Loan,2022-07-22,1162819.68,12.23,120,782295.73,Active
LOAN03906,CUST06128,BR002,Business Loan,2022-04-20,3296688.98,8.93,48,3127399.88,Defaulted
LOAN03907,CUST07496,BR026,Education Loan,2021-12-18,187700.88,7.44,240,105102.83,Closed
LOAN03908,CUST00092,BR038,Personal Loan,2024-11-03,473948.1,10.8,120,153797.95,Defaulted
LOAN03909,CUST05194,BR013,Business Loan,2021-07-06,3825488.08,10.35,240,1332523.18,Pending
LOAN03910,CUST02544,BR055,Auto Loan,2021-07-17,1305521.67,15.48,120,619765.53,Defaulted
LOAN03911,CUST03681,BR012,Business Loan,2020-05-12,1989726.75,9.4,12,862650.91,Closed
LOAN03912,CUST06030,BR003,Auto Loan,2021-09-09,553604.99,8.87,60,375867.15,Active
LOAN03913,CUST02259,BR023,Business Loan,2023-12-10,4479956.69,8.84,12,3437121.47,Closed
LOAN03914,CUST03466,BR056,Education Loan,2025-05-05,1115318.79,11.48,180,926583.92,Defaulted
LOAN03915,CUST05834,BR059,Business Loan,2025-03-20,2023928.08,12.83,24,982526.65,Closed
LOAN03916,CUST02685,BR048,Home Loan,2022-04-17,3353409.01,10.25,36,1591652.71,Pending
LOAN03917,CUST01929,BR057,Personal Loan,2020-12-24,261456.64,9.77,120,161278.97,Pending
LOAN03918,CUST00975,BR023,Home Loan,2023-06-07,4350142.21,10.4,120,642807.66,Closed
LOAN03919,CUST01094,BR044,Personal Loan,2024-12-15,312483.91,10.29,24,127089.96,Defaulted
LOAN03920,CUST07445,BR014,Auto Loan,2020-04-24,1663986.74,7.7,12,1494612.39,Active
LOAN03921,CUST07645,BR035,Personal Loan,2021-06-13,426653.7,7.22,36,157231.82,Active
LOAN03922,CUST00175,BR053,Auto Loan,2024-12-27,629354.54,11.3,240,95248.85,Defaulted
LOAN03923,CUST07385,BR044,Home Loan,2025-06-06,7280550.35,12.58,36,4185228.33,Pending
LOAN03924,CUST01529,BR012,Education Loan,2025-01-30,976250.01,11.23,60,860383.46,Defaulted
LOAN03925,CUST00283,BR037,Education Loan,2020-02-11,1274539.35,12.12,240,692593.73,Pending
LOAN03926,CUST06602,BR004,Business Loan,2022-02-13,3337198.43,12.7,48,3309964.1,Active
LOAN03927,CUST06299,BR057,Personal Loan,2022-11-28,581157.34,13.2,120,283216.22,Closed
LOAN03928,CUST02883,BR021,Business Loan,2025-10-01,4488007.11,11.02,180,2047804.61,Active
LOAN03929,CUST06346,BR049,Personal Loan,2020-12-23,140540.77,7.52,84,9499.06,Active
LOAN03930,CUST02550,BR011,Home Loan,2025-03-06,993141.54,12.69,180,943206.23,Defaulted
LOAN03931,CUST00436,BR001,Personal Loan,2024-09-21,97804.68,15.39,12,93254.56,Active
LOAN03932,CUST01937,BR037,Education Loan,2025-01-22,453554.8,15.07,36,125597.95,Defaulted
LOAN03933,CUST01826,BR045,Home Loan,2021-04-08,5916153.39,8.25,84,1436790.86,Defaulted
LOAN03934,CUST04124,BR020,Business Loan,2025-09-24,3209673.61,8.94,36,1016757.04,Defaulted
LOAN03935,CUST06702,BR060,Home Loan,2020-11-16,6168651.28,14.68,48,2599489.35,Pending
LOAN03936,CUST07308,BR011,Education Loan,2022-05-15,875720.43,11.83,60,327902.35,Closed
LOAN03937,CUST07086,BR040,Auto Loan,2022-11-29,1444606.16,8.87,36,237405.6,Pending
LOAN03938,CUST01570,BR037,Business Loan,2021-02-05,4550415.45,7.07,180,3774853.96,Closed
LOAN03939,CUST03204,BR037,Home Loan,2022-11-22,5578526.02,14.6,120,3632359.94,Pending
LOAN03940,CUST07076,BR057,Business Loan,2021-11-18,4678474.66,10.49,24,1837529.53,Active
LOAN03941,CUST01039,BR057,Education Loan,2022-06-12,1293329.76,14.88,48,620572.92,Active
LOAN03942,CUST07220,BR055,Personal Loan,2021-04-08,505653.7,14.05,48,349423.32,Pending
LOAN03943,CUST07996,BR051,Auto Loan,2023-08-20,704093.92,13.31,180,172612.9,Closed
LOAN03944,CUST05412,BR040,Education Loan,2023-04-12,165494.91,12.44,24,56941.48,Closed
LOAN03945,CUST07398,BR022,Education Loan,2024-03-12,817423.05,12.09,180,687429.28,Closed
LOAN03946,CUST00593,BR007,Auto Loan,2021-10-11,1171817.01,9.82,180,1003434.04,Defaulted
LOAN03947,CUST07992,BR017,Education Loan,2023-12-20,1395031.3,11.32,240,1122943.83,Closed
LOAN03948,CUST02458,BR054,Education Loan,2024-03-03,891057.01,12.75,84,340877.79,Defaulted
LOAN03949,CUST07586,BR023,Personal Loan,2022-01-21,413940.08,8.78,48,385576.2,Defaulted
LOAN03950,CUST00839,BR003,Education Loan,2021-01-16,1184491.64,15.27,240,167583.4,Closed
LOAN03951,CUST03053,BR002,Education Loan,2021-11-22,624342.49,8.12,36,38201.73,Active
LOAN03952,CUST02348,BR023,Home Loan,2025-02-04,6980027.8,10.17,24,1218676.71,Defaulted
LOAN03953,CUST06247,BR027,Business Loan,2023-01-15,1965118.87,14.4,240,192787.52,Pending
LOAN03954,CUST05799,BR037,Home Loan,2024-02-09,4487634.41,11.22,48,2440389.83,Defaulted
LOAN03955,CUST02620,BR047,Home Loan,2023-05-02,4471263.43,11.68,60,3580788.33,Defaulted
LOAN03956,CUST04028,BR001,Education Loan,2022-06-25,1105439.45,8.29,240,1071741.26,Closed
LOAN03957,CUST01485,BR023,Personal Loan,2022-08-11,320947.72,10.8,48,157869.75,Pending
LOAN03958,CUST04747,BR003,Auto Loan,2021-10-04,1273584.47,12.69,240,1033462.89,Defaulted
LOAN03959,CUST07568,BR022,Auto Loan,2025-03-13,1596158.02,7.2,240,298847.14,Closed
LOAN03960,CUST03834,BR024,Education Loan,2020-01-09,284649.82,14.78,240,28963.28,Pending
LOAN03961,CUST02974,BR014,Education Loan,2021-06-08,1341130.66,7.96,180,339215.51,Active
LOAN03962,CUST04454,BR035,Personal Loan,2021-07-13,335771.69,8.25,84,131577.11,Closed
LOAN03963,CUST00525,BR058,Auto Loan,2020-04-25,567011.34,13.42,180,97731.47,Active
LOAN03964,CUST07036,BR028,Education Loan,2021-02-27,801376.44,13.09,60,615598.51,Pending
LOAN03965,CUST03825,BR025,Business Loan,2025-07-17,473233.07,11.34,48,142709.78,Defaulted
LOAN03966,CUST05164,BR004,Education Loan,2024-12-17,1445549.95,9.87,48,1101662.01,Active
LOAN03967,CUST06041,BR018,Auto Loan,2020-02-14,1297342.69,14.7,60,1262474.1,Active
LOAN03968,CUST07844,BR011,Education Loan,2020-06-16,103196.31,8.49,12,20437.54,Active
LOAN03969,CUST02533,BR040,Home Loan,2024-01-12,4588400.08,12.27,120,1256382.32,Active
LOAN03970,CUST04563,BR041,Auto Loan,2023-04-10,1526883.34,10.39,180,719114.51,Active
LOAN03971,CUST00116,BR005,Education Loan,2022-10-02,339049.64,13.83,60,66545.04,Pending
LOAN03972,CUST07663,BR008,Auto Loan,2022-10-25,251810.32,12.77,240,115849.36,Active
LOAN03973,CUST05583,BR055,Business Loan,2023-08-28,3719180.41,11.88,48,2644168.84,Closed
LOAN03974,CUST04440,BR015,Education Loan,2024-05-10,1332465.67,7.65,24,1194595.2,Defaulted
LOAN03975,CUST04586,BR045,Business Loan,2022-04-04,2454392.26,15.38,84,2226658.3,Closed
LOAN03976,CUST06576,BR027,Personal Loan,2020-06-05,627225.87,13.37,48,520931.02,Closed
LOAN03977,CUST03928,BR027,Education Loan,2023-03-28,1423780.09,7.33,240,724886.68,Pending
LOAN03978,CUST03512,BR004,Education Loan,2020-07-31,748473.14,8.37,12,633893.46,Defaulted
LOAN03979,CUST02368,BR007,Personal Loan,2024-07-04,323207.06,14.12,24,95718.07,Active
LOAN03980,CUST01292,BR054,Business Loan,2023-08-21,464672.78,15.29,240,178509.51,Active
LOAN03981,CUST07679,BR038,Business Loan,2021-03-15,3437609.41,9.8,240,241331.67,Defaulted
LOAN03982,CUST05562,BR007,Education Loan,2022-03-31,932890.76,13.42,60,440606.6,Active
LOAN03983,CUST00613,BR029,Business Loan,2020-11-17,1739493.14,14.11,36,1407525.71,Closed
LOAN03984,CUST03023,BR011,Business Loan,2025-04-25,1434009.56,10.86,60,824884.75,Pending
LOAN03985,CUST06426,BR037,Education Loan,2020-12-22,1465884.44,10.5,48,1042878.03,Defaulted
LOAN03986,CUST05563,BR060,Home Loan,2025-04-15,4500929.27,11.82,84,2342476.85,Pending
LOAN03987,CUST01106,BR019,Auto Loan,2024-10-07,1875205.02,13.24,120,1217401.94,Active
LOAN03988,CUST05851,BR006,Business Loan,2023-09-27,3020231.12,13.3,120,2997106.96,Active
LOAN03989,CUST07570,BR055,Auto Loan,2020-09-07,1477435.84,8.18,24,673335.62,Active
LOAN03990,CUST00245,BR038,Education Loan,2022-01-03,409790.82,11.72,12,27089.42,Defaulted
LOAN03991,CUST03162,BR034,Personal Loan,2023-03-12,221121.45,11.31,84,193323.08,Active
LOAN03992,CUST06598,BR016,Personal Loan,2023-03-09,257146.68,8.77,240,253779.58,Pending
LOAN03993,CUST02841,BR041,Education Loan,2025-01-13,372544.3,15.41,180,270102.15,Active
LOAN03994,CUST04740,BR036,Education Loan,2024-11-18,203557.25,7.19,36,180935.68,Active
LOAN03995,CUST06105,BR005,Business Loan,2022-09-02,1786300.48,13.52,36,563752.1,Closed
LOAN03996,CUST00139,BR034,Education Loan,2023-03-01,1219190.79,14.57,48,794693.54,Closed
LOAN03997,CUST05753,BR019,Home Loan,2023-11-02,5470258.47,13.74,48,3209363.55,Defaulted
LOAN03998,CUST07121,BR028,Home Loan,2020-01-20,6834036.76,11.91,48,2771517.56,Defaulted
LOAN03999,CUST05687,BR032,Auto Loan,2020-03-31,1990126.72,8.2,84,306276.94,Active
LOAN04000,CUST02605,BR021,Personal Loan,2021-10-13,444312.6,14.72,84,156902.91,Closed
LOAN04001,CUST02210,BR032,Business Loan,2024-05-08,4595141.98,11.52,24,1466574.96,Active
LOAN04002,CUST03087,BR013,Auto Loan,2023-06-21,1450050.64,13.5,120,1323848.52,Closed
LOAN04003,CUST04651,BR060,Auto Loan,2021-05-27,687290.04,8.22,24,665900.82,Active
LOAN04004,CUST02574,BR014,Auto Loan,2025-12-21,1808503.17,7.04,180,1040898.84,Pending
LOAN04005,CUST04498,BR046,Auto Loan,2022-08-30,1228777.96,11.23,240,441443.85,Defaulted
LOAN04006,CUST06284,BR058,Business Loan,2024-12-11,436376.32,8.13,48,57942.79,Active
LOAN04007,CUST04221,BR034,Business Loan,2025-05-15,4985118.98,9.94,24,1460228.22,Closed
LOAN04008,CUST05714,BR028,Home Loan,2022-09-23,5267862.81,7.77,48,2990268.58,Defaulted
LOAN04009,CUST04587,BR001,Business Loan,2020-12-31,2454365.57,8.61,48,1823385.26,Closed
LOAN04010,CUST00189,BR010,Personal Loan,2023-02-09,668291.02,9.38,180,624982.23,Defaulted
LOAN04011,CUST00090,BR017,Home Loan,2023-01-21,2484757.46,9.05,36,1478086.08,Pending
LOAN04012,CUST00721,BR029,Education Loan,2024-01-25,260531.42,14.85,180,93929.75,Defaulted
LOAN04013,CUST03294,BR035,Education Loan,2025-05-02,234737.29,15.19,240,89770.07,Defaulted
LOAN04014,CUST00351,BR034,Personal Loan,2024-08-21,188807.51,9.74,180,63430.44,Active
LOAN04015,CUST04944,BR035,Auto Loan,2021-11-13,270113.65,10.19,24,20844.63,Pending
LOAN04016,CUST07064,BR057,Education Loan,2022-12-29,700428.62,8.97,120,185422.17,Closed
LOAN04017,CUST06062,BR044,Personal Loan,2025-05-19,581065.49,10.24,12,264427.25,Closed
LOAN04018,CUST00283,BR010,Personal Loan,2024-08-01,267112.74,11.02,60,265803.13,Defaulted
LOAN04019,CUST00232,BR055,Business Loan,2025-10-13,4726706.59,7.62,84,2639154.09,Defaulted
LOAN04020,CUST01928,BR004,Auto Loan,2024-03-01,1033784.77,8.79,36,597478.12,Closed
LOAN04021,CUST03826,BR013,Home Loan,2025-12-15,5752970.56,7.59,12,1520752.78,Defaulted
LOAN04022,CUST05994,BR013,Personal Loan,2022-05-23,351443.66,9.63,240,96858.71,Closed
LOAN04023,CUST01906,BR033,Home Loan,2025-08-01,934813.76,8.96,180,711714.11,Active
LOAN04024,CUST00844,BR056,Education Loan,2022-06-05,1476148.63,13.91,24,1430901.01,Pending
LOAN04025,CUST07013,BR058,Home Loan,2021-04-30,2361031.91,8.06,12,1508182.74,Closed
LOAN04026,CUST07639,BR007,Home Loan,2021-04-10,7388776.46,14.88,60,6043381.24,Closed
LOAN04027,CUST02706,BR046,Business Loan,2022-09-30,4786934.69,13.2,48,1486989.45,Pending
LOAN04028,CUST07180,BR038,Auto Loan,2021-05-02,1163109.33,12.14,60,865332.8,Pending
LOAN04029,CUST04631,BR045,Auto Loan,2021-07-15,1746590.23,10.52,240,1504639.43,Closed
LOAN04030,CUST03188,BR017,Auto Loan,2023-03-07,412860.65,7.54,240,348452.53,Defaulted
LOAN04031,CUST00816,BR036,Home Loan,2022-07-15,1834451.67,13.19,48,817037.28,Active
LOAN04032,CUST04116,BR059,Education Loan,2021-05-01,1376504.21,15.34,120,1019609.4,Active
LOAN04033,CUST07332,BR012,Personal Loan,2021-07-03,488774.16,9.51,60,33224.89,Pending
LOAN04034,CUST01839,BR012,Personal Loan,2023-09-24,456825.83,11.52,84,343279.59,Active
LOAN04035,CUST04465,BR007,Auto Loan,2021-09-05,339245.97,14.76,48,41593.38,Defaulted
LOAN04036,CUST04237,BR009,Auto Loan,2024-03-18,842349.68,15.0,48,249571.1,Defaulted
LOAN04037,CUST07077,BR024,Auto Loan,2021-12-05,454507.19,11.25,84,410823.47,Closed
LOAN04038,CUST04720,BR060,Education Loan,2022-12-20,502342.13,10.84,180,302929.33,Defaulted
LOAN04039,CUST01289,BR055,Education Loan,2021-06-22,993105.77,13.88,36,885925.37,Active
LOAN04040,CUST02626,BR007,Home Loan,2025-08-06,1634802.26,8.16,60,1581993.66,Pending
LOAN04041,CUST07526,BR035,Education Loan,2023-06-01,291131.77,11.75,84,217512.28,Closed
LOAN04042,CUST05119,BR042,Personal Loan,2024-01-16,399597.6,7.45,60,359964.42,Active
LOAN04043,CUST03767,BR039,Home Loan,2023-06-25,4378008.73,14.3,36,3207112.07,Closed
LOAN04044,CUST05843,BR006,Auto Loan,2025-10-04,661135.92,10.83,48,499451.88,Active
LOAN04045,CUST02078,BR004,Education Loan,2024-03-31,1253204.1,11.14,24,588257.21,Defaulted
LOAN04046,CUST00762,BR004,Education Loan,2021-02-22,855313.96,11.36,12,455468.89,Pending
LOAN04047,CUST04067,BR037,Education Loan,2021-08-03,628881.36,12.5,240,182660.91,Active
LOAN04048,CUST04301,BR010,Education Loan,2022-12-20,321365.71,12.24,60,217636.19,Defaulted
LOAN04049,CUST00544,BR025,Home Loan,2022-11-30,6499237.0,14.82,48,1060007.16,Pending
LOAN04050,CUST04573,BR025,Personal Loan,2023-04-18,596697.8,14.38,12,527580.26,Pending
LOAN04051,CUST00843,BR040,Business Loan,2020-11-11,1933067.12,15.18,48,1376206.3,Defaulted
LOAN04052,CUST05464,BR033,Home Loan,2024-04-01,3038764.03,13.55,36,1375248.44,Pending
LOAN04053,CUST05965,BR038,Personal Loan,2025-02-15,419509.35,14.32,12,74898.2,Defaulted
LOAN04054,CUST05251,BR050,Auto Loan,2021-01-13,1866459.02,9.59,60,1038249.51,Closed
LOAN04055,CUST03390,BR036,Personal Loan,2023-11-21,749072.42,13.17,48,174437.32,Active
LOAN04056,CUST01630,BR018,Home Loan,2022-02-15,6665883.72,13.57,48,5488387.49,Pending
LOAN04057,CUST02825,BR035,Home Loan,2022-03-01,6273452.67,14.92,36,579643.69,Defaulted
LOAN04058,CUST06982,BR033,Auto Loan,2023-06-12,653243.72,11.07,24,505510.65,Pending
LOAN04059,CUST04566,BR003,Auto Loan,2023-04-01,1635825.9,11.41,12,212596.15,Pending
LOAN04060,CUST02771,BR029,Education Loan,2024-05-27,937093.96,8.54,120,190976.69,Defaulted
LOAN04061,CUST05949,BR013,Education Loan,2022-06-09,280530.32,12.17,12,248251.88,Pending
LOAN04062,CUST02456,BR022,Personal Loan,2023-09-26,774949.17,14.81,36,555507.42,Active
LOAN04063,CUST06347,BR056,Business Loan,2023-06-13,1600576.99,7.61,48,736496.52,Active
LOAN04064,CUST06907,BR047,Business Loan,2022-08-27,1765227.49,9.49,120,1342373.41,Pending
LOAN04065,CUST06193,BR029,Education Loan,2025-04-30,686700.8,8.68,240,121702.15,Closed
LOAN04066,CUST00329,BR048,Home Loan,2023-09-04,4888831.85,11.55,36,2592939.79,Closed
LOAN04067,CUST04738,BR039,Auto Loan,2020-12-28,921151.83,10.48,24,386154.45,Active
LOAN04068,CUST02101,BR021,Auto Loan,2022-09-18,1617210.26,11.04,240,1459245.55,Pending
LOAN04069,CUST02222,BR049,Personal Loan,2023-04-23,347914.27,15.41,12,292223.65,Pending
LOAN04070,CUST02988,BR057,Auto Loan,2020-11-15,685044.31,12.06,84,608706.2,Active
LOAN04071,CUST06327,BR029,Auto Loan,2021-08-20,1977706.91,12.59,240,398051.77,Defaulted
LOAN04072,CUST00025,BR031,Auto Loan,2020-12-29,364121.56,10.72,84,333605.99,Closed
LOAN04073,CUST06164,BR059,Home Loan,2024-03-02,5709480.9,14.02,36,3287656.41,Defaulted
LOAN04074,CUST02783,BR049,Home Loan,2025-10-01,2188104.44,12.13,60,2096209.26,Active
LOAN04075,CUST03478,BR005,Home Loan,2025-06-29,1378023.01,12.69,60,219887.28,Pending
LOAN04076,CUST01935,BR016,Personal Loan,2023-11-25,671689.12,10.08,12,205498.91,Active
LOAN04077,CUST03049,BR027,Business Loan,2025-08-27,4575225.18,15.29,120,3538005.28,Active
LOAN04078,CUST05727,BR024,Business Loan,2025-09-22,4789327.36,13.15,24,3818659.81,Closed
LOAN04079,CUST00505,BR037,Auto Loan,2025-06-14,500328.71,14.14,12,432257.62,Active
LOAN04080,CUST07525,BR032,Home Loan,2020-06-14,3574255.82,11.19,12,3321315.04,Pending
LOAN04081,CUST02149,BR028,Auto Loan,2025-07-26,424607.85,11.23,240,144153.54,Active
LOAN04082,CUST03165,BR039,Business Loan,2025-10-20,331672.95,8.89,12,244576.76,Defaulted
LOAN04083,CUST04485,BR042,Home Loan,2023-10-12,2844213.46,10.67,36,2376395.15,Closed
LOAN04084,CUST07673,BR031,Business Loan,2020-12-23,2990370.51,12.27,240,1336081.92,Closed
LOAN04085,CUST05312,BR029,Education Loan,2025-09-22,828867.58,10.02,120,756253.85,Defaulted
LOAN04086,CUST01696,BR033,Business Loan,2025-04-12,1892090.68,11.45,60,1361209.78,Active
LOAN04087,CUST01282,BR034,Home Loan,2022-05-15,4996660.55,8.99,240,1705438.78,Pending
LOAN04088,CUST00253,BR049,Personal Loan,2024-11-04,105064.36,10.56,60,90487.03,Closed
LOAN04089,CUST05558,BR047,Education Loan,2020-03-08,247367.99,8.14,120,80739.62,Active
LOAN04090,CUST01399,BR060,Education Loan,2025-08-03,1073591.74,13.78,180,506314.12,Closed
LOAN04091,CUST03958,BR044,Auto Loan,2024-09-17,373590.9,12.47,180,323464.77,Pending
LOAN04092,CUST01213,BR001,Education Loan,2021-06-14,315676.1,14.37,180,173966.71,Pending
LOAN04093,CUST06166,BR011,Home Loan,2021-05-10,2853008.04,12.08,12,2175503.04,Closed
LOAN04094,CUST04688,BR037,Business Loan,2022-09-26,2123493.41,7.27,180,714148.11,Defaulted
LOAN04095,CUST04883,BR059,Education Loan,2025-08-11,398349.13,9.05,180,203411.8,Active
LOAN04096,CUST00698,BR003,Education Loan,2020-08-15,1232299.27,9.85,60,955093.76,Defaulted
LOAN04097,CUST01558,BR004,Business Loan,2023-01-01,2307442.52,8.12,120,497483.59,Defaulted
LOAN04098,CUST03212,BR019,Business Loan,2021-08-26,3701608.11,15.22,120,1455102.45,Pending
LOAN04099,CUST05957,BR002,Education Loan,2022-09-30,619704.41,13.2,180,404245.74,Defaulted
LOAN04100,CUST02741,BR013,Business Loan,2025-04-17,1993298.69,10.45,12,1077132.83,Active
LOAN04101,CUST00504,BR002,Home Loan,2023-12-15,2529732.62,10.26,24,1551096.24,Closed
LOAN04102,CUST03917,BR007,Personal Loan,2020-12-23,296996.64,12.8,240,100143.73,Defaulted
LOAN04103,CUST02065,BR007,Personal Loan,2024-08-28,757949.32,10.35,36,272349.28,Closed
LOAN04104,CUST06368,BR019,Auto Loan,2025-06-21,303597.08,12.94,60,15184.63,Defaulted
LOAN04105,CUST06745,BR014,Education Loan,2025-10-07,363745.27,14.27,12,169887.25,Active
LOAN04106,CUST05681,BR005,Business Loan,2020-05-24,749402.72,13.83,48,412640.09,Pending
LOAN04107,CUST02372,BR055,Business Loan,2022-06-03,1438276.51,11.56,60,986845.99,Closed
LOAN04108,CUST06101,BR054,Auto Loan,2024-06-13,1805437.37,7.4,120,1791102.76,Closed
LOAN04109,CUST05458,BR017,Home Loan,2020-01-26,2417882.48,10.57,36,917064.7,Active
LOAN04110,CUST07167,BR018,Business Loan,2021-11-02,3740951.85,11.26,36,1151747.29,Closed
LOAN04111,CUST02631,BR033,Personal Loan,2021-09-13,419769.38,7.82,24,197544.32,Closed
LOAN04112,CUST05499,BR042,Home Loan,2020-07-02,5673545.48,8.81,12,4378958.43,Defaulted
LOAN04113,CUST04116,BR046,Business Loan,2025-07-02,1303923.75,10.9,48,996381.49,Active
LOAN04114,CUST03314,BR048,Education Loan,2022-10-31,1124386.52,13.09,120,567523.59,Pending
LOAN04115,CUST01107,BR015,Personal Loan,2022-09-21,501272.4,12.04,24,116306.14,Pending
LOAN04116,CUST04607,BR001,Business Loan,2023-12-20,1801708.22,13.05,120,727599.39,Pending
LOAN04117,CUST01747,BR004,Home Loan,2024-01-14,3197233.04,12.59,24,1529576.27,Defaulted
LOAN04118,CUST03171,BR027,Auto Loan,2021-05-01,1572680.65,14.53,180,1063291.24,Closed
LOAN04119,CUST07545,BR040,Personal Loan,2024-05-18,572005.23,14.25,240,349464.1,Pending
LOAN04120,CUST05830,BR013,Education Loan,2021-09-03,219793.53,11.45,12,145595.64,Pending
LOAN04121,CUST06456,BR017,Education Loan,2025-03-28,107352.42,11.81,36,9773.83,Active
LOAN04122,CUST06005,BR026,Business Loan,2020-12-08,1417516.85,7.69,60,621142.77,Closed
LOAN04123,CUST05275,BR028,Auto Loan,2024-02-15,1948064.35,7.48,120,664385.22,Closed
LOAN04124,CUST03104,BR032,Home Loan,2021-10-24,5735930.46,12.96,84,1578463.74,Defaulted
LOAN04125,CUST04571,BR017,Personal Loan,2022-08-26,596991.58,15.09,180,261907.89,Pending
LOAN04126,CUST02660,BR059,Business Loan,2024-04-17,2373212.59,13.29,84,579587.09,Closed
LOAN04127,CUST03310,BR048,Auto Loan,2025-09-03,685503.43,14.34,120,324231.68,Defaulted
LOAN04128,CUST04213,BR038,Personal Loan,2023-10-22,443237.54,11.44,24,350395.42,Pending
LOAN04129,CUST05799,BR021,Home Loan,2023-02-15,1147647.74,14.07,36,210592.02,Defaulted
LOAN04130,CUST03706,BR029,Personal Loan,2022-01-08,298652.45,11.75,240,60269.14,Defaulted
LOAN04131,CUST07803,BR039,Auto Loan,2020-03-15,588547.22,15.36,12,155536.47,Closed
LOAN04132,CUST05863,BR044,Home Loan,2020-06-08,2588740.99,14.15,12,554144.11,Active
LOAN04133,CUST05075,BR058,Business Loan,2021-12-19,2011129.18,13.02,180,874481.67,Defaulted
LOAN04134,CUST06266,BR033,Auto Loan,2023-01-30,1158087.55,13.97,120,64238.14,Defaulted
LOAN04135,CUST02249,BR031,Personal Loan,2020-05-06,73787.49,10.44,240,14911.27,Active
LOAN04136,CUST06973,BR035,Education Loan,2022-10-05,699014.17,12.33,240,216596.79,Pending
LOAN04137,CUST06720,BR028,Personal Loan,2021-11-01,223494.94,8.21,24,51077.27,Pending
LOAN04138,CUST05534,BR039,Home Loan,2021-06-26,2708833.95,7.09,24,181381.57,Active
LOAN04139,CUST04423,BR051,Business Loan,2024-05-27,2215599.58,7.37,240,1883281.53,Defaulted
LOAN04140,CUST03246,BR026,Education Loan,2023-09-22,256084.69,15.06,24,41789.49,Active
LOAN04141,CUST05072,BR046,Business Loan,2020-09-01,912131.48,10.03,24,323412.87,Defaulted
LOAN04142,CUST05217,BR033,Business Loan,2025-05-31,3771368.12,14.33,12,3115288.95,Pending
LOAN04143,CUST06826,BR012,Auto Loan,2022-08-27,1827161.62,10.39,240,1623514.97,Defaulted
LOAN04144,CUST07472,BR031,Personal Loan,2023-10-07,406515.12,9.2,60,127515.52,Defaulted
LOAN04145,CUST07933,BR054,Home Loan,2020-09-07,7847478.78,14.8,84,6570633.59,Pending
LOAN04146,CUST07389,BR028,Home Loan,2020-03-08,4239003.62,14.44,48,4161497.37,Closed
LOAN04147,CUST05584,BR036,Home Loan,2025-09-21,7151846.26,13.23,36,4038313.65,Closed
LOAN04148,CUST04512,BR011,Personal Loan,2023-10-12,183868.32,14.88,120,126819.73,Active
LOAN04149,CUST02831,BR001,Auto Loan,2023-01-27,1149804.0,8.59,120,90680.04,Closed
LOAN04150,CUST01002,BR003,Auto Loan,2020-04-23,652143.5,9.51,84,322768.26,Pending
LOAN04151,CUST01228,BR002,Business Loan,2023-12-17,1521015.31,14.8,24,1022975.73,Active
LOAN04152,CUST05286,BR044,Business Loan,2021-04-25,3026527.59,11.07,60,1433010.5,Active
LOAN04153,CUST00256,BR046,Business Loan,2022-05-13,2488544.46,13.23,180,1451564.42,Pending
LOAN04154,CUST06998,BR043,Education Loan,2021-01-22,971938.72,9.35,120,856367.45,Pending
LOAN04155,CUST04813,BR037,Home Loan,2023-05-10,1239808.08,13.48,120,1168281.3,Pending
LOAN04156,CUST02423,BR021,Auto Loan,2022-07-01,1826661.08,11.43,36,634177.98,Pending
LOAN04157,CUST03563,BR002,Personal Loan,2020-03-07,327027.31,14.56,24,156815.1,Defaulted
LOAN04158,CUST03689,BR008,Auto Loan,2025-08-15,1818580.5,12.12,60,742794.57,Active
LOAN04159,CUST01704,BR058,Auto Loan,2021-02-28,1259041.14,8.29,60,327492.01,Defaulted
LOAN04160,CUST02207,BR015,Business Loan,2023-02-17,3445249.45,13.84,12,3159839.55,Active
LOAN04161,CUST01834,BR034,Business Loan,2023-02-02,607812.44,12.91,24,562355.73,Closed
LOAN04162,CUST05738,BR015,Auto Loan,2025-08-02,828803.28,10.24,60,257246.98,Closed
LOAN04163,CUST06384,BR038,Business Loan,2024-04-06,3805582.62,14.39,48,3550053.72,Pending
LOAN04164,CUST00683,BR013,Business Loan,2025-04-12,3740761.95,8.16,180,2292443.49,Pending
LOAN04165,CUST03803,BR037,Education Loan,2024-09-29,106424.87,7.99,12,63246.5,Defaulted
LOAN04166,CUST01788,BR011,Business Loan,2025-02-26,2765037.39,9.97,12,619629.15,Pending
LOAN04167,CUST02786,BR038,Personal Loan,2024-01-16,254150.05,13.08,48,233191.28,Closed
LOAN04168,CUST04523,BR058,Personal Loan,2022-09-06,561848.7,13.73,48,28683.14,Defaulted
LOAN04169,CUST03886,BR005,Education Loan,2025-05-31,1354580.44,11.28,24,786169.31,Closed
LOAN04170,CUST02316,BR020,Business Loan,2024-03-10,3796874.48,7.41,60,3002463.39,Defaulted
LOAN04171,CUST03551,BR002,Personal Loan,2024-01-22,478956.44,7.46,60,121485.31,Defaulted
LOAN04172,CUST01336,BR001,Home Loan,2022-03-10,2193388.9,15.17,48,1614425.33,Pending
LOAN04173,CUST00510,BR033,Education Loan,2024-01-10,1160421.67,7.13,12,180789.38,Closed
LOAN04174,CUST05590,BR008,Business Loan,2023-12-10,828480.36,8.27,36,232965.05,Defaulted
LOAN04175,CUST06536,BR034,Auto Loan,2020-01-02,282353.45,9.87,84,97685.86,Active
LOAN04176,CUST07230,BR009,Education Loan,2021-05-04,534488.78,13.95,120,330604.29,Active
LOAN04177,CUST04711,BR005,Personal Loan,2023-10-19,564158.47,12.14,48,461149.22,Closed
LOAN04178,CUST02481,BR008,Education Loan,2020-07-21,717976.63,12.26,24,230891.96,Defaulted
LOAN04179,CUST06080,BR054,Personal Loan,2024-06-18,547398.26,12.76,180,125725.2,Defaulted
LOAN04180,CUST03131,BR021,Personal Loan,2022-08-01,175209.34,14.05,120,155308.75,Defaulted
LOAN04181,CUST04876,BR027,Personal Loan,2023-08-12,310367.04,12.47,120,202771.5,Active
LOAN04182,CUST03414,BR034,Personal Loan,2020-08-07,66547.0,15.15,12,51602.27,Pending
LOAN04183,CUST04195,BR048,Auto Loan,2021-02-17,741713.74,15.22,240,460404.8,Closed
LOAN04184,CUST01008,BR002,Auto Loan,2020-10-07,622313.94,12.55,60,589369.99,Defaulted
LOAN04185,CUST03439,BR033,Personal Loan,2022-12-15,343057.69,14.01,60,50504.71,Pending
LOAN04186,CUST01111,BR049,Auto Loan,2022-04-19,1578836.26,9.31,240,1324633.26,Defaulted
LOAN04187,CUST05255,BR016,Auto Loan,2023-07-22,1160451.32,13.1,84,838363.08,Active
LOAN04188,CUST04804,BR021,Business Loan,2024-03-13,4938760.96,13.61,12,3232674.15,Active
LOAN04189,CUST01584,BR024,Education Loan,2021-05-20,777769.28,10.07,84,473199.84,Closed
LOAN04190,CUST07160,BR018,Home Loan,2022-05-23,5456163.85,13.38,60,664802.42,Closed
LOAN04191,CUST02021,BR036,Personal Loan,2025-05-14,763494.93,11.57,120,663080.94,Defaulted
LOAN04192,CUST03362,BR004,Education Loan,2023-03-13,620480.4,15.11,120,180479.98,Active
LOAN04193,CUST01422,BR008,Education Loan,2021-07-11,618750.2,10.58,12,280472.32,Closed
LOAN04194,CUST07370,BR057,Personal Loan,2023-08-16,528329.56,13.87,24,168002.56,Active
LOAN04195,CUST01615,BR021,Auto Loan,2020-10-13,532099.18,11.96,60,234575.56,Active
LOAN04196,CUST04394,BR046,Education Loan,2022-04-21,617318.92,12.9,84,156329.01,Pending
LOAN04197,CUST07993,BR021,Education Loan,2024-12-15,1041828.89,7.42,12,115131.43,Pending
LOAN04198,CUST07834,BR033,Business Loan,2023-11-30,1018747.07,14.57,240,444188.88,Defaulted
LOAN04199,CUST05966,BR034,Personal Loan,2025-01-01,436755.53,10.29,48,175022.8,Active
LOAN04200,CUST03222,BR038,Education Loan,2022-04-24,189710.93,7.38,36,117802.16,Closed
LOAN04201,CUST02930,BR042,Business Loan,2025-01-23,4406560.21,8.01,24,3968168.39,Active
LOAN04202,CUST05507,BR045,Personal Loan,2021-02-23,70714.83,8.01,240,38410.18,Active
LOAN04203,CUST07409,BR038,Auto Loan,2022-11-08,1865287.78,7.77,12,1498563.92,Active
LOAN04204,CUST06017,BR012,Personal Loan,2023-08-28,797269.85,14.12,24,106055.37,Active
LOAN04205,CUST03859,BR008,Home Loan,2023-07-31,4706725.52,9.15,24,2597062.23,Defaulted
LOAN04206,CUST06866,BR020,Personal Loan,2021-05-29,147830.68,11.25,180,141036.31,Defaulted
LOAN04207,CUST03591,BR016,Business Loan,2025-11-20,3181424.26,10.55,120,1132313.37,Pending
LOAN04208,CUST01641,BR042,Personal Loan,2023-03-12,664627.12,7.24,48,233175.43,Closed
LOAN04209,CUST00962,BR003,Auto Loan,2024-06-19,1200584.56,13.4,240,489490.26,Pending
LOAN04210,CUST03328,BR052,Education Loan,2023-11-29,503298.68,9.8,12,71979.76,Pending
LOAN04211,CUST04529,BR026,Home Loan,2025-12-03,861088.24,8.42,48,274190.52,Pending
LOAN04212,CUST00398,BR006,Home Loan,2024-09-27,5132981.9,10.39,120,364944.39,Active
LOAN04213,CUST07440,BR013,Home Loan,2020-10-12,994615.34,8.54,84,242100.16,Pending
LOAN04214,CUST03912,BR007,Education Loan,2023-08-01,888120.43,14.4,240,127671.76,Closed
LOAN04215,CUST01366,BR009,Auto Loan,2025-11-02,1127118.0,9.8,84,904323.04,Active
LOAN04216,CUST05764,BR007,Business Loan,2022-10-01,534862.95,9.69,84,63964.51,Pending
LOAN04217,CUST06463,BR055,Education Loan,2020-03-28,867771.65,14.43,120,98384.04,Closed
LOAN04218,CUST05804,BR037,Business Loan,2022-10-09,387465.61,15.02,12,135470.05,Closed
LOAN04219,CUST06665,BR029,Business Loan,2025-07-14,4310554.07,13.85,84,4274867.95,Closed
LOAN04220,CUST00988,BR016,Personal Loan,2024-01-13,792903.66,13.69,180,188914.19,Defaulted
LOAN04221,CUST07404,BR033,Home Loan,2021-03-03,1526054.48,9.44,180,1097898.6,Pending
LOAN04222,CUST05482,BR002,Education Loan,2021-01-22,1297159.54,11.28,84,582438.06,Closed
LOAN04223,CUST03038,BR044,Personal Loan,2021-09-08,386804.56,13.41,60,146156.22,Closed
LOAN04224,CUST03775,BR018,Education Loan,2022-11-13,1039726.81,12.1,84,650989.53,Pending
LOAN04225,CUST05334,BR005,Auto Loan,2025-05-24,1134201.93,12.12,240,66196.19,Defaulted
LOAN04226,CUST00041,BR026,Education Loan,2023-11-11,143003.98,14.98,240,71460.63,Active
LOAN04227,CUST06659,BR043,Education Loan,2024-06-15,314505.66,13.33,84,147498.99,Active
LOAN04228,CUST00457,BR011,Home Loan,2024-11-23,6598727.32,11.57,24,3158570.31,Defaulted
LOAN04229,CUST03441,BR011,Education Loan,2021-06-27,146860.37,9.73,12,26748.15,Closed
LOAN04230,CUST02708,BR037,Education Loan,2023-10-31,781243.72,7.53,180,78966.29,Closed
LOAN04231,CUST02999,BR030,Business Loan,2024-08-08,3098594.34,11.48,60,1186813.62,Defaulted
LOAN04232,CUST07149,BR004,Auto Loan,2025-09-08,770775.98,9.41,240,111465.58,Defaulted
LOAN04233,CUST00937,BR013,Auto Loan,2025-01-20,836898.8,9.36,12,709425.17,Defaulted
LOAN04234,CUST06202,BR039,Auto Loan,2024-04-11,831496.72,14.47,36,214415.01,Active
LOAN04235,CUST00664,BR016,Personal Loan,2024-02-06,267703.13,15.47,36,42161.36,Pending
LOAN04236,CUST02706,BR048,Business Loan,2024-01-16,2212845.9,8.56,84,1261189.82,Defaulted
LOAN04237,CUST00833,BR014,Home Loan,2023-02-13,2852416.41,14.14,120,393080.85,Pending
LOAN04238,CUST00316,BR019,Auto Loan,2022-05-31,1529824.81,13.73,48,1002489.37,Pending
LOAN04239,CUST03950,BR014,Business Loan,2022-05-14,3091417.64,11.56,48,846892.51,Closed
LOAN04240,CUST04175,BR049,Auto Loan,2025-05-17,877301.1,10.03,60,66564.32,Active
LOAN04241,CUST04036,BR014,Business Loan,2022-01-25,4161660.77,12.4,84,3755333.29,Active
LOAN04242,CUST07789,BR054,Education Loan,2025-10-21,559143.43,11.82,120,76489.13,Defaulted
LOAN04243,CUST00306,BR026,Personal Loan,2020-04-07,508138.43,7.44,84,429913.01,Active
LOAN04244,CUST02201,BR006,Home Loan,2024-04-17,2416772.27,11.48,36,725322.42,Closed
LOAN04245,CUST00579,BR048,Home Loan,2024-04-03,2643715.72,11.18,48,907910.7,Pending
LOAN04246,CUST07345,BR007,Auto Loan,2021-09-24,531105.4,12.75,180,210487.61,Closed
LOAN04247,CUST01956,BR008,Business Loan,2023-07-14,2352665.04,13.81,12,2255449.34,Active
LOAN04248,CUST06387,BR051,Personal Loan,2023-12-11,582805.03,8.31,180,115006.93,Closed
LOAN04249,CUST01857,BR021,Home Loan,2024-07-17,6135836.7,9.97,60,2477477.46,Pending
LOAN04250,CUST00536,BR056,Education Loan,2024-09-06,1099937.16,9.65,36,405723.31,Closed
LOAN04251,CUST01873,BR044,Personal Loan,2024-07-25,562991.66,13.23,24,321899.56,Closed
LOAN04252,CUST06575,BR059,Education Loan,2023-07-07,378921.31,10.7,48,280866.6,Active
LOAN04253,CUST07294,BR036,Home Loan,2020-06-05,7776921.24,10.13,60,1367331.11,Closed
LOAN04254,CUST03235,BR026,Auto Loan,2021-06-01,1268379.47,8.06,24,1118552.35,Active
LOAN04255,CUST06516,BR058,Education Loan,2023-03-21,410157.44,14.3,84,157466.18,Closed
LOAN04256,CUST04410,BR019,Business Loan,2021-12-15,4233961.16,14.77,60,753342.75,Defaulted
LOAN04257,CUST00769,BR050,Business Loan,2024-12-28,4806091.42,11.66,24,3673074.76,Defaulted
LOAN04258,CUST01564,BR036,Personal Loan,2023-08-12,693335.51,8.91,48,144795.47,Active
LOAN04259,CUST05016,BR053,Personal Loan,2023-02-21,165865.43,13.07,120,56568.73,Pending
LOAN04260,CUST06129,BR022,Personal Loan,2024-01-30,327862.59,8.16,24,321529.2,Closed
LOAN04261,CUST02763,BR010,Personal Loan,2020-04-21,685461.52,11.17,120,77575.38,Defaulted
LOAN04262,CUST02426,BR026,Education Loan,2021-10-26,696804.27,13.45,12,452640.87,Defaulted
LOAN04263,CUST04575,BR040,Auto Loan,2020-11-14,1706063.72,14.3,24,536402.7,Defaulted
LOAN04264,CUST07198,BR036,Personal Loan,2022-02-03,468113.32,8.02,240,226492.79,Defaulted
LOAN04265,CUST02352,BR039,Education Loan,2021-08-22,501495.16,12.28,240,155884.43,Closed
LOAN04266,CUST03067,BR036,Personal Loan,2021-10-25,468645.96,11.0,36,463848.3,Pending
LOAN04267,CUST06447,BR036,Home Loan,2022-01-01,5357670.78,9.9,120,395218.45,Defaulted
LOAN04268,CUST01580,BR023,Personal Loan,2021-02-11,786369.5,14.01,120,58755.17,Closed
LOAN04269,CUST02095,BR044,Auto Loan,2023-06-20,364971.73,13.88,12,87437.16,Pending
LOAN04270,CUST00337,BR022,Education Loan,2024-08-11,753409.23,15.22,240,121649.67,Pending
LOAN04271,CUST01085,BR030,Education Loan,2023-01-20,1276434.88,7.5,240,420198.62,Active
LOAN04272,CUST00651,BR032,Home Loan,2020-07-11,4360413.52,11.87,24,1581123.32,Pending
LOAN04273,CUST07955,BR017,Business Loan,2025-03-24,2188461.79,7.94,240,1945840.27,Active
LOAN04274,CUST06205,BR006,Auto Loan,2021-05-13,1472871.08,10.76,84,360248.6,Active
LOAN04275,CUST04262,BR042,Auto Loan,2021-04-27,755130.33,9.75,120,312134.29,Pending
LOAN04276,CUST07566,BR022,Business Loan,2021-05-25,1972088.73,7.68,240,1832872.93,Closed
LOAN04277,CUST04373,BR032,Business Loan,2025-02-07,4711371.76,11.59,120,1290186.37,Closed
LOAN04278,CUST06572,BR053,Auto Loan,2023-05-28,1367019.49,11.12,240,845424.66,Pending
LOAN04279,CUST07622,BR052,Auto Loan,2021-01-28,331075.11,13.38,60,57325.21,Closed
LOAN04280,CUST04090,BR031,Business Loan,2024-07-16,720076.4,10.98,180,665677.58,Active
LOAN04281,CUST07422,BR006,Business Loan,2023-10-05,3680398.95,10.49,12,424000.8,Closed
LOAN04282,CUST01829,BR054,Auto Loan,2020-11-02,1269701.9,14.01,48,514929.24,Defaulted
LOAN04283,CUST07255,BR020,Personal Loan,2021-06-03,469250.81,13.93,36,276469.49,Pending
LOAN04284,CUST05517,BR060,Business Loan,2024-12-12,2355145.34,7.91,180,2211736.11,Defaulted
LOAN04285,CUST00765,BR016,Business Loan,2025-07-31,772310.61,12.35,120,738387.3,Pending
LOAN04286,CUST03810,BR041,Auto Loan,2020-08-04,675918.44,12.97,84,228569.27,Closed
LOAN04287,CUST04840,BR029,Personal Loan,2022-08-06,193327.82,7.32,120,137906.15,Active
LOAN04288,CUST06329,BR054,Personal Loan,2020-06-11,698745.83,7.56,12,544804.68,Active
LOAN04289,CUST05870,BR035,Business Loan,2020-05-13,3484890.62,9.66,240,1203917.95,Closed
LOAN04290,CUST03229,BR048,Personal Loan,2020-02-28,289823.5,12.58,84,43593.68,Active
LOAN04291,CUST06528,BR006,Personal Loan,2023-07-10,755873.24,8.78,60,65927.92,Pending
LOAN04292,CUST04557,BR039,Education Loan,2024-12-14,1006994.24,15.21,180,832286.09,Closed
LOAN04293,CUST06438,BR024,Personal Loan,2021-12-27,563039.02,14.96,180,331063.04,Defaulted
LOAN04294,CUST06211,BR047,Auto Loan,2022-09-14,1191398.77,8.8,36,69162.92,Closed
LOAN04295,CUST02205,BR049,Business Loan,2023-01-08,448286.9,8.08,84,173588.73,Pending
LOAN04296,CUST01167,BR045,Education Loan,2024-01-04,905412.64,11.28,120,137090.94,Closed
LOAN04297,CUST02483,BR009,Personal Loan,2025-08-27,538322.5,12.74,12,309162.53,Pending
LOAN04298,CUST06250,BR038,Personal Loan,2021-12-25,185017.55,8.06,180,89972.24,Defaulted
LOAN04299,CUST00037,BR024,Business Loan,2022-05-11,658062.7,9.65,240,55845.96,Pending
LOAN04300,CUST01699,BR023,Business Loan,2020-06-05,1600865.37,9.62,36,1536295.58,Active
LOAN04301,CUST03142,BR007,Auto Loan,2020-08-10,752222.2,11.19,24,253922.67,Closed
LOAN04302,CUST05551,BR048,Home Loan,2023-01-10,7270836.13,8.85,180,655249.9,Pending
LOAN04303,CUST00592,BR039,Personal Loan,2020-09-11,766835.79,8.92,240,608993.81,Pending
LOAN04304,CUST00527,BR024,Personal Loan,2024-07-14,191105.23,10.07,240,132385.18,Defaulted
LOAN04305,CUST02942,BR028,Personal Loan,2023-09-30,575246.45,10.29,84,259590.29,Defaulted
LOAN04306,CUST02807,BR035,Auto Loan,2023-06-21,866650.62,9.59,60,122465.84,Pending
LOAN04307,CUST02369,BR051,Personal Loan,2021-07-19,667807.25,13.24,48,205132.79,Active
LOAN04308,CUST03718,BR030,Business Loan,2025-07-22,991136.08,14.37,120,311484.56,Pending
LOAN04309,CUST02154,BR004,Education Loan,2024-03-20,352462.35,14.85,240,136624.93,Active
LOAN04310,CUST05177,BR036,Business Loan,2023-08-01,1382832.35,8.67,12,946286.99,Active
LOAN04311,CUST00693,BR021,Education Loan,2020-07-01,358362.09,12.52,120,171627.34,Closed
LOAN04312,CUST07467,BR028,Home Loan,2021-12-09,7938660.51,7.2,60,1497414.19,Defaulted
LOAN04313,CUST07494,BR050,Auto Loan,2020-03-29,1748456.16,12.83,120,1405016.93,Closed
LOAN04314,CUST07996,BR045,Auto Loan,2022-04-30,1425400.0,13.99,24,350961.82,Pending
LOAN04315,CUST04901,BR035,Education Loan,2022-02-18,1006212.0,7.15,120,430483.39,Pending
LOAN04316,CUST06836,BR029,Education Loan,2020-10-13,333571.21,8.27,60,298435.5,Defaulted
LOAN04317,CUST01449,BR011,Auto Loan,2025-01-16,1145975.34,12.62,240,306821.66,Defaulted
LOAN04318,CUST02970,BR039,Business Loan,2023-04-19,2728692.06,14.85,240,183332.92,Pending
LOAN04319,CUST04956,BR048,Personal Loan,2020-12-03,307528.31,11.06,240,267093.79,Active
LOAN04320,CUST04009,BR054,Home Loan,2020-02-20,6079569.72,15.44,120,3721367.01,Defaulted
LOAN04321,CUST06987,BR052,Business Loan,2025-06-09,2777668.0,13.22,120,952037.69,Pending
LOAN04322,CUST01050,BR023,Business Loan,2022-08-30,4893296.55,8.63,36,1026209.74,Pending
LOAN04323,CUST06455,BR038,Home Loan,2020-09-04,1797300.41,8.33,84,1383026.26,Pending
LOAN04324,CUST00304,BR006,Business Loan,2023-02-12,946614.22,8.93,180,480519.47,Pending
LOAN04325,CUST06710,BR002,Auto Loan,2020-09-25,534529.97,14.21,240,285170.11,Closed
LOAN04326,CUST01329,BR044,Business Loan,2022-12-30,3309381.92,11.66,180,1768905.1,Active
LOAN04327,CUST00588,BR012,Education Loan,2020-06-18,577751.95,11.64,180,258178.49,Active
LOAN04328,CUST02318,BR005,Education Loan,2024-06-17,675143.57,15.15,48,41290.96,Closed
LOAN04329,CUST00752,BR022,Personal Loan,2020-07-20,181479.91,9.71,48,78640.16,Pending
LOAN04330,CUST00220,BR009,Education Loan,2020-10-05,150736.31,10.76,84,148928.07,Closed
LOAN04331,CUST06508,BR043,Business Loan,2021-12-25,3405840.86,8.18,48,2674864.1,Pending
LOAN04332,CUST04726,BR023,Education Loan,2024-03-26,116826.99,9.14,180,38666.47,Defaulted
LOAN04333,CUST00754,BR018,Personal Loan,2021-02-15,194851.59,10.94,180,140356.36,Closed
LOAN04334,CUST06553,BR054,Home Loan,2023-10-01,3222237.15,14.78,84,3136942.95,Defaulted
LOAN04335,CUST03275,BR008,Education Loan,2020-12-13,1029060.86,10.34,24,761871.54,Defaulted
LOAN04336,CUST06875,BR023,Home Loan,2022-03-28,2973884.07,13.02,180,2785395.79,Pending
LOAN04337,CUST03304,BR021,Education Loan,2024-03-06,712321.88,12.28,84,91944.41,Closed
LOAN04338,CUST04288,BR057,Personal Loan,2023-11-23,658164.29,14.87,180,427409.77,Closed
LOAN04339,CUST03399,BR028,Education Loan,2024-01-19,1003176.78,9.38,60,681379.17,Active
LOAN04340,CUST05665,BR056,Auto Loan,2021-08-30,1174886.49,15.13,48,941722.79,Defaulted
LOAN04341,CUST04515,BR041,Personal Loan,2021-02-14,51070.13,14.1,48,20867.95,Pending
LOAN04342,CUST03005,BR004,Business Loan,2022-11-27,3566720.06,8.65,36,2614729.6,Active
LOAN04343,CUST03458,BR047,Home Loan,2024-09-16,7766362.25,10.77,180,1720974.16,Active
LOAN04344,CUST05652,BR016,Auto Loan,2021-07-22,696045.55,11.42,180,98282.56,Active
LOAN04345,CUST00086,BR053,Business Loan,2023-05-09,3418089.94,12.03,120,234570.1,Closed
LOAN04346,CUST06202,BR057,Education Loan,2021-03-27,992247.85,11.64,36,93675.72,Pending
LOAN04347,CUST02005,BR022,Personal Loan,2021-07-16,447368.9,10.77,120,115783.75,Pending
LOAN04348,CUST01651,BR038,Business Loan,2024-03-11,1507224.75,15.05,48,144077.85,Active
LOAN04349,CUST05420,BR041,Auto Loan,2023-08-25,1848255.11,11.15,60,285812.61,Active
LOAN04350,CUST01765,BR052,Business Loan,2025-02-08,3512130.65,7.52,240,2879930.82,Pending
LOAN04351,CUST00536,BR009,Personal Loan,2022-03-12,322717.58,9.97,240,150551.59,Defaulted
LOAN04352,CUST01452,BR023,Auto Loan,2021-09-16,1173727.36,8.36,60,1046904.96,Closed
LOAN04353,CUST06917,BR018,Personal Loan,2020-02-20,713679.15,15.31,36,354922.36,Defaulted
LOAN04354,CUST04552,BR020,Business Loan,2020-02-05,1546604.56,8.96,180,1199642.52,Defaulted
LOAN04355,CUST03260,BR027,Auto Loan,2022-04-25,915313.58,11.69,180,391946.21,Closed
LOAN04356,CUST06369,BR048,Personal Loan,2023-11-25,464419.45,7.01,84,27058.24,Active
LOAN04357,CUST01814,BR013,Personal Loan,2023-01-10,286677.02,11.18,120,118948.02,Pending
LOAN04358,CUST02949,BR049,Business Loan,2024-05-03,2274350.11,15.23,24,995889.1,Active
LOAN04359,CUST02878,BR006,Personal Loan,2024-02-29,751328.53,15.43,24,683101.81,Active
LOAN04360,CUST04614,BR025,Education Loan,2022-04-10,1318144.32,13.4,180,464985.28,Active
LOAN04361,CUST02682,BR047,Education Loan,2024-06-01,601611.9,7.34,24,279013.48,Active
LOAN04362,CUST00870,BR037,Personal Loan,2020-09-22,722110.72,13.87,84,382473.39,Active
LOAN04363,CUST02749,BR005,Business Loan,2023-02-05,4956842.76,7.57,120,273908.36,Closed
LOAN04364,CUST06241,BR044,Business Loan,2020-06-28,4371883.61,7.35,48,2504695.3,Defaulted
LOAN04365,CUST04056,BR047,Education Loan,2022-04-30,1495944.1,10.41,12,267638.74,Active
LOAN04366,CUST01626,BR057,Business Loan,2024-11-11,3087111.71,11.95,24,1523784.36,Pending
LOAN04367,CUST03816,BR021,Personal Loan,2024-06-09,737963.53,13.24,180,514976.54,Pending
LOAN04368,CUST07662,BR035,Business Loan,2022-09-14,1253297.43,13.41,240,603487.47,Closed
LOAN04369,CUST05345,BR029,Auto Loan,2023-03-25,1781500.35,9.62,84,678262.96,Closed
LOAN04370,CUST02180,BR012,Personal Loan,2021-12-17,635291.38,13.21,84,210317.02,Defaulted
LOAN04371,CUST04797,BR029,Home Loan,2021-12-26,6794224.36,8.9,24,1387871.73,Defaulted
LOAN04372,CUST02020,BR026,Education Loan,2021-05-10,949259.02,7.95,12,137949.25,Active
LOAN04373,CUST05562,BR022,Home Loan,2022-09-12,4722652.75,8.75,36,2936338.55,Active
LOAN04374,CUST02786,BR043,Education Loan,2024-04-20,107670.89,10.44,12,100569.25,Active
LOAN04375,CUST06503,BR009,Home Loan,2023-07-05,6654171.86,14.5,180,2279184.23,Defaulted
LOAN04376,CUST01018,BR017,Auto Loan,2021-08-21,691231.27,14.05,36,159901.38,Active
LOAN04377,CUST06193,BR017,Auto Loan,2022-02-06,1315566.14,8.73,120,388765.35,Pending
LOAN04378,CUST06117,BR015,Personal Loan,2023-09-05,138327.41,14.63,24,7507.02,Pending
LOAN04379,CUST04453,BR017,Education Loan,2023-11-14,897828.57,12.98,12,565633.36,Pending
LOAN04380,CUST04021,BR037,Home Loan,2021-02-20,6813153.1,9.33,240,3955035.35,Active
LOAN04381,CUST02369,BR044,Personal Loan,2022-08-04,172626.27,10.72,36,11889.71,Pending
LOAN04382,CUST00192,BR025,Business Loan,2023-07-01,4055068.04,10.96,180,2829985.93,Active
LOAN04383,CUST02727,BR035,Education Loan,2024-08-13,1420874.13,8.41,84,843765.02,Defaulted
LOAN04384,CUST02356,BR053,Auto Loan,2020-08-09,1660692.51,9.57,240,1102312.13,Active
LOAN04385,CUST00784,BR043,Business Loan,2023-08-02,467170.24,7.08,24,297289.85,Pending
LOAN04386,CUST00525,BR007,Auto Loan,2023-02-20,1681195.43,13.01,120,731023.61,Active
LOAN04387,CUST03724,BR027,Personal Loan,2022-02-12,229853.55,7.83,120,204435.51,Pending
LOAN04388,CUST07416,BR030,Home Loan,2024-02-06,7590736.4,12.5,120,6839077.81,Pending
LOAN04389,CUST05479,BR032,Personal Loan,2021-05-28,135609.53,10.68,180,49838.11,Pending
LOAN04390,CUST01682,BR021,Personal Loan,2023-03-11,109655.26,8.67,84,50288.56,Active
LOAN04391,CUST06259,BR037,Home Loan,2022-08-31,5772768.55,9.47,180,4622368.39,Active
LOAN04392,CUST03548,BR027,Personal Loan,2025-03-09,605332.37,8.67,60,321679.63,Active
LOAN04393,CUST06858,BR035,Business Loan,2023-03-17,4760197.72,13.68,48,2166572.27,Active
LOAN04394,CUST07971,BR056,Education Loan,2024-08-20,363759.46,7.32,36,112556.32,Pending
LOAN04395,CUST01403,BR012,Business Loan,2021-07-14,2871888.29,9.0,240,172112.49,Active
LOAN04396,CUST02086,BR001,Home Loan,2022-05-19,7292234.07,10.49,48,2719416.74,Closed
LOAN04397,CUST02730,BR004,Education Loan,2022-10-29,136936.33,8.75,48,43174.92,Closed
LOAN04398,CUST02575,BR017,Education Loan,2025-05-10,464517.29,14.22,36,264528.31,Active
LOAN04399,CUST00363,BR049,Home Loan,2022-07-10,7081392.23,11.03,240,2939862.36,Active
LOAN04400,CUST06057,BR008,Personal Loan,2024-10-09,60320.23,8.03,240,43000.16,Closed
LOAN04401,CUST02696,BR044,Business Loan,2022-02-21,3035641.76,13.28,36,1762353.5,Active
LOAN04402,CUST02965,BR018,Home Loan,2020-01-09,4403920.99,10.22,60,1376898.34,Active
LOAN04403,CUST05614,BR052,Business Loan,2024-03-04,3644090.45,13.33,180,3438585.08,Pending
LOAN04404,CUST04317,BR001,Education Loan,2020-06-15,1486549.05,12.05,120,665232.24,Closed
LOAN04405,CUST07653,BR030,Business Loan,2020-01-09,2221085.3,14.13,84,1062515.94,Pending
LOAN04406,CUST07890,BR023,Business Loan,2023-02-05,4512985.24,13.21,48,701820.84,Defaulted
LOAN04407,CUST04241,BR011,Business Loan,2024-09-20,2032049.69,14.22,60,819663.13,Pending
LOAN04408,CUST06612,BR036,Home Loan,2021-12-06,3177170.21,15.0,60,1532540.41,Pending
LOAN04409,CUST07212,BR056,Auto Loan,2020-12-23,1602537.83,13.64,48,463852.81,Pending
LOAN04410,CUST04171,BR019,Home Loan,2020-07-29,2589915.61,13.98,180,2462664.1,Closed
LOAN04411,CUST07668,BR056,Education Loan,2023-07-08,1480423.35,13.77,48,1292679.21,Active
LOAN04412,CUST03761,BR027,Home Loan,2025-02-27,5616846.39,8.36,84,4987527.75,Closed
LOAN04413,CUST01583,BR051,Auto Loan,2022-06-13,401033.66,11.26,84,228054.91,Pending
LOAN04414,CUST04930,BR045,Education Loan,2024-04-08,1360589.2,7.31,240,201214.26,Defaulted
LOAN04415,CUST01502,BR028,Home Loan,2021-07-15,5501795.7,8.86,48,475034.88,Closed
LOAN04416,CUST02896,BR009,Education Loan,2021-11-23,1380236.38,9.45,12,124172.06,Active
LOAN04417,CUST01531,BR035,Auto Loan,2021-08-30,228008.8,11.89,48,158287.41,Pending
LOAN04418,CUST03369,BR033,Auto Loan,2021-04-19,1566965.93,15.43,120,216192.31,Active
LOAN04419,CUST07884,BR010,Home Loan,2021-01-01,3572915.02,11.98,84,935812.86,Closed
LOAN04420,CUST04812,BR054,Education Loan,2020-12-12,294937.05,7.42,120,21654.13,Pending
LOAN04421,CUST05949,BR011,Business Loan,2023-07-15,3887793.33,15.31,180,746287.16,Closed
LOAN04422,CUST00227,BR017,Personal Loan,2023-05-31,636138.72,8.84,120,525797.13,Pending
LOAN04423,CUST02356,BR010,Home Loan,2024-02-08,6976669.03,10.36,180,2063727.94,Defaulted
LOAN04424,CUST03315,BR056,Auto Loan,2020-08-22,813921.58,13.31,36,367110.94,Pending
LOAN04425,CUST01502,BR037,Auto Loan,2022-07-03,1162693.08,10.85,24,419005.26,Active
LOAN04426,CUST01482,BR046,Home Loan,2022-03-12,6039807.43,11.43,240,3532637.47,Active
LOAN04427,CUST06949,BR007,Personal Loan,2022-10-18,563681.14,7.93,12,495713.53,Pending
LOAN04428,CUST04280,BR040,Personal Loan,2022-05-14,132347.56,12.37,60,67144.29,Pending
LOAN04429,CUST06151,BR001,Business Loan,2023-05-19,1130382.78,8.98,120,193758.77,Active
LOAN04430,CUST01183,BR011,Education Loan,2025-06-03,1489904.04,14.64,12,803873.32,Defaulted
LOAN04431,CUST03380,BR043,Education Loan,2022-08-31,1055738.08,9.21,60,490304.66,Closed
LOAN04432,CUST01130,BR055,Personal Loan,2021-09-24,61237.14,10.52,60,13461.78,Defaulted
LOAN04433,CUST04964,BR051,Personal Loan,2023-01-04,799703.88,10.75,240,95837.98,Defaulted
LOAN04434,CUST01565,BR005,Business Loan,2022-01-06,4222567.72,15.42,24,1122538.3,Closed
LOAN04435,CUST04815,BR042,Personal Loan,2024-11-26,102500.65,12.5,84,21947.28,Active
LOAN04436,CUST01932,BR023,Auto Loan,2023-06-29,1791103.37,15.47,24,182231.42,Pending
LOAN04437,CUST00638,BR011,Home Loan,2024-11-07,5583839.26,11.45,24,2397438.36,Defaulted
LOAN04438,CUST01036,BR026,Auto Loan,2023-03-29,737179.87,12.4,60,579455.21,Defaulted
LOAN04439,CUST07144,BR002,Home Loan,2022-06-13,7628417.06,9.46,24,3169085.37,Active
LOAN04440,CUST02000,BR021,Business Loan,2023-06-23,4163269.36,12.75,24,2181892.07,Active
LOAN04441,CUST01927,BR030,Home Loan,2022-06-06,1171259.39,14.87,48,676310.58,Active
LOAN04442,CUST03163,BR027,Business Loan,2020-12-25,1750097.44,8.08,84,955283.5,Active
LOAN04443,CUST01771,BR004,Personal Loan,2022-05-30,490197.12,7.77,24,301008.29,Active
LOAN04444,CUST07568,BR057,Home Loan,2022-07-31,3684114.87,9.39,36,3107338.03,Pending
LOAN04445,CUST07949,BR054,Auto Loan,2021-08-30,1449982.63,13.45,84,659789.43,Pending
LOAN04446,CUST04103,BR009,Personal Loan,2025-04-20,575306.33,7.14,24,54326.23,Defaulted
LOAN04447,CUST03450,BR005,Education Loan,2025-05-20,590849.02,9.53,36,401043.47,Defaulted
LOAN04448,CUST00119,BR014,Education Loan,2021-04-12,269708.47,13.99,180,162006.37,Defaulted
LOAN04449,CUST04978,BR055,Business Loan,2023-11-29,522957.73,10.18,120,520660.69,Pending
LOAN04450,CUST03480,BR034,Auto Loan,2020-02-28,216427.91,9.64,120,208774.31,Active
LOAN04451,CUST01617,BR030,Auto Loan,2024-09-17,1957222.17,10.82,84,522374.37,Pending
LOAN04452,CUST05692,BR049,Home Loan,2020-08-23,7768887.55,9.47,240,2103866.23,Pending
LOAN04453,CUST02007,BR014,Auto Loan,2022-08-16,1803251.46,12.69,240,1165561.02,Closed
LOAN04454,CUST06246,BR019,Personal Loan,2023-07-21,442104.7,8.8,180,378332.32,Defaulted
LOAN04455,CUST01297,BR014,Education Loan,2024-02-29,1495322.97,8.39,36,494213.61,Pending
LOAN04456,CUST04802,BR030,Business Loan,2025-06-13,2213948.07,12.92,240,664057.66,Closed
LOAN04457,CUST04572,BR049,Auto Loan,2022-05-16,348632.58,12.9,48,114963.87,Defaulted
LOAN04458,CUST04365,BR037,Auto Loan,2024-12-11,1217710.21,14.5,60,653320.39,Pending
LOAN04459,CUST05326,BR016,Auto Loan,2020-12-10,480629.44,15.38,48,52400.02,Closed
LOAN04460,CUST05194,BR002,Home Loan,2021-08-30,2481035.53,13.52,36,137344.62,Active
LOAN04461,CUST07335,BR036,Personal Loan,2024-07-07,637245.0,10.06,60,207202.09,Closed
LOAN04462,CUST03743,BR034,Business Loan,2025-08-04,640441.37,12.99,120,321434.25,Active
LOAN04463,CUST02812,BR003,Personal Loan,2025-06-28,64865.01,11.94,180,10619.82,Pending
LOAN04464,CUST06920,BR054,Auto Loan,2022-11-18,1204607.23,8.26,24,555449.1,Closed
LOAN04465,CUST05509,BR026,Business Loan,2021-08-02,1677487.11,7.28,180,602833.68,Closed
LOAN04466,CUST01594,BR037,Education Loan,2023-04-02,218118.36,14.47,180,51549.73,Pending
LOAN04467,CUST02741,BR008,Home Loan,2025-08-09,2232228.47,11.78,120,569885.78,Pending
LOAN04468,CUST04481,BR021,Personal Loan,2025-11-17,574800.14,12.97,48,468209.98,Pending
LOAN04469,CUST07730,BR035,Home Loan,2020-03-21,4376141.06,8.98,60,4248209.36,Active
LOAN04470,CUST04414,BR057,Business Loan,2025-05-31,1647024.57,10.54,120,402293.78,Closed
LOAN04471,CUST06689,BR045,Personal Loan,2021-10-02,613062.79,12.77,48,362684.12,Pending
LOAN04472,CUST07342,BR003,Home Loan,2022-08-06,2000704.67,10.72,240,1039803.1,Pending
LOAN04473,CUST02895,BR015,Personal Loan,2021-03-03,558279.8,14.64,60,255768.83,Defaulted
LOAN04474,CUST03658,BR057,Home Loan,2021-08-12,2705360.02,9.45,120,246136.69,Pending
LOAN04475,CUST02056,BR016,Education Loan,2025-01-23,260403.09,9.49,36,233861.69,Active
LOAN04476,CUST02442,BR045,Home Loan,2022-07-07,7971065.32,12.22,36,3309528.54,Active
LOAN04477,CUST04267,BR059,Business Loan,2020-05-22,2928138.93,11.7,36,1957631.31,Closed
LOAN04478,CUST07144,BR029,Education Loan,2020-06-02,941263.41,13.65,84,884577.37,Active
LOAN04479,CUST02174,BR022,Auto Loan,2021-01-24,813798.47,11.99,240,519300.83,Active
LOAN04480,CUST07939,BR036,Business Loan,2020-04-05,4136508.62,13.34,180,3168872.11,Active
LOAN04481,CUST06636,BR035,Education Loan,2024-08-13,794142.6,9.72,48,318895.81,Defaulted
LOAN04482,CUST02557,BR007,Personal Loan,2025-01-23,481247.23,11.42,180,58396.83,Active
LOAN04483,CUST00326,BR028,Education Loan,2023-08-08,335228.74,10.83,180,292146.92,Active
LOAN04484,CUST05075,BR043,Home Loan,2024-09-01,6695019.0,11.31,120,3292954.75,Pending
LOAN04485,CUST03370,BR034,Education Loan,2022-10-22,631492.32,10.27,36,101411.99,Defaulted
LOAN04486,CUST04279,BR022,Business Loan,2024-02-01,342661.73,11.37,84,195022.64,Pending
LOAN04487,CUST07734,BR007,Business Loan,2022-01-26,3976228.31,14.87,84,1236729.12,Defaulted
LOAN04488,CUST01581,BR010,Personal Loan,2021-01-20,430642.67,11.05,240,282093.12,Closed
LOAN04489,CUST00510,BR037,Business Loan,2022-12-06,4238387.33,15.34,24,2441965.0,Active
LOAN04490,CUST03917,BR014,Auto Loan,2020-07-11,1809105.15,11.06,240,720749.23,Defaulted
LOAN04491,CUST07365,BR011,Home Loan,2024-11-12,7958667.68,10.06,180,4155060.07,Closed
LOAN04492,CUST02335,BR024,Education Loan,2023-08-22,439268.9,15.24,60,383728.24,Active
LOAN04493,CUST01895,BR023,Personal Loan,2021-08-04,608213.67,11.56,84,340085.11,Defaulted
LOAN04494,CUST02321,BR045,Education Loan,2023-09-23,720070.32,10.66,24,686650.95,Active
LOAN04495,CUST07828,BR023,Auto Loan,2020-12-11,1639934.49,13.27,12,773071.93,Closed
LOAN04496,CUST06459,BR031,Education Loan,2023-10-07,1417085.28,12.41,48,1003653.38,Closed
LOAN04497,CUST06379,BR021,Business Loan,2020-08-04,4873435.86,9.14,84,2025799.11,Pending
LOAN04498,CUST04733,BR055,Personal Loan,2025-03-08,453854.06,11.83,180,370127.17,Active
LOAN04499,CUST02345,BR060,Business Loan,2023-11-02,4936789.77,11.58,24,1930001.44,Active
LOAN04500,CUST07127,BR037,Business Loan,2025-01-14,1544971.02,7.22,48,466234.54,Closed
LOAN04501,CUST06697,BR056,Auto Loan,2021-01-19,1898984.81,9.84,36,1657936.13,Active
LOAN04502,CUST07028,BR027,Auto Loan,2021-12-18,1967643.36,8.09,36,1637414.86,Pending
LOAN04503,CUST00379,BR011,Auto Loan,2025-09-21,1663045.05,9.8,84,759647.46,Defaulted
LOAN04504,CUST00026,BR036,Education Loan,2023-03-31,1170975.66,15.36,36,212112.81,Pending
LOAN04505,CUST02864,BR005,Home Loan,2024-07-13,7012533.5,8.06,120,1768093.98,Active
LOAN04506,CUST01095,BR057,Auto Loan,2023-03-22,220853.67,9.7,48,63110.55,Active
LOAN04507,CUST02281,BR018,Home Loan,2020-08-08,7309394.55,7.12,84,5736895.05,Active
LOAN04508,CUST03387,BR008,Personal Loan,2021-05-27,181385.93,9.2,60,86510.23,Pending
LOAN04509,CUST07124,BR058,Auto Loan,2021-01-18,1119732.68,14.37,180,207176.31,Closed
LOAN04510,CUST07591,BR023,Business Loan,2021-10-03,2744756.57,9.55,240,785486.03,Pending
LOAN04511,CUST06893,BR059,Auto Loan,2025-05-18,1766157.9,14.31,12,1297479.87,Pending
LOAN04512,CUST02809,BR049,Personal Loan,2025-07-24,684647.04,11.1,36,149473.7,Defaulted
LOAN04513,CUST06716,BR001,Personal Loan,2025-04-04,240338.72,9.74,180,125314.8,Closed
LOAN04514,CUST05647,BR001,Business Loan,2025-01-04,4099748.39,12.29,48,2852559.09,Pending
LOAN04515,CUST04425,BR034,Home Loan,2023-06-23,1229784.44,7.11,60,74976.05,Active
LOAN04516,CUST04809,BR041,Business Loan,2024-09-17,1654419.8,12.85,24,924286.28,Active
LOAN04517,CUST02684,BR020,Auto Loan,2020-07-22,509348.37,12.95,12,367008.64,Closed
LOAN04518,CUST04761,BR022,Education Loan,2024-08-28,343517.75,14.32,84,306495.9,Pending
LOAN04519,CUST01935,BR053,Business Loan,2022-07-09,2420064.16,10.01,48,1671893.41,Closed
LOAN04520,CUST01642,BR022,Home Loan,2022-09-11,5330831.6,14.02,12,2758694.19,Active
LOAN04521,CUST06383,BR046,Business Loan,2020-09-13,2650765.81,14.55,12,2155452.63,Defaulted
LOAN04522,CUST05373,BR056,Personal Loan,2023-04-19,176976.33,14.55,24,121867.31,Defaulted
LOAN04523,CUST06338,BR039,Personal Loan,2020-11-27,156804.05,9.93,36,106525.36,Defaulted
LOAN04524,CUST07830,BR025,Auto Loan,2024-12-25,1579317.52,15.38,36,1431774.81,Pending
LOAN04525,CUST06849,BR024,Business Loan,2020-11-01,1267959.12,11.54,48,922892.95,Pending
LOAN04526,CUST01126,BR018,Personal Loan,2022-10-10,356918.49,13.93,48,103398.07,Defaulted
LOAN04527,CUST04001,BR058,Business Loan,2024-01-28,3168959.45,14.4,84,644153.19,Defaulted
LOAN04528,CUST03530,BR043,Auto Loan,2025-10-31,1289647.69,11.35,60,1156985.47,Closed
LOAN04529,CUST06670,BR009,Personal Loan,2023-04-20,606295.4,12.25,120,399781.6,Defaulted
LOAN04530,CUST03427,BR022,Business Loan,2020-04-19,513689.64,9.45,12,421441.6,Defaulted
LOAN04531,CUST04407,BR016,Auto Loan,2022-02-18,1993362.56,12.41,180,1705601.46,Defaulted
LOAN04532,CUST02419,BR010,Education Loan,2025-09-01,424378.6,11.71,120,126416.44,Closed
LOAN04533,CUST03476,BR043,Home Loan,2025-07-22,5071395.48,13.61,240,3369656.39,Defaulted
LOAN04534,CUST01895,BR039,Personal Loan,2021-07-08,744076.31,11.95,120,231191.53,Active
LOAN04535,CUST07814,BR051,Auto Loan,2020-06-23,1242612.63,14.0,84,1006529.26,Pending
LOAN04536,CUST04368,BR042,Personal Loan,2020-12-06,85947.16,9.85,240,21338.96,Defaulted
LOAN04537,CUST04690,BR056,Home Loan,2020-04-18,802191.74,10.55,240,204533.65,Closed
LOAN04538,CUST00871,BR059,Home Loan,2021-06-18,1085200.75,9.84,180,234473.56,Closed
LOAN04539,CUST02622,BR022,Auto Loan,2024-07-13,1556068.82,12.45,48,627886.63,Closed
LOAN04540,CUST02933,BR024,Home Loan,2025-06-08,5403494.41,12.73,180,2935795.77,Closed
LOAN04541,CUST02181,BR024,Auto Loan,2020-12-04,1744686.42,8.83,120,1301881.83,Active
LOAN04542,CUST00496,BR030,Auto Loan,2022-08-18,1951043.02,10.35,12,999619.09,Active
LOAN04543,CUST01662,BR017,Home Loan,2020-08-31,3390321.37,14.91,12,2928051.26,Pending
LOAN04544,CUST02864,BR032,Home Loan,2023-02-22,3782465.38,7.46,48,2183521.66,Pending
LOAN04545,CUST00761,BR050,Home Loan,2023-01-14,7820667.58,8.82,12,879067.18,Closed
LOAN04546,CUST05457,BR013,Auto Loan,2023-09-14,1411857.03,12.48,180,1189735.18,Active
LOAN04547,CUST03682,BR007,Business Loan,2023-06-03,4785129.23,12.45,12,2178991.37,Pending
LOAN04548,CUST07312,BR059,Education Loan,2025-10-06,622189.33,7.98,24,327447.86,Pending
LOAN04549,CUST07250,BR018,Home Loan,2025-12-07,6119378.11,10.78,12,1666595.73,Defaulted
LOAN04550,CUST00105,BR028,Education Loan,2023-03-25,1142824.89,7.81,84,1046367.33,Active
LOAN04551,CUST04978,BR021,Education Loan,2025-07-03,1125817.73,14.81,84,1120669.6,Defaulted
LOAN04552,CUST06254,BR050,Business Loan,2024-05-16,691384.49,11.3,240,646160.37,Pending
LOAN04553,CUST06090,BR034,Auto Loan,2024-04-12,1367937.99,8.13,180,1113751.82,Pending
LOAN04554,CUST06005,BR015,Education Loan,2020-04-08,597903.2,11.22,48,296382.73,Pending
LOAN04555,CUST03249,BR007,Auto Loan,2021-08-25,907712.07,14.68,120,141724.18,Active
LOAN04556,CUST00633,BR026,Home Loan,2024-08-13,7723481.52,9.28,84,1351204.57,Closed
LOAN04557,CUST00912,BR045,Education Loan,2023-07-01,173623.33,10.56,36,137742.07,Pending
LOAN04558,CUST03698,BR025,Auto Loan,2020-05-30,1791630.8,8.0,48,486333.16,Closed
LOAN04559,CUST06154,BR057,Auto Loan,2025-11-05,1327212.73,7.93,24,1006635.36,Closed
LOAN04560,CUST06138,BR012,Business Loan,2022-02-15,3344425.76,8.77,240,2901383.04,Closed
LOAN04561,CUST00726,BR038,Personal Loan,2020-01-09,191882.29,15.02,180,38396.36,Closed
LOAN04562,CUST04567,BR029,Home Loan,2021-11-02,6209303.3,13.24,36,5920335.0,Pending
LOAN04563,CUST06428,BR056,Home Loan,2025-12-17,1693223.35,7.08,84,1243264.36,Defaulted
LOAN04564,CUST01839,BR060,Auto Loan,2020-05-17,1044164.66,12.02,180,575354.27,Active
LOAN04565,CUST08000,BR006,Home Loan,2022-03-17,6112456.68,12.24,24,4400309.54,Active
LOAN04566,CUST00534,BR031,Education Loan,2022-05-15,1479060.86,10.1,24,408232.97,Pending
LOAN04567,CUST00326,BR008,Personal Loan,2023-05-01,69507.26,12.99,240,52320.2,Pending
LOAN04568,CUST06085,BR025,Education Loan,2023-09-08,718076.76,8.02,48,642217.41,Pending
LOAN04569,CUST00075,BR059,Home Loan,2023-05-29,4722018.9,7.76,120,1000445.37,Pending
LOAN04570,CUST03862,BR053,Home Loan,2020-04-11,1502343.75,11.8,240,595750.45,Defaulted
LOAN04571,CUST05445,BR057,Education Loan,2020-08-13,496937.58,10.55,12,98787.7,Pending
LOAN04572,CUST02944,BR034,Education Loan,2024-02-27,1488998.78,12.23,180,325921.03,Defaulted
LOAN04573,CUST01172,BR049,Education Loan,2025-11-10,704439.88,14.52,240,365551.57,Pending
LOAN04574,CUST04060,BR012,Business Loan,2024-07-04,4474740.1,7.41,84,4416817.56,Defaulted
LOAN04575,CUST04916,BR012,Education Loan,2023-04-17,719237.97,11.97,84,157920.46,Active
LOAN04576,CUST02791,BR018,Home Loan,2021-10-14,5938854.35,8.14,60,4482539.29,Pending
LOAN04577,CUST05516,BR056,Education Loan,2022-03-19,325814.95,9.44,120,134965.09,Active
LOAN04578,CUST02619,BR001,Auto Loan,2020-04-20,608383.93,11.43,48,606968.96,Pending
LOAN04579,CUST04696,BR016,Business Loan,2024-11-27,4220352.37,13.29,36,2701309.18,Closed
LOAN04580,CUST05687,BR013,Home Loan,2023-01-12,1174084.25,9.48,24,1111329.33,Active
LOAN04581,CUST01835,BR050,Education Loan,2024-12-05,1404501.32,12.96,36,841667.34,Active
LOAN04582,CUST01496,BR040,Personal Loan,2020-01-17,453334.44,10.96,240,194896.44,Closed
LOAN04583,CUST06433,BR057,Personal Loan,2020-02-03,782240.61,13.41,84,556195.03,Active
LOAN04584,CUST01300,BR051,Personal Loan,2025-09-17,384320.87,8.85,84,85535.38,Pending
LOAN04585,CUST05165,BR053,Home Loan,2021-01-14,6758148.36,14.42,12,4495188.52,Closed
LOAN04586,CUST04793,BR028,Education Loan,2024-11-20,796405.85,14.56,48,431365.31,Defaulted
LOAN04587,CUST00535,BR045,Auto Loan,2025-10-06,330819.22,12.31,240,328644.9,Active
LOAN04588,CUST02800,BR045,Education Loan,2023-01-20,391515.56,12.17,120,44575.12,Active
LOAN04589,CUST04203,BR031,Business Loan,2024-01-07,469081.94,11.13,48,261379.78,Defaulted
LOAN04590,CUST02287,BR053,Education Loan,2022-08-24,818498.59,7.48,24,447629.37,Active
LOAN04591,CUST04932,BR028,Home Loan,2020-06-15,5480033.47,10.16,180,5148732.36,Active
LOAN04592,CUST00029,BR042,Home Loan,2022-11-15,1682794.64,7.18,120,1452482.98,Active
LOAN04593,CUST03046,BR012,Education Loan,2023-08-08,824350.36,12.42,36,455504.56,Pending
LOAN04594,CUST02686,BR017,Auto Loan,2024-11-26,811236.94,13.44,120,194374.28,Pending
LOAN04595,CUST02711,BR055,Home Loan,2020-08-19,4705872.9,10.88,84,3973703.73,Defaulted
LOAN04596,CUST01122,BR013,Personal Loan,2020-09-29,687739.51,9.87,48,236493.41,Pending
LOAN04597,CUST07727,BR017,Home Loan,2025-06-30,4313834.92,7.56,180,3699875.8,Closed
LOAN04598,CUST01332,BR059,Business Loan,2023-12-18,2057402.53,13.11,12,783599.33,Pending
LOAN04599,CUST03963,BR040,Personal Loan,2021-01-17,257825.69,7.77,180,106042.15,Active
LOAN04600,CUST04089,BR041,Education Loan,2023-08-13,1000143.07,10.43,12,505721.73,Pending
LOAN04601,CUST00597,BR021,Home Loan,2024-11-20,4647658.53,7.36,60,1155821.17,Active
LOAN04602,CUST04199,BR058,Personal Loan,2022-08-05,615952.35,12.19,24,386224.39,Active
LOAN04603,CUST06322,BR059,Auto Loan,2023-06-10,217750.88,14.73,84,35602.42,Pending
LOAN04604,CUST04968,BR060,Home Loan,2022-04-26,1978840.67,13.5,60,1797633.1,Pending
LOAN04605,CUST04454,BR002,Personal Loan,2020-11-19,211070.44,15.26,12,50464.81,Defaulted
LOAN04606,CUST07743,BR035,Auto Loan,2020-07-19,627874.63,15.49,180,380653.8,Pending
LOAN04607,CUST01739,BR003,Business Loan,2023-05-15,4230401.52,8.87,120,2973660.29,Closed
LOAN04608,CUST00868,BR009,Personal Loan,2021-05-28,250717.98,8.25,60,161443.52,Active
LOAN04609,CUST05408,BR060,Education Loan,2022-07-29,361170.26,15.24,84,344366.16,Active
LOAN04610,CUST04899,BR006,Auto Loan,2022-08-14,615346.33,9.11,120,449777.09,Pending
LOAN04611,CUST04401,BR049,Home Loan,2022-03-22,2206516.82,9.93,84,874705.01,Closed
LOAN04612,CUST07219,BR011,Business Loan,2023-12-31,1180178.26,11.31,180,1167545.74,Closed
LOAN04613,CUST07796,BR031,Home Loan,2021-09-15,3978346.73,15.22,36,1992782.48,Closed
LOAN04614,CUST07378,BR012,Home Loan,2022-04-05,6519115.52,13.12,60,6328850.46,Closed
LOAN04615,CUST01088,BR029,Auto Loan,2024-10-14,1079774.17,14.5,60,869957.2,Active
LOAN04616,CUST04512,BR016,Personal Loan,2024-02-15,651180.52,12.74,48,471752.58,Closed
LOAN04617,CUST05412,BR050,Personal Loan,2022-04-10,750677.83,13.1,120,52501.12,Pending
LOAN04618,CUST03573,BR050,Business Loan,2022-03-05,565830.46,13.92,60,264755.21,Pending
LOAN04619,CUST05020,BR010,Business Loan,2022-04-16,2844864.91,7.55,240,1137679.95,Closed
LOAN04620,CUST07243,BR026,Personal Loan,2024-01-25,427638.4,11.65,36,328972.46,Closed
LOAN04621,CUST04566,BR028,Education Loan,2023-04-09,983204.57,13.42,84,872565.41,Defaulted
LOAN04622,CUST03448,BR033,Education Loan,2025-06-26,1319670.76,11.88,12,468573.21,Closed
LOAN04623,CUST07125,BR037,Business Loan,2020-02-10,4752270.35,9.17,36,3234148.2,Active
LOAN04624,CUST07201,BR033,Home Loan,2021-01-28,3814559.99,7.63,36,2661519.29,Closed
LOAN04625,CUST05562,BR035,Business Loan,2022-09-30,1671015.46,13.33,84,232350.91,Defaulted
LOAN04626,CUST01269,BR051,Education Loan,2020-09-15,104480.1,8.75,240,6674.79,Pending
LOAN04627,CUST07030,BR032,Auto Loan,2021-02-16,1455997.58,8.26,60,562430.75,Defaulted
LOAN04628,CUST05914,BR025,Home Loan,2024-04-20,7047200.96,8.92,24,4283275.86,Defaulted
LOAN04629,CUST04655,BR018,Auto Loan,2021-03-03,1650358.22,9.3,60,298862.57,Defaulted
LOAN04630,CUST04924,BR034,Business Loan,2025-07-20,2718408.92,11.1,240,1864554.58,Pending
LOAN04631,CUST03143,BR007,Personal Loan,2021-05-25,300702.99,15.0,120,210827.16,Closed
LOAN04632,CUST06600,BR008,Education Loan,2022-01-20,1482670.85,7.76,12,221362.41,Active
LOAN04633,CUST05774,BR057,Personal Loan,2022-04-21,546287.12,7.84,12,488803.64,Pending
LOAN04634,CUST03661,BR041,Business Loan,2023-01-07,3265191.09,14.79,240,825059.49,Active
LOAN04635,CUST06900,BR051,Education Loan,2020-10-08,1053738.98,12.05,120,642463.89,Closed
LOAN04636,CUST01220,BR034,Home Loan,2022-06-30,3366940.63,15.46,84,1015804.94,Active
LOAN04637,CUST05402,BR056,Home Loan,2022-11-06,2975906.8,12.76,180,589256.2,Pending
LOAN04638,CUST05666,BR059,Business Loan,2025-10-09,3692740.96,10.46,60,1873245.74,Defaulted
LOAN04639,CUST05581,BR037,Business Loan,2024-08-12,3293477.23,14.49,120,2562137.74,Closed
LOAN04640,CUST03545,BR006,Personal Loan,2024-04-05,567412.43,15.18,36,455949.41,Active
LOAN04641,CUST07179,BR051,Auto Loan,2023-12-14,964833.58,9.4,48,786420.22,Closed
LOAN04642,CUST01704,BR022,Business Loan,2020-02-24,2693744.95,7.88,240,241233.66,Pending
LOAN04643,CUST07715,BR038,Personal Loan,2020-08-05,194296.94,14.58,240,109926.66,Defaulted
LOAN04644,CUST06969,BR051,Business Loan,2021-06-23,4414522.13,15.39,120,3997121.39,Defaulted
LOAN04645,CUST05474,BR001,Business Loan,2022-10-25,4055862.07,10.64,12,496098.23,Closed
LOAN04646,CUST03384,BR038,Home Loan,2020-04-14,3306838.44,9.32,84,1806681.04,Defaulted
LOAN04647,CUST05124,BR015,Education Loan,2023-05-05,493987.83,9.66,240,259413.36,Active
LOAN04648,CUST00127,BR008,Personal Loan,2022-01-03,218425.33,7.1,84,175184.32,Pending
LOAN04649,CUST07500,BR018,Home Loan,2022-12-22,2750510.04,13.5,48,1063370.9,Defaulted
LOAN04650,CUST02818,BR044,Business Loan,2021-04-11,2054336.52,14.76,120,388533.74,Closed
LOAN04651,CUST04033,BR014,Auto Loan,2020-05-08,977381.32,8.1,60,368788.2,Defaulted
LOAN04652,CUST03080,BR054,Auto Loan,2024-12-15,1529176.16,12.25,48,1405554.73,Closed
LOAN04653,CUST03431,BR054,Auto Loan,2022-09-12,1664158.01,13.49,84,1121537.21,Active
LOAN04654,CUST00969,BR024,Auto Loan,2022-12-01,1336065.12,13.85,12,357903.4,Closed
LOAN04655,CUST00013,BR051,Personal Loan,2025-06-09,612046.4,14.5,24,130305.37,Defaulted
LOAN04656,CUST03531,BR022,Personal Loan,2021-04-10,749353.78,9.95,48,337638.73,Pending
LOAN04657,CUST01433,BR055,Business Loan,2023-08-04,3561750.99,8.25,12,1523402.5,Closed
LOAN04658,CUST02048,BR020,Education Loan,2024-05-11,1096594.54,8.23,240,906369.66,Active
LOAN04659,CUST06797,BR006,Business Loan,2025-06-28,385780.02,7.17,24,368045.05,Active
LOAN04660,CUST00147,BR051,Auto Loan,2021-02-18,1575099.66,12.46,24,1489970.84,Active
LOAN04661,CUST04675,BR005,Home Loan,2025-08-18,7040372.43,11.37,240,4837288.66,Pending
LOAN04662,CUST07573,BR010,Auto Loan,2025-01-13,1020750.43,9.5,24,307140.29,Closed
LOAN04663,CUST01894,BR049,Education Loan,2024-03-04,104826.21,9.45,120,55964.47,Pending
LOAN04664,CUST07463,BR019,Personal Loan,2025-02-09,138653.2,14.3,24,127532.51,Active
LOAN04665,CUST02845,BR035,Education Loan,2025-12-04,1211048.59,7.13,36,825947.85,Defaulted
LOAN04666,CUST07356,BR014,Personal Loan,2022-10-05,127551.56,10.74,120,63677.55,Active
LOAN04667,CUST02328,BR046,Home Loan,2021-03-31,1492197.91,9.86,180,633856.6,Pending
LOAN04668,CUST02875,BR047,Education Loan,2024-07-18,354861.92,15.23,240,294448.49,Closed
LOAN04669,CUST02590,BR028,Personal Loan,2020-02-07,772247.8,7.22,12,40396.62,Pending
LOAN04670,CUST01514,BR008,Education Loan,2021-11-18,467986.38,7.14,24,132961.18,Defaulted
LOAN04671,CUST07866,BR058,Personal Loan,2021-01-02,170863.47,13.8,120,97856.56,Pending
LOAN04672,CUST02399,BR004,Personal Loan,2020-02-18,715954.87,7.25,120,454158.6,Active
LOAN04673,CUST01709,BR030,Personal Loan,2020-04-24,445213.87,15.04,48,103924.6,Pending
LOAN04674,CUST00205,BR059,Personal Loan,2023-04-12,576158.33,13.14,180,106140.79,Pending
LOAN04675,CUST06646,BR048,Home Loan,2024-12-03,7243174.59,11.41,240,3596336.9,Pending
LOAN04676,CUST01778,BR009,Personal Loan,2022-09-16,433574.96,13.3,180,76728.45,Pending
LOAN04677,CUST05450,BR059,Education Loan,2021-10-01,868515.41,12.57,24,57320.37,Pending
LOAN04678,CUST04207,BR001,Auto Loan,2020-09-06,1511268.34,15.37,180,231157.12,Pending
LOAN04679,CUST05774,BR016,Personal Loan,2022-03-17,146142.15,9.39,240,76299.03,Active
LOAN04680,CUST02609,BR045,Home Loan,2020-04-08,6202491.13,15.15,180,2285937.4,Active
LOAN04681,CUST07634,BR014,Auto Loan,2023-04-01,264969.96,10.63,48,85780.02,Active
LOAN04682,CUST00549,BR055,Business Loan,2023-09-24,4246738.45,10.05,12,2843112.47,Closed
LOAN04683,CUST00277,BR046,Personal Loan,2025-08-04,374226.29,15.22,84,186828.12,Pending
LOAN04684,CUST00007,BR056,Auto Loan,2025-11-15,1944091.87,8.73,48,184715.91,Active
LOAN04685,CUST04996,BR042,Business Loan,2023-08-26,2599397.48,7.38,48,2137829.22,Active
LOAN04686,CUST01210,BR007,Auto Loan,2021-05-13,1821525.21,14.11,48,1645369.74,Active
LOAN04687,CUST03157,BR054,Home Loan,2022-06-15,3245963.33,14.83,120,583380.81,Active
LOAN04688,CUST04001,BR021,Business Loan,2021-08-24,4241590.08,11.17,12,1114220.8,Defaulted
LOAN04689,CUST03054,BR053,Personal Loan,2023-02-07,332206.26,12.65,48,23685.78,Pending
LOAN04690,CUST05205,BR006,Personal Loan,2020-07-25,763756.89,14.25,180,449782.11,Pending
LOAN04691,CUST03512,BR039,Home Loan,2025-08-28,900720.98,9.0,84,81429.37,Defaulted
LOAN04692,CUST00164,BR012,Personal Loan,2020-02-19,663538.2,15.25,84,487893.93,Pending
LOAN04693,CUST02308,BR041,Personal Loan,2020-12-05,373675.51,9.27,180,30894.04,Pending
LOAN04694,CUST06578,BR008,Personal Loan,2024-06-01,590784.44,14.13,12,579868.67,Closed
LOAN04695,CUST04380,BR037,Education Loan,2025-08-22,1291019.79,12.31,84,1042322.35,Active
LOAN04696,CUST03008,BR048,Business Loan,2025-04-29,2248606.2,13.26,36,1575280.82,Defaulted
LOAN04697,CUST06193,BR043,Auto Loan,2025-02-23,1469760.2,8.48,12,476145.08,Closed
LOAN04698,CUST07578,BR028,Business Loan,2021-07-21,2961086.38,7.13,36,261300.77,Active
LOAN04699,CUST02669,BR026,Auto Loan,2020-12-05,1508150.5,10.54,240,285653.81,Pending
LOAN04700,CUST03360,BR003,Personal Loan,2023-09-28,584730.67,10.3,180,569306.1,Defaulted
LOAN04701,CUST02189,BR055,Education Loan,2025-09-20,1020465.17,13.94,240,601673.76,Pending
LOAN04702,CUST07083,BR041,Education Loan,2022-05-24,465144.48,15.34,60,301059.01,Closed
LOAN04703,CUST04142,BR007,Auto Loan,2025-12-19,1772750.55,14.63,36,599387.27,Closed
LOAN04704,CUST03082,BR014,Education Loan,2023-05-15,1416820.62,11.52,84,941080.26,Pending
LOAN04705,CUST07072,BR054,Auto Loan,2021-06-11,1147476.59,12.51,180,352778.14,Pending
LOAN04706,CUST06918,BR005,Education Loan,2025-08-12,922671.64,7.46,240,517751.92,Pending
LOAN04707,CUST00023,BR014,Auto Loan,2021-01-25,457534.52,8.15,12,77039.98,Closed
LOAN04708,CUST04015,BR021,Personal Loan,2020-07-13,149906.94,7.31,60,120492.66,Pending
LOAN04709,CUST04263,BR052,Auto Loan,2021-02-15,1285994.75,10.28,240,172004.3,Defaulted
LOAN04710,CUST05332,BR008,Business Loan,2025-09-08,939480.6,10.98,24,634423.75,Defaulted
LOAN04711,CUST04003,BR015,Home Loan,2020-07-07,3640083.68,12.1,84,2383319.03,Pending
LOAN04712,CUST07807,BR005,Personal Loan,2022-09-13,338994.17,8.9,24,41454.0,Closed
LOAN04713,CUST03564,BR046,Business Loan,2024-10-27,1238273.75,13.38,48,166612.65,Closed
LOAN04714,CUST06881,BR047,Business Loan,2022-09-07,1225986.63,14.41,24,622261.62,Pending
LOAN04715,CUST01902,BR020,Education Loan,2025-10-09,843957.05,14.22,24,85152.61,Defaulted
LOAN04716,CUST04860,BR040,Personal Loan,2020-01-15,309906.1,10.91,120,52699.54,Active
LOAN04717,CUST01036,BR046,Business Loan,2024-01-20,2929050.99,8.95,240,2907390.27,Active
LOAN04718,CUST00793,BR006,Business Loan,2025-01-12,708706.41,10.85,24,642458.01,Closed
LOAN04719,CUST03688,BR048,Personal Loan,2024-10-09,91132.44,14.34,24,6297.91,Pending
LOAN04720,CUST05550,BR050,Auto Loan,2021-11-19,1037272.11,11.89,240,780470.98,Active
LOAN04721,CUST03873,BR033,Home Loan,2025-06-22,4163278.36,11.89,12,1776223.72,Defaulted
LOAN04722,CUST02117,BR031,Home Loan,2025-07-24,1681796.21,13.38,36,903717.32,Closed
LOAN04723,CUST04999,BR011,Education Loan,2021-08-01,522046.36,12.88,120,387073.39,Active
LOAN04724,CUST02429,BR059,Education Loan,2022-09-20,582208.63,10.42,60,459511.12,Active
LOAN04725,CUST01900,BR009,Education Loan,2023-10-01,702867.76,7.4,12,122339.76,Defaulted
LOAN04726,CUST06628,BR029,Auto Loan,2021-11-28,1091141.14,7.38,84,808949.19,Closed
LOAN04727,CUST02061,BR033,Personal Loan,2022-09-28,565554.36,12.18,36,513398.63,Defaulted
LOAN04728,CUST04896,BR058,Personal Loan,2020-01-13,796531.64,13.83,240,449232.07,Defaulted
LOAN04729,CUST01050,BR047,Personal Loan,2021-07-04,663436.65,10.47,24,634645.4,Closed
LOAN04730,CUST03421,BR053,Auto Loan,2025-02-26,1634394.66,11.5,60,353325.41,Defaulted
LOAN04731,CUST07145,BR052,Personal Loan,2024-12-04,233282.49,9.89,84,61119.76,Active
LOAN04732,CUST02101,BR022,Business Loan,2024-11-06,1140349.34,7.19,84,735248.0,Active
LOAN04733,CUST07641,BR021,Business Loan,2021-06-01,4126064.6,12.98,36,1611326.31,Active
LOAN04734,CUST02062,BR041,Business Loan,2020-12-27,4075692.66,9.61,12,3270022.55,Defaulted
LOAN04735,CUST06197,BR057,Business Loan,2022-05-15,2929733.29,11.7,24,1049125.73,Pending
LOAN04736,CUST07271,BR059,Home Loan,2025-09-03,3100306.33,9.52,180,2611897.03,Pending
LOAN04737,CUST05790,BR004,Home Loan,2023-02-21,3063759.14,8.94,48,1823633.28,Closed
LOAN04738,CUST03392,BR003,Education Loan,2022-12-10,266463.88,11.07,120,146548.32,Active
LOAN04739,CUST07850,BR055,Home Loan,2021-07-03,7282305.83,7.46,180,1423302.92,Pending
LOAN04740,CUST07982,BR004,Education Loan,2023-12-17,875745.93,8.29,84,675815.21,Defaulted
LOAN04741,CUST01196,BR049,Education Loan,2024-06-06,124507.68,10.5,36,113616.52,Active
LOAN04742,CUST05211,BR042,Education Loan,2023-06-08,955640.87,7.85,240,491481.6,Closed
LOAN04743,CUST00476,BR008,Home Loan,2022-06-27,6488713.96,8.91,120,340591.02,Active
LOAN04744,CUST01319,BR001,Auto Loan,2020-01-01,1078400.99,8.24,24,851160.66,Active
LOAN04745,CUST03296,BR003,Business Loan,2020-07-04,1065466.25,8.8,180,136231.05,Closed
LOAN04746,CUST07752,BR041,Auto Loan,2022-03-11,1594776.64,8.75,48,1350290.44,Defaulted
LOAN04747,CUST04226,BR054,Auto Loan,2021-05-03,664304.17,7.43,60,291558.05,Defaulted
LOAN04748,CUST02035,BR020,Home Loan,2020-12-05,2642567.96,13.47,12,1702242.2,Active
LOAN04749,CUST04656,BR043,Business Loan,2021-07-05,1858258.28,12.93,48,166725.47,Closed
LOAN04750,CUST06714,BR046,Business Loan,2025-01-24,1240732.16,9.77,36,915296.99,Closed
LOAN04751,CUST00172,BR003,Auto Loan,2021-01-04,1889018.36,11.15,24,1462022.36,Closed
LOAN04752,CUST07531,BR027,Personal Loan,2025-07-17,647697.6,10.99,180,368616.38,Defaulted
LOAN04753,CUST04896,BR046,Home Loan,2024-01-10,1394500.7,7.36,120,1282643.28,Pending
LOAN04754,CUST02286,BR060,Education Loan,2022-08-19,396014.14,14.92,12,137080.95,Defaulted
LOAN04755,CUST03811,BR048,Home Loan,2024-04-24,1310242.33,14.36,36,628133.24,Pending
LOAN04756,CUST06849,BR051,Education Loan,2024-10-12,828373.82,11.61,240,367001.88,Active
LOAN04757,CUST00528,BR005,Auto Loan,2021-01-20,467944.15,11.45,24,97448.96,Active
LOAN04758,CUST03141,BR057,Home Loan,2021-09-05,5644467.98,9.53,60,1866679.32,Closed
LOAN04759,CUST03478,BR012,Business Loan,2025-05-28,1132673.21,9.07,120,845434.56,Active
LOAN04760,CUST00808,BR053,Business Loan,2025-03-08,1331406.27,10.34,36,338894.12,Pending
LOAN04761,CUST05244,BR042,Home Loan,2022-01-11,3542745.43,13.5,120,1770530.38,Defaulted
LOAN04762,CUST03103,BR032,Personal Loan,2022-05-14,569122.34,12.36,120,131507.65,Defaulted
LOAN04763,CUST02438,BR057,Home Loan,2021-01-03,1930942.49,8.22,12,1795650.79,Pending
LOAN04764,CUST04377,BR058,Home Loan,2021-04-12,1413448.25,11.79,36,846365.79,Defaulted
LOAN04765,CUST05437,BR020,Home Loan,2024-07-31,6972509.24,7.25,24,6889632.66,Defaulted
LOAN04766,CUST02797,BR012,Education Loan,2020-01-25,278500.72,11.58,120,274423.03,Closed
LOAN04767,CUST05346,BR055,Education Loan,2025-09-22,479688.27,12.11,84,82392.24,Pending
LOAN04768,CUST00589,BR029,Education Loan,2020-06-27,245569.75,7.55,180,106055.83,Defaulted
LOAN04769,CUST01322,BR005,Auto Loan,2021-07-06,1289282.71,10.19,84,939081.25,Pending
LOAN04770,CUST04964,BR018,Auto Loan,2021-08-27,462977.83,10.99,48,367571.0,Defaulted
LOAN04771,CUST01216,BR049,Home Loan,2020-08-25,7865646.38,8.76,24,2703594.53,Active
LOAN04772,CUST03506,BR025,Home Loan,2024-10-28,921808.91,9.11,120,504090.98,Defaulted
LOAN04773,CUST02593,BR037,Business Loan,2024-11-19,4586068.05,10.73,240,1824045.08,Pending
LOAN04774,CUST00119,BR008,Business Loan,2022-09-26,2177479.7,12.51,48,1181468.39,Pending
LOAN04775,CUST07052,BR036,Auto Loan,2021-10-21,855400.27,9.02,48,651538.65,Active
LOAN04776,CUST07298,BR060,Personal Loan,2024-03-04,119268.53,10.82,120,94303.0,Defaulted
LOAN04777,CUST03250,BR060,Business Loan,2025-08-22,971627.58,10.44,84,196706.89,Active
LOAN04778,CUST01170,BR060,Business Loan,2024-02-17,3266702.89,10.06,48,670929.06,Pending
LOAN04779,CUST06545,BR039,Home Loan,2025-08-15,2501971.11,14.02,120,2370635.84,Active
LOAN04780,CUST02140,BR048,Business Loan,2022-04-05,2572885.06,11.38,120,1652979.35,Active
LOAN04781,CUST02729,BR001,Home Loan,2023-12-27,2342695.25,11.94,60,216963.27,Defaulted
LOAN04782,CUST05204,BR026,Business Loan,2020-04-13,705738.81,12.05,12,697774.87,Closed
LOAN04783,CUST02959,BR032,Education Loan,2023-01-12,1033226.38,13.71,48,528512.64,Pending
LOAN04784,CUST02387,BR055,Personal Loan,2025-10-04,386492.68,7.06,84,176965.05,Active
LOAN04785,CUST03639,BR047,Business Loan,2020-11-23,1747157.19,13.01,60,1463780.47,Pending
LOAN04786,CUST07538,BR051,Education Loan,2022-02-20,1040078.3,12.0,120,294881.6,Active
LOAN04787,CUST01208,BR047,Home Loan,2020-05-11,7315350.59,9.4,120,5860269.4,Closed
LOAN04788,CUST05928,BR028,Auto Loan,2021-02-22,499966.27,12.61,240,340769.11,Defaulted
LOAN04789,CUST03207,BR056,Business Loan,2023-05-03,1660217.34,12.93,24,441984.99,Closed
LOAN04790,CUST06575,BR018,Auto Loan,2024-12-01,1793439.5,10.59,240,1446197.98,Closed
LOAN04791,CUST03482,BR060,Home Loan,2022-06-15,2808438.58,10.77,12,1522843.44,Defaulted
LOAN04792,CUST05831,BR047,Personal Loan,2024-08-24,374588.77,15.09,12,122891.22,Active
LOAN04793,CUST01812,BR007,Home Loan,2022-05-16,6605660.91,9.04,48,6102736.56,Closed
LOAN04794,CUST07734,BR010,Business Loan,2024-10-27,4911644.08,10.41,120,3909651.16,Defaulted
LOAN04795,CUST06772,BR010,Business Loan,2020-04-26,2412828.4,15.24,60,140763.95,Pending
LOAN04796,CUST05144,BR005,Business Loan,2022-07-25,4265992.2,9.06,60,3367538.2,Active
LOAN04797,CUST02107,BR033,Education Loan,2020-09-29,1139826.17,10.49,60,565069.43,Closed
LOAN04798,CUST06434,BR017,Auto Loan,2024-04-06,1402743.7,13.3,48,1369447.69,Pending
LOAN04799,CUST03829,BR029,Business Loan,2025-10-30,3573505.27,9.22,60,3109718.32,Pending
LOAN04800,CUST07435,BR046,Education Loan,2021-10-10,1442668.02,7.58,36,220235.76,Defaulted
LOAN04801,CUST01610,BR022,Business Loan,2021-11-16,4730781.44,8.44,120,1298558.83,Active
LOAN04802,CUST01106,BR009,Personal Loan,2021-08-13,725037.24,11.85,84,488196.68,Defaulted
LOAN04803,CUST02409,BR047,Auto Loan,2024-08-05,945380.95,7.51,60,264239.7,Pending
LOAN04804,CUST00842,BR035,Home Loan,2025-09-22,2855940.16,8.72,180,2238747.27,Closed
LOAN04805,CUST02815,BR037,Auto Loan,2020-12-28,1034554.81,10.47,240,826941.36,Pending
LOAN04806,CUST01062,BR059,Personal Loan,2024-03-27,118954.94,9.71,180,9825.41,Defaulted
LOAN04807,CUST07351,BR007,Personal Loan,2020-06-02,135434.74,12.87,84,126630.65,Pending
LOAN04808,CUST00902,BR018,Home Loan,2025-09-19,4505892.2,10.15,180,3434486.73,Defaulted
LOAN04809,CUST00161,BR045,Auto Loan,2024-08-31,998148.15,10.11,60,781510.74,Defaulted
LOAN04810,CUST00479,BR041,Education Loan,2022-06-16,781031.16,10.01,24,278373.0,Closed
LOAN04811,CUST04546,BR054,Business Loan,2021-06-02,3385506.53,9.64,24,1123703.61,Pending
LOAN04812,CUST00657,BR001,Auto Loan,2023-04-26,1074744.05,7.92,240,859406.25,Pending
LOAN04813,CUST02171,BR048,Business Loan,2023-01-01,4004331.15,7.93,48,3411695.5,Defaulted
LOAN04814,CUST01603,BR002,Business Loan,2021-04-13,568049.13,15.21,36,380339.04,Pending
LOAN04815,CUST05178,BR006,Auto Loan,2021-03-13,683753.2,14.52,24,336518.77,Active
LOAN04816,CUST01880,BR039,Home Loan,2024-03-24,1116138.17,14.13,120,383780.26,Active
LOAN04817,CUST07263,BR014,Education Loan,2023-06-11,1453277.72,12.38,12,721658.67,Pending
LOAN04818,CUST03445,BR036,Education Loan,2022-01-03,495714.07,8.32,36,348278.4,Active
LOAN04819,CUST03173,BR051,Personal Loan,2022-01-09,338152.46,7.51,60,332757.04,Defaulted
LOAN04820,CUST01948,BR021,Education Loan,2025-07-06,837857.53,12.93,12,77606.51,Pending
LOAN04821,CUST00253,BR018,Personal Loan,2024-06-10,286205.93,14.35,36,195812.94,Active
LOAN04822,CUST05753,BR003,Education Loan,2020-03-19,1110290.69,12.38,12,321022.29,Defaulted
LOAN04823,CUST07469,BR031,Business Loan,2022-08-30,1351373.87,13.91,12,455904.31,Closed
LOAN04824,CUST04683,BR021,Personal Loan,2020-02-20,81975.44,9.81,60,75942.5,Closed
LOAN04825,CUST06331,BR060,Personal Loan,2025-08-23,90668.46,9.47,180,80405.7,Closed
LOAN04826,CUST03124,BR055,Auto Loan,2022-05-13,384802.39,14.64,180,118354.71,Defaulted
LOAN04827,CUST02516,BR052,Business Loan,2021-03-20,4951534.17,7.35,12,3667648.74,Defaulted
LOAN04828,CUST02438,BR017,Home Loan,2020-12-14,5955665.48,10.89,84,1146331.72,Closed
LOAN04829,CUST02713,BR044,Business Loan,2022-04-21,1622747.54,11.97,84,413622.51,Active
LOAN04830,CUST02442,BR012,Business Loan,2023-08-01,397692.04,14.56,240,279805.94,Defaulted
LOAN04831,CUST03373,BR018,Business Loan,2021-07-11,2582576.72,11.26,240,1269127.56,Defaulted
LOAN04832,CUST03470,BR004,Business Loan,2023-12-12,2020665.09,12.39,48,148793.62,Defaulted
LOAN04833,CUST05978,BR041,Home Loan,2024-12-20,7089818.3,13.68,180,3555704.75,Active
LOAN04834,CUST04688,BR052,Education Loan,2020-02-21,867175.7,11.08,12,57924.53,Closed
LOAN04835,CUST00210,BR034,Personal Loan,2024-06-22,348451.31,10.55,60,311167.66,Defaulted
LOAN04836,CUST01851,BR024,Personal Loan,2022-04-18,293261.09,14.33,48,32042.4,Closed
LOAN04837,CUST00126,BR035,Education Loan,2025-07-10,1281793.48,12.93,180,1023213.09,Closed
LOAN04838,CUST02841,BR022,Auto Loan,2025-04-12,297986.35,14.28,24,231127.8,Defaulted
LOAN04839,CUST05545,BR023,Auto Loan,2022-06-16,1951547.58,14.27,240,921270.02,Active
LOAN04840,CUST06122,BR010,Home Loan,2022-05-12,2829516.29,12.0,24,432852.71,Active
LOAN04841,CUST05594,BR012,Business Loan,2020-10-18,4458097.24,12.3,48,2640516.43,Closed
LOAN04842,CUST01522,BR041,Home Loan,2024-04-27,6944277.62,9.6,48,6796821.27,Closed
LOAN04843,CUST07966,BR033,Education Loan,2022-07-18,817512.28,14.38,36,484991.13,Active
LOAN04844,CUST03133,BR020,Home Loan,2025-05-06,869559.27,14.37,84,476727.89,Closed
LOAN04845,CUST02242,BR049,Education Loan,2022-01-13,768216.11,9.36,48,205584.23,Closed
LOAN04846,CUST01678,BR060,Business Loan,2020-01-20,2154077.1,11.98,120,641410.07,Defaulted
LOAN04847,CUST00101,BR027,Business Loan,2021-05-02,1469822.41,8.68,12,738653.85,Active
LOAN04848,CUST03043,BR033,Education Loan,2025-05-07,1342282.1,14.3,48,441046.78,Defaulted
LOAN04849,CUST05383,BR001,Home Loan,2022-09-07,7199081.17,8.8,12,1170912.16,Closed
LOAN04850,CUST03567,BR049,Personal Loan,2020-01-21,336053.92,11.98,60,202707.41,Defaulted
LOAN04851,CUST04908,BR029,Personal Loan,2023-03-31,709121.84,14.44,120,516199.88,Defaulted
LOAN04852,CUST00364,BR036,Education Loan,2023-04-07,1167762.14,9.56,48,402963.85,Active
LOAN04853,CUST04421,BR011,Education Loan,2021-10-15,1290143.33,10.79,36,171144.32,Defaulted
LOAN04854,CUST05045,BR040,Home Loan,2020-11-14,1583698.05,9.5,180,1056506.48,Closed
LOAN04855,CUST02412,BR056,Auto Loan,2025-05-07,1093443.6,11.16,84,153411.51,Defaulted
LOAN04856,CUST00405,BR037,Auto Loan,2025-11-09,1961267.07,12.68,180,223687.46,Pending
LOAN04857,CUST06927,BR005,Education Loan,2023-04-08,1430636.03,8.7,60,107932.28,Defaulted
LOAN04858,CUST07355,BR041,Auto Loan,2024-01-30,1950625.61,9.14,180,935383.0,Defaulted
LOAN04859,CUST06839,BR005,Business Loan,2020-02-03,863482.43,10.8,24,379260.05,Closed
LOAN04860,CUST01938,BR054,Auto Loan,2023-01-11,1528226.93,14.45,24,1376993.56,Closed
LOAN04861,CUST01459,BR005,Personal Loan,2021-12-11,682064.62,7.71,84,263024.89,Active
LOAN04862,CUST05731,BR005,Auto Loan,2022-07-17,1190689.81,7.54,180,164248.61,Closed
LOAN04863,CUST01788,BR033,Personal Loan,2025-11-29,627071.82,15.36,36,137184.25,Active
LOAN04864,CUST03658,BR033,Business Loan,2020-12-04,2804883.07,7.7,180,1096247.29,Defaulted
LOAN04865,CUST00947,BR045,Auto Loan,2020-11-09,454627.04,9.75,84,392677.27,Pending
LOAN04866,CUST00543,BR003,Education Loan,2023-01-29,470554.37,7.09,120,277312.37,Active
LOAN04867,CUST03741,BR031,Auto Loan,2023-12-23,890807.1,9.24,240,793715.88,Closed
LOAN04868,CUST00972,BR025,Home Loan,2025-01-27,2409891.41,12.46,84,2158757.65,Pending
LOAN04869,CUST03738,BR053,Education Loan,2021-09-20,900522.4,13.96,12,181753.33,Defaulted
LOAN04870,CUST00654,BR046,Home Loan,2021-10-31,7447294.26,15.45,48,1741921.17,Closed
LOAN04871,CUST03702,BR009,Business Loan,2023-12-18,4647004.43,10.17,120,703735.04,Defaulted
LOAN04872,CUST04485,BR003,Auto Loan,2022-07-27,328608.35,8.25,240,32677.46,Closed
LOAN04873,CUST06548,BR022,Education Loan,2022-01-02,421134.1,9.4,36,107312.06,Defaulted
LOAN04874,CUST07862,BR047,Education Loan,2022-09-11,1318305.02,13.26,180,712656.01,Pending
LOAN04875,CUST07351,BR032,Personal Loan,2023-01-05,766967.68,8.95,84,673772.98,Active
LOAN04876,CUST03525,BR024,Personal Loan,2022-03-29,307152.39,7.35,24,130582.98,Active
LOAN04877,CUST04672,BR011,Home Loan,2024-03-29,7072006.48,8.53,60,4396076.13,Closed
LOAN04878,CUST02955,BR012,Home Loan,2022-01-27,2558384.36,15.46,48,1999558.86,Pending
LOAN04879,CUST07940,BR059,Business Loan,2021-06-10,4222807.78,11.18,48,287608.53,Defaulted
LOAN04880,CUST05123,BR030,Auto Loan,2025-10-15,1249028.67,9.18,48,124612.52,Closed
LOAN04881,CUST06789,BR019,Personal Loan,2025-03-06,478223.07,13.3,60,408950.79,Pending
LOAN04882,CUST04688,BR023,Personal Loan,2021-09-14,406792.36,12.11,84,386337.03,Active
LOAN04883,CUST03012,BR041,Business Loan,2023-10-22,2245588.56,8.88,12,2063072.52,Closed
LOAN04884,CUST02422,BR054,Home Loan,2020-01-17,5706803.88,11.37,36,4643028.78,Defaulted
LOAN04885,CUST07582,BR011,Personal Loan,2024-08-08,227459.54,7.96,60,120708.13,Pending
LOAN04886,CUST03071,BR048,Auto Loan,2020-01-18,1517810.96,9.56,180,1328411.15,Pending
LOAN04887,CUST07572,BR059,Personal Loan,2020-12-16,93604.53,14.18,120,60548.09,Pending
LOAN04888,CUST03084,BR051,Education Loan,2022-12-31,351952.67,13.84,120,339865.46,Closed
LOAN04889,CUST01602,BR002,Personal Loan,2020-03-11,53692.14,12.9,180,40400.69,Defaulted
LOAN04890,CUST05272,BR030,Auto Loan,2021-04-10,1092482.88,8.62,120,841862.71,Active
LOAN04891,CUST07167,BR052,Personal Loan,2022-11-05,686480.57,14.99,84,644851.24,Active
LOAN04892,CUST04733,BR033,Business Loan,2020-05-02,1659441.32,12.08,180,671024.56,Defaulted
LOAN04893,CUST04050,BR045,Auto Loan,2024-05-23,276873.48,10.4,60,75453.44,Closed
LOAN04894,CUST06353,BR027,Education Loan,2022-08-30,1018985.66,7.15,48,802369.59,Defaulted
LOAN04895,CUST03170,BR040,Auto Loan,2023-11-20,1797969.81,14.44,240,1144881.14,Defaulted
LOAN04896,CUST02937,BR013,Personal Loan,2022-06-18,177219.52,12.84,12,81638.51,Active
LOAN04897,CUST02712,BR035,Auto Loan,2021-04-17,1445557.86,10.23,84,823131.14,Defaulted
LOAN04898,CUST00116,BR036,Business Loan,2025-07-30,3343251.67,8.03,240,2200966.32,Active
LOAN04899,CUST02931,BR010,Education Loan,2024-12-29,401673.95,7.43,36,89708.9,Pending
LOAN04900,CUST04749,BR057,Education Loan,2025-01-08,478256.08,11.13,48,303850.97,Closed
LOAN04901,CUST01146,BR043,Business Loan,2025-11-21,4860226.64,10.79,60,1619535.02,Defaulted
LOAN04902,CUST07254,BR006,Personal Loan,2024-10-29,271741.07,10.76,240,107545.63,Pending
LOAN04903,CUST00717,BR029,Auto Loan,2024-06-12,1579104.37,7.68,84,696142.08,Active
LOAN04904,CUST07154,BR049,Business Loan,2020-05-14,1816025.77,13.88,48,245400.43,Pending
LOAN04905,CUST02042,BR060,Personal Loan,2023-06-04,121471.67,9.32,24,66306.9,Active
LOAN04906,CUST00043,BR020,Personal Loan,2023-09-11,263521.93,11.6,48,255654.64,Active
LOAN04907,CUST02689,BR051,Business Loan,2024-08-04,2458497.9,12.8,48,572637.82,Closed
LOAN04908,CUST07312,BR048,Personal Loan,2024-12-21,636530.84,9.63,240,454500.63,Closed
LOAN04909,CUST01534,BR021,Personal Loan,2023-12-25,285276.51,9.67,24,99450.93,Defaulted
LOAN04910,CUST00623,BR040,Business Loan,2025-06-03,2383925.88,11.41,180,1135759.74,Closed
LOAN04911,CUST04049,BR044,Personal Loan,2020-01-09,167513.94,9.96,12,154306.28,Pending
LOAN04912,CUST06374,BR056,Education Loan,2020-06-29,1293367.35,15.38,48,1010820.93,Active
LOAN04913,CUST04660,BR015,Home Loan,2020-08-19,6764005.15,7.64,240,4347058.72,Closed
LOAN04914,CUST07117,BR029,Auto Loan,2021-05-27,276644.06,8.72,24,200409.45,Defaulted
LOAN04915,CUST00706,BR038,Business Loan,2021-02-10,1903849.39,9.38,12,1339612.66,Pending
LOAN04916,CUST06602,BR052,Home Loan,2020-01-09,2965335.91,9.46,12,1116503.01,Pending
LOAN04917,CUST00694,BR038,Personal Loan,2022-01-24,388944.91,9.33,48,82482.21,Defaulted
LOAN04918,CUST07032,BR003,Personal Loan,2025-11-04,82133.9,9.24,12,49422.34,Pending
LOAN04919,CUST03850,BR054,Education Loan,2021-04-08,433768.26,15.48,48,234054.07,Closed
LOAN04920,CUST03219,BR008,Home Loan,2024-10-08,7032026.13,8.24,240,4786405.13,Active
LOAN04921,CUST00468,BR041,Personal Loan,2020-08-17,429993.41,12.06,60,201116.65,Pending
LOAN04922,CUST04064,BR023,Personal Loan,2020-12-26,375064.54,7.02,240,279439.75,Defaulted
LOAN04923,CUST03437,BR011,Personal Loan,2021-01-26,741750.0,12.24,60,129744.61,Active
LOAN04924,CUST03002,BR031,Business Loan,2023-09-25,4143438.31,9.99,60,2625784.19,Defaulted
LOAN04925,CUST05550,BR029,Home Loan,2024-03-04,1266184.54,11.42,180,1065504.49,Closed
LOAN04926,CUST02577,BR059,Auto Loan,2021-01-09,330323.11,7.07,180,242204.25,Closed
LOAN04927,CUST02802,BR022,Personal Loan,2025-12-22,257392.33,13.43,48,74683.11,Pending
LOAN04928,CUST03929,BR022,Personal Loan,2020-08-20,493173.36,9.24,120,102566.23,Active
LOAN04929,CUST01463,BR035,Business Loan,2023-03-18,3492197.71,8.98,24,1729210.24,Active
LOAN04930,CUST01183,BR008,Auto Loan,2020-04-06,1177503.65,10.5,24,385786.57,Pending
LOAN04931,CUST04680,BR011,Business Loan,2020-05-09,1080944.09,8.43,48,655337.76,Closed
LOAN04932,CUST06281,BR046,Education Loan,2020-04-16,958873.53,11.02,84,183187.49,Defaulted
LOAN04933,CUST03339,BR038,Education Loan,2023-11-30,603047.62,13.05,120,387838.89,Pending
LOAN04934,CUST02284,BR036,Home Loan,2020-05-07,2951508.67,12.98,180,920451.08,Active
LOAN04935,CUST07103,BR035,Auto Loan,2025-07-15,812191.21,10.26,12,395588.76,Closed
LOAN04936,CUST03901,BR009,Personal Loan,2025-06-03,625557.75,13.5,48,184371.84,Closed
LOAN04937,CUST07119,BR011,Education Loan,2021-11-19,879125.44,8.08,84,791110.24,Closed
LOAN04938,CUST06398,BR044,Home Loan,2021-02-11,4694289.55,13.23,24,1262415.23,Defaulted
LOAN04939,CUST02130,BR025,Home Loan,2024-03-16,942932.2,9.89,240,103908.27,Active
LOAN04940,CUST06686,BR022,Auto Loan,2021-11-11,577181.72,10.48,180,104308.74,Active
LOAN04941,CUST04970,BR024,Education Loan,2021-08-31,509059.84,14.71,120,224993.33,Closed
LOAN04942,CUST01440,BR010,Personal Loan,2024-06-26,444017.55,14.3,180,101155.79,Closed
LOAN04943,CUST04754,BR002,Education Loan,2023-02-21,1164907.29,12.26,60,412472.54,Pending
LOAN04944,CUST01170,BR012,Auto Loan,2023-07-18,1052678.34,15.38,180,460882.17,Pending
LOAN04945,CUST04747,BR045,Education Loan,2022-03-11,342962.16,9.2,180,293859.91,Closed
LOAN04946,CUST00539,BR031,Home Loan,2023-10-22,1942606.02,11.2,36,938870.78,Defaulted
LOAN04947,CUST05132,BR005,Personal Loan,2022-02-26,495606.04,12.31,180,50554.04,Active
LOAN04948,CUST05743,BR057,Business Loan,2025-02-18,3550036.87,13.11,120,2805496.43,Pending
LOAN04949,CUST03757,BR050,Business Loan,2023-01-14,2110194.49,11.54,12,1063967.4,Closed
LOAN04950,CUST00104,BR011,Personal Loan,2025-04-06,652784.68,13.83,120,164080.66,Active
LOAN04951,CUST01122,BR005,Business Loan,2023-02-22,4268992.61,7.87,84,2776712.48,Active
LOAN04952,CUST02229,BR036,Business Loan,2020-06-03,4423945.69,13.38,240,2377305.12,Closed
LOAN04953,CUST06800,BR035,Business Loan,2022-02-14,4912800.64,14.37,12,4859195.1,Defaulted
LOAN04954,CUST06245,BR014,Home Loan,2025-08-12,4502233.15,11.03,24,2220227.26,Closed
LOAN04955,CUST00693,BR019,Auto Loan,2023-06-24,800226.84,9.01,12,176154.56,Pending
LOAN04956,CUST01658,BR027,Education Loan,2021-09-06,251480.74,10.68,60,82128.06,Active
LOAN04957,CUST01608,BR018,Home Loan,2023-12-16,4053909.26,7.64,12,3649959.68,Active
LOAN04958,CUST07644,BR049,Home Loan,2021-10-18,3711479.63,14.52,60,1069030.66,Defaulted
LOAN04959,CUST03958,BR021,Personal Loan,2024-10-23,374303.7,12.2,240,269412.77,Defaulted
LOAN04960,CUST02747,BR018,Business Loan,2025-12-04,4519842.48,7.21,180,1200518.68,Pending
LOAN04961,CUST01835,BR042,Auto Loan,2021-08-23,1665499.74,11.74,84,621578.22,Pending
LOAN04962,CUST06756,BR016,Education Loan,2020-02-19,1153354.29,11.1,240,1079278.67,Pending
LOAN04963,CUST05781,BR014,Education Loan,2024-04-02,541366.71,13.86,84,514893.18,Pending
LOAN04964,CUST02992,BR001,Education Loan,2024-07-25,1203910.89,15.41,12,991551.84,Defaulted
LOAN04965,CUST00626,BR048,Home Loan,2022-03-21,5069562.11,12.73,60,858360.89,Pending
LOAN04966,CUST02075,BR033,Education Loan,2024-07-17,269710.0,7.21,48,100537.88,Defaulted
LOAN04967,CUST02705,BR020,Personal Loan,2022-11-22,556430.19,11.69,48,517491.17,Closed
LOAN04968,CUST01688,BR035,Business Loan,2024-06-24,3109235.1,9.02,36,2010238.1,Active
LOAN04969,CUST06931,BR042,Education Loan,2021-01-20,123579.98,8.45,48,119900.19,Pending
LOAN04970,CUST02518,BR050,Business Loan,2021-11-19,4545553.35,8.02,180,1838396.28,Defaulted
LOAN04971,CUST00147,BR001,Business Loan,2021-12-06,4889785.81,12.82,60,3905699.91,Defaulted
LOAN04972,CUST07016,BR032,Home Loan,2024-09-06,6774460.69,15.26,120,4282207.9,Pending
LOAN04973,CUST03575,BR048,Auto Loan,2023-09-04,1226532.49,11.86,120,1011976.65,Active
LOAN04974,CUST01093,BR037,Auto Loan,2024-04-11,331622.37,7.77,12,300242.61,Closed
LOAN04975,CUST02996,BR049,Home Loan,2021-01-29,4846629.22,15.09,240,2661607.27,Active
LOAN04976,CUST04858,BR040,Auto Loan,2023-09-20,1073806.61,12.61,84,306791.09,Pending
LOAN04977,CUST03322,BR039,Home Loan,2024-06-30,1749259.55,8.44,24,1550835.82,Defaulted
LOAN04978,CUST01155,BR020,Education Loan,2021-07-21,292041.61,9.58,36,109836.38,Defaulted
LOAN04979,CUST02657,BR060,Education Loan,2025-11-03,1012849.89,11.24,180,509901.84,Pending
LOAN04980,CUST07557,BR019,Education Loan,2021-01-27,1044312.09,10.64,84,110639.59,Pending
LOAN04981,CUST03032,BR029,Auto Loan,2024-04-13,326921.58,8.2,48,110132.56,Defaulted
LOAN04982,CUST05047,BR034,Personal Loan,2021-06-09,377830.92,13.35,180,127762.22,Pending
LOAN04983,CUST01893,BR051,Home Loan,2020-08-15,7309259.17,8.33,48,5222341.02,Defaulted
LOAN04984,CUST01565,BR058,Personal Loan,2022-04-25,277240.14,7.43,120,32738.67,Closed
LOAN04985,CUST04958,BR009,Auto Loan,2021-12-28,1178034.11,13.29,12,975788.36,Active
LOAN04986,CUST01571,BR041,Home Loan,2024-05-17,2678332.03,14.88,24,2349382.63,Active
LOAN04987,CUST01336,BR034,Auto Loan,2022-10-05,1237917.32,12.62,120,662504.83,Closed
LOAN04988,CUST04905,BR041,Business Loan,2024-12-19,2790380.42,15.49,60,2018883.49,Defaulted
LOAN04989,CUST04377,BR030,Home Loan,2025-12-06,991099.6,8.19,84,366255.04,Closed
LOAN04990,CUST06777,BR049,Home Loan,2023-07-26,2299448.75,8.79,12,1355952.9,Closed
LOAN04991,CUST03863,BR045,Personal Loan,2021-07-05,541307.04,14.35,24,357465.62,Closed
LOAN04992,CUST06015,BR046,Personal Loan,2024-04-10,165033.41,9.69,84,25609.61,Defaulted
LOAN04993,CUST04327,BR031,Personal Loan,2023-02-02,446706.72,8.35,240,172115.17,Closed
LOAN04994,CUST04744,BR044,Business Loan,2022-11-12,1575985.36,14.93,120,378459.86,Defaulted
LOAN04995,CUST05294,BR050,Personal Loan,2023-05-25,588665.39,8.22,84,264713.08,Pending
LOAN04996,CUST07151,BR055,Business Loan,2022-11-04,4507035.58,9.67,12,928014.9,Defaulted
LOAN04997,CUST04871,BR048,Auto Loan,2025-09-06,1255711.24,8.33,120,785591.53,Closed
LOAN04998,CUST01620,BR005,Auto Loan,2025-12-03,218382.46,10.47,12,215289.84,Closed
LOAN04999,CUST06929,BR046,Personal Loan,2021-12-11,151146.14,8.17,84,98943.53,Closed
LOAN05000,CUST00519,BR029,Education Loan,2024-09-11,1007830.15,12.09,12,834283.08,Closed
LOAN05001,CUST05605,BR057,Education Loan,2022-05-22,726181.34,10.05,12,38582.21,Defaulted
LOAN05002,CUST07732,BR003,Business Loan,2020-07-22,1538784.19,13.01,60,511439.0,Active
LOAN05003,CUST04237,BR036,Auto Loan,2024-02-26,710785.57,8.19,60,188164.93,Pending
LOAN05004,CUST00588,BR038,Home Loan,2024-03-16,7687150.93,12.94,12,3374775.47,Defaulted
LOAN05005,CUST07171,BR050,Education Loan,2022-03-26,1103169.25,8.83,12,402749.03,Pending
LOAN05006,CUST07987,BR020,Auto Loan,2021-11-23,782742.81,8.79,240,328246.35,Closed
LOAN05007,CUST01548,BR014,Auto Loan,2021-08-27,1167584.86,7.3,12,796607.44,Defaulted
LOAN05008,CUST05700,BR049,Personal Loan,2024-05-08,271132.36,9.53,240,146365.75,Pending
LOAN05009,CUST00425,BR027,Home Loan,2023-09-11,4727724.45,13.0,180,2884383.7,Pending
LOAN05010,CUST05425,BR031,Auto Loan,2022-06-06,1879515.19,8.34,84,1392746.67,Pending
LOAN05011,CUST02280,BR028,Education Loan,2023-03-13,1116756.86,11.51,180,1115208.87,Active
LOAN05012,CUST03752,BR048,Home Loan,2020-04-22,5102623.81,10.79,48,3151170.16,Defaulted
LOAN05013,CUST03089,BR015,Education Loan,2020-05-20,858969.91,13.68,180,435623.11,Closed
LOAN05014,CUST02805,BR026,Auto Loan,2024-09-07,371133.64,14.9,60,29738.36,Closed
LOAN05015,CUST07380,BR014,Personal Loan,2023-06-02,530806.18,8.32,240,527298.84,Closed
LOAN05016,CUST02571,BR035,Personal Loan,2025-10-24,286411.9,13.64,180,213053.92,Closed
LOAN05017,CUST05489,BR051,Auto Loan,2021-06-12,612255.22,10.34,36,373806.05,Defaulted
LOAN05018,CUST06531,BR045,Business Loan,2025-02-24,4975851.23,7.44,120,2689720.65,Active
LOAN05019,CUST05255,BR047,Business Loan,2024-07-23,3385940.87,13.0,12,236218.48,Pending
LOAN05020,CUST03553,BR012,Home Loan,2020-02-16,5209994.15,8.72,180,3228241.34,Defaulted
LOAN05021,CUST03586,BR052,Business Loan,2025-11-15,2246097.48,12.54,240,748816.56,Defaulted
LOAN05022,CUST04165,BR005,Business Loan,2023-12-16,1068205.4,7.36,24,813590.85,Pending
LOAN05023,CUST05141,BR051,Personal Loan,2024-03-23,186141.56,12.27,12,109140.17,Closed
LOAN05024,CUST01709,BR048,Business Loan,2021-10-12,3595317.24,13.7,36,1809054.09,Closed
LOAN05025,CUST01603,BR029,Business Loan,2024-06-26,1195613.57,14.88,48,404294.46,Defaulted
LOAN05026,CUST07116,BR052,Auto Loan,2024-06-30,1755326.13,8.76,12,200711.56,Closed
LOAN05027,CUST03237,BR039,Auto Loan,2024-01-27,393406.31,13.96,240,58786.8,Defaulted
LOAN05028,CUST02410,BR025,Auto Loan,2025-01-20,1543136.7,13.91,48,1165441.49,Pending
LOAN05029,CUST02065,BR045,Auto Loan,2020-01-29,775295.48,7.04,12,239243.29,Closed
LOAN05030,CUST06537,BR009,Business Loan,2021-11-11,3007688.15,10.41,180,2124721.44,Active
LOAN05031,CUST04648,BR031,Education Loan,2023-01-19,1172424.86,8.37,48,486818.51,Pending
LOAN05032,CUST02940,BR025,Auto Loan,2024-12-04,1853338.65,11.33,60,647215.81,Defaulted
LOAN05033,CUST01821,BR006,Auto Loan,2022-06-04,450570.31,14.55,180,122231.54,Active
LOAN05034,CUST04997,BR016,Personal Loan,2023-02-20,476874.93,13.56,36,164879.82,Pending
LOAN05035,CUST04774,BR003,Home Loan,2024-10-15,7920369.77,11.92,36,2939694.24,Pending
LOAN05036,CUST05678,BR042,Business Loan,2020-01-09,997876.28,7.89,84,750405.17,Active
LOAN05037,CUST01962,BR040,Business Loan,2022-04-13,1418976.71,7.4,12,565202.94,Pending
LOAN05038,CUST06685,BR033,Personal Loan,2024-06-03,174449.51,15.07,48,20330.13,Active
LOAN05039,CUST05883,BR054,Education Loan,2024-08-17,996443.1,8.49,12,65597.69,Defaulted
LOAN05040,CUST07017,BR025,Education Loan,2025-08-23,809097.22,10.79,48,677341.62,Closed
LOAN05041,CUST05738,BR006,Business Loan,2023-05-20,2766682.58,13.32,24,799470.75,Closed
LOAN05042,CUST03416,BR010,Home Loan,2023-09-24,2966559.15,13.71,84,1554596.68,Active
LOAN05043,CUST03241,BR057,Personal Loan,2024-01-03,488318.52,9.31,120,186314.95,Closed
LOAN05044,CUST07551,BR017,Home Loan,2025-12-13,5750341.42,14.31,180,3039601.66,Defaulted
LOAN05045,CUST01577,BR049,Home Loan,2024-06-20,5799633.16,8.51,120,2857889.89,Pending
LOAN05046,CUST04539,BR030,Home Loan,2023-09-04,3586808.03,12.07,120,2263955.32,Defaulted
LOAN05047,CUST05035,BR052,Business Loan,2020-08-21,789193.88,9.54,48,316159.65,Pending
LOAN05048,CUST07748,BR013,Auto Loan,2025-06-22,1734698.32,15.33,240,485508.22,Closed
LOAN05049,CUST03592,BR029,Education Loan,2020-03-10,1166997.47,14.25,12,625186.79,Pending
LOAN05050,CUST04022,BR057,Auto Loan,2020-06-23,248864.44,10.51,12,201390.05,Defaulted
LOAN05051,CUST02457,BR003,Personal Loan,2024-05-08,536996.95,12.28,240,275303.12,Defaulted
LOAN05052,CUST01269,BR040,Auto Loan,2021-08-24,1603521.35,12.63,60,1401044.71,Closed
LOAN05053,CUST05649,BR044,Personal Loan,2022-04-10,721692.5,14.28,120,617892.31,Pending
LOAN05054,CUST02723,BR058,Personal Loan,2025-12-29,288742.78,8.4,60,242376.31,Defaulted
LOAN05055,CUST06650,BR022,Auto Loan,2021-08-27,574653.85,11.34,240,42835.69,Closed
LOAN05056,CUST03122,BR008,Business Loan,2021-02-19,1427553.5,9.62,48,1312231.28,Closed
LOAN05057,CUST01708,BR035,Business Loan,2023-09-16,4601682.41,7.13,180,3927747.83,Pending
LOAN05058,CUST03834,BR019,Business Loan,2022-02-20,911809.44,11.23,60,264549.0,Active
LOAN05059,CUST00797,BR057,Business Loan,2020-02-20,2674977.84,13.58,60,1747888.47,Closed
LOAN05060,CUST02025,BR018,Education Loan,2022-12-19,1219925.85,13.98,240,459706.97,Defaulted
LOAN05061,CUST04377,BR060,Home Loan,2023-02-15,1157031.5,15.11,240,932081.99,Defaulted
LOAN05062,CUST06220,BR020,Education Loan,2020-09-17,261043.99,13.71,120,164884.09,Defaulted
LOAN05063,CUST03976,BR057,Home Loan,2021-09-02,7299467.36,8.92,48,6777122.29,Pending
LOAN05064,CUST05235,BR049,Business Loan,2024-04-23,3024020.61,11.91,24,1992951.96,Defaulted
LOAN05065,CUST05078,BR041,Education Loan,2023-08-30,335177.0,14.02,24,258748.64,Pending
LOAN05066,CUST04095,BR051,Personal Loan,2023-07-06,384375.36,9.39,84,101807.73,Active
LOAN05067,CUST02087,BR003,Education Loan,2024-10-01,1121485.3,9.01,120,750531.69,Defaulted
LOAN05068,CUST05496,BR046,Home Loan,2025-06-13,3235389.75,9.69,12,1836789.35,Closed
LOAN05069,CUST02453,BR039,Education Loan,2024-09-14,1182594.41,7.17,36,199954.26,Closed
LOAN05070,CUST05487,BR035,Business Loan,2024-10-26,303323.09,13.69,240,193840.55,Closed
LOAN05071,CUST02261,BR042,Business Loan,2023-02-09,736407.33,13.77,24,254032.74,Pending
LOAN05072,CUST03527,BR048,Business Loan,2021-05-02,2158001.4,7.28,120,126266.41,Pending
LOAN05073,CUST01397,BR034,Home Loan,2020-03-17,933229.15,8.61,84,144191.27,Defaulted
LOAN05074,CUST07417,BR002,Home Loan,2024-01-06,7613621.79,10.83,12,5444718.67,Active
LOAN05075,CUST04306,BR041,Business Loan,2021-10-30,543123.14,7.18,180,280124.53,Closed
LOAN05076,CUST06243,BR018,Business Loan,2021-11-18,3421877.28,10.87,120,1821770.9,Active
LOAN05077,CUST06448,BR028,Home Loan,2023-08-13,7493250.1,14.88,240,5312721.31,Pending
LOAN05078,CUST02187,BR037,Auto Loan,2021-10-24,862967.31,10.42,84,783031.38,Defaulted
LOAN05079,CUST03404,BR038,Education Loan,2021-08-02,296341.03,12.2,180,284803.05,Pending
LOAN05080,CUST07159,BR053,Auto Loan,2022-09-19,1395020.29,10.73,24,953308.36,Pending
LOAN05081,CUST01361,BR029,Auto Loan,2023-04-29,1584504.17,8.38,36,1566865.81,Defaulted
LOAN05082,CUST06882,BR036,Personal Loan,2024-03-13,585688.52,11.4,36,530841.44,Closed
LOAN05083,CUST02510,BR007,Home Loan,2021-09-14,3625230.89,14.46,120,1346210.12,Pending
LOAN05084,CUST01035,BR020,Business Loan,2025-10-30,1303864.91,7.69,84,181607.56,Closed
LOAN05085,CUST04627,BR013,Auto Loan,2020-03-05,540082.32,10.25,180,404971.84,Defaulted
LOAN05086,CUST00053,BR016,Auto Loan,2020-07-14,1517007.73,7.83,84,246474.92,Closed
LOAN05087,CUST04876,BR015,Home Loan,2022-05-13,2627525.04,9.19,12,463627.86,Closed
LOAN05088,CUST06274,BR014,Home Loan,2020-03-28,6037098.11,12.65,180,1526819.73,Active
LOAN05089,CUST03280,BR007,Personal Loan,2025-12-25,95726.34,12.9,120,22297.86,Active
LOAN05090,CUST07498,BR039,Personal Loan,2021-02-06,200463.67,7.8,120,78077.71,Pending
LOAN05091,CUST06828,BR041,Education Loan,2024-01-18,792769.59,14.1,12,301673.25,Pending
LOAN05092,CUST05423,BR016,Auto Loan,2022-02-07,1416186.43,7.96,36,911517.07,Defaulted
LOAN05093,CUST00230,BR046,Business Loan,2025-10-03,937207.04,10.68,180,649809.38,Defaulted
LOAN05094,CUST02427,BR039,Education Loan,2022-01-28,1458773.78,8.06,180,432833.56,Pending
LOAN05095,CUST05383,BR032,Auto Loan,2020-12-02,578986.35,12.74,36,577891.19,Active
LOAN05096,CUST03018,BR030,Business Loan,2025-02-16,4503091.59,14.55,84,3029521.11,Active
LOAN05097,CUST01670,BR017,Business Loan,2025-12-29,3292173.52,13.19,60,2277630.88,Defaulted
LOAN05098,CUST05998,BR044,Personal Loan,2025-11-30,561459.89,14.43,120,505127.66,Defaulted
LOAN05099,CUST06203,BR006,Personal Loan,2023-05-12,344573.98,10.55,120,114445.8,Defaulted
LOAN05100,CUST06837,BR059,Education Loan,2021-02-28,211538.13,7.04,180,159076.58,Pending
LOAN05101,CUST01817,BR045,Business Loan,2025-09-07,3785943.25,11.84,180,904764.31,Closed
LOAN05102,CUST01950,BR020,Home Loan,2020-08-26,5198942.46,8.62,36,4540579.66,Pending
LOAN05103,CUST01464,BR003,Education Loan,2021-08-10,1362880.45,9.94,24,1357552.64,Pending
LOAN05104,CUST05369,BR007,Business Loan,2022-03-23,3410594.66,12.5,48,2430400.24,Active
LOAN05105,CUST07483,BR054,Home Loan,2020-07-29,6001222.66,11.13,36,5753780.06,Pending
LOAN05106,CUST01480,BR049,Education Loan,2024-11-06,706254.82,11.46,24,448844.36,Active
LOAN05107,CUST01207,BR053,Personal Loan,2024-04-16,499154.29,12.06,240,43076.55,Pending
LOAN05108,CUST06857,BR047,Personal Loan,2023-11-12,198351.4,9.29,180,74327.74,Pending
LOAN05109,CUST07999,BR024,Auto Loan,2025-03-22,1489442.09,10.24,240,1370361.07,Active
LOAN05110,CUST04859,BR056,Business Loan,2024-09-14,3492520.91,14.1,240,389592.47,Closed
LOAN05111,CUST06096,BR021,Personal Loan,2024-10-17,388558.23,13.36,240,35394.84,Pending
LOAN05112,CUST07104,BR049,Home Loan,2021-03-16,3552802.15,8.08,24,1724064.15,Pending
LOAN05113,CUST03508,BR041,Personal Loan,2021-12-10,211884.56,10.87,36,106595.74,Defaulted
LOAN05114,CUST07089,BR011,Personal Loan,2024-10-31,161674.43,8.7,48,40243.54,Defaulted
LOAN05115,CUST03061,BR001,Auto Loan,2022-09-01,1608134.88,13.74,60,1202138.48,Active
LOAN05116,CUST02016,BR015,Home Loan,2023-05-01,7717042.72,14.11,24,3442401.21,Pending
LOAN05117,CUST06397,BR031,Auto Loan,2023-06-20,585937.36,14.8,48,80209.62,Pending
LOAN05118,CUST03036,BR023,Personal Loan,2022-08-21,694834.75,8.05,60,197761.68,Defaulted
LOAN05119,CUST04743,BR010,Education Loan,2023-04-11,837190.6,9.14,12,813298.27,Active
LOAN05120,CUST07322,BR002,Personal Loan,2025-11-15,480231.58,7.51,84,411463.8,Pending
LOAN05121,CUST01378,BR058,Education Loan,2021-12-02,802904.05,9.03,180,155170.26,Defaulted
LOAN05122,CUST04789,BR030,Personal Loan,2020-10-04,353889.15,10.42,60,292152.31,Closed
LOAN05123,CUST07373,BR041,Personal Loan,2024-11-23,150014.32,15.09,84,35125.7,Active
LOAN05124,CUST05071,BR038,Education Loan,2020-01-27,631662.71,11.65,84,163166.98,Defaulted
LOAN05125,CUST03499,BR051,Personal Loan,2020-06-04,51049.97,14.58,36,48666.49,Defaulted
LOAN05126,CUST04439,BR040,Business Loan,2025-12-04,4092455.4,7.21,24,2833206.19,Pending
LOAN05127,CUST02967,BR033,Auto Loan,2021-10-22,837077.82,13.34,48,478608.33,Active
LOAN05128,CUST01825,BR059,Auto Loan,2023-06-01,1812993.54,7.12,48,965966.84,Pending
LOAN05129,CUST01816,BR028,Personal Loan,2020-08-29,305794.52,9.32,240,284828.83,Active
LOAN05130,CUST00967,BR035,Education Loan,2025-01-14,855113.53,10.72,120,357016.01,Defaulted
LOAN05131,CUST04007,BR029,Business Loan,2025-06-15,3230635.98,14.76,84,1075802.16,Closed
LOAN05132,CUST07401,BR016,Auto Loan,2024-07-26,1326834.33,12.51,60,673323.23,Defaulted
LOAN05133,CUST03385,BR025,Education Loan,2020-06-26,1167150.06,7.32,36,1147703.99,Closed
LOAN05134,CUST00560,BR039,Home Loan,2020-09-21,7244654.01,14.12,180,368564.77,Active
LOAN05135,CUST00796,BR030,Auto Loan,2023-05-26,782934.97,15.34,48,127067.53,Defaulted
LOAN05136,CUST03582,BR008,Education Loan,2023-08-22,1128952.27,12.99,48,787243.69,Defaulted
LOAN05137,CUST07307,BR054,Personal Loan,2024-02-20,93391.56,10.61,60,45682.88,Closed
LOAN05138,CUST02482,BR004,Education Loan,2020-07-08,824709.41,8.8,120,313961.55,Pending
LOAN05139,CUST05663,BR011,Personal Loan,2020-10-06,533923.89,10.2,60,475392.97,Closed
LOAN05140,CUST05129,BR058,Education Loan,2022-11-27,965087.56,8.56,84,430356.55,Pending
LOAN05141,CUST01996,BR035,Business Loan,2025-07-09,4728132.98,7.31,120,3645142.47,Closed
LOAN05142,CUST00219,BR030,Business Loan,2024-05-08,3666955.0,10.03,60,606729.83,Closed
LOAN05143,CUST00221,BR003,Home Loan,2022-04-04,5057928.5,12.17,48,627028.62,Defaulted
LOAN05144,CUST04275,BR041,Education Loan,2023-12-04,825185.85,11.65,60,597508.56,Pending
LOAN05145,CUST07146,BR015,Home Loan,2020-05-07,2532050.91,11.83,84,2402177.29,Active
LOAN05146,CUST03374,BR013,Auto Loan,2025-08-18,692883.07,15.18,180,178751.46,Closed
LOAN05147,CUST03954,BR005,Business Loan,2021-04-13,4397186.81,7.26,48,3808101.96,Closed
LOAN05148,CUST07391,BR056,Home Loan,2024-02-15,2686409.8,9.84,84,2078365.62,Defaulted
LOAN05149,CUST06631,BR046,Auto Loan,2022-05-22,901701.48,14.96,60,450161.96,Closed
LOAN05150,CUST03522,BR005,Auto Loan,2025-12-17,988702.2,10.65,48,405706.62,Active
LOAN05151,CUST05904,BR012,Auto Loan,2022-07-27,728388.57,11.8,36,446104.34,Pending
LOAN05152,CUST05975,BR051,Business Loan,2022-08-06,656686.75,8.71,60,234587.2,Defaulted
LOAN05153,CUST00295,BR014,Business Loan,2025-12-09,683256.97,12.49,60,525676.17,Defaulted
LOAN05154,CUST04631,BR036,Auto Loan,2021-01-20,1937684.42,11.8,180,1641767.89,Pending
LOAN05155,CUST01505,BR044,Home Loan,2021-06-01,2870362.83,15.22,36,590347.25,Defaulted
LOAN05156,CUST04708,BR044,Home Loan,2025-03-12,5199035.51,8.04,60,3790897.57,Pending
LOAN05157,CUST02242,BR016,Business Loan,2020-07-15,519103.38,8.57,120,170276.33,Defaulted
LOAN05158,CUST00700,BR026,Auto Loan,2023-10-11,1296075.39,14.4,36,347964.33,Active
LOAN05159,CUST06240,BR048,Personal Loan,2025-04-21,509792.55,7.27,12,450471.44,Closed
LOAN05160,CUST07471,BR051,Auto Loan,2021-12-18,644787.33,10.57,84,453043.01,Defaulted
LOAN05161,CUST00369,BR021,Auto Loan,2025-08-07,1852355.63,14.97,48,1407254.31,Defaulted
LOAN05162,CUST01872,BR015,Personal Loan,2024-06-24,350392.64,11.9,84,174825.64,Defaulted
LOAN05163,CUST06735,BR033,Home Loan,2020-12-07,2176482.81,11.67,12,900084.2,Pending
LOAN05164,CUST04749,BR019,Business Loan,2021-10-03,876985.54,11.12,12,148443.73,Closed
LOAN05165,CUST04988,BR013,Auto Loan,2025-09-15,1211153.35,9.11,180,534806.66,Closed
LOAN05166,CUST02604,BR039,Personal Loan,2020-08-19,230291.65,9.84,60,129181.88,Active
LOAN05167,CUST02457,BR027,Personal Loan,2021-02-26,86880.0,11.44,12,86004.29,Active
LOAN05168,CUST07375,BR038,Business Loan,2021-10-13,2185247.24,12.03,120,1638176.95,Active
LOAN05169,CUST01340,BR007,Home Loan,2023-01-22,6805166.25,9.96,36,2949193.74,Closed
LOAN05170,CUST07396,BR060,Auto Loan,2021-04-23,1718567.66,7.03,60,1540929.74,Closed
LOAN05171,CUST06675,BR057,Business Loan,2024-05-18,3612470.27,11.77,84,1137754.23,Pending
LOAN05172,CUST01608,BR027,Personal Loan,2021-12-01,389171.76,11.72,120,203469.67,Pending
LOAN05173,CUST05013,BR020,Business Loan,2024-10-21,627728.62,9.35,24,511961.3,Defaulted
LOAN05174,CUST03295,BR006,Education Loan,2020-11-08,479758.71,13.68,12,246705.0,Pending
LOAN05175,CUST06287,BR045,Home Loan,2020-10-28,949146.46,11.0,240,743361.57,Active
LOAN05176,CUST04752,BR052,Auto Loan,2022-09-02,1152300.91,13.19,240,980193.29,Defaulted
LOAN05177,CUST01206,BR008,Education Loan,2024-04-03,318085.55,11.75,180,207319.25,Active
LOAN05178,CUST04171,BR031,Education Loan,2022-09-25,932954.59,8.59,36,495700.99,Active
LOAN05179,CUST01664,BR027,Home Loan,2021-08-10,3046891.41,9.62,240,1928156.31,Active
LOAN05180,CUST05585,BR028,Personal Loan,2022-03-01,371815.95,12.24,180,220855.96,Pending
LOAN05181,CUST05751,BR038,Business Loan,2024-04-08,805589.28,9.91,60,355518.05,Defaulted
LOAN05182,CUST00242,BR033,Personal Loan,2020-08-04,561941.84,10.73,240,460137.5,Closed
LOAN05183,CUST04968,BR049,Business Loan,2021-01-16,2161908.9,13.93,240,964921.78,Active
LOAN05184,CUST00868,BR030,Business Loan,2021-03-06,4835315.95,11.02,84,3722974.09,Defaulted
LOAN05185,CUST03019,BR048,Personal Loan,2020-10-03,484519.46,11.89,36,257913.13,Active
LOAN05186,CUST01235,BR049,Personal Loan,2020-03-20,334508.34,8.22,48,124274.13,Closed
LOAN05187,CUST07274,BR039,Business Loan,2024-11-12,748772.67,10.64,120,317039.13,Pending
LOAN05188,CUST01697,BR045,Business Loan,2021-05-15,3211563.57,12.8,36,2240541.07,Pending
LOAN05189,CUST06644,BR003,Auto Loan,2022-09-16,326392.66,10.07,120,99388.08,Closed
LOAN05190,CUST05284,BR025,Auto Loan,2022-10-24,1984292.02,11.54,60,266799.19,Defaulted
LOAN05191,CUST05388,BR038,Business Loan,2025-01-31,4748066.81,8.02,120,1355719.16,Pending
LOAN05192,CUST04158,BR050,Auto Loan,2020-10-13,939294.32,10.93,24,140849.43,Defaulted
LOAN05193,CUST00282,BR026,Business Loan,2022-12-17,2732961.67,8.97,120,1977797.38,Closed
LOAN05194,CUST02432,BR008,Home Loan,2023-10-18,4918255.82,10.42,12,4735739.23,Pending
LOAN05195,CUST03477,BR048,Business Loan,2022-07-21,3862647.32,9.16,240,1809381.33,Active
LOAN05196,CUST06385,BR031,Home Loan,2024-09-22,7640373.49,13.22,180,5951848.39,Active
LOAN05197,CUST07703,BR050,Auto Loan,2025-08-28,1261458.72,9.68,36,653531.16,Defaulted
LOAN05198,CUST07845,BR025,Home Loan,2022-12-01,4052847.22,8.99,24,3360669.89,Defaulted
LOAN05199,CUST03043,BR041,Auto Loan,2022-01-17,245963.94,10.77,240,165824.35,Closed
LOAN05200,CUST01412,BR060,Education Loan,2022-09-12,1224927.2,13.43,12,519985.35,Defaulted
LOAN05201,CUST05914,BR057,Business Loan,2025-09-20,4456896.37,7.71,240,2410102.75,Active
LOAN05202,CUST03108,BR030,Business Loan,2023-06-11,3695059.37,13.94,36,817938.81,Closed
LOAN05203,CUST01233,BR035,Business Loan,2024-05-12,3076727.07,10.78,84,2114601.97,Defaulted
LOAN05204,CUST02135,BR007,Home Loan,2023-07-18,1974619.88,12.48,12,803001.04,Defaulted
LOAN05205,CUST01330,BR042,Home Loan,2020-05-31,2960552.46,10.25,48,1485909.53,Closed
LOAN05206,CUST07250,BR006,Home Loan,2020-09-02,7632471.94,14.97,60,2747813.29,Pending
LOAN05207,CUST07915,BR017,Education Loan,2022-01-09,1312694.82,7.99,84,937285.02,Pending
LOAN05208,CUST02010,BR039,Personal Loan,2020-07-06,255311.96,15.39,36,223712.45,Closed
LOAN05209,CUST04773,BR016,Home Loan,2025-02-21,1216708.35,13.46,84,231982.27,Closed
LOAN05210,CUST05293,BR056,Education Loan,2024-07-02,643857.91,12.93,24,57233.5,Active
LOAN05211,CUST04913,BR056,Auto Loan,2021-01-26,1805677.54,12.27,120,1241602.64,Active
LOAN05212,CUST01328,BR030,Personal Loan,2022-11-13,379906.95,11.14,48,111181.16,Pending
LOAN05213,CUST03347,BR037,Auto Loan,2023-08-17,471724.01,9.54,240,142418.35,Closed
LOAN05214,CUST01292,BR007,Business Loan,2023-05-24,3380290.86,7.22,60,1837986.04,Pending
LOAN05215,CUST00809,BR029,Home Loan,2021-05-26,5738968.0,14.84,24,2841063.53,Pending
LOAN05216,CUST00736,BR051,Education Loan,2023-02-26,663683.48,10.12,24,544107.49,Defaulted
LOAN05217,CUST02701,BR036,Home Loan,2021-01-29,7355849.27,7.64,48,2445004.47,Active
LOAN05218,CUST03997,BR004,Personal Loan,2025-10-31,130256.18,10.96,24,11297.9,Closed
LOAN05219,CUST02013,BR034,Business Loan,2021-08-12,3247275.01,14.29,240,1492292.91,Closed
LOAN05220,CUST05033,BR058,Home Loan,2020-05-18,4007719.4,8.82,120,1165878.72,Closed
LOAN05221,CUST00975,BR045,Personal Loan,2020-01-08,414963.11,14.33,36,133571.34,Defaulted
LOAN05222,CUST03777,BR011,Home Loan,2021-04-20,2568750.51,13.89,180,1133940.17,Active
LOAN05223,CUST02308,BR033,Personal Loan,2020-01-19,295747.2,14.35,24,202249.03,Defaulted
LOAN05224,CUST02160,BR056,Business Loan,2021-08-10,1570246.31,12.77,36,646057.6,Active
LOAN05225,CUST06952,BR023,Auto Loan,2022-10-18,1826331.1,15.3,36,650707.03,Closed
LOAN05226,CUST05025,BR038,Home Loan,2022-01-23,4195632.13,15.44,180,1171486.59,Defaulted
LOAN05227,CUST05230,BR059,Home Loan,2025-06-19,7170684.5,12.95,180,6118268.03,Active
LOAN05228,CUST05642,BR059,Personal Loan,2024-09-29,126249.54,11.96,24,126127.11,Closed
LOAN05229,CUST03757,BR041,Education Loan,2024-11-26,1434028.78,9.73,60,1142742.44,Defaulted
LOAN05230,CUST07415,BR015,Auto Loan,2023-08-20,236986.86,12.55,120,172162.66,Pending
LOAN05231,CUST00260,BR039,Auto Loan,2020-02-05,1728711.58,11.44,12,752122.82,Pending
LOAN05232,CUST00277,BR016,Auto Loan,2020-10-11,1209084.52,13.11,180,412452.12,Active
LOAN05233,CUST00615,BR011,Home Loan,2020-08-16,7249649.98,10.9,240,5651180.02,Pending
LOAN05234,CUST04767,BR033,Education Loan,2021-12-15,1183831.31,14.34,12,165301.79,Active
LOAN05235,CUST06251,BR058,Home Loan,2024-01-26,3424975.56,7.33,48,1503048.14,Active
LOAN05236,CUST06868,BR002,Business Loan,2020-09-06,1833747.19,7.34,24,1736299.86,Closed
LOAN05237,CUST06359,BR018,Personal Loan,2025-03-14,419943.0,13.03,240,353199.46,Active
LOAN05238,CUST02232,BR056,Business Loan,2025-10-16,3141916.74,9.8,12,2553623.37,Active
LOAN05239,CUST03558,BR060,Business Loan,2024-02-06,4946781.59,13.01,12,2835578.49,Defaulted
LOAN05240,CUST01697,BR005,Business Loan,2024-09-21,3035748.62,9.01,120,2484840.19,Defaulted
LOAN05241,CUST02182,BR017,Education Loan,2024-11-21,904484.79,10.96,36,389716.05,Pending
LOAN05242,CUST01302,BR049,Education Loan,2020-12-21,746947.9,13.36,180,614866.36,Defaulted
LOAN05243,CUST06273,BR051,Auto Loan,2020-11-23,679370.37,9.75,36,586225.11,Closed
LOAN05244,CUST03889,BR058,Personal Loan,2023-03-02,536907.84,9.9,180,121483.16,Active
LOAN05245,CUST04688,BR056,Home Loan,2021-10-26,5044984.52,14.96,12,1608370.51,Active
LOAN05246,CUST01296,BR039,Personal Loan,2022-07-10,397114.65,11.12,84,31609.94,Closed
LOAN05247,CUST00219,BR019,Personal Loan,2025-03-14,105280.13,8.16,84,70757.35,Closed
LOAN05248,CUST07626,BR037,Business Loan,2020-08-19,463250.24,10.61,60,231526.17,Active
LOAN05249,CUST03299,BR024,Home Loan,2020-07-15,4350906.29,14.86,24,1336318.17,Closed
LOAN05250,CUST07063,BR035,Personal Loan,2025-12-26,60313.24,13.04,36,7605.53,Pending
LOAN05251,CUST05447,BR011,Business Loan,2024-02-17,4668446.61,12.49,240,3970466.42,Closed
LOAN05252,CUST01097,BR021,Education Loan,2021-06-06,174313.22,8.97,180,167496.73,Pending
LOAN05253,CUST04063,BR018,Home Loan,2025-05-23,6978460.86,11.85,24,2721875.53,Pending
LOAN05254,CUST07380,BR029,Education Loan,2025-10-24,1479513.06,9.1,36,85276.83,Pending
LOAN05255,CUST07222,BR004,Education Loan,2023-06-10,1179789.86,12.02,24,630991.27,Active
LOAN05256,CUST07517,BR004,Education Loan,2023-10-27,1222658.98,12.61,240,436816.35,Active
LOAN05257,CUST03876,BR046,Auto Loan,2023-02-20,966345.52,8.48,84,313360.8,Defaulted
LOAN05258,CUST01398,BR038,Business Loan,2023-06-22,2374890.84,11.66,120,2206433.88,Pending
LOAN05259,CUST07189,BR042,Auto Loan,2020-09-25,1233342.67,8.81,84,287268.22,Defaulted
LOAN05260,CUST01213,BR017,Education Loan,2025-06-18,496086.72,12.31,180,105690.43,Active
LOAN05261,CUST01254,BR006,Auto Loan,2020-03-03,1714073.3,8.39,36,961504.49,Defaulted
LOAN05262,CUST04856,BR018,Home Loan,2023-01-04,7489375.27,10.05,12,2172774.67,Defaulted
LOAN05263,CUST06058,BR040,Personal Loan,2020-06-07,74296.83,12.72,24,21188.98,Closed
LOAN05264,CUST01169,BR010,Home Loan,2021-04-27,6521945.3,12.49,48,4627579.81,Active
LOAN05265,CUST01253,BR034,Auto Loan,2023-11-28,1527502.91,11.4,12,676690.26,Active
LOAN05266,CUST04608,BR049,Business Loan,2022-09-10,1734185.08,7.89,36,1080150.13,Pending
LOAN05267,CUST00613,BR009,Personal Loan,2021-06-10,221386.61,7.96,24,131499.22,Defaulted
LOAN05268,CUST05903,BR006,Auto Loan,2022-10-22,1850905.76,8.63,48,634849.01,Defaulted
LOAN05269,CUST07549,BR015,Business Loan,2023-02-28,4043955.04,7.18,12,440657.12,Closed
LOAN05270,CUST07022,BR057,Personal Loan,2024-08-14,535419.65,10.65,24,371555.78,Closed
LOAN05271,CUST07840,BR052,Home Loan,2024-09-14,3278235.69,9.35,48,1978545.22,Pending
LOAN05272,CUST05428,BR004,Education Loan,2021-01-07,796384.99,10.96,24,304315.37,Defaulted
LOAN05273,CUST05451,BR024,Education Loan,2020-06-15,730288.54,11.16,84,692063.06,Closed
LOAN05274,CUST06980,BR055,Auto Loan,2022-06-11,1552738.15,14.7,24,318926.06,Defaulted
LOAN05275,CUST06611,BR048,Business Loan,2024-03-14,4446401.45,7.83,12,1939906.25,Defaulted
LOAN05276,CUST07161,BR030,Business Loan,2020-06-07,756934.57,10.89,24,185869.2,Defaulted
LOAN05277,CUST07639,BR028,Personal Loan,2022-09-05,562598.39,14.83,180,275703.76,Pending
LOAN05278,CUST06180,BR048,Auto Loan,2023-11-22,404888.55,10.05,60,151639.81,Active
LOAN05279,CUST00901,BR023,Personal Loan,2024-05-20,152702.63,11.49,24,54013.22,Active
LOAN05280,CUST03500,BR005,Personal Loan,2021-03-09,95222.0,12.13,84,17653.26,Pending
LOAN05281,CUST03384,BR043,Auto Loan,2024-04-22,636031.38,8.21,180,191287.94,Active
LOAN05282,CUST06226,BR010,Personal Loan,2020-07-21,545952.66,8.95,36,39579.69,Defaulted
LOAN05283,CUST06491,BR003,Business Loan,2024-08-03,1194465.74,11.03,180,968211.95,Closed
LOAN05284,CUST04413,BR008,Education Loan,2023-12-24,934735.0,10.06,24,518986.14,Defaulted
LOAN05285,CUST03907,BR047,Business Loan,2024-10-11,1739613.21,10.11,60,567516.73,Active
LOAN05286,CUST04843,BR050,Auto Loan,2023-12-09,1531162.03,14.35,120,883110.35,Defaulted
LOAN05287,CUST05534,BR031,Business Loan,2024-07-20,3322229.17,11.77,60,420994.81,Pending
LOAN05288,CUST02541,BR028,Education Loan,2023-01-07,1300872.31,12.39,84,458485.87,Defaulted
LOAN05289,CUST07606,BR012,Personal Loan,2025-07-15,663596.89,14.78,120,457443.44,Pending
LOAN05290,CUST06312,BR025,Education Loan,2022-02-22,1028930.78,13.66,12,752316.98,Pending
LOAN05291,CUST03089,BR029,Education Loan,2021-08-08,195877.09,13.76,84,173213.2,Active
LOAN05292,CUST06430,BR014,Business Loan,2020-03-29,1567920.1,12.89,12,1061215.17,Closed
LOAN05293,CUST00969,BR043,Home Loan,2021-11-10,6419296.94,7.74,180,5752654.35,Closed
LOAN05294,CUST04224,BR055,Education Loan,2021-01-14,698059.68,7.15,36,269072.69,Closed
LOAN05295,CUST06602,BR050,Auto Loan,2021-11-12,962245.05,12.98,120,577118.69,Closed
LOAN05296,CUST00219,BR017,Home Loan,2022-10-23,6484271.2,10.5,12,417376.85,Defaulted
LOAN05297,CUST04625,BR030,Personal Loan,2020-03-28,460369.19,9.76,120,68592.19,Active
LOAN05298,CUST02129,BR056,Personal Loan,2023-01-29,336510.13,10.58,36,277911.76,Defaulted
LOAN05299,CUST05134,BR044,Personal Loan,2020-11-03,774606.96,7.55,120,583507.26,Defaulted
LOAN05300,CUST03562,BR002,Personal Loan,2024-11-25,328464.2,13.5,120,319048.08,Closed
LOAN05301,CUST06184,BR005,Home Loan,2025-11-10,7459137.42,7.4,84,5204194.34,Pending
LOAN05302,CUST06113,BR035,Auto Loan,2022-01-14,798722.32,13.83,36,454879.17,Closed
LOAN05303,CUST06676,BR058,Personal Loan,2024-09-30,738155.49,11.75,36,416592.8,Defaulted
LOAN05304,CUST05597,BR026,Business Loan,2021-08-17,1699166.26,8.26,24,791537.46,Active
LOAN05305,CUST06415,BR031,Personal Loan,2025-12-18,326094.39,14.31,180,30187.51,Pending
LOAN05306,CUST05386,BR031,Personal Loan,2024-09-24,567041.64,11.81,180,504977.57,Closed
LOAN05307,CUST05424,BR045,Auto Loan,2022-06-12,1831773.48,9.04,60,521781.59,Active
LOAN05308,CUST05575,BR011,Personal Loan,2025-02-02,632782.73,12.19,180,487579.9,Defaulted
LOAN05309,CUST07353,BR025,Personal Loan,2025-01-04,87181.06,7.61,84,30427.53,Pending
LOAN05310,CUST02840,BR009,Business Loan,2023-11-15,2393839.66,12.15,24,929551.53,Closed
LOAN05311,CUST02680,BR056,Personal Loan,2022-04-10,391177.04,7.72,24,196783.26,Active
LOAN05312,CUST04973,BR003,Auto Loan,2020-11-16,348159.05,12.16,12,242645.21,Pending
LOAN05313,CUST02179,BR014,Education Loan,2025-02-11,872080.09,9.43,84,632683.73,Pending
LOAN05314,CUST07826,BR005,Business Loan,2023-07-14,805766.66,13.51,240,624845.43,Defaulted
LOAN05315,CUST00136,BR002,Education Loan,2023-02-21,569948.12,14.93,120,291885.32,Closed
LOAN05316,CUST05770,BR041,Auto Loan,2025-02-15,260482.31,7.0,180,168577.01,Closed
LOAN05317,CUST05472,BR009,Home Loan,2025-01-26,5305147.09,12.69,120,4069240.02,Active
LOAN05318,CUST06903,BR058,Auto Loan,2021-11-15,1467087.99,11.69,240,139510.87,Closed
LOAN05319,CUST00580,BR045,Home Loan,2024-12-30,3043526.78,10.91,36,713688.01,Active
LOAN05320,CUST03274,BR049,Home Loan,2025-06-14,7894405.21,10.68,24,7769898.05,Active
LOAN05321,CUST07595,BR016,Auto Loan,2023-02-20,772061.67,9.32,60,574086.1,Defaulted
LOAN05322,CUST03372,BR047,Business Loan,2021-01-11,1196094.94,15.06,12,1157983.25,Defaulted
LOAN05323,CUST02075,BR051,Personal Loan,2024-07-06,369432.67,14.63,120,62714.56,Defaulted
LOAN05324,CUST02316,BR013,Personal Loan,2025-10-28,701414.32,7.45,36,203415.81,Pending
LOAN05325,CUST01566,BR010,Home Loan,2023-01-18,5745764.09,12.63,48,3188758.22,Active
LOAN05326,CUST02507,BR005,Auto Loan,2023-10-12,1812046.35,11.41,12,171531.48,Closed
LOAN05327,CUST03772,BR030,Business Loan,2022-07-08,1754704.83,12.2,60,458694.09,Defaulted
LOAN05328,CUST00382,BR033,Education Loan,2025-05-02,403621.37,11.01,120,187739.48,Active
LOAN05329,CUST02491,BR026,Auto Loan,2024-04-28,508389.21,9.53,24,460234.53,Closed
LOAN05330,CUST05154,BR011,Education Loan,2025-07-26,923024.6,11.94,84,879244.99,Active
LOAN05331,CUST06859,BR042,Business Loan,2025-03-07,2389370.98,12.4,120,1466416.84,Defaulted
LOAN05332,CUST04377,BR010,Business Loan,2020-09-28,4712240.24,14.81,24,1949902.4,Pending
LOAN05333,CUST03675,BR018,Personal Loan,2020-08-07,519816.37,8.54,60,322395.78,Closed
LOAN05334,CUST07015,BR029,Auto Loan,2024-08-04,1909469.54,13.73,180,917426.64,Defaulted
LOAN05335,CUST03146,BR023,Education Loan,2020-04-02,553396.05,8.21,180,355448.59,Defaulted
LOAN05336,CUST03314,BR039,Personal Loan,2021-04-23,765231.01,11.26,180,114581.6,Defaulted
LOAN05337,CUST07222,BR008,Auto Loan,2025-06-23,694892.99,14.19,24,526327.13,Closed
LOAN05338,CUST00740,BR038,Personal Loan,2025-01-15,210580.07,14.79,60,36010.18,Active
LOAN05339,CUST05522,BR042,Home Loan,2021-10-03,5521191.74,14.56,24,2168650.42,Pending
LOAN05340,CUST06854,BR013,Home Loan,2024-10-25,5336356.9,13.94,240,3691389.75,Pending
LOAN05341,CUST03786,BR014,Personal Loan,2023-07-23,380892.49,13.89,36,57656.25,Defaulted
LOAN05342,CUST04304,BR047,Business Loan,2022-12-26,4546937.04,10.73,60,4422443.86,Pending
LOAN05343,CUST00241,BR013,Education Loan,2024-10-03,519331.31,11.89,48,461245.53,Closed
LOAN05344,CUST02355,BR022,Personal Loan,2022-09-14,579647.28,13.1,60,363525.93,Defaulted
LOAN05345,CUST03958,BR053,Business Loan,2022-03-23,1871032.33,9.49,12,1471536.93,Closed
LOAN05346,CUST05111,BR048,Education Loan,2024-06-30,814721.33,10.39,240,230451.24,Active
LOAN05347,CUST04355,BR017,Business Loan,2022-10-16,563127.2,12.41,84,374991.88,Closed
LOAN05348,CUST00556,BR023,Business Loan,2021-06-06,2629328.36,8.77,240,624567.54,Pending
LOAN05349,CUST05809,BR009,Home Loan,2020-01-28,5097064.8,15.28,48,551157.09,Closed
LOAN05350,CUST04946,BR035,Business Loan,2023-04-18,3034152.76,8.07,120,603517.2,Pending
LOAN05351,CUST03929,BR048,Auto Loan,2021-06-20,896541.34,12.39,60,445509.56,Active
LOAN05352,CUST01405,BR033,Education Loan,2024-03-19,737383.34,10.84,48,275533.77,Active
LOAN05353,CUST06615,BR019,Home Loan,2022-08-28,5389036.56,11.59,48,4488675.0,Pending
LOAN05354,CUST03888,BR009,Auto Loan,2022-07-24,1764021.37,14.3,84,1695819.52,Pending
LOAN05355,CUST03011,BR036,Business Loan,2020-10-23,2881499.31,14.93,48,1409031.25,Active
LOAN05356,CUST01642,BR049,Personal Loan,2025-10-17,686843.51,12.78,24,190873.68,Pending
LOAN05357,CUST07633,BR034,Home Loan,2025-05-24,4357480.67,10.05,12,602762.94,Closed
LOAN05358,CUST02327,BR035,Education Loan,2025-01-15,641545.89,7.13,12,572158.91,Closed
LOAN05359,CUST03009,BR009,Business Loan,2022-04-18,1733074.06,8.92,180,276962.9,Defaulted
LOAN05360,CUST07514,BR020,Home Loan,2020-06-23,2130879.67,8.36,48,502341.92,Active
LOAN05361,CUST07963,BR014,Auto Loan,2025-01-31,1815420.6,7.29,240,1425168.55,Active
LOAN05362,CUST05688,BR029,Home Loan,2022-01-12,7357560.27,14.88,12,4157395.59,Pending
LOAN05363,CUST06174,BR029,Home Loan,2022-05-27,5428095.85,13.87,48,3596278.31,Pending
LOAN05364,CUST07461,BR035,Home Loan,2020-11-10,2093581.82,10.17,60,1727610.87,Closed
LOAN05365,CUST04656,BR058,Home Loan,2021-11-14,4756385.51,12.32,48,3920844.35,Pending
LOAN05366,CUST06426,BR045,Home Loan,2025-04-14,6386428.73,8.49,180,3617469.87,Active
LOAN05367,CUST05492,BR060,Education Loan,2022-10-28,609944.14,15.23,240,495847.49,Active
LOAN05368,CUST07370,BR013,Auto Loan,2025-04-09,1904504.8,9.44,120,350251.6,Active
LOAN05369,CUST07443,BR006,Home Loan,2022-04-15,2920027.09,13.22,36,666800.89,Active
LOAN05370,CUST04059,BR016,Education Loan,2025-01-05,815791.17,12.06,120,60936.51,Pending
LOAN05371,CUST06183,BR045,Home Loan,2024-06-21,3068942.35,13.52,240,1992014.21,Defaulted
LOAN05372,CUST07501,BR028,Personal Loan,2023-06-21,489963.34,12.82,84,476471.33,Defaulted
LOAN05373,CUST03605,BR045,Personal Loan,2022-05-21,184229.71,13.57,12,24144.38,Pending
LOAN05374,CUST03349,BR037,Home Loan,2021-01-28,5124739.3,15.13,60,2283669.59,Pending
LOAN05375,CUST07236,BR036,Education Loan,2021-05-02,660834.76,15.36,60,41347.49,Defaulted
LOAN05376,CUST04445,BR012,Personal Loan,2022-11-20,653393.57,9.93,48,225395.61,Closed
LOAN05377,CUST06327,BR052,Personal Loan,2023-01-03,554095.93,12.77,24,128090.68,Defaulted
LOAN05378,CUST02410,BR005,Business Loan,2023-11-27,1545623.08,11.43,12,1180518.39,Active
LOAN05379,CUST03759,BR035,Auto Loan,2023-11-12,1654137.67,11.03,36,707241.94,Defaulted
LOAN05380,CUST05816,BR004,Home Loan,2023-11-05,5851348.19,13.22,240,4626646.31,Defaulted
LOAN05381,CUST07071,BR001,Personal Loan,2023-08-14,667878.87,12.69,12,135343.26,Defaulted
LOAN05382,CUST07294,BR047,Home Loan,2020-02-01,4888570.03,9.36,84,1260028.52,Active
LOAN05383,CUST04484,BR031,Education Loan,2022-05-22,542311.78,8.37,36,139322.18,Pending
LOAN05384,CUST02443,BR038,Business Loan,2022-03-01,2474528.18,12.91,240,2331457.21,Defaulted
LOAN05385,CUST06729,BR053,Home Loan,2023-10-17,892401.57,14.93,84,508263.05,Closed
LOAN05386,CUST07841,BR054,Personal Loan,2022-09-13,255765.48,9.29,120,21533.47,Defaulted
LOAN05387,CUST07999,BR025,Business Loan,2022-12-14,875503.63,9.45,60,476961.0,Pending
LOAN05388,CUST05368,BR026,Personal Loan,2021-03-10,122114.96,8.45,120,77480.21,Closed
LOAN05389,CUST03351,BR038,Auto Loan,2022-12-30,926348.32,11.77,24,348553.58,Closed
LOAN05390,CUST04321,BR024,Personal Loan,2024-03-30,483599.32,13.74,36,337315.95,Active
LOAN05391,CUST03076,BR024,Personal Loan,2024-11-18,388375.36,14.09,240,140034.4,Defaulted
LOAN05392,CUST06896,BR055,Personal Loan,2023-09-20,180797.56,10.66,84,9160.16,Pending
LOAN05393,CUST02141,BR017,Home Loan,2022-08-15,2111621.1,12.35,180,1517168.95,Active
LOAN05394,CUST05794,BR029,Business Loan,2021-04-15,4643623.12,14.2,60,4044007.07,Pending
LOAN05395,CUST03058,BR014,Personal Loan,2022-03-18,384501.51,7.45,240,285874.75,Pending
LOAN05396,CUST02658,BR026,Business Loan,2023-06-21,4827997.71,14.21,24,4368890.95,Active
LOAN05397,CUST05313,BR009,Education Loan,2025-08-25,766371.73,14.91,120,654744.19,Active
LOAN05398,CUST07945,BR054,Business Loan,2021-09-21,1415904.8,11.77,36,138657.38,Pending
LOAN05399,CUST03245,BR013,Home Loan,2024-06-14,4996024.12,12.84,24,4662229.64,Closed
LOAN05400,CUST05630,BR036,Personal Loan,2024-01-15,650112.5,9.85,120,90748.74,Closed
LOAN05401,CUST06486,BR050,Personal Loan,2025-08-13,486285.38,8.35,12,130882.63,Closed
LOAN05402,CUST00710,BR019,Personal Loan,2023-05-27,318322.67,9.54,24,77218.74,Closed
LOAN05403,CUST06489,BR016,Education Loan,2022-01-26,1266451.51,14.23,84,261642.85,Closed
LOAN05404,CUST00582,BR050,Home Loan,2024-03-30,1755770.68,7.83,84,1508595.68,Closed
LOAN05405,CUST00578,BR036,Business Loan,2025-05-13,4566676.97,15.19,240,1600735.06,Pending
LOAN05406,CUST01922,BR015,Education Loan,2021-05-09,1392974.04,13.2,120,1345412.88,Active
LOAN05407,CUST03561,BR055,Home Loan,2024-12-17,6531701.04,11.49,12,3776798.96,Defaulted
LOAN05408,CUST01102,BR055,Home Loan,2023-06-02,7677504.93,10.67,48,3483537.56,Pending
LOAN05409,CUST05064,BR049,Personal Loan,2025-10-06,321697.94,15.01,120,36099.96,Pending
LOAN05410,CUST05842,BR012,Home Loan,2021-12-24,6930118.87,7.27,24,4481296.1,Defaulted
LOAN05411,CUST01246,BR033,Education Loan,2022-08-26,351130.04,8.35,120,75589.35,Closed
LOAN05412,CUST01528,BR002,Business Loan,2022-05-04,2189939.05,8.23,180,492991.37,Defaulted
LOAN05413,CUST04964,BR015,Auto Loan,2022-11-07,1019249.91,8.47,60,127600.82,Defaulted
LOAN05414,CUST02641,BR041,Personal Loan,2021-09-22,224052.67,12.79,24,78571.94,Closed
LOAN05415,CUST03413,BR023,Personal Loan,2023-08-25,479736.66,11.7,60,58358.84,Pending
LOAN05416,CUST06843,BR057,Home Loan,2023-01-19,7332195.46,7.27,60,1887430.83,Pending
LOAN05417,CUST01024,BR055,Personal Loan,2023-11-10,703026.42,7.39,240,626861.36,Pending
LOAN05418,CUST00710,BR025,Business Loan,2023-10-14,1797485.97,14.74,120,749941.63,Defaulted
LOAN05419,CUST07257,BR002,Home Loan,2025-03-08,7640541.91,7.86,36,5205279.72,Pending
LOAN05420,CUST00624,BR046,Business Loan,2022-02-08,4373177.69,11.88,180,2945073.16,Closed
LOAN05421,CUST04205,BR029,Auto Loan,2020-12-15,248225.51,7.78,36,146110.79,Active
LOAN05422,CUST07294,BR059,Personal Loan,2025-07-01,346247.02,12.86,12,30876.87,Defaulted
LOAN05423,CUST06774,BR041,Education Loan,2024-05-06,578492.34,10.16,240,336917.53,Closed
LOAN05424,CUST03865,BR008,Business Loan,2022-05-16,2487305.31,12.36,24,485350.03,Closed
LOAN05425,CUST00665,BR036,Business Loan,2022-10-09,937354.04,9.5,120,747785.56,Active
LOAN05426,CUST04381,BR058,Education Loan,2022-07-28,649109.2,14.55,24,121156.73,Pending
LOAN05427,CUST05323,BR054,Business Loan,2021-04-11,4251244.31,11.9,84,346706.24,Active
LOAN05428,CUST06148,BR007,Personal Loan,2023-02-25,640674.35,8.2,12,393135.91,Active
LOAN05429,CUST06224,BR018,Auto Loan,2021-04-11,820297.83,11.36,48,126847.25,Active
LOAN05430,CUST01289,BR039,Auto Loan,2022-04-22,1966654.58,15.16,60,1842433.89,Defaulted
LOAN05431,CUST05867,BR048,Education Loan,2023-10-02,1052463.22,14.44,36,1026529.67,Defaulted
LOAN05432,CUST07257,BR029,Auto Loan,2022-10-15,393308.03,7.95,60,292592.11,Defaulted
LOAN05433,CUST03553,BR015,Personal Loan,2025-10-26,724798.79,11.63,180,315681.86,Defaulted
LOAN05434,CUST01715,BR060,Home Loan,2023-11-26,7394191.77,11.98,120,3386398.98,Closed
LOAN05435,CUST05134,BR056,Auto Loan,2024-08-08,1153814.64,7.99,36,799273.06,Defaulted
LOAN05436,CUST07431,BR037,Education Loan,2021-11-17,532894.79,11.7,60,114160.11,Closed
LOAN05437,CUST03598,BR015,Education Loan,2024-01-29,246977.05,8.27,240,143591.36,Defaulted
LOAN05438,CUST01070,BR047,Education Loan,2024-06-03,893894.58,13.56,84,705295.16,Pending
LOAN05439,CUST06334,BR009,Auto Loan,2024-12-11,582886.72,14.95,240,134986.83,Pending
LOAN05440,CUST04554,BR047,Education Loan,2023-05-29,1187309.34,10.46,24,150788.53,Active
LOAN05441,CUST07234,BR054,Business Loan,2023-11-02,1513525.95,11.42,240,177675.99,Pending
LOAN05442,CUST01162,BR043,Personal Loan,2022-07-21,502756.23,7.92,36,354382.28,Pending
LOAN05443,CUST05817,BR046,Auto Loan,2025-09-21,1941444.64,14.04,12,1242722.0,Defaulted
LOAN05444,CUST03357,BR024,Home Loan,2025-11-01,1862550.5,13.44,48,1660758.55,Closed
LOAN05445,CUST07944,BR028,Home Loan,2020-10-27,1703714.88,14.85,120,1514609.18,Defaulted
LOAN05446,CUST04398,BR014,Home Loan,2021-12-04,5927023.93,13.32,180,2742974.17,Pending
LOAN05447,CUST03454,BR004,Home Loan,2023-03-10,2741020.38,9.58,84,505127.2,Pending
LOAN05448,CUST07116,BR009,Auto Loan,2021-04-27,1449254.71,13.65,36,1301240.15,Pending
LOAN05449,CUST02504,BR012,Education Loan,2023-10-03,464212.68,10.59,240,254041.14,Active
LOAN05450,CUST01962,BR033,Education Loan,2020-11-19,278162.6,9.43,12,123015.73,Pending
LOAN05451,CUST06214,BR038,Personal Loan,2025-11-29,177486.53,8.66,180,12652.47,Pending
LOAN05452,CUST02288,BR013,Education Loan,2023-09-09,627042.87,8.1,120,597055.41,Defaulted
LOAN05453,CUST07026,BR049,Personal Loan,2024-10-27,642520.66,14.96,84,517101.92,Defaulted
LOAN05454,CUST07728,BR028,Personal Loan,2020-08-13,262051.53,13.8,24,218858.52,Pending
LOAN05455,CUST02063,BR049,Home Loan,2023-09-24,6157216.92,14.49,120,5517130.82,Active
LOAN05456,CUST01074,BR014,Business Loan,2023-08-19,1070600.66,13.7,84,941808.56,Closed
LOAN05457,CUST02493,BR013,Home Loan,2024-12-13,2932511.5,8.2,120,2876631.91,Pending
LOAN05458,CUST01636,BR034,Home Loan,2024-12-09,1806933.15,13.61,84,182345.4,Active
LOAN05459,CUST00579,BR001,Business Loan,2022-03-10,2229409.07,12.78,24,719447.41,Active
LOAN05460,CUST07702,BR010,Personal Loan,2023-02-06,219779.07,9.73,36,138389.93,Closed
LOAN05461,CUST04907,BR037,Personal Loan,2025-09-12,130955.28,11.42,180,66131.07,Pending
LOAN05462,CUST06169,BR013,Home Loan,2021-01-25,7768524.93,11.23,24,6276242.79,Defaulted
LOAN05463,CUST06637,BR018,Business Loan,2023-12-13,4429721.17,11.11,120,530900.54,Pending
LOAN05464,CUST04650,BR032,Home Loan,2020-12-14,6095409.95,11.59,48,5371141.3,Closed
LOAN05465,CUST05439,BR059,Education Loan,2022-10-10,558120.13,9.59,180,474604.36,Defaulted
LOAN05466,CUST00783,BR034,Home Loan,2023-08-13,3001093.51,14.34,60,1107488.8,Closed
LOAN05467,CUST07726,BR046,Personal Loan,2022-05-27,498689.03,14.92,60,40195.66,Defaulted
LOAN05468,CUST05508,BR045,Home Loan,2022-07-14,3175648.68,8.58,60,3055542.8,Pending
LOAN05469,CUST00741,BR051,Auto Loan,2021-08-03,1793814.19,7.5,120,859212.81,Defaulted
LOAN05470,CUST06057,BR044,Business Loan,2025-12-11,2926605.07,14.54,180,1138436.0,Defaulted
LOAN05471,CUST01746,BR056,Home Loan,2022-04-02,3102034.56,7.8,240,2686879.37,Pending
LOAN05472,CUST03762,BR001,Auto Loan,2025-08-28,1462820.26,9.72,12,925093.01,Active
LOAN05473,CUST06321,BR043,Personal Loan,2023-01-03,540051.89,11.81,84,364534.84,Closed
LOAN05474,CUST06509,BR014,Auto Loan,2022-06-18,911184.37,11.6,60,216580.67,Defaulted
LOAN05475,CUST05963,BR041,Home Loan,2020-03-28,4358663.35,11.43,60,3754516.86,Pending
LOAN05476,CUST05787,BR017,Business Loan,2024-08-24,1681343.9,8.25,120,716587.66,Closed
LOAN05477,CUST06192,BR003,Home Loan,2024-03-03,2619346.58,8.3,120,1013014.53,Closed
LOAN05478,CUST02992,BR042,Auto Loan,2023-05-21,1304615.57,8.2,60,1065509.74,Pending
LOAN05479,CUST07365,BR035,Business Loan,2024-01-24,4470005.07,12.74,60,3149294.96,Active
LOAN05480,CUST05174,BR021,Home Loan,2023-06-10,1901020.67,13.88,120,1300000.5,Closed
LOAN05481,CUST04559,BR056,Education Loan,2020-09-24,112438.43,12.95,48,55769.25,Pending
LOAN05482,CUST05689,BR002,Education Loan,2022-12-26,596558.44,9.09,24,479753.82,Closed
LOAN05483,CUST01416,BR044,Business Loan,2025-05-05,2371794.16,9.45,12,2278805.33,Closed
LOAN05484,CUST00656,BR018,Personal Loan,2022-11-16,442618.46,14.53,12,293103.64,Closed
LOAN05485,CUST07993,BR004,Business Loan,2025-02-21,635698.38,7.82,180,469778.64,Defaulted
LOAN05486,CUST01682,BR019,Business Loan,2025-01-31,3870319.91,8.02,240,728543.24,Closed
LOAN05487,CUST00506,BR019,Education Loan,2025-09-08,893815.66,11.39,24,104800.93,Defaulted
LOAN05488,CUST01202,BR016,Personal Loan,2020-06-17,601974.52,10.39,180,250542.13,Defaulted
LOAN05489,CUST03000,BR059,Personal Loan,2022-11-02,707256.66,7.08,48,539064.08,Defaulted
LOAN05490,CUST01808,BR015,Education Loan,2020-11-15,649399.31,14.0,24,409760.35,Closed
LOAN05491,CUST04349,BR042,Home Loan,2023-02-14,7824976.65,7.17,240,893234.55,Active
LOAN05492,CUST01218,BR054,Home Loan,2021-01-29,6663301.82,8.81,48,4483274.56,Closed
LOAN05493,CUST03893,BR022,Auto Loan,2021-06-19,989988.82,10.31,12,151282.45,Active
LOAN05494,CUST05774,BR035,Auto Loan,2023-07-27,1646185.5,12.65,24,247979.4,Closed
LOAN05495,CUST06732,BR002,Home Loan,2022-11-01,7087087.91,10.71,120,6122848.71,Defaulted
LOAN05496,CUST06549,BR019,Personal Loan,2021-04-09,380309.67,10.48,240,153275.77,Pending
LOAN05497,CUST04313,BR012,Education Loan,2025-07-08,183495.89,10.66,12,72811.52,Defaulted
LOAN05498,CUST07135,BR017,Education Loan,2022-10-18,1132553.16,8.5,120,602242.88,Pending
LOAN05499,CUST06601,BR006,Education Loan,2025-03-14,739424.13,10.57,60,651231.8,Active
LOAN05500,CUST06260,BR049,Auto Loan,2023-05-16,1369397.57,15.09,120,885987.01,Pending
LOAN05501,CUST03441,BR055,Education Loan,2023-12-31,397358.75,9.52,36,303470.56,Closed
LOAN05502,CUST01233,BR040,Personal Loan,2021-05-12,304358.56,12.19,180,86942.36,Active
LOAN05503,CUST06397,BR035,Personal Loan,2021-10-22,52872.36,11.79,48,49700.76,Closed
LOAN05504,CUST04597,BR040,Home Loan,2020-02-08,5994059.86,10.37,48,3277790.65,Active
LOAN05505,CUST04921,BR056,Home Loan,2020-12-06,4913469.55,8.88,36,3778610.34,Pending
LOAN05506,CUST01914,BR045,Education Loan,2020-01-06,1300388.36,7.99,36,1092849.39,Pending
LOAN05507,CUST01437,BR016,Business Loan,2023-12-13,2157474.74,13.61,24,306523.87,Closed
LOAN05508,CUST05439,BR058,Education Loan,2025-01-26,1279545.01,7.9,24,752399.45,Active
LOAN05509,CUST05453,BR053,Home Loan,2022-11-15,1138365.65,9.96,84,602943.87,Defaulted
LOAN05510,CUST00365,BR002,Personal Loan,2024-04-10,56290.76,8.64,240,12887.94,Active
LOAN05511,CUST00486,BR028,Personal Loan,2022-09-06,784962.09,11.87,48,642506.5,Pending
LOAN05512,CUST06072,BR007,Education Loan,2022-08-30,1337969.63,11.31,24,442775.83,Pending
LOAN05513,CUST07368,BR040,Personal Loan,2025-08-01,115475.49,12.4,240,21145.05,Pending
LOAN05514,CUST00673,BR028,Business Loan,2025-09-27,2680702.6,12.6,84,977426.99,Closed
LOAN05515,CUST06856,BR056,Business Loan,2020-07-12,2202264.12,8.69,84,1934203.62,Closed
LOAN05516,CUST04475,BR039,Home Loan,2023-04-17,3026804.37,9.26,24,1684383.97,Closed
LOAN05517,CUST04333,BR059,Auto Loan,2023-10-21,1341597.53,14.25,48,860782.14,Defaulted
LOAN05518,CUST03703,BR042,Business Loan,2021-02-18,1477113.48,11.53,240,245135.03,Closed
LOAN05519,CUST07028,BR027,Personal Loan,2024-03-02,396049.5,13.8,60,56692.51,Pending
LOAN05520,CUST04959,BR019,Home Loan,2021-10-02,3987856.61,13.61,180,2166394.09,Pending
LOAN05521,CUST06415,BR024,Business Loan,2024-10-27,2378172.77,7.05,180,1407456.49,Defaulted
LOAN05522,CUST05780,BR060,Business Loan,2024-08-28,2242842.49,12.76,48,913020.81,Active
LOAN05523,CUST07365,BR023,Home Loan,2025-01-02,6055775.26,13.22,60,5204136.05,Active
LOAN05524,CUST07916,BR023,Auto Loan,2022-05-31,479742.76,9.96,12,110233.26,Closed
LOAN05525,CUST02120,BR042,Business Loan,2022-11-12,3083800.57,10.41,12,2010384.8,Pending
LOAN05526,CUST07205,BR034,Auto Loan,2021-03-09,309488.06,11.08,120,63536.15,Pending
LOAN05527,CUST06938,BR032,Auto Loan,2025-08-10,1603793.53,13.33,36,1183581.11,Active
LOAN05528,CUST04334,BR017,Education Loan,2022-02-25,1476487.59,13.34,84,884113.69,Active
LOAN05529,CUST06623,BR041,Auto Loan,2025-10-22,1126601.97,14.77,60,227749.95,Defaulted
LOAN05530,CUST05028,BR035,Home Loan,2023-01-01,1786303.47,14.59,24,818281.63,Closed
LOAN05531,CUST00049,BR009,Auto Loan,2020-12-13,782750.51,14.11,60,748196.07,Active
LOAN05532,CUST04695,BR046,Home Loan,2022-12-25,6346120.57,13.95,60,2986869.31,Closed
LOAN05533,CUST01030,BR031,Auto Loan,2020-12-03,1082103.25,10.6,12,568972.54,Pending
LOAN05534,CUST07679,BR053,Home Loan,2020-10-25,4589733.38,14.82,12,817022.4,Closed
LOAN05535,CUST03022,BR002,Auto Loan,2023-04-24,779439.47,9.49,24,672678.95,Active
LOAN05536,CUST00442,BR006,Business Loan,2023-11-20,3729216.96,12.0,24,200571.9,Active
LOAN05537,CUST02849,BR004,Home Loan,2025-01-20,7281553.38,9.97,36,3955296.46,Pending
LOAN05538,CUST02050,BR031,Personal Loan,2023-01-09,527223.66,8.24,240,325137.95,Pending
LOAN05539,CUST03522,BR008,Personal Loan,2023-08-27,179979.57,11.44,84,59952.39,Active
LOAN05540,CUST00971,BR003,Education Loan,2024-06-03,474884.74,13.24,24,303205.54,Pending
LOAN05541,CUST03905,BR046,Business Loan,2021-07-02,3659483.8,8.19,180,3117018.71,Closed
LOAN05542,CUST03366,BR053,Education Loan,2025-08-03,511875.72,9.4,24,164810.82,Defaulted
LOAN05543,CUST05731,BR003,Education Loan,2024-09-12,1372993.41,14.16,48,1173473.18,Pending
LOAN05544,CUST07095,BR047,Home Loan,2022-10-03,6237397.27,15.05,240,4893930.97,Defaulted
LOAN05545,CUST00463,BR055,Business Loan,2021-09-15,1837616.04,9.37,84,937599.92,Closed
LOAN05546,CUST04243,BR015,Business Loan,2021-06-02,2302213.62,11.45,12,1939332.61,Pending
LOAN05547,CUST06023,BR034,Education Loan,2021-04-13,1076220.79,10.68,180,59949.63,Defaulted
LOAN05548,CUST00604,BR021,Personal Loan,2023-03-07,523222.29,10.41,48,358485.34,Defaulted
LOAN05549,CUST05504,BR055,Home Loan,2025-04-12,7467015.87,13.65,60,3638838.44,Defaulted
LOAN05550,CUST06216,BR058,Business Loan,2021-09-17,1003124.89,15.37,180,392710.23,Active
LOAN05551,CUST01511,BR008,Personal Loan,2020-05-14,180359.11,12.92,120,52057.05,Active
LOAN05552,CUST05834,BR047,Business Loan,2022-03-05,2505191.4,13.1,24,1216356.58,Defaulted
LOAN05553,CUST07257,BR049,Education Loan,2020-12-28,1043073.75,10.27,240,731348.38,Defaulted
LOAN05554,CUST07521,BR047,Business Loan,2020-09-23,3880311.89,14.85,24,964050.82,Closed
LOAN05555,CUST02019,BR020,Business Loan,2025-05-08,2837184.77,10.14,48,2110162.96,Defaulted
LOAN05556,CUST00414,BR018,Home Loan,2023-05-19,3055437.3,13.25,240,1925596.54,Pending
LOAN05557,CUST07549,BR033,Home Loan,2025-09-07,895025.4,7.7,84,397221.67,Active
LOAN05558,CUST02546,BR024,Personal Loan,2021-10-31,279208.94,12.74,24,118820.2,Closed
LOAN05559,CUST04972,BR040,Home Loan,2023-03-28,6770405.32,10.51,240,6676691.97,Pending
LOAN05560,CUST04163,BR008,Personal Loan,2024-06-27,264628.42,10.64,36,195456.61,Defaulted
LOAN05561,CUST03236,BR039,Business Loan,2022-05-21,4571405.12,7.74,84,4013644.09,Closed
LOAN05562,CUST06064,BR059,Personal Loan,2021-07-26,416024.04,8.48,120,71436.71,Defaulted
LOAN05563,CUST05545,BR038,Home Loan,2021-12-23,6394832.27,12.77,84,3020300.25,Defaulted
LOAN05564,CUST05913,BR051,Business Loan,2023-04-11,1691407.65,8.0,24,520614.63,Pending
LOAN05565,CUST04218,BR057,Auto Loan,2024-10-09,1585475.8,11.64,24,352509.79,Active
LOAN05566,CUST01983,BR025,Personal Loan,2025-10-26,592901.97,10.13,240,40284.27,Pending
LOAN05567,CUST07682,BR019,Home Loan,2022-10-14,5042551.27,8.81,180,436470.58,Pending
LOAN05568,CUST00559,BR052,Business Loan,2020-11-12,2570145.28,8.1,84,210170.75,Pending
LOAN05569,CUST00619,BR017,Home Loan,2021-01-13,3062953.88,8.91,84,2586458.39,Active
LOAN05570,CUST04314,BR025,Education Loan,2020-09-22,941292.45,10.4,60,678892.82,Active
LOAN05571,CUST03167,BR039,Business Loan,2023-03-23,1867698.07,11.71,48,1373699.17,Closed
LOAN05572,CUST00612,BR018,Business Loan,2024-01-29,3105426.2,7.71,180,1571461.3,Closed
LOAN05573,CUST05990,BR011,Home Loan,2022-04-12,5584788.42,13.34,60,5229993.1,Pending
LOAN05574,CUST06319,BR040,Home Loan,2021-06-11,2386498.13,12.37,84,1418899.92,Closed
LOAN05575,CUST07652,BR040,Auto Loan,2020-01-23,576058.15,9.35,240,217789.22,Active
LOAN05576,CUST00857,BR045,Auto Loan,2024-07-16,1191817.95,9.5,180,1055991.37,Closed
LOAN05577,CUST01907,BR052,Education Loan,2025-08-20,306903.7,7.56,180,154304.05,Defaulted
LOAN05578,CUST03366,BR055,Education Loan,2025-06-13,427040.17,11.13,84,279837.33,Closed
LOAN05579,CUST07030,BR031,Education Loan,2023-10-19,963589.81,8.85,120,391874.53,Active
LOAN05580,CUST00945,BR029,Personal Loan,2020-01-10,122838.2,8.5,48,18865.93,Defaulted
LOAN05581,CUST00712,BR058,Auto Loan,2020-09-03,1454276.97,15.33,180,600145.6,Defaulted
LOAN05582,CUST06961,BR038,Personal Loan,2022-12-26,334480.59,8.72,240,279963.82,Active
LOAN05583,CUST05587,BR016,Business Loan,2024-10-26,1566488.13,12.67,84,135799.39,Pending
LOAN05584,CUST07697,BR035,Auto Loan,2020-11-11,1171684.89,13.04,120,135671.46,Defaulted
LOAN05585,CUST01418,BR060,Education Loan,2024-03-04,1209546.29,10.8,84,713276.49,Closed
LOAN05586,CUST06251,BR018,Auto Loan,2020-01-06,1737272.44,12.78,120,1229355.59,Defaulted
LOAN05587,CUST01133,BR032,Home Loan,2021-12-23,3273815.17,9.6,60,308229.39,Active
LOAN05588,CUST00013,BR050,Auto Loan,2023-01-01,838664.76,9.58,180,200613.41,Defaulted
LOAN05589,CUST05729,BR051,Education Loan,2020-05-31,410945.09,12.08,48,410380.15,Active
LOAN05590,CUST00494,BR033,Home Loan,2023-08-17,3179100.7,10.55,60,883970.59,Closed
LOAN05591,CUST07582,BR024,Business Loan,2023-09-06,2586084.45,14.5,180,248705.99,Active
LOAN05592,CUST06990,BR047,Home Loan,2025-02-19,4889930.6,14.41,60,1335468.03,Defaulted
LOAN05593,CUST04970,BR042,Auto Loan,2024-08-22,924168.5,11.36,48,474058.65,Closed
LOAN05594,CUST02200,BR058,Home Loan,2023-05-29,6866206.17,9.9,36,1023710.07,Active
LOAN05595,CUST04337,BR009,Auto Loan,2022-02-15,1512415.64,14.61,84,1511544.4,Active
LOAN05596,CUST07486,BR023,Auto Loan,2023-08-05,782901.17,12.94,48,754513.52,Active
LOAN05597,CUST00410,BR002,Home Loan,2025-02-16,7733634.0,13.61,12,3841658.89,Active
LOAN05598,CUST07801,BR048,Personal Loan,2023-12-28,405750.04,10.45,180,110515.2,Pending
LOAN05599,CUST07424,BR049,Home Loan,2022-03-22,7316059.48,10.17,24,1103829.31,Pending
LOAN05600,CUST00812,BR011,Education Loan,2021-06-11,1199291.2,11.53,240,671989.3,Defaulted
LOAN05601,CUST07240,BR019,Education Loan,2023-03-30,1109732.58,7.63,84,625399.93,Defaulted
LOAN05602,CUST01486,BR028,Auto Loan,2023-09-25,1180884.99,10.23,12,382802.91,Closed
LOAN05603,CUST00186,BR019,Personal Loan,2024-02-21,702505.53,10.89,60,411242.08,Closed
LOAN05604,CUST05427,BR051,Auto Loan,2025-11-18,1776636.09,14.2,12,965870.29,Closed
LOAN05605,CUST07168,BR024,Personal Loan,2022-05-16,223882.64,10.45,240,189478.14,Pending
LOAN05606,CUST05598,BR030,Home Loan,2020-10-13,5210117.56,13.37,84,3085665.88,Pending
LOAN05607,CUST01453,BR038,Education Loan,2021-09-27,1274764.53,14.59,84,299339.2,Pending
LOAN05608,CUST01468,BR014,Auto Loan,2024-03-17,1786508.67,12.4,240,886094.68,Pending
LOAN05609,CUST01120,BR002,Auto Loan,2025-01-01,207751.39,9.31,60,103375.22,Pending
LOAN05610,CUST02790,BR023,Home Loan,2020-06-16,2395976.88,8.8,120,2320738.43,Closed
LOAN05611,CUST01490,BR019,Auto Loan,2024-07-25,1030558.81,11.65,24,556490.76,Pending
LOAN05612,CUST05932,BR034,Home Loan,2021-03-03,6992738.64,8.19,36,3243306.92,Pending
LOAN05613,CUST03835,BR026,Education Loan,2022-04-12,1290337.92,12.46,48,481926.7,Active
LOAN05614,CUST00421,BR005,Auto Loan,2023-04-28,1984242.35,11.7,84,635448.89,Active
LOAN05615,CUST04043,BR016,Home Loan,2023-12-17,928929.02,7.21,180,657830.77,Pending
LOAN05616,CUST02002,BR002,Education Loan,2024-06-04,862703.56,7.33,24,251263.77,Defaulted
LOAN05617,CUST06136,BR057,Business Loan,2022-06-10,715972.63,12.05,24,525582.79,Defaulted
LOAN05618,CUST04702,BR017,Home Loan,2025-04-15,898425.51,13.69,84,724888.46,Closed
LOAN05619,CUST01031,BR017,Business Loan,2025-06-22,2438055.06,12.32,48,1746698.51,Closed
LOAN05620,CUST07746,BR001,Business Loan,2025-03-07,1447781.33,13.32,180,363264.41,Closed
LOAN05621,CUST01648,BR044,Education Loan,2024-02-19,180744.93,14.16,84,165695.42,Active
LOAN05622,CUST03144,BR005,Auto Loan,2022-03-13,337641.26,12.98,36,334215.06,Closed
LOAN05623,CUST05154,BR004,Business Loan,2025-10-18,3755691.58,15.22,60,2902356.81,Active
LOAN05624,CUST04976,BR038,Personal Loan,2023-11-19,470115.51,11.93,180,389961.4,Defaulted
LOAN05625,CUST03793,BR057,Education Loan,2022-11-02,492683.66,11.11,84,427302.86,Closed
LOAN05626,CUST04202,BR048,Home Loan,2023-10-25,5984782.52,14.73,12,1536913.73,Defaulted
LOAN05627,CUST03530,BR016,Home Loan,2025-09-24,1540307.01,8.9,240,744796.04,Active
LOAN05628,CUST00462,BR013,Home Loan,2023-02-02,2346561.74,8.08,36,1471516.9,Active
LOAN05629,CUST00396,BR014,Home Loan,2022-05-05,3329431.72,8.58,12,2506237.23,Active
LOAN05630,CUST03310,BR046,Business Loan,2024-07-02,3022860.31,7.02,48,1780790.56,Defaulted
LOAN05631,CUST01004,BR027,Education Loan,2022-04-23,1092505.35,11.33,60,570549.18,Defaulted
LOAN05632,CUST03020,BR001,Home Loan,2023-08-15,6412092.73,8.13,12,2962068.46,Active
LOAN05633,CUST03499,BR031,Personal Loan,2021-05-09,113855.19,11.03,12,33145.01,Closed
LOAN05634,CUST06436,BR010,Business Loan,2020-03-03,1593592.23,15.31,48,1320946.5,Pending
LOAN05635,CUST03355,BR003,Education Loan,2023-03-01,890956.95,11.12,180,470948.53,Closed
LOAN05636,CUST05217,BR031,Auto Loan,2021-01-11,747909.57,11.01,48,310923.21,Active
LOAN05637,CUST07438,BR032,Auto Loan,2021-05-25,501020.67,12.37,36,147843.53,Pending
LOAN05638,CUST07501,BR019,Auto Loan,2020-08-28,1351687.3,14.02,84,213716.71,Pending
LOAN05639,CUST02308,BR004,Home Loan,2020-11-22,2739707.93,9.18,12,568853.25,Defaulted
LOAN05640,CUST00021,BR027,Home Loan,2025-05-05,1258979.14,11.63,60,1165132.14,Closed
LOAN05641,CUST03181,BR042,Home Loan,2025-01-07,6755115.69,13.67,60,6674916.18,Pending
LOAN05642,CUST06270,BR044,Business Loan,2022-12-13,4179764.93,7.71,24,3362750.99,Closed
LOAN05643,CUST01551,BR035,Education Loan,2021-07-30,399004.03,11.07,240,352658.73,Defaulted
LOAN05644,CUST05702,BR036,Auto Loan,2023-05-31,793631.97,8.11,12,290501.04,Pending
LOAN05645,CUST01196,BR018,Home Loan,2021-08-16,5419733.21,10.69,120,1760691.01,Pending
LOAN05646,CUST07815,BR004,Education Loan,2025-10-06,1312131.58,12.9,48,128413.63,Pending
LOAN05647,CUST05406,BR001,Auto Loan,2020-09-24,1687526.47,10.55,12,685627.5,Defaulted
LOAN05648,CUST01965,BR024,Auto Loan,2021-04-27,285945.48,9.02,36,39153.78,Active
LOAN05649,CUST03981,BR024,Auto Loan,2025-08-03,1783347.86,12.01,24,718070.28,Closed
LOAN05650,CUST01558,BR042,Auto Loan,2021-10-26,504650.69,9.19,120,259768.72,Defaulted
LOAN05651,CUST06909,BR003,Home Loan,2020-11-18,7417355.11,13.12,84,697340.13,Pending
LOAN05652,CUST01107,BR011,Home Loan,2020-04-19,4585877.18,12.19,36,1368469.67,Defaulted
LOAN05653,CUST08000,BR018,Business Loan,2021-08-11,1666569.0,14.28,240,521361.67,Defaulted
LOAN05654,CUST04156,BR043,Auto Loan,2021-03-30,410845.21,10.06,84,332961.87,Defaulted
LOAN05655,CUST01712,BR018,Personal Loan,2020-11-15,196964.74,8.85,36,81907.3,Active
LOAN05656,CUST00331,BR031,Business Loan,2021-07-24,2378042.51,14.57,120,586573.48,Closed
LOAN05657,CUST03516,BR007,Business Loan,2023-02-09,2173542.87,9.87,84,1882721.89,Closed
LOAN05658,CUST00575,BR037,Education Loan,2023-05-29,1009907.68,9.84,180,625964.94,Active
LOAN05659,CUST03609,BR033,Personal Loan,2021-12-13,297102.34,14.45,120,239464.01,Pending
LOAN05660,CUST00848,BR006,Home Loan,2024-07-25,3608652.56,13.44,36,609056.59,Pending
LOAN05661,CUST03933,BR010,Auto Loan,2021-04-26,1965763.15,7.34,84,859568.41,Active
LOAN05662,CUST04929,BR049,Business Loan,2023-08-28,1073892.49,7.1,240,77029.93,Active
LOAN05663,CUST01627,BR056,Auto Loan,2025-01-20,924278.57,9.55,48,760450.86,Defaulted
LOAN05664,CUST05435,BR034,Education Loan,2021-03-01,455937.17,12.97,240,226409.07,Closed
LOAN05665,CUST05222,BR018,Education Loan,2024-02-15,1437159.32,13.5,240,660486.82,Active
LOAN05666,CUST06532,BR014,Education Loan,2022-10-24,846120.28,8.8,36,209792.8,Active
LOAN05667,CUST04215,BR056,Education Loan,2024-09-19,525081.79,12.82,12,372035.41,Active
LOAN05668,CUST03346,BR032,Personal Loan,2023-03-29,257366.05,15.09,240,113751.87,Pending
LOAN05669,CUST07119,BR006,Business Loan,2020-02-24,2798220.01,15.46,60,989126.07,Closed
LOAN05670,CUST00621,BR033,Personal Loan,2022-07-23,733829.92,10.8,24,170312.0,Active
LOAN05671,CUST07561,BR033,Personal Loan,2020-11-19,241876.47,10.57,36,152156.4,Active
LOAN05672,CUST00725,BR046,Education Loan,2020-05-05,1084934.14,9.35,36,529320.64,Defaulted
LOAN05673,CUST03936,BR059,Education Loan,2020-09-29,210545.85,10.54,240,112796.98,Defaulted
LOAN05674,CUST03784,BR044,Education Loan,2020-11-23,574685.02,11.94,240,275325.31,Pending
LOAN05675,CUST03284,BR037,Personal Loan,2025-03-06,350421.47,12.48,48,259319.48,Pending
LOAN05676,CUST06089,BR042,Home Loan,2022-08-21,3260924.49,9.47,60,893242.48,Pending
LOAN05677,CUST01597,BR050,Business Loan,2020-01-01,1015245.52,14.16,84,832822.03,Defaulted
LOAN05678,CUST00701,BR033,Home Loan,2020-05-25,873338.21,14.46,84,640831.91,Pending
LOAN05679,CUST00220,BR058,Education Loan,2025-04-29,373454.29,13.42,48,250913.95,Active
LOAN05680,CUST00414,BR015,Business Loan,2022-01-05,2739176.9,12.17,36,2651250.94,Closed
LOAN05681,CUST00351,BR044,Education Loan,2023-07-22,386264.92,8.67,36,46985.93,Closed
LOAN05682,CUST07717,BR025,Business Loan,2025-12-29,2295412.89,8.82,120,387114.18,Closed
LOAN05683,CUST00188,BR039,Auto Loan,2025-11-09,243223.58,11.76,36,56401.25,Closed
LOAN05684,CUST02804,BR039,Auto Loan,2022-09-07,1937740.25,8.35,60,1514043.3,Defaulted
LOAN05685,CUST03008,BR012,Business Loan,2020-12-20,4470758.62,7.51,180,1600771.27,Defaulted
LOAN05686,CUST05166,BR036,Personal Loan,2025-09-13,453409.52,15.23,48,220701.12,Defaulted
LOAN05687,CUST00996,BR015,Home Loan,2024-07-06,4938514.87,10.06,24,3662517.46,Closed
LOAN05688,CUST02774,BR050,Auto Loan,2024-03-13,1140565.0,9.97,60,86402.14,Active
LOAN05689,CUST01785,BR045,Home Loan,2024-12-23,3449589.97,9.46,84,2945697.03,Defaulted
LOAN05690,CUST04661,BR013,Personal Loan,2021-09-29,384295.06,13.04,120,132090.2,Active
LOAN05691,CUST07297,BR059,Home Loan,2020-05-13,7512764.97,11.12,240,5454772.88,Pending
LOAN05692,CUST01402,BR021,Education Loan,2022-12-26,727992.21,13.8,240,151000.57,Pending
LOAN05693,CUST03079,BR024,Personal Loan,2024-06-13,357393.47,13.75,180,331124.08,Defaulted
LOAN05694,CUST00290,BR013,Personal Loan,2020-08-18,351214.89,13.89,240,348653.75,Defaulted
LOAN05695,CUST02852,BR023,Personal Loan,2022-09-07,508350.07,8.31,12,270962.75,Defaulted
LOAN05696,CUST03644,BR055,Home Loan,2021-12-03,3350594.52,11.37,60,350851.42,Active
LOAN05697,CUST07703,BR016,Education Loan,2020-07-14,436895.45,11.66,84,143321.02,Closed
LOAN05698,CUST02031,BR012,Business Loan,2023-08-31,1005224.1,11.86,240,326822.34,Active
LOAN05699,CUST01681,BR002,Personal Loan,2024-10-21,400018.75,8.88,240,81876.76,Pending
LOAN05700,CUST03512,BR004,Business Loan,2023-06-30,2559985.15,15.45,48,697236.44,Pending
LOAN05701,CUST05021,BR036,Auto Loan,2020-10-13,1303093.85,13.95,12,1294923.09,Pending
LOAN05702,CUST02775,BR047,Personal Loan,2024-11-18,323773.25,14.28,84,261047.03,Closed
LOAN05703,CUST07506,BR056,Auto Loan,2024-02-16,1328201.79,10.7,180,677546.12,Active
LOAN05704,CUST02754,BR007,Business Loan,2025-09-19,3949199.66,12.26,36,3942868.37,Defaulted
LOAN05705,CUST07625,BR019,Education Loan,2021-10-02,966486.7,13.22,12,115934.68,Closed
LOAN05706,CUST06701,BR014,Business Loan,2020-01-26,3257440.89,12.07,48,477631.4,Defaulted
LOAN05707,CUST05272,BR024,Education Loan,2023-08-06,174490.94,7.14,180,111780.49,Defaulted
LOAN05708,CUST03591,BR036,Auto Loan,2020-02-20,567874.13,10.3,240,340260.95,Active
LOAN05709,CUST04405,BR040,Personal Loan,2020-02-08,791899.4,10.28,48,42001.2,Defaulted
LOAN05710,CUST05504,BR037,Education Loan,2021-10-17,784463.42,12.34,48,476683.54,Closed
LOAN05711,CUST04656,BR049,Business Loan,2021-07-17,2771885.18,9.8,240,891845.36,Active
LOAN05712,CUST02824,BR051,Personal Loan,2021-11-20,709769.97,8.93,24,480850.09,Closed
LOAN05713,CUST07431,BR018,Education Loan,2023-04-26,886169.96,9.71,24,806540.85,Pending
LOAN05714,CUST02573,BR025,Business Loan,2022-03-19,1942310.46,11.66,48,649615.73,Active
LOAN05715,CUST07476,BR017,Personal Loan,2020-09-20,132451.1,10.65,24,100532.98,Active
LOAN05716,CUST02204,BR042,Education Loan,2024-05-14,1463872.88,14.72,60,1199082.51,Active
LOAN05717,CUST00881,BR043,Auto Loan,2025-12-03,1072882.41,9.29,84,973489.56,Closed
LOAN05718,CUST02215,BR041,Auto Loan,2021-07-22,1386755.04,14.25,24,88847.09,Defaulted
LOAN05719,CUST00170,BR008,Home Loan,2024-12-30,6316053.78,14.3,84,1306548.12,Pending
LOAN05720,CUST06039,BR008,Business Loan,2025-08-29,1161788.2,11.95,180,872742.36,Defaulted
LOAN05721,CUST01515,BR005,Home Loan,2024-12-04,6435815.63,9.61,84,1741110.89,Defaulted
LOAN05722,CUST03060,BR008,Auto Loan,2024-03-12,537825.76,14.98,120,289955.99,Closed
LOAN05723,CUST02143,BR030,Business Loan,2025-01-01,1701580.84,12.21,180,98005.3,Defaulted
LOAN05724,CUST04919,BR046,Education Loan,2025-11-28,1170687.63,8.72,240,1144655.0,Active
LOAN05725,CUST01031,BR013,Personal Loan,2022-11-20,358045.38,10.04,24,237308.64,Defaulted
LOAN05726,CUST03075,BR024,Home Loan,2021-06-01,5576654.33,14.8,12,5137450.39,Defaulted
LOAN05727,CUST07503,BR007,Auto Loan,2021-07-18,1401343.91,11.14,120,667628.92,Pending
LOAN05728,CUST06824,BR055,Business Loan,2021-06-23,2752980.86,10.39,180,269789.32,Active
LOAN05729,CUST03620,BR039,Business Loan,2024-09-09,2071148.05,12.1,36,887027.91,Closed
LOAN05730,CUST06587,BR049,Personal Loan,2020-01-01,145193.16,13.79,36,68033.63,Defaulted
LOAN05731,CUST06219,BR030,Auto Loan,2020-02-01,225511.39,14.59,240,131103.65,Active
LOAN05732,CUST02191,BR036,Personal Loan,2023-05-30,513459.1,12.33,180,329789.38,Defaulted
LOAN05733,CUST06762,BR025,Personal Loan,2024-03-04,652318.27,7.57,12,211493.41,Pending
LOAN05734,CUST07306,BR038,Personal Loan,2024-04-27,408919.25,14.49,84,369465.06,Pending
LOAN05735,CUST07246,BR042,Auto Loan,2023-11-17,635461.02,14.87,12,292733.43,Active
LOAN05736,CUST07311,BR017,Auto Loan,2024-09-17,840402.62,14.57,84,400112.33,Pending
LOAN05737,CUST01391,BR047,Business Loan,2022-02-14,4558756.6,8.11,84,3804917.05,Defaulted
LOAN05738,CUST01025,BR054,Business Loan,2022-01-15,3463414.39,7.28,12,1783265.92,Closed
LOAN05739,CUST00445,BR048,Business Loan,2022-05-10,1379468.32,7.73,180,850160.46,Pending
LOAN05740,CUST03589,BR035,Home Loan,2023-07-08,1337553.81,7.93,180,655408.97,Pending
LOAN05741,CUST01624,BR045,Education Loan,2020-05-07,348692.73,15.1,24,53524.37,Active
LOAN05742,CUST03785,BR001,Education Loan,2020-03-31,663756.74,13.51,240,283566.64,Active
LOAN05743,CUST00428,BR050,Personal Loan,2023-08-05,649281.34,11.19,24,300919.57,Closed
LOAN05744,CUST03538,BR054,Personal Loan,2023-03-20,435210.96,11.7,180,270976.23,Pending
LOAN05745,CUST03855,BR035,Personal Loan,2021-05-19,752462.84,14.91,240,41473.25,Pending
LOAN05746,CUST07564,BR004,Home Loan,2021-02-07,3494473.59,9.51,36,2692767.6,Active
LOAN05747,CUST02060,BR016,Education Loan,2023-03-28,942653.37,13.9,84,914237.43,Defaulted
LOAN05748,CUST05082,BR041,Business Loan,2022-07-27,2779529.29,7.7,120,1086329.67,Closed
LOAN05749,CUST07432,BR052,Home Loan,2022-11-13,921207.01,10.22,36,231582.01,Closed
LOAN05750,CUST00817,BR015,Home Loan,2024-11-08,7294181.21,12.67,60,4831899.57,Closed
LOAN05751,CUST02241,BR045,Auto Loan,2024-05-13,1252644.26,9.29,36,1195836.42,Closed
LOAN05752,CUST07506,BR055,Auto Loan,2025-10-23,522286.58,7.26,36,291113.94,Active
LOAN05753,CUST01253,BR007,Business Loan,2023-06-12,1073551.45,7.75,60,127381.0,Active
LOAN05754,CUST05073,BR025,Auto Loan,2020-02-06,949658.38,13.03,12,872015.8,Defaulted
LOAN05755,CUST00648,BR050,Education Loan,2025-11-04,1224768.82,8.53,60,615485.22,Closed
LOAN05756,CUST04055,BR057,Business Loan,2025-06-23,4542329.48,11.21,24,1679339.17,Pending
LOAN05757,CUST00421,BR056,Auto Loan,2025-09-05,541356.85,9.84,12,404549.93,Active
LOAN05758,CUST04515,BR046,Personal Loan,2020-09-17,350448.65,10.79,36,136218.22,Active
LOAN05759,CUST07534,BR054,Education Loan,2020-07-18,288405.15,14.73,12,155968.61,Closed
LOAN05760,CUST05849,BR039,Business Loan,2025-09-24,3617128.36,9.91,120,945869.7,Closed
LOAN05761,CUST00982,BR036,Auto Loan,2020-05-26,864043.13,14.39,84,248059.74,Active
LOAN05762,CUST05304,BR034,Personal Loan,2025-08-03,428086.97,8.49,120,255326.41,Closed
LOAN05763,CUST02221,BR037,Home Loan,2023-07-04,1403667.75,12.45,12,193851.16,Pending
LOAN05764,CUST00959,BR002,Auto Loan,2022-08-02,774343.41,7.86,84,740504.97,Closed
LOAN05765,CUST01353,BR053,Education Loan,2023-09-26,130396.95,10.83,24,63298.31,Defaulted
LOAN05766,CUST04126,BR007,Education Loan,2024-12-25,157125.73,7.13,24,136185.84,Active
LOAN05767,CUST07679,BR028,Business Loan,2024-03-11,2385710.52,12.18,180,1609137.17,Closed
LOAN05768,CUST06801,BR045,Business Loan,2023-01-12,418335.32,11.73,48,164527.8,Closed
LOAN05769,CUST07159,BR058,Education Loan,2021-08-28,876595.3,13.13,84,791764.43,Defaulted
LOAN05770,CUST06715,BR039,Personal Loan,2022-02-10,133737.08,8.93,180,85412.01,Pending
LOAN05771,CUST00901,BR016,Business Loan,2025-06-10,578420.09,9.99,36,447536.67,Closed
LOAN05772,CUST07159,BR008,Auto Loan,2022-04-17,1440799.35,7.37,180,532603.83,Closed
LOAN05773,CUST03136,BR051,Auto Loan,2024-09-03,737610.04,13.12,240,236293.01,Defaulted
LOAN05774,CUST00487,BR041,Education Loan,2023-11-26,1055094.5,8.39,12,136344.3,Defaulted
LOAN05775,CUST05255,BR032,Home Loan,2021-01-23,7273669.68,9.71,60,4004806.09,Closed
LOAN05776,CUST02996,BR023,Auto Loan,2024-04-24,1678434.73,14.32,180,1314607.35,Closed
LOAN05777,CUST07419,BR005,Home Loan,2022-11-10,4496651.98,11.91,12,2212348.38,Active
LOAN05778,CUST01154,BR034,Education Loan,2023-06-16,693645.06,8.17,24,233413.21,Pending
LOAN05779,CUST07974,BR002,Business Loan,2024-11-27,1743089.9,9.95,24,216165.4,Active
LOAN05780,CUST06743,BR049,Education Loan,2021-06-17,761115.26,10.03,120,748479.01,Closed
LOAN05781,CUST00260,BR006,Education Loan,2025-11-03,722491.33,7.65,12,453867.5,Active
LOAN05782,CUST05941,BR038,Education Loan,2023-04-06,435062.24,13.39,48,416305.39,Defaulted
LOAN05783,CUST00603,BR007,Personal Loan,2025-10-16,73589.22,14.26,120,63947.99,Pending
LOAN05784,CUST07689,BR025,Personal Loan,2023-03-31,244936.02,14.87,180,154958.64,Pending
LOAN05785,CUST01131,BR012,Home Loan,2021-04-30,5901982.38,14.76,36,1358704.91,Defaulted
LOAN05786,CUST05972,BR014,Home Loan,2021-02-15,6576045.19,8.35,24,3330061.41,Closed
LOAN05787,CUST00597,BR044,Auto Loan,2020-01-19,1364140.64,14.77,84,217596.45,Closed
LOAN05788,CUST01255,BR042,Home Loan,2023-06-07,6440825.99,8.39,120,1800762.35,Defaulted
LOAN05789,CUST05466,BR040,Home Loan,2025-07-08,3532515.0,8.51,12,2834204.39,Closed
LOAN05790,CUST02629,BR043,Business Loan,2020-07-22,2472235.62,10.45,12,1883834.04,Defaulted
LOAN05791,CUST07585,BR016,Home Loan,2022-02-11,1536100.21,10.84,36,867603.31,Closed
LOAN05792,CUST03687,BR054,Home Loan,2024-09-22,5734853.2,12.86,240,2091120.88,Pending
LOAN05793,CUST07128,BR030,Home Loan,2023-05-16,1041947.62,13.74,240,894241.08,Defaulted
LOAN05794,CUST07505,BR022,Home Loan,2025-11-22,3657640.15,13.3,12,1267422.25,Active
LOAN05795,CUST07117,BR049,Business Loan,2024-07-07,3695040.38,15.44,60,3249802.03,Active
LOAN05796,CUST03944,BR040,Business Loan,2024-09-19,4969723.9,11.04,84,3894571.06,Closed
LOAN05797,CUST03111,BR044,Home Loan,2021-01-19,894064.63,11.94,120,786044.71,Pending
LOAN05798,CUST03322,BR033,Business Loan,2025-03-25,4155614.4,11.93,36,1645798.86,Closed
LOAN05799,CUST03585,BR042,Education Loan,2021-05-25,1446241.43,9.26,48,488175.25,Pending
LOAN05800,CUST01772,BR055,Auto Loan,2021-04-24,1090973.91,8.07,12,684954.9,Defaulted
LOAN05801,CUST06408,BR034,Personal Loan,2022-05-15,720828.65,14.39,12,256584.45,Pending
LOAN05802,CUST05462,BR011,Home Loan,2025-11-20,3815334.75,9.17,120,2359395.5,Defaulted
LOAN05803,CUST07453,BR017,Business Loan,2021-04-16,1918383.11,10.94,60,1415658.49,Active
LOAN05804,CUST00527,BR039,Personal Loan,2025-08-18,411442.7,11.79,60,191933.74,Active
LOAN05805,CUST02444,BR026,Business Loan,2023-03-11,354377.57,7.77,120,179477.59,Active
LOAN05806,CUST01780,BR044,Education Loan,2025-10-11,987236.54,8.86,60,712876.44,Pending
LOAN05807,CUST04125,BR026,Home Loan,2023-08-03,2626710.67,9.28,36,1599486.76,Pending
LOAN05808,CUST06208,BR006,Education Loan,2024-06-07,1449116.37,9.78,240,750618.13,Defaulted
LOAN05809,CUST01167,BR010,Auto Loan,2022-11-25,443325.43,7.78,120,424900.45,Active
LOAN05810,CUST00364,BR012,Personal Loan,2020-02-28,423666.45,13.67,12,25059.62,Defaulted
LOAN05811,CUST06293,BR003,Personal Loan,2020-11-22,291614.34,14.97,48,244731.66,Closed
LOAN05812,CUST02476,BR041,Auto Loan,2022-12-31,1237552.69,11.42,24,592175.8,Pending
LOAN05813,CUST01689,BR003,Home Loan,2023-11-06,1777174.19,14.83,240,925402.51,Defaulted
LOAN05814,CUST03394,BR046,Personal Loan,2025-01-30,471106.91,8.81,36,26126.59,Pending
LOAN05815,CUST07970,BR013,Personal Loan,2020-02-05,92218.78,14.49,60,39054.7,Pending
LOAN05816,CUST07359,BR002,Personal Loan,2024-07-12,407407.26,8.79,36,162142.98,Pending
LOAN05817,CUST01708,BR025,Business Loan,2020-04-12,4912738.59,13.0,120,2447923.22,Pending
LOAN05818,CUST02083,BR018,Home Loan,2025-12-19,2227007.06,8.31,60,1903613.55,Closed
LOAN05819,CUST01843,BR054,Auto Loan,2024-02-02,341158.2,15.18,48,164417.64,Closed
LOAN05820,CUST07799,BR050,Home Loan,2021-02-21,5252571.34,7.55,120,4159068.56,Closed
LOAN05821,CUST01037,BR008,Business Loan,2020-11-01,2605874.71,10.1,180,452013.56,Closed
LOAN05822,CUST04206,BR014,Home Loan,2021-09-22,5165174.01,7.47,48,349609.69,Closed
LOAN05823,CUST03439,BR005,Personal Loan,2025-12-09,174480.17,10.36,36,29018.2,Active
LOAN05824,CUST06614,BR060,Business Loan,2023-07-27,2272707.26,12.48,180,623451.11,Closed
LOAN05825,CUST05307,BR048,Personal Loan,2022-02-26,261377.32,12.27,240,201915.33,Closed
LOAN05826,CUST06110,BR023,Home Loan,2022-05-17,7614801.28,11.95,12,6263429.64,Defaulted
LOAN05827,CUST00784,BR054,Education Loan,2024-08-04,975659.13,14.58,36,743294.84,Defaulted
LOAN05828,CUST02294,BR012,Personal Loan,2021-09-14,217995.04,12.7,12,73340.98,Defaulted
LOAN05829,CUST03858,BR045,Education Loan,2021-06-09,1439448.98,12.17,60,108675.87,Pending
LOAN05830,CUST03846,BR005,Auto Loan,2021-03-07,1334076.53,7.16,60,695432.13,Pending
LOAN05831,CUST07667,BR005,Home Loan,2025-03-02,7409248.85,12.23,120,6477523.14,Active
LOAN05832,CUST03347,BR006,Personal Loan,2020-10-09,61335.19,11.2,120,40518.82,Pending
LOAN05833,CUST07924,BR026,Education Loan,2022-09-12,411727.39,7.51,48,144980.46,Defaulted
LOAN05834,CUST03790,BR016,Business Loan,2022-03-10,1921392.31,10.42,48,1170740.31,Closed
LOAN05835,CUST00732,BR033,Education Loan,2021-11-19,298392.24,12.77,84,84324.96,Active
LOAN05836,CUST06282,BR024,Personal Loan,2024-12-03,683253.4,8.31,24,104712.09,Closed
LOAN05837,CUST04638,BR023,Home Loan,2022-06-22,6429155.73,14.34,36,3353031.59,Defaulted
LOAN05838,CUST05336,BR026,Business Loan,2022-05-27,3662098.46,15.46,48,3351043.58,Pending
LOAN05839,CUST00195,BR045,Business Loan,2024-02-08,3597718.65,14.85,84,2274729.85,Pending
LOAN05840,CUST02786,BR007,Auto Loan,2021-11-09,1655461.25,8.3,24,616665.01,Defaulted
LOAN05841,CUST02995,BR002,Auto Loan,2023-04-24,707455.44,7.85,36,437640.02,Closed
LOAN05842,CUST07343,BR048,Home Loan,2022-01-04,4218834.82,7.41,180,1280031.31,Defaulted
LOAN05843,CUST03157,BR010,Business Loan,2024-02-06,2487169.93,9.56,12,1940589.0,Defaulted
LOAN05844,CUST05734,BR001,Business Loan,2023-02-23,2213486.64,14.02,60,2041313.24,Defaulted
LOAN05845,CUST07094,BR046,Education Loan,2023-11-19,638850.03,7.61,180,142289.88,Pending
LOAN05846,CUST03550,BR029,Personal Loan,2025-02-19,109487.32,8.21,36,75224.76,Pending
LOAN05847,CUST04978,BR039,Personal Loan,2024-03-14,623457.58,7.3,240,452421.51,Defaulted
LOAN05848,CUST06779,BR007,Education Loan,2021-12-15,1109519.63,9.76,84,226355.17,Defaulted
LOAN05849,CUST07400,BR035,Personal Loan,2024-09-13,543270.08,11.08,36,521955.84,Active
LOAN05850,CUST00775,BR011,Business Loan,2023-03-22,3624842.46,11.06,24,2665342.26,Closed
LOAN05851,CUST06426,BR001,Education Loan,2023-04-20,1466155.43,14.99,240,968104.66,Pending
LOAN05852,CUST04416,BR059,Home Loan,2025-06-12,2924824.25,12.14,240,2047608.85,Pending
LOAN05853,CUST03953,BR014,Business Loan,2023-10-07,1544118.95,12.12,240,916621.42,Active
LOAN05854,CUST01457,BR051,Home Loan,2024-06-20,6475442.87,11.73,12,6377706.58,Pending
LOAN05855,CUST07227,BR018,Business Loan,2025-12-15,1970344.75,10.37,120,1163177.37,Pending
LOAN05856,CUST03062,BR051,Business Loan,2023-05-04,373029.03,7.18,36,201665.1,Active
LOAN05857,CUST02220,BR056,Home Loan,2025-05-07,7765458.45,11.15,60,635972.8,Active
LOAN05858,CUST04568,BR015,Home Loan,2022-11-02,4666690.18,14.5,24,2785967.36,Defaulted
LOAN05859,CUST04294,BR048,Education Loan,2024-02-09,224938.53,13.19,48,16997.25,Defaulted
LOAN05860,CUST05051,BR008,Education Loan,2022-06-11,1034043.11,9.04,60,120341.49,Active
LOAN05861,CUST05327,BR021,Business Loan,2023-11-21,4692998.89,7.84,180,401968.44,Pending
LOAN05862,CUST04843,BR049,Business Loan,2023-11-29,730160.92,10.66,48,188316.68,Active
LOAN05863,CUST06055,BR054,Personal Loan,2024-10-09,172504.1,15.45,60,30951.05,Pending
LOAN05864,CUST07113,BR010,Business Loan,2022-11-07,651526.83,7.8,12,74415.36,Closed
LOAN05865,CUST02526,BR035,Home Loan,2020-05-21,3461730.27,14.59,24,2314952.43,Active
LOAN05866,CUST01002,BR060,Auto Loan,2023-09-05,635946.58,7.95,24,152726.04,Closed
LOAN05867,CUST06746,BR034,Auto Loan,2021-01-19,1946515.4,9.98,36,1838541.0,Pending
LOAN05868,CUST06470,BR049,Business Loan,2024-07-01,2647800.59,8.33,48,1859290.69,Defaulted
LOAN05869,CUST07811,BR011,Personal Loan,2022-03-25,258627.26,9.39,12,83194.87,Pending
LOAN05870,CUST03260,BR038,Education Loan,2025-02-05,359770.94,7.52,84,344684.19,Pending
LOAN05871,CUST06890,BR051,Education Loan,2022-09-16,569188.68,12.49,120,63425.07,Closed
LOAN05872,CUST06388,BR044,Business Loan,2023-09-19,4369994.9,8.35,120,1049416.9,Closed
LOAN05873,CUST07449,BR047,Auto Loan,2024-10-07,1347223.57,9.45,84,767813.84,Closed
LOAN05874,CUST00649,BR037,Personal Loan,2025-12-17,547664.9,11.29,48,253210.41,Closed
LOAN05875,CUST07835,BR051,Home Loan,2020-08-13,3752946.31,13.35,36,1407348.5,Defaulted
LOAN05876,CUST05769,BR042,Personal Loan,2025-08-16,722960.98,10.78,84,290398.39,Pending
LOAN05877,CUST05218,BR045,Auto Loan,2023-12-22,1990373.33,7.23,180,1407805.57,Pending
LOAN05878,CUST00750,BR023,Personal Loan,2025-07-11,397675.86,11.74,180,247188.6,Active
LOAN05879,CUST06058,BR040,Education Loan,2024-01-13,948654.18,14.9,36,458705.92,Active
LOAN05880,CUST05082,BR046,Home Loan,2023-08-24,4499072.77,15.31,180,1406091.96,Active
LOAN05881,CUST04385,BR016,Education Loan,2020-12-06,1061609.78,11.44,120,129803.01,Pending
LOAN05882,CUST05875,BR039,Personal Loan,2022-06-19,458780.71,11.19,180,219908.75,Defaulted
LOAN05883,CUST02094,BR058,Auto Loan,2021-08-03,477255.94,12.6,180,409715.17,Closed
LOAN05884,CUST05162,BR012,Home Loan,2025-05-01,3589790.58,14.19,36,701778.4,Active
LOAN05885,CUST06091,BR001,Auto Loan,2023-04-30,840121.18,11.51,24,245478.09,Closed
LOAN05886,CUST01277,BR024,Home Loan,2020-09-09,3714377.37,13.93,36,922131.91,Closed
LOAN05887,CUST01167,BR037,Education Loan,2021-05-21,1392085.52,14.48,84,790853.32,Closed
LOAN05888,CUST01500,BR043,Business Loan,2020-02-06,4823846.68,15.28,36,4774239.88,Defaulted
LOAN05889,CUST04329,BR014,Education Loan,2024-10-17,756324.77,15.34,36,245983.83,Closed
LOAN05890,CUST03580,BR024,Business Loan,2020-05-02,2231179.62,9.73,120,306902.85,Active
LOAN05891,CUST00380,BR003,Personal Loan,2021-05-18,138756.21,8.86,48,131501.53,Pending
LOAN05892,CUST07778,BR012,Home Loan,2022-03-02,1184086.3,11.56,60,573567.6,Active
LOAN05893,CUST06071,BR042,Business Loan,2023-08-07,2307813.66,14.57,48,1093680.48,Defaulted
LOAN05894,CUST02771,BR008,Home Loan,2022-06-28,6860628.78,7.74,24,3257700.26,Pending
LOAN05895,CUST05552,BR043,Business Loan,2024-01-26,3012473.69,8.65,60,1361375.95,Pending
LOAN05896,CUST03549,BR051,Business Loan,2023-09-06,2943539.61,11.46,60,2068130.06,Active
LOAN05897,CUST03982,BR050,Home Loan,2022-12-10,6445615.39,10.77,48,5759204.75,Defaulted
LOAN05898,CUST07914,BR004,Auto Loan,2023-07-08,1480482.26,11.83,180,633722.72,Active
LOAN05899,CUST00923,BR011,Education Loan,2020-05-24,596865.06,11.21,180,388394.32,Active
LOAN05900,CUST00031,BR020,Business Loan,2022-11-28,2517850.41,12.33,12,1114307.71,Active
LOAN05901,CUST05556,BR035,Education Loan,2020-12-18,797632.16,15.15,60,593707.09,Active
LOAN05902,CUST06493,BR035,Personal Loan,2022-06-23,554980.38,9.92,36,42353.95,Pending
LOAN05903,CUST07167,BR043,Auto Loan,2023-08-28,602700.3,10.24,12,449031.01,Active
LOAN05904,CUST03937,BR052,Personal Loan,2024-01-08,395646.97,11.53,84,41410.06,Closed
LOAN05905,CUST00343,BR053,Education Loan,2021-04-29,1075265.66,8.38,120,981276.34,Closed
LOAN05906,CUST04199,BR024,Home Loan,2024-08-26,2777428.4,8.47,240,1420792.8,Closed
LOAN05907,CUST07027,BR046,Auto Loan,2021-06-08,1584610.55,8.22,36,423639.87,Defaulted
LOAN05908,CUST07955,BR012,Personal Loan,2024-11-21,622665.43,9.86,120,351413.66,Closed
LOAN05909,CUST06274,BR056,Business Loan,2022-07-08,1809407.37,7.13,24,1077569.65,Pending
LOAN05910,CUST06448,BR018,Personal Loan,2022-01-10,660118.01,7.97,12,606935.75,Active
LOAN05911,CUST07056,BR007,Home Loan,2025-07-10,3874640.99,13.59,48,595444.64,Active
LOAN05912,CUST02864,BR009,Education Loan,2022-11-29,446899.42,11.22,84,107561.92,Pending
LOAN05913,CUST06512,BR021,Business Loan,2025-09-18,4536032.11,8.72,180,715400.45,Defaulted
LOAN05914,CUST02676,BR014,Personal Loan,2021-08-30,243931.96,11.54,12,111184.83,Pending
LOAN05915,CUST01989,BR056,Business Loan,2022-06-04,1621264.83,10.13,60,1137471.6,Defaulted
LOAN05916,CUST06802,BR043,Education Loan,2024-08-24,680236.32,9.11,48,580163.47,Defaulted
LOAN05917,CUST07826,BR054,Home Loan,2022-02-06,3408790.64,12.96,180,2564025.19,Active
LOAN05918,CUST07659,BR013,Personal Loan,2021-03-24,550984.35,10.9,24,109941.69,Pending
LOAN05919,CUST05262,BR052,Education Loan,2021-08-27,403297.92,12.08,36,154919.25,Defaulted
LOAN05920,CUST00493,BR055,Auto Loan,2025-08-12,1122542.94,7.3,60,274372.88,Closed
LOAN05921,CUST02314,BR048,Auto Loan,2021-06-22,1458434.88,7.55,60,1323127.41,Pending
LOAN05922,CUST07909,BR057,Business Loan,2020-05-31,4738047.05,15.22,48,1820266.7,Pending
LOAN05923,CUST05063,BR060,Education Loan,2020-03-23,1028877.92,8.76,120,806303.77,Closed
LOAN05924,CUST04943,BR052,Education Loan,2023-07-02,1264176.3,7.36,84,540162.23,Closed
LOAN05925,CUST06799,BR040,Home Loan,2023-10-16,3469876.49,11.27,36,2733033.58,Defaulted
LOAN05926,CUST00028,BR007,Home Loan,2020-03-16,3044296.94,7.5,84,2606690.37,Closed
LOAN05927,CUST03010,BR045,Personal Loan,2023-09-11,94031.67,10.62,240,8140.0,Active
LOAN05928,CUST01601,BR004,Home Loan,2021-11-26,3243515.58,12.12,36,594359.46,Active
LOAN05929,CUST05565,BR002,Education Loan,2023-06-14,626065.22,9.02,240,242349.2,Defaulted
LOAN05930,CUST03554,BR020,Home Loan,2021-04-25,7841871.83,15.38,84,5634686.92,Defaulted
LOAN05931,CUST04075,BR001,Home Loan,2025-12-01,3665201.9,13.32,24,681472.84,Pending
LOAN05932,CUST06803,BR023,Home Loan,2023-09-22,1817062.13,11.72,12,193536.78,Closed
LOAN05933,CUST00868,BR036,Business Loan,2024-04-20,2527767.74,13.7,24,1622034.32,Defaulted
LOAN05934,CUST00459,BR014,Education Loan,2024-02-20,325992.34,12.4,84,49671.11,Closed
LOAN05935,CUST01728,BR022,Business Loan,2024-06-17,3583205.61,10.63,36,3170780.12,Active
LOAN05936,CUST01005,BR056,Personal Loan,2023-05-31,677223.78,13.05,48,189647.65,Closed
LOAN05937,CUST06951,BR056,Auto Loan,2021-11-12,1454318.27,9.01,60,486780.83,Pending
LOAN05938,CUST06182,BR034,Business Loan,2025-11-15,1443579.45,9.88,48,328011.1,Pending
LOAN05939,CUST03293,BR037,Personal Loan,2025-06-19,788182.42,9.13,24,446641.13,Defaulted
LOAN05940,CUST04463,BR003,Auto Loan,2025-10-20,916447.01,15.32,84,907682.78,Active
LOAN05941,CUST05027,BR048,Education Loan,2025-07-23,655608.43,10.32,240,67126.3,Pending
LOAN05942,CUST05967,BR002,Home Loan,2023-10-09,7603619.55,12.38,36,6743543.88,Closed
LOAN05943,CUST04452,BR006,Home Loan,2022-10-16,956409.0,11.35,12,731881.15,Active
LOAN05944,CUST00362,BR009,Auto Loan,2022-05-02,1414606.53,12.84,120,923251.4,Pending
LOAN05945,CUST04170,BR035,Business Loan,2020-12-28,3402698.53,9.43,48,1739447.17,Pending
LOAN05946,CUST01781,BR059,Auto Loan,2025-10-05,825371.17,10.49,60,310993.84,Active
LOAN05947,CUST06718,BR029,Auto Loan,2023-05-25,1828990.15,14.21,12,201787.04,Active
LOAN05948,CUST06023,BR002,Personal Loan,2021-12-29,662513.62,12.36,12,570178.37,Closed
LOAN05949,CUST07895,BR039,Business Loan,2025-01-05,4625821.78,11.62,48,1043011.41,Defaulted
LOAN05950,CUST01148,BR023,Personal Loan,2020-06-11,322427.67,9.88,12,262034.84,Closed
LOAN05951,CUST05343,BR056,Auto Loan,2020-03-29,1177013.6,14.57,240,542144.72,Pending
LOAN05952,CUST03316,BR018,Home Loan,2020-04-23,964116.93,15.41,180,306366.35,Closed
LOAN05953,CUST00132,BR029,Personal Loan,2022-03-24,376435.49,8.9,120,243628.62,Pending
LOAN05954,CUST01457,BR037,Auto Loan,2025-08-31,258791.73,14.12,180,183155.6,Closed
LOAN05955,CUST07865,BR057,Business Loan,2021-04-29,706057.17,7.52,240,280954.47,Active
LOAN05956,CUST00671,BR016,Education Loan,2022-08-28,1478989.55,7.9,120,1402316.24,Closed
LOAN05957,CUST06788,BR018,Auto Loan,2020-08-18,248689.56,13.01,24,16256.91,Defaulted
LOAN05958,CUST00472,BR037,Home Loan,2021-10-17,2219704.69,12.44,84,244961.9,Pending
LOAN05959,CUST04575,BR032,Personal Loan,2024-10-28,488863.63,13.77,60,84670.21,Defaulted
LOAN05960,CUST00600,BR034,Home Loan,2021-10-30,6292506.25,13.5,84,3668721.69,Pending
LOAN05961,CUST00492,BR007,Education Loan,2021-04-23,109413.4,11.28,180,45313.55,Active
LOAN05962,CUST04406,BR029,Business Loan,2022-07-10,1496258.51,14.02,12,831352.68,Closed
LOAN05963,CUST01970,BR001,Business Loan,2020-09-20,3858156.51,13.01,120,1547050.44,Active
LOAN05964,CUST01921,BR026,Home Loan,2020-12-27,3179290.36,7.77,12,2496913.1,Active
LOAN05965,CUST00526,BR052,Personal Loan,2020-10-06,562345.09,9.89,24,152799.41,Closed
LOAN05966,CUST04433,BR025,Education Loan,2023-08-15,1025061.42,10.5,180,829485.83,Pending
LOAN05967,CUST03864,BR015,Home Loan,2022-09-04,7977867.08,10.26,12,7885620.78,Pending
LOAN05968,CUST07463,BR011,Education Loan,2020-06-30,1490027.92,9.83,24,235478.55,Pending
LOAN05969,CUST06739,BR049,Education Loan,2023-07-02,594062.11,14.25,48,259403.39,Defaulted
LOAN05970,CUST07163,BR026,Home Loan,2023-03-21,5497174.78,13.84,180,1187518.74,Defaulted
LOAN05971,CUST00052,BR055,Education Loan,2020-02-07,728578.27,10.56,24,188081.52,Pending
LOAN05972,CUST04785,BR024,Auto Loan,2024-01-20,1493125.14,15.05,120,1075295.28,Pending
LOAN05973,CUST04724,BR022,Home Loan,2021-01-17,2421258.93,13.19,24,1186456.47,Pending
LOAN05974,CUST03974,BR042,Auto Loan,2024-04-04,1740510.6,14.28,12,1483466.23,Active
LOAN05975,CUST05553,BR051,Home Loan,2023-03-03,1393895.42,15.2,84,240999.79,Closed
LOAN05976,CUST03256,BR050,Business Loan,2020-09-20,895130.47,12.9,60,78132.91,Closed
LOAN05977,CUST04446,BR001,Auto Loan,2025-11-25,1368067.4,7.82,24,1048012.01,Closed
LOAN05978,CUST00453,BR052,Personal Loan,2021-11-12,148644.1,9.9,84,79208.92,Pending
LOAN05979,CUST04589,BR030,Education Loan,2025-08-25,1161816.81,12.21,12,1105775.58,Defaulted
LOAN05980,CUST05902,BR047,Personal Loan,2023-06-16,679961.23,8.73,48,276980.87,Closed
LOAN05981,CUST04938,BR025,Home Loan,2025-07-01,7961923.02,9.49,24,5706179.32,Defaulted
LOAN05982,CUST02688,BR053,Personal Loan,2024-09-09,625304.56,7.51,240,471527.57,Closed
LOAN05983,CUST05528,BR037,Personal Loan,2021-10-18,573943.07,7.09,12,571814.84,Closed
LOAN05984,CUST03097,BR026,Auto Loan,2022-10-03,838667.9,12.37,48,797238.46,Closed
LOAN05985,CUST06709,BR038,Business Loan,2025-10-10,3738751.85,7.09,36,1269838.39,Closed
LOAN05986,CUST00821,BR041,Personal Loan,2020-12-24,351469.57,14.97,60,280882.13,Pending
LOAN05987,CUST03956,BR049,Home Loan,2022-10-30,3026909.64,10.28,240,2393358.48,Pending
LOAN05988,CUST06890,BR002,Personal Loan,2024-08-16,316970.29,7.69,180,218972.38,Pending
LOAN05989,CUST01658,BR024,Auto Loan,2024-12-17,1473134.9,14.7,240,880448.86,Defaulted
LOAN05990,CUST02693,BR024,Business Loan,2024-04-12,506255.83,12.55,36,344515.58,Defaulted
LOAN05991,CUST01754,BR001,Auto Loan,2024-03-31,481067.72,13.24,24,168849.69,Closed
LOAN05992,CUST04267,BR007,Home Loan,2025-07-11,5072123.25,13.06,12,1224447.69,Closed
LOAN05993,CUST04818,BR039,Auto Loan,2025-11-09,249428.02,8.97,24,169043.44,Closed
LOAN05994,CUST01076,BR056,Education Loan,2020-04-02,486837.55,15.01,24,326453.29,Pending
LOAN05995,CUST00864,BR034,Business Loan,2020-02-10,530047.09,9.17,120,113982.7,Active
LOAN05996,CUST07045,BR009,Home Loan,2025-04-05,6312894.87,14.56,24,555855.47,Defaulted
LOAN05997,CUST01916,BR018,Personal Loan,2020-08-01,247483.02,13.45,84,193135.83,Active
LOAN05998,CUST01268,BR035,Business Loan,2025-01-17,834412.62,14.95,36,434158.31,Defaulted
LOAN05999,CUST02909,BR036,Business Loan,2020-05-31,3896975.82,8.3,60,1500864.7,Active
LOAN06000,CUST01573,BR011,Personal Loan,2020-10-23,265261.88,12.62,48,47040.09,Active
LOAN06001,CUST07211,BR027,Business Loan,2024-07-25,1713964.1,12.55,36,1592684.84,Closed
LOAN06002,CUST00391,BR051,Home Loan,2022-03-07,7544909.75,11.79,84,3205698.02,Closed
LOAN06003,CUST02971,BR047,Education Loan,2025-02-21,478639.09,10.87,48,73909.19,Pending
LOAN06004,CUST04362,BR039,Auto Loan,2023-03-13,1743547.67,10.12,180,264065.38,Active
LOAN06005,CUST07310,BR033,Personal Loan,2020-02-25,485238.41,11.66,48,79044.49,Pending
LOAN06006,CUST04391,BR022,Home Loan,2025-06-24,2681144.3,8.47,180,259085.08,Closed
LOAN06007,CUST05151,BR052,Personal Loan,2022-07-15,91900.1,12.35,36,87592.36,Closed
LOAN06008,CUST07450,BR049,Home Loan,2023-12-30,5643881.99,9.17,180,3157897.65,Pending
LOAN06009,CUST01840,BR045,Personal Loan,2024-07-25,74658.97,13.11,60,4184.3,Defaulted
LOAN06010,CUST06859,BR055,Business Loan,2025-02-16,476919.41,8.56,180,59493.03,Pending
LOAN06011,CUST00519,BR028,Auto Loan,2021-07-23,271573.12,7.57,240,237655.22,Closed
LOAN06012,CUST07634,BR060,Personal Loan,2025-11-03,277237.09,9.36,12,152212.11,Pending
LOAN06013,CUST06375,BR050,Personal Loan,2023-03-20,408863.01,12.09,24,114448.27,Active
LOAN06014,CUST01818,BR009,Personal Loan,2023-12-01,471717.91,7.92,120,280989.17,Closed
LOAN06015,CUST00980,BR029,Home Loan,2022-11-02,6469721.13,8.03,84,2287882.39,Active
LOAN06016,CUST06334,BR011,Education Loan,2025-06-13,1008203.86,13.98,240,931485.67,Active
LOAN06017,CUST01700,BR003,Auto Loan,2024-11-15,1137234.44,14.29,120,646759.28,Active
LOAN06018,CUST05750,BR054,Education Loan,2023-04-30,868754.73,10.03,84,824077.14,Closed
LOAN06019,CUST02525,BR043,Home Loan,2024-06-24,4236928.43,10.35,60,3073896.15,Defaulted
LOAN06020,CUST03850,BR003,Education Loan,2023-02-06,359644.92,9.37,48,103134.22,Closed
LOAN06021,CUST06238,BR013,Business Loan,2022-07-19,3594285.55,13.09,60,685789.06,Pending
LOAN06022,CUST04442,BR019,Personal Loan,2020-01-13,759143.59,13.66,240,383684.86,Pending
LOAN06023,CUST00233,BR028,Personal Loan,2024-06-19,271073.7,8.17,240,168548.95,Closed
LOAN06024,CUST02231,BR052,Education Loan,2025-03-19,127265.76,13.52,36,71483.02,Defaulted
LOAN06025,CUST04841,BR003,Business Loan,2025-11-18,1970854.47,8.08,60,947957.05,Defaulted
LOAN06026,CUST00358,BR058,Business Loan,2024-12-05,3904506.83,10.51,12,2073873.37,Active
LOAN06027,CUST06318,BR003,Auto Loan,2023-10-21,1856633.38,13.5,24,1043967.9,Closed
LOAN06028,CUST05290,BR041,Personal Loan,2024-05-07,92674.74,7.15,60,35483.01,Active
LOAN06029,CUST02565,BR042,Auto Loan,2023-11-17,1841941.6,10.63,36,1734728.59,Pending
LOAN06030,CUST07046,BR044,Home Loan,2024-11-15,3785015.26,9.9,48,1568734.32,Defaulted
LOAN06031,CUST04543,BR057,Personal Loan,2025-11-24,176209.79,7.45,24,143285.43,Closed
LOAN06032,CUST01689,BR009,Personal Loan,2025-03-27,703028.95,11.77,240,453455.82,Closed
LOAN06033,CUST07554,BR017,Auto Loan,2022-11-06,450659.66,9.56,36,284058.08,Closed
LOAN06034,CUST04933,BR035,Business Loan,2023-09-30,1736488.63,10.07,240,1275480.46,Active
LOAN06035,CUST06625,BR003,Auto Loan,2025-03-12,756292.86,8.75,12,624394.82,Active
LOAN06036,CUST07511,BR024,Education Loan,2024-12-21,1030827.06,13.81,24,229171.47,Pending
LOAN06037,CUST02299,BR029,Business Loan,2024-04-12,1537169.38,13.52,60,1150966.16,Defaulted
LOAN06038,CUST03249,BR010,Personal Loan,2024-12-08,517918.91,10.15,84,390615.15,Closed
LOAN06039,CUST01026,BR028,Home Loan,2020-05-18,1766127.68,10.43,24,1374787.36,Pending
LOAN06040,CUST07550,BR037,Business Loan,2023-06-04,1129120.57,8.46,60,582270.3,Closed
LOAN06041,CUST06414,BR002,Auto Loan,2025-09-23,1619272.66,7.11,12,1529756.39,Pending
LOAN06042,CUST00989,BR059,Business Loan,2020-12-05,3472987.42,14.33,84,2011543.9,Closed
LOAN06043,CUST01283,BR013,Education Loan,2022-04-17,483357.74,8.93,120,398371.01,Active
LOAN06044,CUST00186,BR027,Home Loan,2021-09-10,5842391.43,13.78,12,3959131.42,Active
LOAN06045,CUST04097,BR044,Personal Loan,2021-07-31,710253.81,13.23,12,604529.86,Pending
LOAN06046,CUST07065,BR025,Personal Loan,2024-08-14,715183.18,12.27,60,100190.15,Closed
LOAN06047,CUST05428,BR055,Home Loan,2021-12-21,3344025.35,7.64,84,677750.14,Defaulted
LOAN06048,CUST07197,BR039,Personal Loan,2023-10-12,387409.83,10.44,48,260748.92,Defaulted
LOAN06049,CUST03839,BR047,Education Loan,2023-12-17,110403.82,15.18,84,33404.7,Active
LOAN06050,CUST00599,BR057,Home Loan,2021-12-04,6437116.44,13.92,36,6337372.25,Defaulted
LOAN06051,CUST07819,BR006,Auto Loan,2025-08-09,509909.38,9.62,180,96382.74,Defaulted
LOAN06052,CUST00985,BR002,Auto Loan,2021-12-23,601901.17,7.92,48,90020.39,Defaulted
LOAN06053,CUST01074,BR023,Auto Loan,2021-04-26,1433124.71,10.0,120,158126.98,Active
LOAN06054,CUST01829,BR046,Home Loan,2024-01-05,5201382.23,9.67,240,2749291.17,Defaulted
LOAN06055,CUST00827,BR033,Home Loan,2024-01-13,7611599.16,10.91,84,2551632.2,Pending
LOAN06056,CUST07324,BR057,Home Loan,2022-10-26,1900898.71,11.74,120,582944.07,Defaulted
LOAN06057,CUST02697,BR042,Personal Loan,2025-05-29,700221.61,12.6,240,41169.18,Closed
LOAN06058,CUST01656,BR013,Auto Loan,2022-02-11,1787542.71,14.05,120,643730.51,Closed
LOAN06059,CUST06758,BR035,Education Loan,2025-11-22,149565.15,13.22,36,82124.31,Pending
LOAN06060,CUST03517,BR039,Home Loan,2020-01-17,2205935.48,12.95,240,1316059.1,Defaulted
LOAN06061,CUST00269,BR046,Business Loan,2025-01-08,3202347.92,9.31,60,1899244.22,Active
LOAN06062,CUST07960,BR058,Auto Loan,2020-06-25,628608.79,15.28,240,219850.76,Pending
LOAN06063,CUST05939,BR034,Auto Loan,2020-02-10,201661.27,14.16,240,153765.64,Closed
LOAN06064,CUST05798,BR001,Education Loan,2024-12-02,281042.73,15.19,48,140788.2,Pending
LOAN06065,CUST06502,BR029,Business Loan,2024-04-24,4003729.82,10.08,120,2299180.89,Defaulted
LOAN06066,CUST05865,BR016,Auto Loan,2022-10-16,217181.63,7.46,60,157919.56,Closed
LOAN06067,CUST07862,BR027,Auto Loan,2024-08-30,1421423.5,14.72,24,1115479.1,Active
LOAN06068,CUST00247,BR014,Auto Loan,2020-07-30,1892690.29,7.21,240,1855842.14,Closed
LOAN06069,CUST01605,BR036,Home Loan,2023-12-23,4233830.7,12.77,84,1488916.6,Defaulted
LOAN06070,CUST07718,BR009,Auto Loan,2023-02-16,286003.97,10.99,24,217631.7,Pending
LOAN06071,CUST01405,BR022,Education Loan,2022-12-17,895364.02,13.66,24,68561.57,Closed
LOAN06072,CUST02974,BR002,Education Loan,2022-09-19,950034.17,12.79,60,222491.93,Pending
LOAN06073,CUST06009,BR021,Personal Loan,2024-02-24,245016.81,13.48,240,18033.3,Defaulted
LOAN06074,CUST02730,BR030,Auto Loan,2020-05-04,1907327.4,15.29,36,1727700.52,Pending
LOAN06075,CUST00984,BR053,Business Loan,2024-12-30,966380.17,9.93,48,960415.26,Active
LOAN06076,CUST07414,BR024,Education Loan,2022-12-13,505573.59,9.91,84,465630.76,Defaulted
LOAN06077,CUST07572,BR043,Education Loan,2025-02-04,296769.11,13.32,36,142012.83,Defaulted
LOAN06078,CUST06869,BR035,Auto Loan,2020-07-07,1269605.91,8.24,120,676772.21,Pending
LOAN06079,CUST00741,BR037,Auto Loan,2020-01-13,1388766.14,7.99,60,248666.52,Active
LOAN06080,CUST03751,BR021,Business Loan,2023-03-02,848318.92,8.04,24,334917.58,Active
LOAN06081,CUST04840,BR014,Education Loan,2022-06-20,644688.71,8.74,12,411686.93,Pending
LOAN06082,CUST02288,BR046,Business Loan,2023-02-27,2452219.23,13.78,120,927546.23,Active
LOAN06083,CUST07863,BR043,Auto Loan,2024-01-28,1824116.06,13.44,180,435497.34,Pending
LOAN06084,CUST00228,BR002,Home Loan,2025-08-09,7584322.5,9.37,120,1319786.03,Pending
LOAN06085,CUST06142,BR035,Auto Loan,2025-10-31,1229264.8,7.71,84,675324.54,Pending
LOAN06086,CUST04380,BR015,Education Loan,2023-05-30,823564.49,9.28,120,424545.04,Active
LOAN06087,CUST05046,BR042,Business Loan,2024-02-06,1792113.04,9.78,240,311291.64,Pending
LOAN06088,CUST07280,BR039,Home Loan,2021-09-04,851553.26,8.65,12,726607.03,Defaulted
LOAN06089,CUST07355,BR013,Business Loan,2024-03-04,3312947.51,10.79,36,503855.54,Active
LOAN06090,CUST07348,BR002,Auto Loan,2021-09-17,950948.99,14.38,180,538286.45,Defaulted
LOAN06091,CUST00132,BR018,Personal Loan,2022-05-05,281353.49,12.22,180,211679.15,Active
LOAN06092,CUST05978,BR049,Auto Loan,2025-10-04,341319.34,9.73,120,64050.85,Pending
LOAN06093,CUST01653,BR059,Home Loan,2024-10-04,1611229.98,12.25,84,757757.86,Active
LOAN06094,CUST00617,BR016,Education Loan,2023-07-05,464954.72,12.36,120,379464.63,Closed
LOAN06095,CUST03945,BR059,Home Loan,2021-01-11,7178793.52,11.62,12,4021890.16,Pending
LOAN06096,CUST06892,BR037,Business Loan,2023-12-05,2634509.9,10.07,84,477818.11,Active
LOAN06097,CUST05076,BR057,Business Loan,2025-05-09,2068595.38,9.7,24,656247.53,Active
LOAN06098,CUST02114,BR051,Business Loan,2023-01-08,2057732.95,9.85,240,1396900.21,Defaulted
LOAN06099,CUST02384,BR033,Education Loan,2020-03-21,346247.39,15.3,180,262619.75,Closed
LOAN06100,CUST04888,BR050,Business Loan,2020-10-27,1029790.69,13.67,60,458056.35,Pending
LOAN06101,CUST01676,BR010,Education Loan,2024-02-11,1249853.48,15.11,120,801135.14,Closed
LOAN06102,CUST02857,BR008,Home Loan,2020-09-27,4577613.32,12.01,36,3049597.36,Closed
LOAN06103,CUST00012,BR014,Home Loan,2023-10-14,6784824.87,12.44,120,6663610.59,Defaulted
LOAN06104,CUST00630,BR053,Personal Loan,2024-10-21,421147.96,13.5,84,106904.96,Pending
LOAN06105,CUST05926,BR010,Auto Loan,2023-09-21,657354.28,15.46,120,585383.93,Pending
LOAN06106,CUST03495,BR051,Personal Loan,2024-01-26,207600.25,8.49,240,76496.65,Defaulted
LOAN06107,CUST01922,BR002,Home Loan,2022-01-05,1120065.96,10.4,180,945527.62,Active
LOAN06108,CUST05159,BR023,Auto Loan,2025-11-27,1539533.71,8.52,24,970831.01,Defaulted
LOAN06109,CUST04303,BR049,Business Loan,2023-08-01,1682459.17,8.7,36,543784.1,Closed
LOAN06110,CUST05484,BR053,Auto Loan,2021-06-12,1392563.94,13.55,180,280037.98,Defaulted
LOAN06111,CUST04133,BR008,Personal Loan,2023-02-05,669101.25,14.78,36,119636.05,Pending
LOAN06112,CUST04645,BR054,Personal Loan,2023-01-29,269743.36,14.8,60,108855.9,Active
LOAN06113,CUST03401,BR055,Auto Loan,2022-02-21,1708924.91,8.01,180,867291.35,Defaulted
LOAN06114,CUST07428,BR010,Home Loan,2024-10-30,7520045.92,13.94,36,1067341.13,Defaulted
LOAN06115,CUST03086,BR015,Home Loan,2022-02-25,7869586.39,10.08,24,5097951.08,Pending
LOAN06116,CUST00260,BR018,Education Loan,2025-05-26,769187.32,11.37,240,757949.81,Defaulted
LOAN06117,CUST07482,BR030,Personal Loan,2025-08-14,643090.81,10.04,60,184967.43,Closed
LOAN06118,CUST07727,BR060,Business Loan,2021-06-24,3808404.06,11.95,24,1234111.13,Pending
LOAN06119,CUST05481,BR041,Auto Loan,2023-03-15,1088329.12,13.97,84,822873.75,Closed
LOAN06120,CUST05263,BR011,Auto Loan,2021-04-12,1886411.88,13.44,120,1555069.88,Closed
LOAN06121,CUST06973,BR034,Auto Loan,2022-09-24,1503288.87,13.98,48,1133210.25,Active
LOAN06122,CUST02169,BR012,Auto Loan,2020-02-28,949276.16,8.43,240,356532.02,Closed
LOAN06123,CUST02979,BR039,Home Loan,2023-08-23,7589235.25,12.64,120,816856.5,Defaulted
LOAN06124,CUST00124,BR019,Business Loan,2024-08-08,558881.7,9.23,240,256519.29,Defaulted
LOAN06125,CUST02267,BR017,Auto Loan,2022-06-19,1350587.42,10.7,24,716047.94,Active
LOAN06126,CUST01120,BR044,Business Loan,2025-12-17,4065294.13,8.62,84,3209673.77,Pending
LOAN06127,CUST03954,BR057,Home Loan,2025-08-30,5548316.88,8.06,240,5539673.8,Closed
LOAN06128,CUST00099,BR049,Home Loan,2022-09-28,6469353.41,14.84,84,4846060.83,Pending
LOAN06129,CUST05154,BR060,Education Loan,2021-05-18,1188191.93,8.84,12,483042.69,Closed
LOAN06130,CUST04733,BR014,Business Loan,2022-10-17,1896160.72,7.75,24,212051.18,Defaulted
LOAN06131,CUST03403,BR042,Personal Loan,2024-06-05,550448.82,10.12,48,402855.41,Closed
LOAN06132,CUST01007,BR041,Business Loan,2022-05-16,2426988.25,13.12,12,1267304.02,Active
LOAN06133,CUST00007,BR036,Home Loan,2021-01-19,6497343.84,10.31,60,2046809.3,Defaulted
LOAN06134,CUST07895,BR029,Business Loan,2024-07-08,4994845.22,12.54,48,646305.35,Defaulted
LOAN06135,CUST00220,BR010,Business Loan,2021-06-12,914166.77,7.16,120,343283.08,Closed
LOAN06136,CUST05520,BR033,Personal Loan,2024-05-04,147148.12,9.6,180,139894.68,Closed
LOAN06137,CUST00930,BR036,Education Loan,2020-09-18,1074845.69,13.39,36,276449.9,Pending
LOAN06138,CUST01909,BR057,Personal Loan,2022-09-27,717950.02,7.53,180,350154.94,Pending
LOAN06139,CUST04441,BR005,Business Loan,2022-03-26,2936963.84,9.72,240,1673896.51,Defaulted
LOAN06140,CUST03104,BR034,Home Loan,2020-05-17,4023583.71,8.98,240,853531.95,Defaulted
LOAN06141,CUST03089,BR030,Auto Loan,2025-04-27,1461992.16,8.49,36,321980.85,Pending
LOAN06142,CUST05804,BR006,Auto Loan,2022-07-22,626028.72,10.85,180,185834.85,Closed
LOAN06143,CUST06276,BR002,Personal Loan,2024-05-29,201075.0,13.1,48,69466.77,Pending
LOAN06144,CUST04453,BR041,Business Loan,2023-10-11,2038150.25,11.68,36,524368.8,Defaulted
LOAN06145,CUST05468,BR025,Auto Loan,2021-05-07,779066.13,15.09,120,466897.08,Active
LOAN06146,CUST05337,BR035,Auto Loan,2023-06-11,467626.05,13.26,180,417865.17,Pending
LOAN06147,CUST05455,BR022,Personal Loan,2021-02-17,242345.62,7.07,60,139222.41,Closed
LOAN06148,CUST02413,BR043,Home Loan,2023-03-04,7515882.23,7.87,84,7018280.01,Defaulted
LOAN06149,CUST03885,BR055,Business Loan,2023-08-09,1291150.75,13.27,84,1251869.81,Active
LOAN06150,CUST06624,BR041,Home Loan,2021-01-25,3950370.9,9.86,84,2825626.31,Defaulted
LOAN06151,CUST05517,BR033,Home Loan,2021-02-08,6573454.25,11.32,48,3921104.32,Defaulted
LOAN06152,CUST06528,BR010,Personal Loan,2024-01-16,126916.33,8.64,180,82725.02,Defaulted
LOAN06153,CUST05568,BR027,Personal Loan,2024-03-24,699000.32,10.72,24,645099.88,Defaulted
LOAN06154,CUST05390,BR018,Home Loan,2025-04-05,7227088.04,11.24,60,2865555.76,Defaulted
LOAN06155,CUST01985,BR030,Business Loan,2024-02-02,3389537.78,10.03,60,1040589.27,Active
LOAN06156,CUST04718,BR017,Auto Loan,2024-11-06,705976.37,13.38,12,622707.57,Pending
LOAN06157,CUST05224,BR041,Education Loan,2025-01-06,484059.44,11.95,240,87520.11,Closed
LOAN06158,CUST00430,BR033,Business Loan,2020-03-25,3356341.77,10.48,36,3068846.26,Pending
LOAN06159,CUST01027,BR052,Home Loan,2020-01-26,5242165.1,12.56,48,2010250.59,Defaulted
LOAN06160,CUST05579,BR022,Home Loan,2023-12-22,6308162.33,10.85,36,3936936.47,Pending
LOAN06161,CUST04433,BR048,Auto Loan,2023-09-20,789784.71,8.51,48,51298.9,Active
LOAN06162,CUST06702,BR003,Business Loan,2022-03-18,4518271.1,10.94,12,1000211.81,Closed
LOAN06163,CUST06447,BR041,Business Loan,2023-01-17,444131.28,8.04,180,205151.73,Active
LOAN06164,CUST06097,BR011,Personal Loan,2024-09-03,192502.92,15.22,24,186836.3,Closed
LOAN06165,CUST03996,BR050,Education Loan,2024-03-01,764630.75,7.52,36,453292.53,Active
LOAN06166,CUST03416,BR022,Education Loan,2021-03-29,227265.08,13.31,12,190805.14,Active
LOAN06167,CUST02164,BR001,Auto Loan,2023-03-16,1102720.09,11.05,180,453552.19,Pending
LOAN06168,CUST01947,BR006,Personal Loan,2021-10-19,414019.85,12.38,60,220711.61,Active
LOAN06169,CUST04975,BR016,Personal Loan,2020-06-16,469073.5,11.29,180,111937.43,Pending
LOAN06170,CUST05695,BR031,Personal Loan,2022-03-20,525795.54,8.13,84,482095.57,Closed
LOAN06171,CUST05875,BR047,Auto Loan,2023-01-23,1065928.59,13.25,12,970358.97,Closed
LOAN06172,CUST07879,BR004,Personal Loan,2024-05-29,525905.82,8.46,24,205569.18,Closed
LOAN06173,CUST04033,BR007,Auto Loan,2022-10-02,1050578.39,12.8,180,794658.33,Defaulted
LOAN06174,CUST01050,BR060,Education Loan,2023-12-16,657048.87,7.86,24,364717.47,Closed
LOAN06175,CUST01354,BR045,Business Loan,2025-11-10,3807111.87,11.81,12,971823.71,Pending
LOAN06176,CUST01873,BR036,Business Loan,2024-03-19,516773.86,12.69,240,215500.21,Pending
LOAN06177,CUST03761,BR039,Business Loan,2023-12-31,597430.77,8.81,180,558650.12,Pending
LOAN06178,CUST00786,BR039,Personal Loan,2020-01-02,55517.77,12.78,60,10810.68,Pending
LOAN06179,CUST07023,BR008,Education Loan,2025-07-30,992235.03,8.58,12,356435.65,Pending
LOAN06180,CUST04036,BR040,Education Loan,2025-09-18,1003484.81,13.52,60,116649.16,Closed
LOAN06181,CUST01970,BR015,Auto Loan,2024-12-28,860680.44,14.66,84,791823.58,Active
LOAN06182,CUST00425,BR014,Personal Loan,2022-09-04,569064.96,7.76,12,205196.05,Closed
LOAN06183,CUST00116,BR003,Home Loan,2022-01-30,3384079.03,13.41,24,235476.69,Pending
LOAN06184,CUST00691,BR058,Business Loan,2020-04-04,4124690.53,13.11,60,3640770.57,Defaulted
LOAN06185,CUST04490,BR051,Education Loan,2022-11-05,1435692.7,15.38,12,1182591.98,Active
LOAN06186,CUST07820,BR028,Auto Loan,2021-11-14,1602429.59,9.05,180,295714.64,Pending
LOAN06187,CUST05643,BR004,Business Loan,2021-06-27,4277782.6,7.62,36,452927.29,Pending
LOAN06188,CUST02636,BR005,Auto Loan,2022-09-03,1785753.02,8.9,240,667669.0,Closed
LOAN06189,CUST01889,BR026,Home Loan,2024-08-08,3114412.95,13.54,12,2652486.39,Pending
LOAN06190,CUST03831,BR007,Education Loan,2024-11-19,902431.46,12.77,180,268959.13,Defaulted
LOAN06191,CUST02695,BR057,Education Loan,2024-03-29,342454.42,9.44,36,204329.85,Closed
LOAN06192,CUST02163,BR060,Business Loan,2022-07-23,873815.7,7.93,48,320234.5,Closed
LOAN06193,CUST06536,BR054,Home Loan,2023-06-04,1294223.83,7.72,120,825856.25,Defaulted
LOAN06194,CUST00389,BR033,Business Loan,2024-03-28,2869972.99,10.76,240,2345444.12,Pending
LOAN06195,CUST06347,BR048,Education Loan,2021-08-04,1366364.53,13.77,36,873896.56,Defaulted
LOAN06196,CUST06222,BR024,Education Loan,2025-06-01,278862.79,9.56,60,269087.95,Pending
LOAN06197,CUST05891,BR004,Personal Loan,2025-07-22,635256.46,8.83,24,536483.36,Pending
LOAN06198,CUST04328,BR037,Personal Loan,2025-05-11,451327.97,7.82,120,381158.88,Active
LOAN06199,CUST03957,BR021,Auto Loan,2020-09-25,711364.53,10.81,12,82937.27,Defaulted
LOAN06200,CUST06572,BR001,Auto Loan,2022-02-18,426989.93,12.83,48,81267.35,Active
LOAN06201,CUST03672,BR008,Auto Loan,2022-10-01,1694943.31,12.78,120,1339536.94,Closed
LOAN06202,CUST06365,BR034,Home Loan,2020-09-02,3337126.79,10.42,24,1010593.57,Pending
LOAN06203,CUST05088,BR048,Home Loan,2025-03-06,5095069.65,8.54,120,1545215.17,Active
LOAN06204,CUST03346,BR040,Auto Loan,2021-01-10,1558014.8,11.0,120,278609.57,Defaulted
LOAN06205,CUST07367,BR044,Home Loan,2021-04-03,3849886.2,8.28,24,363496.47,Active
LOAN06206,CUST05926,BR031,Personal Loan,2023-07-31,712725.71,15.07,48,497999.16,Pending
LOAN06207,CUST04932,BR043,Auto Loan,2023-08-18,765110.9,14.71,36,446040.56,Pending
LOAN06208,CUST06090,BR046,Auto Loan,2020-11-15,1155698.55,9.54,24,1112205.02,Closed
LOAN06209,CUST06790,BR002,Business Loan,2020-11-08,918080.1,14.89,240,530791.06,Closed
LOAN06210,CUST00189,BR016,Education Loan,2021-12-04,1142217.28,14.7,12,237479.04,Closed
LOAN06211,CUST04964,BR013,Personal Loan,2022-04-21,354510.16,11.02,24,174166.51,Closed
LOAN06212,CUST03038,BR036,Personal Loan,2024-08-23,356469.64,9.92,180,251794.22,Closed
LOAN06213,CUST05571,BR059,Personal Loan,2021-02-23,349498.62,11.2,24,168887.0,Defaulted
LOAN06214,CUST05081,BR034,Personal Loan,2025-11-22,554081.6,7.28,48,243061.03,Defaulted
LOAN06215,CUST06339,BR019,Education Loan,2023-01-20,115355.25,9.29,24,57416.4,Pending
LOAN06216,CUST01612,BR003,Education Loan,2025-05-15,234812.49,13.99,36,127679.11,Active
LOAN06217,CUST00118,BR011,Business Loan,2020-02-08,3095183.49,9.32,12,2430846.73,Active
LOAN06218,CUST02374,BR045,Personal Loan,2024-05-19,556692.37,9.96,60,506546.89,Active
LOAN06219,CUST04649,BR055,Personal Loan,2021-07-17,732815.03,15.41,60,691710.18,Closed
LOAN06220,CUST05880,BR027,Business Loan,2025-12-22,912309.93,8.45,24,523286.84,Active
LOAN06221,CUST05778,BR048,Auto Loan,2025-05-20,1152959.4,8.84,120,717577.83,Closed
LOAN06222,CUST01189,BR029,Business Loan,2020-11-30,1067219.66,11.64,36,545635.42,Closed
LOAN06223,CUST07447,BR048,Auto Loan,2023-05-06,1453752.67,8.44,12,1168577.07,Defaulted
LOAN06224,CUST03252,BR010,Education Loan,2022-09-12,1218948.18,8.2,240,856066.06,Active
LOAN06225,CUST05940,BR058,Home Loan,2025-08-15,6314597.21,7.26,84,3403050.1,Active
LOAN06226,CUST01631,BR028,Education Loan,2023-10-06,610389.27,9.45,84,605714.68,Closed
LOAN06227,CUST06372,BR016,Home Loan,2024-02-24,7566041.22,15.49,240,4366805.21,Pending
LOAN06228,CUST01590,BR059,Personal Loan,2024-09-30,745680.27,14.86,240,47552.14,Pending
LOAN06229,CUST06348,BR019,Education Loan,2022-09-25,1217976.06,9.38,36,531034.87,Pending
LOAN06230,CUST06635,BR034,Personal Loan,2024-10-18,288273.42,7.55,36,33406.38,Pending
LOAN06231,CUST04538,BR026,Education Loan,2021-06-20,453935.57,7.41,12,420104.31,Pending
LOAN06232,CUST07100,BR007,Education Loan,2024-04-20,266243.23,12.12,12,126438.84,Active
LOAN06233,CUST01468,BR020,Education Loan,2023-03-14,258012.08,11.88,12,43086.94,Pending
LOAN06234,CUST04418,BR023,Business Loan,2025-12-06,1299187.5,12.03,120,902501.86,Closed
LOAN06235,CUST07973,BR042,Personal Loan,2025-02-22,310847.56,14.64,84,87064.17,Active
LOAN06236,CUST02598,BR015,Home Loan,2021-12-12,2566293.24,9.08,12,1143421.93,Active
LOAN06237,CUST04547,BR057,Personal Loan,2021-04-15,606599.17,12.3,180,73611.12,Pending
LOAN06238,CUST00502,BR012,Personal Loan,2023-05-05,720207.06,12.37,120,386792.97,Active
LOAN06239,CUST07614,BR027,Home Loan,2025-10-02,7080947.2,8.0,180,2376618.49,Active
LOAN06240,CUST00355,BR010,Personal Loan,2025-01-29,57122.97,12.78,180,23316.29,Pending
LOAN06241,CUST00107,BR026,Auto Loan,2021-01-30,1066773.73,7.64,36,907094.74,Pending
LOAN06242,CUST00489,BR026,Personal Loan,2023-08-24,423470.77,14.7,48,51458.79,Active
LOAN06243,CUST04875,BR055,Home Loan,2025-02-13,2382565.15,10.28,36,913233.1,Active
LOAN06244,CUST02137,BR056,Business Loan,2021-04-25,2453974.0,8.66,60,1915156.61,Defaulted
LOAN06245,CUST06750,BR038,Business Loan,2025-08-02,1620138.33,14.15,24,389859.76,Pending
LOAN06246,CUST05598,BR001,Personal Loan,2025-10-10,546586.11,8.29,180,53702.15,Closed
LOAN06247,CUST07610,BR024,Auto Loan,2025-11-09,207375.39,13.85,24,104541.16,Pending
LOAN06248,CUST00602,BR016,Home Loan,2024-04-13,2782788.73,8.93,48,420423.24,Active
LOAN06249,CUST01989,BR015,Education Loan,2023-01-30,441238.17,15.02,120,82976.06,Active
LOAN06250,CUST05347,BR030,Business Loan,2021-04-10,2613352.7,8.06,24,1482758.43,Closed
LOAN06251,CUST00359,BR036,Auto Loan,2021-11-15,1379069.84,10.89,48,352170.62,Active
LOAN06252,CUST03206,BR027,Auto Loan,2025-10-19,1394152.39,13.78,48,1288812.17,Closed
LOAN06253,CUST06342,BR042,Home Loan,2024-02-24,7424047.99,7.7,120,884397.81,Defaulted
LOAN06254,CUST00513,BR024,Home Loan,2023-08-09,7753632.91,15.11,240,1608238.36,Closed
LOAN06255,CUST00979,BR043,Business Loan,2025-06-03,2546809.92,11.28,180,959145.02,Closed
LOAN06256,CUST07562,BR012,Business Loan,2021-03-05,2300391.8,11.26,84,2083509.98,Defaulted
LOAN06257,CUST06255,BR047,Personal Loan,2021-01-08,691001.92,11.99,84,513190.05,Closed
LOAN06258,CUST03667,BR039,Education Loan,2022-12-15,123567.65,13.08,48,92095.61,Defaulted
LOAN06259,CUST04363,BR011,Business Loan,2021-07-15,4648464.85,15.31,36,3990922.82,Pending
LOAN06260,CUST06159,BR010,Auto Loan,2022-06-11,857853.4,11.92,24,508728.09,Defaulted
LOAN06261,CUST03895,BR054,Home Loan,2022-10-18,4986075.46,7.04,24,4854817.38,Closed
LOAN06262,CUST00123,BR045,Business Loan,2020-12-11,788305.66,15.17,180,709254.11,Active
LOAN06263,CUST07214,BR042,Auto Loan,2021-10-19,1314617.54,11.54,180,990532.62,Active
LOAN06264,CUST01449,BR025,Business Loan,2021-10-20,951645.46,12.35,180,74029.45,Active
LOAN06265,CUST03606,BR014,Business Loan,2020-01-02,1081771.9,14.21,48,828044.26,Pending
LOAN06266,CUST04821,BR059,Education Loan,2021-08-09,413078.47,10.55,180,155431.08,Defaulted
LOAN06267,CUST05723,BR042,Personal Loan,2024-03-06,170281.47,7.07,24,100510.89,Closed
LOAN06268,CUST03971,BR058,Education Loan,2021-02-14,673865.58,12.97,36,418030.42,Closed
LOAN06269,CUST01406,BR021,Auto Loan,2020-11-02,285657.11,11.04,36,94204.54,Defaulted
LOAN06270,CUST04325,BR019,Education Loan,2021-11-24,465359.42,8.33,84,195748.79,Active
LOAN06271,CUST01727,BR013,Education Loan,2021-06-30,264770.96,13.25,24,258102.09,Active
LOAN06272,CUST05971,BR018,Business Loan,2025-01-07,2861328.81,12.08,84,2301667.83,Defaulted
LOAN06273,CUST06004,BR007,Personal Loan,2025-02-17,743325.14,11.05,48,288418.79,Closed
LOAN06274,CUST03761,BR057,Personal Loan,2020-04-17,546401.57,9.62,60,335476.56,Defaulted
LOAN06275,CUST05527,BR022,Auto Loan,2024-01-27,1933852.52,8.29,120,220037.69,Closed
LOAN06276,CUST06788,BR007,Education Loan,2023-06-04,919839.24,13.84,240,188495.04,Closed
LOAN06277,CUST00927,BR008,Education Loan,2024-11-23,322379.25,7.55,36,296785.38,Active
LOAN06278,CUST04894,BR001,Business Loan,2020-09-30,1782570.59,7.02,84,785628.22,Closed
LOAN06279,CUST05948,BR059,Education Loan,2023-09-28,1497257.13,8.36,36,146655.0,Pending
LOAN06280,CUST02648,BR046,Education Loan,2025-08-14,1091131.78,10.83,180,612665.25,Defaulted
LOAN06281,CUST00258,BR003,Education Loan,2022-06-19,1233775.56,12.01,120,747028.99,Active
LOAN06282,CUST01903,BR058,Personal Loan,2020-07-03,234897.8,10.36,240,22696.55,Closed
LOAN06283,CUST00516,BR060,Business Loan,2024-12-03,3407092.78,13.52,120,1054485.87,Pending
LOAN06284,CUST04577,BR032,Home Loan,2022-04-06,2332091.63,10.84,24,472390.9,Active
LOAN06285,CUST06302,BR055,Home Loan,2022-03-08,4123116.55,7.75,120,2564493.56,Pending
LOAN06286,CUST05371,BR005,Auto Loan,2022-05-31,1434633.02,8.11,36,491648.69,Closed
LOAN06287,CUST02857,BR028,Home Loan,2024-10-12,7898325.48,14.19,12,5561342.97,Pending
LOAN06288,CUST02927,BR021,Education Loan,2023-08-22,197066.75,9.59,48,75928.89,Closed
LOAN06289,CUST06504,BR037,Business Loan,2023-09-15,686232.23,10.01,12,63427.67,Pending
LOAN06290,CUST01204,BR045,Personal Loan,2025-07-22,535297.28,7.64,12,424382.37,Closed
LOAN06291,CUST04367,BR057,Auto Loan,2023-08-27,580398.53,9.38,12,511877.59,Active
LOAN06292,CUST07042,BR045,Home Loan,2022-05-06,5219930.14,10.76,24,4211035.11,Active
LOAN06293,CUST01880,BR047,Personal Loan,2023-04-15,175396.32,9.94,120,67811.01,Active
LOAN06294,CUST02773,BR010,Personal Loan,2022-04-23,738681.55,9.3,84,412433.65,Defaulted
LOAN06295,CUST07307,BR033,Business Loan,2021-06-19,3318879.54,13.49,24,1561618.26,Pending
LOAN06296,CUST02299,BR014,Education Loan,2023-11-13,619364.26,13.42,60,418757.37,Closed
LOAN06297,CUST02263,BR059,Auto Loan,2021-05-25,1461684.61,11.24,84,1258067.49,Active
LOAN06298,CUST05094,BR023,Business Loan,2023-11-12,915692.57,8.57,120,130615.52,Closed
LOAN06299,CUST03501,BR012,Personal Loan,2021-09-09,519667.28,7.33,48,518128.24,Active
LOAN06300,CUST01949,BR026,Auto Loan,2022-07-02,1622152.55,14.73,84,511216.32,Pending
LOAN06301,CUST04868,BR043,Education Loan,2021-03-19,1493264.44,7.67,36,1473354.45,Active
LOAN06302,CUST04424,BR059,Home Loan,2025-04-22,4412581.41,8.53,120,721749.58,Active
LOAN06303,CUST00380,BR031,Home Loan,2022-05-23,5774743.66,13.1,12,3489852.64,Active
LOAN06304,CUST01237,BR025,Personal Loan,2022-11-10,84081.37,7.32,36,56002.13,Active
LOAN06305,CUST03053,BR009,Auto Loan,2022-11-30,1733893.33,9.97,12,1000327.75,Closed
LOAN06306,CUST03354,BR037,Home Loan,2025-03-21,7956569.76,8.29,24,6096808.46,Defaulted
LOAN06307,CUST02337,BR030,Auto Loan,2020-07-04,293389.88,13.51,180,194447.41,Active
LOAN06308,CUST05759,BR031,Personal Loan,2020-05-29,704153.31,14.59,12,664609.29,Closed
LOAN06309,CUST05727,BR027,Business Loan,2022-12-06,1541043.05,7.81,60,283420.13,Active
LOAN06310,CUST01099,BR043,Business Loan,2022-04-24,1991175.13,12.23,12,824174.27,Defaulted
LOAN06311,CUST04222,BR046,Home Loan,2021-10-15,934835.85,11.35,240,300386.54,Closed
LOAN06312,CUST05568,BR057,Personal Loan,2021-07-04,649794.34,10.13,36,266366.96,Defaulted
LOAN06313,CUST00607,BR004,Home Loan,2024-11-28,6966659.71,15.26,60,4268172.49,Active
LOAN06314,CUST02134,BR030,Education Loan,2023-08-04,902415.47,15.41,12,469857.85,Active
LOAN06315,CUST02037,BR002,Personal Loan,2021-02-09,702570.91,10.54,24,323902.0,Closed
LOAN06316,CUST02254,BR018,Home Loan,2024-10-10,6079116.28,15.0,180,5015141.1,Pending
LOAN06317,CUST04924,BR028,Auto Loan,2025-08-08,749865.78,14.38,120,136903.99,Active
LOAN06318,CUST07907,BR015,Business Loan,2025-09-06,1444290.08,13.88,48,207792.4,Defaulted
LOAN06319,CUST07654,BR028,Home Loan,2021-09-14,6876806.27,9.48,12,4152139.77,Defaulted
LOAN06320,CUST03643,BR059,Education Loan,2022-03-06,1173916.05,14.26,12,976576.63,Defaulted
LOAN06321,CUST06611,BR042,Education Loan,2021-10-06,1044679.51,14.35,36,963922.29,Active
LOAN06322,CUST07388,BR043,Personal Loan,2021-09-26,671947.11,11.92,240,133569.97,Pending
LOAN06323,CUST05743,BR002,Personal Loan,2021-05-22,443319.07,9.74,84,215211.73,Defaulted
LOAN06324,CUST02482,BR017,Business Loan,2023-08-07,3058755.15,10.94,60,1762218.92,Closed
LOAN06325,CUST00289,BR050,Education Loan,2022-05-10,222677.73,8.44,24,124659.07,Active
LOAN06326,CUST03154,BR007,Business Loan,2025-08-08,2960048.19,7.41,36,1536222.47,Pending
LOAN06327,CUST05364,BR036,Personal Loan,2020-07-04,454872.34,12.59,12,363474.4,Closed
LOAN06328,CUST00282,BR026,Business Loan,2021-05-25,3591775.73,11.15,12,3369362.62,Active
LOAN06329,CUST06192,BR059,Home Loan,2025-08-09,4990626.82,13.54,60,3496440.79,Defaulted
LOAN06330,CUST00155,BR019,Home Loan,2020-09-06,3692522.8,8.07,120,975819.73,Closed
LOAN06331,CUST02034,BR017,Home Loan,2025-01-30,3563482.66,7.05,12,2450846.54,Closed
LOAN06332,CUST06575,BR005,Education Loan,2025-04-08,233967.75,12.67,180,90352.12,Pending
LOAN06333,CUST02892,BR025,Home Loan,2025-05-02,4152896.34,14.03,60,2391131.67,Closed
LOAN06334,CUST05767,BR007,Business Loan,2022-06-13,1745973.91,8.76,12,1404475.5,Pending
LOAN06335,CUST03877,BR031,Business Loan,2022-03-15,2994221.4,12.58,48,1427725.69,Pending
LOAN06336,CUST00437,BR027,Business Loan,2023-12-19,4006316.4,10.93,36,558702.61,Closed
LOAN06337,CUST04476,BR009,Education Loan,2025-10-02,786653.94,14.06,12,627538.14,Pending
LOAN06338,CUST00764,BR038,Education Loan,2024-08-18,1057630.34,10.52,12,509989.06,Active
LOAN06339,CUST05017,BR056,Auto Loan,2020-10-06,1141430.18,8.46,12,1008278.97,Pending
LOAN06340,CUST00668,BR046,Education Loan,2023-12-08,1367301.22,15.05,180,843115.18,Closed
LOAN06341,CUST03088,BR038,Auto Loan,2025-02-03,1475155.68,10.61,48,787574.59,Active
LOAN06342,CUST04600,BR032,Home Loan,2025-10-03,4547903.14,9.07,180,2371925.41,Active
LOAN06343,CUST06244,BR024,Personal Loan,2025-10-11,762068.77,14.82,48,500792.26,Active
LOAN06344,CUST01006,BR054,Personal Loan,2023-12-14,568394.02,12.22,180,367560.46,Defaulted
LOAN06345,CUST05243,BR055,Education Loan,2020-11-27,788528.45,10.68,180,224054.2,Active
LOAN06346,CUST06419,BR053,Personal Loan,2022-11-20,101501.51,9.57,24,7446.02,Defaulted
LOAN06347,CUST07454,BR025,Personal Loan,2022-07-05,310612.61,14.96,36,226524.64,Active
LOAN06348,CUST03564,BR052,Home Loan,2021-05-13,2756780.91,11.83,60,1619701.14,Active
LOAN06349,CUST00414,BR016,Education Loan,2021-11-24,837760.73,12.26,60,311303.6,Defaulted
LOAN06350,CUST02237,BR006,Personal Loan,2022-01-26,134309.36,13.58,60,129762.2,Active
LOAN06351,CUST04329,BR034,Personal Loan,2024-09-28,286014.82,7.82,36,42030.26,Active
LOAN06352,CUST04629,BR026,Home Loan,2022-08-06,4496132.06,7.82,180,4221719.83,Defaulted
LOAN06353,CUST07510,BR010,Personal Loan,2023-10-22,429798.73,9.15,60,184497.01,Defaulted
LOAN06354,CUST07042,BR058,Home Loan,2025-05-28,4972679.88,12.86,120,266091.27,Closed
LOAN06355,CUST05531,BR033,Personal Loan,2022-08-19,182719.95,12.02,24,19855.02,Pending
LOAN06356,CUST04440,BR019,Auto Loan,2022-01-16,1877998.68,7.87,120,1342280.33,Active
LOAN06357,CUST01719,BR038,Business Loan,2021-03-16,4577021.02,11.98,120,1901504.63,Closed
LOAN06358,CUST05802,BR037,Home Loan,2020-10-20,4436185.49,9.71,48,3975808.45,Closed
LOAN06359,CUST01330,BR051,Home Loan,2024-08-04,2837174.76,10.07,84,2633965.97,Defaulted
LOAN06360,CUST01277,BR004,Personal Loan,2024-06-29,382869.53,9.69,240,277592.55,Pending
LOAN06361,CUST05883,BR016,Personal Loan,2020-06-11,463686.18,7.45,60,269683.73,Active
LOAN06362,CUST04834,BR007,Education Loan,2020-03-12,1113926.81,15.18,84,1110191.96,Pending
LOAN06363,CUST06988,BR005,Business Loan,2021-11-07,871595.06,9.16,60,129739.51,Defaulted
LOAN06364,CUST05236,BR029,Home Loan,2025-01-09,7239921.85,14.49,180,5176227.98,Defaulted
LOAN06365,CUST00831,BR030,Education Loan,2021-04-17,594457.5,14.76,60,42309.72,Closed
LOAN06366,CUST06977,BR027,Auto Loan,2024-08-04,931539.28,13.5,120,653591.92,Defaulted
LOAN06367,CUST02663,BR052,Home Loan,2021-04-14,1285935.52,8.67,120,521929.68,Defaulted
LOAN06368,CUST06764,BR056,Business Loan,2025-08-05,4684863.04,7.11,36,2573568.94,Closed
LOAN06369,CUST06997,BR012,Personal Loan,2020-07-07,736855.36,11.46,48,94225.28,Defaulted
LOAN06370,CUST02770,BR026,Personal Loan,2023-03-17,669307.84,13.79,240,264844.69,Defaulted
LOAN06371,CUST04083,BR004,Education Loan,2024-12-15,972654.99,10.7,60,943808.93,Active
LOAN06372,CUST02914,BR016,Personal Loan,2025-03-02,144852.89,11.42,24,120822.66,Pending
LOAN06373,CUST00128,BR024,Business Loan,2025-05-30,1213381.96,12.58,60,1103872.88,Pending
LOAN06374,CUST07632,BR001,Personal Loan,2021-10-14,524578.03,7.38,84,518558.99,Defaulted
LOAN06375,CUST02180,BR047,Home Loan,2024-10-31,7391079.88,10.34,180,4881968.47,Pending
LOAN06376,CUST03577,BR038,Personal Loan,2021-06-20,116632.86,7.52,120,115321.39,Closed
LOAN06377,CUST00222,BR035,Business Loan,2023-05-11,3570115.56,11.05,48,1751854.14,Pending
LOAN06378,CUST02478,BR051,Home Loan,2024-10-10,1108254.87,9.75,48,942187.86,Closed
LOAN06379,CUST07626,BR037,Business Loan,2024-03-05,2350249.46,14.86,84,461499.6,Defaulted
LOAN06380,CUST07289,BR018,Education Loan,2020-01-27,476426.04,12.52,36,164465.42,Closed
LOAN06381,CUST01753,BR059,Personal Loan,2022-09-03,117946.17,14.45,24,59629.11,Closed
LOAN06382,CUST02169,BR037,Home Loan,2025-04-21,7478161.08,13.5,84,1890882.85,Closed
LOAN06383,CUST04114,BR030,Auto Loan,2023-04-29,1422184.91,10.78,36,273988.81,Defaulted
LOAN06384,CUST01707,BR037,Auto Loan,2022-03-08,1041495.23,12.06,48,752273.48,Pending
LOAN06385,CUST07890,BR046,Business Loan,2025-10-20,1941134.19,9.08,12,1362546.07,Pending
LOAN06386,CUST01356,BR002,Education Loan,2025-12-22,1231491.23,7.04,180,1154295.01,Pending
LOAN06387,CUST01543,BR055,Business Loan,2021-09-26,3624661.35,8.92,84,1106181.78,Pending
LOAN06388,CUST06592,BR014,Auto Loan,2023-02-02,514737.78,14.4,84,356176.93,Active
LOAN06389,CUST07487,BR007,Auto Loan,2020-07-19,1122600.17,10.18,240,573302.28,Active
LOAN06390,CUST02340,BR027,Personal Loan,2021-04-11,687370.41,12.98,60,230952.72,Pending
LOAN06391,CUST00365,BR014,Personal Loan,2022-05-22,649272.88,7.02,60,400471.11,Pending
LOAN06392,CUST07851,BR047,Education Loan,2025-09-29,370694.03,14.73,60,359265.31,Active
LOAN06393,CUST04720,BR050,Business Loan,2020-11-13,3823172.53,9.63,60,1732753.7,Pending
LOAN06394,CUST06267,BR057,Personal Loan,2025-12-10,80355.03,10.37,60,34515.89,Active
LOAN06395,CUST00235,BR023,Personal Loan,2021-05-20,133396.02,7.25,12,43542.02,Active
LOAN06396,CUST07247,BR009,Personal Loan,2020-09-09,102848.23,13.07,240,12044.17,Pending
LOAN06397,CUST02023,BR056,Auto Loan,2021-09-20,529152.02,7.38,84,388175.31,Active
LOAN06398,CUST06509,BR043,Home Loan,2022-03-04,7377766.47,9.32,60,6934818.6,Pending
LOAN06399,CUST06801,BR056,Personal Loan,2021-08-15,298122.57,8.4,120,198979.35,Active
LOAN06400,CUST02506,BR039,Business Loan,2020-01-24,3285407.46,13.7,120,2313331.18,Defaulted
LOAN06401,CUST06021,BR043,Education Loan,2021-05-17,987868.45,12.08,12,85034.38,Pending
LOAN06402,CUST03813,BR009,Business Loan,2020-12-17,603786.46,8.0,24,455962.16,Defaulted
LOAN06403,CUST05714,BR052,Business Loan,2025-03-13,1540432.2,13.28,48,720034.8,Defaulted
LOAN06404,CUST05846,BR037,Personal Loan,2025-02-07,285743.47,15.3,180,175313.87,Defaulted
LOAN06405,CUST02230,BR046,Education Loan,2020-01-31,347154.56,14.95,36,36566.72,Closed
LOAN06406,CUST00272,BR018,Business Loan,2023-12-17,3664354.73,7.98,36,1388381.6,Pending
LOAN06407,CUST01645,BR012,Home Loan,2025-07-08,7003956.55,11.89,12,5709136.06,Active
LOAN06408,CUST01437,BR039,Home Loan,2024-02-24,7721520.15,13.19,84,6502682.55,Defaulted
LOAN06409,CUST02470,BR034,Business Loan,2023-01-19,2682525.29,8.34,36,577977.46,Closed
LOAN06410,CUST00079,BR052,Home Loan,2021-12-24,7405209.35,15.14,60,4619040.29,Closed
LOAN06411,CUST00339,BR059,Home Loan,2023-06-22,5441276.99,10.3,180,5348254.69,Active
LOAN06412,CUST00982,BR007,Personal Loan,2024-01-12,530893.26,7.52,12,216767.84,Active
LOAN06413,CUST02021,BR050,Auto Loan,2021-09-12,1511260.12,9.6,84,309786.03,Active
LOAN06414,CUST04327,BR049,Business Loan,2020-11-19,1599635.71,10.24,240,1531846.8,Pending
LOAN06415,CUST00249,BR033,Education Loan,2021-11-11,905088.54,12.21,48,297694.7,Pending
LOAN06416,CUST02309,BR058,Home Loan,2023-03-12,5435347.48,11.71,24,3905466.89,Active
LOAN06417,CUST02660,BR007,Education Loan,2020-12-10,1409705.52,15.03,180,1310901.94,Closed
LOAN06418,CUST05012,BR004,Personal Loan,2020-05-19,309260.78,13.72,180,40679.0,Defaulted
LOAN06419,CUST01898,BR039,Education Loan,2022-01-30,1282382.0,7.15,84,296080.53,Closed
LOAN06420,CUST04337,BR058,Auto Loan,2022-07-01,781147.77,11.07,24,116810.34,Pending
LOAN06421,CUST05066,BR023,Auto Loan,2020-05-19,1370424.68,14.37,84,1325116.29,Active
LOAN06422,CUST07377,BR048,Auto Loan,2025-06-16,800949.97,14.59,60,693760.71,Active
LOAN06423,CUST03713,BR048,Auto Loan,2021-04-14,771799.06,12.12,84,322236.68,Closed
LOAN06424,CUST02572,BR046,Home Loan,2024-09-14,4112545.06,8.86,84,1381185.2,Closed
LOAN06425,CUST02742,BR053,Auto Loan,2024-01-12,271076.3,11.22,12,96055.93,Defaulted
LOAN06426,CUST05578,BR019,Home Loan,2025-10-20,1892000.7,7.75,120,1607266.49,Closed
LOAN06427,CUST04699,BR052,Auto Loan,2022-07-26,1525756.64,11.42,120,966415.39,Pending
LOAN06428,CUST00979,BR046,Personal Loan,2025-04-12,190469.23,7.43,36,90202.49,Closed
LOAN06429,CUST02504,BR037,Auto Loan,2022-03-15,821493.58,15.41,36,436730.37,Active
LOAN06430,CUST02860,BR018,Business Loan,2022-08-29,4594890.58,7.45,84,3426519.32,Defaulted
LOAN06431,CUST00738,BR018,Personal Loan,2021-03-23,634670.35,10.24,180,393030.86,Defaulted
LOAN06432,CUST04811,BR011,Personal Loan,2025-10-12,524535.42,7.1,84,452450.77,Defaulted
LOAN06433,CUST00030,BR042,Personal Loan,2024-07-25,537320.64,13.83,120,478122.31,Pending
LOAN06434,CUST04013,BR048,Business Loan,2024-01-15,4701018.26,10.62,120,2932611.29,Active
LOAN06435,CUST01466,BR046,Education Loan,2024-12-25,607362.94,7.76,120,277620.71,Pending
LOAN06436,CUST06761,BR050,Personal Loan,2024-12-12,423639.44,14.02,24,131562.17,Defaulted
LOAN06437,CUST07897,BR016,Home Loan,2021-10-16,5028831.52,8.48,120,3350608.24,Pending
LOAN06438,CUST07210,BR060,Personal Loan,2020-01-30,320942.65,11.55,240,126124.85,Pending
LOAN06439,CUST07203,BR044,Business Loan,2022-07-16,4020456.44,15.4,84,1521475.04,Pending
LOAN06440,CUST02610,BR026,Business Loan,2021-05-16,1822299.63,15.16,48,1466594.5,Pending
LOAN06441,CUST06854,BR023,Personal Loan,2024-10-29,288521.47,9.07,60,254692.5,Active
LOAN06442,CUST03473,BR019,Business Loan,2025-10-15,1941158.45,8.07,24,275069.6,Defaulted
LOAN06443,CUST07633,BR028,Personal Loan,2022-10-23,435353.37,11.56,240,76808.74,Closed
LOAN06444,CUST02795,BR004,Education Loan,2020-02-16,1016122.1,15.0,180,547381.11,Closed
LOAN06445,CUST00881,BR053,Auto Loan,2021-03-29,1648959.98,9.74,240,858175.56,Closed
LOAN06446,CUST04819,BR007,Education Loan,2021-02-13,722014.73,10.28,120,98222.96,Active
LOAN06447,CUST06704,BR051,Personal Loan,2021-05-15,121310.97,12.14,84,113109.58,Active
LOAN06448,CUST01950,BR008,Business Loan,2020-02-15,632940.01,11.25,60,304727.29,Active
LOAN06449,CUST00767,BR036,Education Loan,2022-03-26,1494715.3,14.49,48,1353762.63,Active
LOAN06450,CUST02000,BR023,Business Loan,2024-06-24,716574.88,8.73,12,260516.79,Defaulted
LOAN06451,CUST07382,BR060,Auto Loan,2023-10-19,1048656.67,7.29,24,766484.45,Active
LOAN06452,CUST04527,BR045,Auto Loan,2025-01-25,433957.05,10.83,84,56593.39,Active
LOAN06453,CUST07059,BR044,Auto Loan,2024-02-02,846435.47,8.13,24,158947.84,Closed
LOAN06454,CUST00968,BR005,Education Loan,2024-10-15,1228608.75,10.85,60,830838.45,Active
LOAN06455,CUST06145,BR003,Education Loan,2025-11-30,1057415.61,14.26,12,791547.79,Closed
LOAN06456,CUST01409,BR045,Business Loan,2020-07-09,1239450.34,9.77,12,70762.58,Defaulted
LOAN06457,CUST03807,BR037,Auto Loan,2020-04-09,433235.1,15.16,12,388865.03,Active
LOAN06458,CUST07067,BR052,Auto Loan,2021-01-11,1265640.35,9.12,84,1251902.32,Pending
LOAN06459,CUST04074,BR004,Auto Loan,2024-03-20,299119.66,11.28,24,269797.11,Pending
LOAN06460,CUST00929,BR045,Education Loan,2021-10-19,412546.06,12.37,36,257549.56,Pending
LOAN06461,CUST06752,BR027,Personal Loan,2020-01-12,236522.03,14.0,48,155017.6,Pending
LOAN06462,CUST07406,BR050,Home Loan,2024-08-09,6991494.52,10.64,24,1696503.27,Defaulted
LOAN06463,CUST01033,BR031,Auto Loan,2023-07-19,808598.7,9.5,48,696100.26,Pending
LOAN06464,CUST02279,BR009,Home Loan,2025-08-10,898377.96,9.26,180,486483.68,Active
LOAN06465,CUST05559,BR002,Personal Loan,2025-09-16,659422.64,13.3,180,470696.85,Defaulted
LOAN06466,CUST05203,BR003,Education Loan,2025-07-26,833887.59,10.33,120,321067.78,Defaulted
LOAN06467,CUST06086,BR055,Personal Loan,2021-07-15,427351.74,11.67,24,302021.83,Defaulted
LOAN06468,CUST07336,BR046,Education Loan,2023-01-16,1141573.25,7.29,120,1052585.11,Pending
LOAN06469,CUST06961,BR008,Home Loan,2020-01-01,4865494.04,10.63,48,1299586.73,Active
LOAN06470,CUST06550,BR054,Auto Loan,2021-09-05,481465.98,9.24,84,356888.73,Closed
LOAN06471,CUST04950,BR029,Business Loan,2020-03-23,2593269.28,7.12,240,1628762.19,Active
LOAN06472,CUST00654,BR019,Auto Loan,2021-03-20,910219.79,11.22,48,143565.57,Closed
LOAN06473,CUST05541,BR007,Auto Loan,2025-06-14,254595.54,8.58,36,35432.91,Closed
LOAN06474,CUST07547,BR039,Auto Loan,2020-12-17,1327192.63,13.98,48,396742.69,Defaulted
LOAN06475,CUST07742,BR027,Home Loan,2020-10-12,5579842.11,9.23,84,5335090.81,Closed
LOAN06476,CUST03665,BR018,Home Loan,2025-01-07,4003841.32,11.26,120,2631307.39,Defaulted
LOAN06477,CUST01903,BR018,Personal Loan,2020-02-13,382684.99,14.6,120,172871.52,Defaulted
LOAN06478,CUST05551,BR014,Education Loan,2022-08-31,1275446.85,14.28,48,252848.01,Closed
LOAN06479,CUST05510,BR052,Personal Loan,2022-07-15,501492.3,7.96,84,492467.11,Active
LOAN06480,CUST01295,BR030,Auto Loan,2020-12-23,235048.91,11.28,84,207154.2,Closed
LOAN06481,CUST02299,BR011,Auto Loan,2025-02-25,1398444.29,11.14,24,974974.84,Defaulted
LOAN06482,CUST00333,BR060,Personal Loan,2021-05-21,387044.12,9.2,36,130400.27,Defaulted
LOAN06483,CUST01595,BR006,Education Loan,2024-06-15,261146.9,15.01,48,235408.58,Closed
LOAN06484,CUST04693,BR045,Auto Loan,2023-03-18,1289954.14,13.02,240,329329.24,Pending
LOAN06485,CUST02025,BR036,Business Loan,2020-09-19,3643222.0,10.57,48,2469107.2,Active
LOAN06486,CUST07405,BR048,Auto Loan,2020-01-24,753296.48,12.11,36,654245.52,Defaulted
LOAN06487,CUST01224,BR040,Home Loan,2020-07-03,3187812.91,10.32,180,3148116.38,Closed
LOAN06488,CUST05657,BR026,Education Loan,2024-12-12,831017.01,13.76,240,744118.24,Defaulted
LOAN06489,CUST07189,BR001,Business Loan,2023-02-05,3168811.79,11.07,60,1079573.05,Closed
LOAN06490,CUST02621,BR023,Personal Loan,2024-03-23,771420.68,15.44,120,666955.78,Defaulted
LOAN06491,CUST05749,BR042,Personal Loan,2022-03-23,524298.42,7.09,48,183337.32,Closed
LOAN06492,CUST02914,BR015,Personal Loan,2022-11-11,356141.21,11.96,120,251335.59,Defaulted
LOAN06493,CUST04654,BR028,Home Loan,2020-11-04,5215757.42,14.33,240,4587047.73,Pending
LOAN06494,CUST04534,BR003,Auto Loan,2022-02-12,1226998.61,7.37,84,1017897.57,Defaulted
LOAN06495,CUST06448,BR002,Education Loan,2021-08-10,269957.45,14.52,240,150327.59,Defaulted
LOAN06496,CUST04263,BR046,Education Loan,2021-12-11,644202.5,7.17,120,522471.68,Pending
LOAN06497,CUST00687,BR030,Auto Loan,2022-05-26,445347.66,12.57,36,181343.02,Active
LOAN06498,CUST03595,BR015,Home Loan,2021-09-03,2209278.48,12.08,24,233921.75,Closed
LOAN06499,CUST00250,BR045,Auto Loan,2024-12-07,1504352.33,10.38,12,785906.6,Pending
LOAN06500,CUST00633,BR030,Education Loan,2022-05-20,1312146.34,14.11,60,990616.55,Closed
LOAN06501,CUST02026,BR005,Education Loan,2023-07-31,202095.03,9.03,120,61298.48,Defaulted
LOAN06502,CUST05947,BR033,Education Loan,2024-04-03,354754.11,11.79,60,92131.81,Defaulted
LOAN06503,CUST03647,BR045,Home Loan,2021-01-30,1784421.49,12.47,120,154017.93,Defaulted
LOAN06504,CUST00430,BR058,Personal Loan,2023-10-05,684251.2,15.35,84,683349.01,Pending
LOAN06505,CUST06963,BR046,Business Loan,2021-01-02,4992602.06,8.16,60,4425100.11,Active
LOAN06506,CUST05768,BR056,Business Loan,2021-06-17,3435885.62,9.49,48,3129213.89,Active
LOAN06507,CUST04354,BR053,Home Loan,2021-02-14,3743833.08,11.02,48,3673546.53,Closed
LOAN06508,CUST06327,BR039,Business Loan,2021-02-05,985995.29,10.62,48,984603.98,Pending
LOAN06509,CUST00986,BR002,Auto Loan,2021-02-08,1588826.64,11.69,48,977756.67,Pending
LOAN06510,CUST03829,BR042,Auto Loan,2022-07-17,1275939.56,14.99,12,1011396.33,Pending
LOAN06511,CUST03553,BR049,Business Loan,2021-08-08,323064.44,11.64,180,247436.39,Pending
LOAN06512,CUST02464,BR016,Business Loan,2024-02-15,1814030.3,10.78,84,436142.09,Pending
LOAN06513,CUST01124,BR017,Home Loan,2023-11-27,6752221.18,12.77,120,1830043.89,Defaulted
LOAN06514,CUST02564,BR020,Business Loan,2023-11-27,492476.29,10.17,48,238911.87,Pending
LOAN06515,CUST01179,BR029,Business Loan,2020-09-24,764008.76,7.73,240,453427.17,Pending
LOAN06516,CUST02187,BR045,Home Loan,2025-10-17,868846.87,12.03,12,117163.47,Pending
LOAN06517,CUST00977,BR036,Education Loan,2022-12-01,803593.36,8.67,240,204199.21,Closed
LOAN06518,CUST05561,BR039,Personal Loan,2022-11-25,372736.22,13.37,84,363120.5,Pending
LOAN06519,CUST02919,BR055,Business Loan,2021-01-25,3738693.79,12.57,240,3491780.79,Closed
LOAN06520,CUST05670,BR040,Education Loan,2023-06-21,1455043.58,14.6,60,408472.63,Active
LOAN06521,CUST02763,BR018,Personal Loan,2021-10-09,417545.47,8.87,12,244104.6,Active
LOAN06522,CUST00907,BR018,Business Loan,2025-04-30,1670586.97,13.72,36,691173.09,Pending
LOAN06523,CUST04662,BR006,Auto Loan,2021-04-28,707611.48,10.0,84,344042.56,Defaulted
LOAN06524,CUST00702,BR043,Auto Loan,2024-09-22,356031.91,11.74,84,51382.3,Defaulted
LOAN06525,CUST00290,BR009,Auto Loan,2023-06-12,1598910.38,13.6,36,399100.76,Defaulted
LOAN06526,CUST01632,BR005,Education Loan,2021-06-10,1277051.12,12.08,60,392908.95,Pending
LOAN06527,CUST05142,BR014,Home Loan,2022-02-21,2365583.32,9.13,12,2099851.65,Defaulted
LOAN06528,CUST05221,BR044,Education Loan,2023-07-10,1162853.88,7.23,12,209168.07,Closed
LOAN06529,CUST04217,BR035,Personal Loan,2024-07-03,63946.28,12.64,84,31905.05,Active
LOAN06530,CUST03564,BR033,Personal Loan,2025-07-01,142489.53,8.4,48,99048.05,Closed
LOAN06531,CUST01782,BR046,Business Loan,2024-07-13,2595639.85,12.13,120,960355.37,Closed
LOAN06532,CUST02931,BR048,Personal Loan,2024-11-13,521597.44,14.63,180,35716.3,Pending
LOAN06533,CUST02606,BR012,Personal Loan,2022-10-21,455078.81,7.51,60,353116.18,Closed
LOAN06534,CUST04510,BR002,Auto Loan,2024-08-18,1240643.75,10.13,84,942799.4,Defaulted
LOAN06535,CUST06671,BR016,Business Loan,2020-10-03,671168.38,8.56,12,421630.49,Defaulted
LOAN06536,CUST05657,BR012,Education Loan,2022-08-26,501486.07,10.0,12,155793.11,Defaulted
LOAN06537,CUST03886,BR035,Personal Loan,2024-05-29,431937.9,8.85,36,369701.5,Closed
LOAN06538,CUST01039,BR027,Education Loan,2025-07-01,211906.52,12.58,180,144372.7,Pending
LOAN06539,CUST07404,BR014,Business Loan,2022-02-07,4271723.63,11.29,60,3013620.59,Closed
LOAN06540,CUST00836,BR004,Personal Loan,2020-07-09,768867.94,14.46,84,348748.36,Defaulted
LOAN06541,CUST04180,BR044,Home Loan,2021-06-19,2139743.14,10.67,240,246794.16,Active
LOAN06542,CUST02944,BR053,Auto Loan,2021-03-27,1723600.42,15.22,36,877118.03,Active
LOAN06543,CUST06565,BR037,Business Loan,2020-10-02,1332140.99,11.47,180,218828.19,Pending
LOAN06544,CUST04622,BR019,Personal Loan,2021-09-15,476169.1,12.98,84,462112.73,Active
LOAN06545,CUST03727,BR054,Personal Loan,2025-12-17,438426.76,10.61,36,148980.81,Pending
LOAN06546,CUST00667,BR021,Business Loan,2021-04-11,2091923.46,9.94,24,761871.4,Active
LOAN06547,CUST01118,BR052,Auto Loan,2022-03-05,1449108.53,7.59,120,1054574.81,Defaulted
LOAN06548,CUST00279,BR030,Personal Loan,2024-11-27,335498.99,7.55,120,76530.93,Closed
LOAN06549,CUST06627,BR006,Education Loan,2025-10-06,1219087.8,12.46,48,1005348.03,Defaulted
LOAN06550,CUST04749,BR019,Auto Loan,2022-10-28,748194.96,10.73,180,476551.82,Defaulted
LOAN06551,CUST07958,BR023,Business Loan,2023-07-09,1770396.75,7.84,48,871886.32,Pending
LOAN06552,CUST05462,BR011,Personal Loan,2025-01-20,117651.74,14.07,24,56081.52,Closed
LOAN06553,CUST00339,BR024,Personal Loan,2021-06-21,294740.78,7.55,180,200281.06,Closed
LOAN06554,CUST07808,BR004,Education Loan,2025-06-06,355520.72,10.0,84,95006.49,Pending
LOAN06555,CUST05840,BR041,Auto Loan,2025-02-21,1344855.63,14.15,12,500947.45,Active
LOAN06556,CUST06901,BR045,Personal Loan,2020-05-16,351347.98,13.35,84,300935.44,Defaulted
LOAN06557,CUST03278,BR035,Auto Loan,2025-04-09,596961.15,9.25,84,483663.14,Active
LOAN06558,CUST03669,BR045,Education Loan,2020-08-10,548063.63,10.83,60,46904.73,Defaulted
LOAN06559,CUST02871,BR009,Personal Loan,2025-08-28,445335.36,11.93,240,337771.23,Defaulted
LOAN06560,CUST03489,BR039,Home Loan,2025-07-01,3358304.59,7.85,84,547101.19,Closed
LOAN06561,CUST05678,BR041,Business Loan,2023-01-23,1359754.64,7.04,24,468228.86,Defaulted
LOAN06562,CUST02132,BR044,Business Loan,2025-01-27,1810032.55,12.28,36,620555.55,Pending
LOAN06563,CUST01996,BR033,Personal Loan,2021-10-03,435069.42,13.18,84,294473.57,Active
LOAN06564,CUST07582,BR027,Auto Loan,2025-07-04,737119.95,9.56,36,425708.33,Defaulted
LOAN06565,CUST06317,BR056,Auto Loan,2020-07-19,1857797.65,12.76,120,583953.9,Active
LOAN06566,CUST00954,BR029,Home Loan,2023-05-29,5507121.41,9.77,36,4147729.59,Pending
LOAN06567,CUST07075,BR042,Personal Loan,2025-08-24,361640.52,10.59,84,49179.26,Closed
LOAN06568,CUST00817,BR041,Personal Loan,2022-07-18,350855.83,8.4,36,274128.9,Active
LOAN06569,CUST00347,BR032,Personal Loan,2020-09-09,597937.64,9.25,24,213820.82,Defaulted
LOAN06570,CUST00295,BR014,Auto Loan,2024-05-04,1650860.24,15.39,48,1031918.3,Active
LOAN06571,CUST03525,BR035,Personal Loan,2020-12-27,406920.78,9.07,60,357218.26,Closed
LOAN06572,CUST04408,BR036,Personal Loan,2023-10-30,167218.92,8.26,120,12806.15,Closed
LOAN06573,CUST04753,BR045,Personal Loan,2023-12-07,337544.66,11.71,12,308773.98,Defaulted
LOAN06574,CUST04968,BR060,Business Loan,2025-09-16,4162036.13,9.69,48,2082116.69,Defaulted
LOAN06575,CUST00636,BR012,Home Loan,2024-11-05,4608342.65,7.26,120,4323207.65,Closed
LOAN06576,CUST00511,BR052,Personal Loan,2020-06-02,66232.75,9.82,12,16166.18,Defaulted
LOAN06577,CUST00390,BR009,Education Loan,2024-07-14,1356708.48,9.71,240,1291930.58,Defaulted
LOAN06578,CUST07289,BR037,Education Loan,2022-08-26,730097.26,12.1,36,671696.03,Defaulted
LOAN06579,CUST05085,BR037,Education Loan,2020-04-27,637022.15,9.5,24,147439.27,Pending
LOAN06580,CUST02160,BR049,Personal Loan,2024-04-08,726003.38,8.59,60,613214.57,Active
LOAN06581,CUST03500,BR037,Personal Loan,2025-06-19,782694.69,7.62,12,592307.6,Pending
LOAN06582,CUST02219,BR014,Business Loan,2023-07-20,865621.62,11.77,84,614958.02,Closed
LOAN06583,CUST05503,BR019,Education Loan,2020-01-06,827375.81,13.9,48,752240.74,Defaulted
LOAN06584,CUST07358,BR048,Auto Loan,2020-05-04,413810.27,14.25,240,401005.48,Pending
LOAN06585,CUST00682,BR045,Business Loan,2022-07-05,4588198.07,9.47,12,1911291.75,Pending
LOAN06586,CUST05783,BR022,Business Loan,2024-10-27,1428994.04,8.38,84,839710.25,Active
LOAN06587,CUST00176,BR032,Business Loan,2022-02-12,1522809.1,14.47,36,367533.64,Defaulted
LOAN06588,CUST01710,BR031,Personal Loan,2024-01-24,164325.19,9.47,48,14550.96,Closed
LOAN06589,CUST02225,BR032,Business Loan,2023-05-17,4891755.53,14.4,24,1331579.23,Active
LOAN06590,CUST03890,BR028,Business Loan,2021-12-12,2666211.43,10.17,84,1240710.54,Defaulted
LOAN06591,CUST01105,BR049,Home Loan,2022-08-10,4234207.97,14.39,60,3343221.67,Active
LOAN06592,CUST04161,BR040,Personal Loan,2025-12-13,635221.48,15.15,36,211832.58,Closed
LOAN06593,CUST01384,BR050,Education Loan,2025-10-14,812142.63,10.14,48,207391.53,Closed
LOAN06594,CUST00205,BR041,Home Loan,2021-04-17,2991341.46,13.68,36,2186170.89,Closed
LOAN06595,CUST01972,BR048,Home Loan,2024-04-17,4742872.03,13.39,48,3931501.47,Closed
LOAN06596,CUST03034,BR028,Education Loan,2025-10-19,1278580.57,9.52,36,150523.14,Closed
LOAN06597,CUST02386,BR039,Auto Loan,2021-03-20,837919.56,15.27,120,636356.54,Pending
LOAN06598,CUST01378,BR018,Business Loan,2024-01-05,3311968.55,11.32,120,2857501.03,Pending
LOAN06599,CUST00209,BR003,Business Loan,2020-07-21,3662451.65,15.25,240,1429600.78,Active
LOAN06600,CUST01053,BR057,Education Loan,2025-07-02,556971.32,7.58,24,303635.73,Pending
LOAN06601,CUST07090,BR004,Auto Loan,2025-08-26,428881.62,8.8,84,210409.09,Closed
LOAN06602,CUST04579,BR045,Business Loan,2025-07-06,4526813.39,11.49,84,1706378.09,Active
LOAN06603,CUST04665,BR017,Education Loan,2023-12-15,399138.07,11.55,12,324502.34,Closed
LOAN06604,CUST04801,BR036,Business Loan,2023-01-10,2869780.09,14.23,24,1843489.97,Closed
LOAN06605,CUST01759,BR057,Education Loan,2022-02-18,286731.6,9.04,84,234799.88,Active
LOAN06606,CUST02663,BR047,Personal Loan,2020-11-22,504802.83,7.55,180,171295.46,Defaulted
LOAN06607,CUST05083,BR039,Education Loan,2024-03-03,280390.03,15.2,180,175730.78,Pending
LOAN06608,CUST07257,BR051,Home Loan,2022-03-24,7552574.86,11.23,24,2758383.62,Closed
LOAN06609,CUST06739,BR014,Business Loan,2025-12-11,2881992.42,9.7,36,2608657.78,Pending
LOAN06610,CUST05113,BR010,Home Loan,2023-03-22,7917711.44,12.95,24,4690314.8,Active
LOAN06611,CUST04483,BR025,Personal Loan,2022-04-04,192908.56,13.31,36,43490.25,Pending
LOAN06612,CUST05806,BR021,Home Loan,2023-04-03,2707520.33,13.06,180,2408653.5,Pending
LOAN06613,CUST06510,BR038,Personal Loan,2021-04-27,234664.02,13.52,240,92613.78,Closed
LOAN06614,CUST06632,BR037,Auto Loan,2025-08-10,1714969.43,12.55,36,916608.27,Pending
LOAN06615,CUST02220,BR054,Home Loan,2024-11-03,6190902.72,11.74,60,3791776.93,Closed
LOAN06616,CUST06209,BR005,Home Loan,2020-07-14,4075590.35,14.05,84,3788933.73,Closed
LOAN06617,CUST07623,BR052,Education Loan,2025-09-13,1451420.27,8.86,36,555252.04,Active
LOAN06618,CUST03242,BR060,Home Loan,2023-02-04,3152360.52,7.14,60,515050.09,Active
LOAN06619,CUST05476,BR008,Auto Loan,2023-02-09,1349969.98,10.21,84,730352.27,Pending
LOAN06620,CUST06348,BR016,Business Loan,2020-08-29,596292.08,13.83,120,359625.87,Active
LOAN06621,CUST00084,BR051,Auto Loan,2023-05-28,1890643.89,13.46,84,262606.12,Closed
LOAN06622,CUST02114,BR045,Business Loan,2025-03-09,4788239.82,10.52,120,2347860.97,Defaulted
LOAN06623,CUST00466,BR011,Home Loan,2023-05-29,5642428.19,14.29,180,4801639.64,Closed
LOAN06624,CUST06862,BR031,Business Loan,2021-01-02,4212481.9,13.86,48,1490822.02,Active
LOAN06625,CUST07420,BR034,Auto Loan,2022-11-30,1193142.22,12.01,12,515690.43,Active
LOAN06626,CUST00814,BR022,Business Loan,2020-05-24,2788467.31,12.85,240,643254.66,Defaulted
LOAN06627,CUST00183,BR040,Home Loan,2025-11-16,2940241.4,7.29,240,2914464.6,Pending
LOAN06628,CUST06069,BR007,Business Loan,2022-02-26,4377303.15,10.67,48,3186923.36,Active
LOAN06629,CUST00352,BR025,Personal Loan,2022-08-12,665341.62,14.46,60,322880.47,Active
LOAN06630,CUST06547,BR020,Home Loan,2020-12-08,6947865.22,11.97,12,2464585.54,Active
LOAN06631,CUST05278,BR001,Home Loan,2023-10-16,6621559.02,14.66,240,4466189.55,Pending
LOAN06632,CUST04517,BR004,Education Loan,2021-10-10,485128.51,14.66,120,465978.82,Pending
LOAN06633,CUST00916,BR016,Home Loan,2025-08-09,1175810.96,9.16,180,571781.03,Closed
LOAN06634,CUST01933,BR004,Education Loan,2020-05-13,812236.5,11.1,24,636492.23,Defaulted
LOAN06635,CUST06424,BR024,Home Loan,2022-04-15,3275383.06,10.81,36,854592.94,Closed
LOAN06636,CUST02014,BR012,Home Loan,2023-07-16,7465242.32,12.2,60,5292813.49,Defaulted
LOAN06637,CUST03102,BR020,Personal Loan,2022-06-15,586846.26,7.1,180,540025.49,Active
LOAN06638,CUST02267,BR024,Education Loan,2025-03-15,401355.27,9.76,36,206026.93,Closed
LOAN06639,CUST02828,BR038,Auto Loan,2021-03-14,1860302.36,14.31,240,1716915.66,Closed
LOAN06640,CUST03300,BR022,Business Loan,2022-12-10,597632.41,9.37,12,153704.59,Closed
LOAN06641,CUST03707,BR021,Business Loan,2022-11-28,3702278.54,14.85,60,315062.42,Closed
LOAN06642,CUST05089,BR057,Personal Loan,2020-12-07,174663.81,14.65,48,105875.12,Pending
LOAN06643,CUST03202,BR049,Education Loan,2022-05-31,1173902.17,7.41,180,490025.23,Closed
LOAN06644,CUST06759,BR017,Personal Loan,2021-11-07,123401.85,13.51,12,31368.97,Active
LOAN06645,CUST02077,BR049,Auto Loan,2022-02-26,1714489.5,12.54,36,346505.26,Pending
LOAN06646,CUST01217,BR006,Education Loan,2023-11-17,104824.77,7.43,84,65359.61,Closed
LOAN06647,CUST07815,BR055,Personal Loan,2022-05-06,789561.43,9.61,24,173030.84,Closed
LOAN06648,CUST05807,BR029,Business Loan,2025-09-29,4214531.3,12.31,24,2530740.04,Defaulted
LOAN06649,CUST06972,BR007,Personal Loan,2020-08-18,465951.31,11.04,240,426462.33,Pending
LOAN06650,CUST02487,BR008,Education Loan,2022-03-24,1176757.69,11.06,240,958448.48,Closed
LOAN06651,CUST06325,BR052,Business Loan,2024-10-21,4455569.06,9.99,12,1828697.38,Active
LOAN06652,CUST01579,BR045,Education Loan,2020-02-21,146584.27,11.55,60,111034.19,Defaulted
LOAN06653,CUST04182,BR015,Business Loan,2020-04-04,3746420.08,13.94,60,962826.53,Active
LOAN06654,CUST04823,BR044,Home Loan,2025-11-24,5164476.22,13.1,12,3354085.6,Active
LOAN06655,CUST05338,BR022,Business Loan,2024-06-11,3293359.13,14.43,180,1985957.12,Active
LOAN06656,CUST06448,BR036,Business Loan,2021-04-19,3859287.75,14.99,12,2251646.24,Closed
LOAN06657,CUST04478,BR029,Education Loan,2023-12-06,1293616.57,10.12,24,558899.47,Defaulted
LOAN06658,CUST06247,BR042,Home Loan,2025-10-02,6793185.03,9.2,60,2129980.58,Closed
LOAN06659,CUST00230,BR008,Business Loan,2025-02-27,4991553.46,10.57,60,2564300.44,Pending
LOAN06660,CUST04340,BR029,Education Loan,2022-04-10,554096.71,13.42,12,516288.4,Closed
LOAN06661,CUST01370,BR036,Business Loan,2021-06-20,855224.17,12.87,12,574749.28,Active
LOAN06662,CUST02747,BR054,Education Loan,2021-05-02,106516.75,11.86,12,46205.85,Pending
LOAN06663,CUST06149,BR022,Personal Loan,2025-03-03,183536.69,14.81,12,10774.06,Active
LOAN06664,CUST01890,BR018,Home Loan,2025-06-01,1287991.76,14.16,60,247961.78,Defaulted
LOAN06665,CUST02891,BR022,Personal Loan,2024-05-26,202540.22,11.35,24,92679.44,Active
LOAN06666,CUST01681,BR044,Education Loan,2021-12-30,914016.8,8.81,12,658217.48,Active
LOAN06667,CUST03663,BR050,Education Loan,2025-10-18,1453057.68,13.28,180,176375.2,Active
LOAN06668,CUST02444,BR037,Business Loan,2025-06-27,858722.29,9.15,84,327389.41,Defaulted
LOAN06669,CUST01323,BR033,Business Loan,2021-11-15,2478389.03,9.23,60,1902094.9,Pending
LOAN06670,CUST07593,BR017,Business Loan,2023-06-29,3262902.01,7.96,36,3069406.45,Active
LOAN06671,CUST05397,BR016,Business Loan,2021-03-02,1784258.63,13.23,24,717354.16,Active
LOAN06672,CUST00748,BR018,Auto Loan,2020-08-23,400594.52,14.45,240,346616.42,Defaulted
LOAN06673,CUST05316,BR031,Personal Loan,2020-10-29,474159.97,11.32,240,185016.82,Closed
LOAN06674,CUST02072,BR027,Business Loan,2021-09-16,3100883.25,9.84,24,976418.68,Pending
LOAN06675,CUST02341,BR052,Education Loan,2021-06-15,724744.72,11.2,240,162041.37,Active
LOAN06676,CUST05224,BR049,Home Loan,2024-04-27,5608134.41,7.29,240,4478746.66,Active
LOAN06677,CUST01695,BR012,Business Loan,2025-01-14,4900501.61,14.36,240,464234.21,Defaulted
LOAN06678,CUST05899,BR020,Business Loan,2020-01-30,3467430.33,9.79,48,1619598.64,Closed
LOAN06679,CUST05270,BR047,Education Loan,2021-02-20,579210.67,8.79,48,535553.94,Pending
LOAN06680,CUST00275,BR043,Education Loan,2022-12-19,1458948.24,8.12,36,568577.37,Pending
LOAN06681,CUST01521,BR044,Education Loan,2022-03-23,750268.04,10.46,48,271785.66,Defaulted
LOAN06682,CUST06991,BR054,Home Loan,2021-07-15,7776073.34,12.03,12,5248867.49,Defaulted
LOAN06683,CUST05633,BR047,Personal Loan,2025-10-09,224824.05,9.94,240,37262.38,Closed
LOAN06684,CUST04352,BR047,Auto Loan,2024-08-04,1837007.27,14.45,60,1489242.49,Active
LOAN06685,CUST03968,BR014,Home Loan,2023-05-15,1856853.28,8.97,180,1516088.26,Closed
LOAN06686,CUST05921,BR001,Auto Loan,2023-01-28,235937.11,14.73,24,141131.39,Closed
LOAN06687,CUST07819,BR052,Business Loan,2020-01-21,3688927.94,12.83,12,712008.71,Closed
LOAN06688,CUST06216,BR032,Business Loan,2021-09-28,1809665.67,12.51,84,833577.81,Active
LOAN06689,CUST00405,BR006,Education Loan,2023-01-01,391927.25,12.3,24,372266.69,Active
LOAN06690,CUST07047,BR035,Auto Loan,2020-06-24,1894797.91,12.33,60,473359.08,Defaulted
LOAN06691,CUST03767,BR018,Business Loan,2024-11-06,2464553.06,9.82,180,436719.13,Active
LOAN06692,CUST00264,BR054,Personal Loan,2020-08-29,170192.58,14.88,180,93985.15,Pending
LOAN06693,CUST04797,BR010,Home Loan,2021-01-27,6251842.56,14.73,240,4942155.62,Pending
LOAN06694,CUST07562,BR040,Business Loan,2022-02-13,581049.64,8.0,12,349073.53,Defaulted
LOAN06695,CUST02675,BR013,Business Loan,2020-11-02,1931613.65,10.03,24,319321.06,Pending
LOAN06696,CUST07631,BR002,Personal Loan,2022-07-12,319301.89,12.76,84,299676.71,Defaulted
LOAN06697,CUST03712,BR006,Home Loan,2021-10-10,7593694.8,11.23,12,4463084.89,Closed
LOAN06698,CUST00281,BR049,Home Loan,2025-09-15,3392635.09,7.79,84,1095035.17,Closed
LOAN06699,CUST06863,BR015,Auto Loan,2022-03-10,592193.87,12.94,12,210129.02,Defaulted
LOAN06700,CUST03666,BR030,Auto Loan,2020-11-01,1085849.95,11.57,120,560410.62,Closed
LOAN06701,CUST06516,BR010,Education Loan,2022-07-22,458618.4,13.11,120,424650.31,Pending
LOAN06702,CUST07343,BR011,Auto Loan,2021-06-06,1250317.44,8.64,84,513871.25,Defaulted
LOAN06703,CUST03890,BR043,Home Loan,2020-11-04,7753202.01,7.63,24,2456948.37,Pending
LOAN06704,CUST02763,BR025,Personal Loan,2025-02-10,265363.01,8.88,120,227591.38,Closed
LOAN06705,CUST00569,BR025,Business Loan,2024-03-16,1844576.66,10.18,12,92469.4,Active
LOAN06706,CUST02494,BR017,Education Loan,2023-07-06,1146996.1,9.82,48,389695.39,Pending
LOAN06707,CUST07568,BR034,Auto Loan,2025-03-08,215901.22,10.82,84,80366.38,Pending
LOAN06708,CUST05389,BR006,Home Loan,2022-11-09,3488022.5,11.96,36,2775905.52,Defaulted
LOAN06709,CUST02343,BR005,Personal Loan,2021-04-15,218536.59,12.38,24,36498.39,Closed
LOAN06710,CUST00182,BR027,Education Loan,2024-04-30,1210550.07,11.19,180,765897.76,Pending
LOAN06711,CUST03507,BR040,Home Loan,2024-01-06,1384239.62,15.23,84,816615.16,Defaulted
LOAN06712,CUST02025,BR034,Personal Loan,2020-04-05,497931.39,8.52,84,334466.09,Pending
LOAN06713,CUST01895,BR053,Auto Loan,2023-06-26,943480.36,15.11,12,519196.15,Closed
LOAN06714,CUST05116,BR050,Auto Loan,2020-10-18,795388.39,10.92,48,439048.66,Closed
LOAN06715,CUST01043,BR014,Home Loan,2022-09-19,4779010.7,15.17,36,3643026.84,Active
LOAN06716,CUST01137,BR015,Personal Loan,2025-08-18,74555.25,14.92,120,16211.25,Defaulted
LOAN06717,CUST04318,BR057,Personal Loan,2023-06-20,256864.56,9.73,12,42651.14,Pending
LOAN06718,CUST01145,BR035,Education Loan,2024-01-19,1036952.93,9.46,60,822358.58,Closed
LOAN06719,CUST02182,BR057,Business Loan,2020-01-15,1845697.16,14.19,120,912790.97,Active
LOAN06720,CUST00864,BR059,Home Loan,2023-09-23,1167737.5,15.21,48,231009.52,Closed
LOAN06721,CUST07451,BR008,Education Loan,2020-08-01,380528.01,14.89,36,160992.09,Active
LOAN06722,CUST02886,BR019,Education Loan,2024-10-20,1166009.06,13.63,240,700082.69,Defaulted
LOAN06723,CUST06606,BR012,Education Loan,2020-02-22,972802.17,12.86,24,212938.94,Defaulted
LOAN06724,CUST02414,BR028,Education Loan,2020-11-13,551391.17,13.63,48,150245.78,Active
LOAN06725,CUST07926,BR017,Business Loan,2025-02-21,3452776.34,7.0,240,582280.48,Pending
LOAN06726,CUST04849,BR035,Personal Loan,2023-04-26,246326.73,13.53,24,144923.93,Active
LOAN06727,CUST07508,BR021,Home Loan,2023-12-12,3785054.41,10.3,24,1304884.65,Pending
LOAN06728,CUST06057,BR057,Auto Loan,2021-03-05,1754703.7,9.24,180,1098018.26,Closed
LOAN06729,CUST07727,BR036,Home Loan,2022-10-19,3340674.83,10.59,240,717363.59,Closed
LOAN06730,CUST05202,BR054,Personal Loan,2020-09-23,127112.41,8.17,84,95337.24,Closed
LOAN06731,CUST01051,BR058,Home Loan,2020-07-02,2820973.57,13.61,12,533474.16,Closed
LOAN06732,CUST04221,BR049,Auto Loan,2021-10-31,815600.04,14.59,180,775526.67,Defaulted
LOAN06733,CUST00059,BR059,Business Loan,2023-10-25,2864584.12,11.41,84,356325.15,Pending
LOAN06734,CUST00905,BR013,Business Loan,2024-09-22,3049223.29,12.29,12,1195802.08,Closed
LOAN06735,CUST01286,BR025,Education Loan,2023-02-22,310423.01,15.16,180,98737.29,Pending
LOAN06736,CUST03642,BR051,Education Loan,2021-01-17,539214.67,14.81,120,155888.26,Pending
LOAN06737,CUST05307,BR060,Education Loan,2021-05-11,1436017.28,11.66,84,797848.05,Active
LOAN06738,CUST00184,BR017,Home Loan,2020-03-12,6867044.87,10.97,180,6757463.55,Closed
LOAN06739,CUST02470,BR043,Education Loan,2024-09-13,1442569.06,11.47,24,292668.43,Active
LOAN06740,CUST00156,BR004,Auto Loan,2024-08-02,543834.84,7.16,48,84218.85,Defaulted
LOAN06741,CUST01727,BR033,Home Loan,2024-09-08,4105607.92,10.78,48,2181552.28,Closed
LOAN06742,CUST05667,BR019,Business Loan,2024-06-23,3214421.4,13.67,36,3064542.92,Defaulted
LOAN06743,CUST00975,BR039,Home Loan,2022-02-26,3222451.11,7.88,36,1236289.54,Defaulted
LOAN06744,CUST07632,BR017,Personal Loan,2020-05-22,528640.38,15.33,12,434043.43,Defaulted
LOAN06745,CUST00867,BR048,Personal Loan,2024-02-24,399194.56,9.32,24,309584.9,Active
LOAN06746,CUST02938,BR004,Business Loan,2021-06-29,2274821.29,13.99,60,2196214.92,Active
LOAN06747,CUST05031,BR015,Auto Loan,2023-02-16,1498641.35,14.27,84,552426.26,Pending
LOAN06748,CUST00928,BR002,Education Loan,2025-03-06,858612.6,12.53,240,759892.33,Active
LOAN06749,CUST06926,BR046,Home Loan,2023-09-25,7424237.32,7.12,120,3663567.07,Active
LOAN06750,CUST00208,BR017,Auto Loan,2022-06-09,1301995.49,10.98,120,1166406.63,Defaulted
LOAN06751,CUST00539,BR054,Business Loan,2025-05-29,4195892.26,11.76,120,1031762.14,Defaulted
LOAN06752,CUST04344,BR026,Home Loan,2022-10-21,2797447.27,14.36,84,245096.23,Closed
LOAN06753,CUST07090,BR014,Home Loan,2021-11-06,2783984.66,10.0,12,961781.74,Closed
LOAN06754,CUST03718,BR041,Auto Loan,2024-06-19,1967339.23,9.49,60,629480.5,Pending
LOAN06755,CUST07239,BR008,Education Loan,2020-03-03,330800.81,11.45,180,179532.39,Closed
LOAN06756,CUST05926,BR057,Education Loan,2023-03-17,544909.86,14.2,12,481162.07,Closed
LOAN06757,CUST03733,BR043,Education Loan,2021-06-14,1217729.44,13.67,48,958453.11,Closed
LOAN06758,CUST07385,BR032,Personal Loan,2020-02-28,421291.1,9.96,180,255534.25,Closed
LOAN06759,CUST00185,BR037,Auto Loan,2025-10-17,536780.84,11.29,36,503337.26,Active
LOAN06760,CUST07790,BR047,Personal Loan,2022-02-26,329406.68,8.67,180,283159.63,Defaulted
LOAN06761,CUST02207,BR035,Business Loan,2022-09-14,4133102.34,12.56,48,3733210.01,Defaulted
LOAN06762,CUST07294,BR057,Personal Loan,2024-12-27,269294.0,7.36,36,73968.66,Defaulted
LOAN06763,CUST03124,BR026,Personal Loan,2022-11-28,613210.73,10.52,12,410668.44,Defaulted
LOAN06764,CUST01776,BR035,Home Loan,2025-03-05,6055541.48,11.8,120,2510187.6,Pending
LOAN06765,CUST06995,BR014,Home Loan,2024-06-29,5327182.75,15.43,120,3318894.0,Active
LOAN06766,CUST00986,BR044,Home Loan,2021-03-11,1286208.55,10.07,24,1216281.07,Pending
LOAN06767,CUST05761,BR059,Business Loan,2025-03-05,3626071.82,11.59,48,656724.98,Pending
LOAN06768,CUST04147,BR022,Auto Loan,2024-01-07,1466907.37,8.82,12,786704.42,Active
LOAN06769,CUST04153,BR055,Personal Loan,2023-02-03,687035.75,11.47,120,190857.1,Pending
LOAN06770,CUST06530,BR058,Auto Loan,2022-02-17,778755.53,15.23,24,171386.52,Closed
LOAN06771,CUST03697,BR011,Auto Loan,2023-07-11,753267.75,8.89,120,577774.67,Active
LOAN06772,CUST07861,BR047,Business Loan,2021-04-29,1421121.03,11.96,180,623302.27,Defaulted
LOAN06773,CUST00068,BR023,Auto Loan,2020-08-23,976650.77,9.39,180,962661.01,Closed
LOAN06774,CUST00987,BR059,Education Loan,2020-09-04,1399671.03,8.19,36,720657.21,Defaulted
LOAN06775,CUST07315,BR038,Business Loan,2024-10-02,401155.66,11.62,60,240618.47,Pending
LOAN06776,CUST04495,BR058,Auto Loan,2025-05-01,1596287.69,8.48,24,864607.32,Defaulted
LOAN06777,CUST06567,BR048,Home Loan,2022-05-24,6157924.33,11.04,240,2120900.84,Active
LOAN06778,CUST00864,BR060,Home Loan,2020-05-14,2110056.14,15.23,12,783347.28,Defaulted
LOAN06779,CUST06712,BR006,Auto Loan,2022-11-02,1473097.75,15.28,120,625194.13,Defaulted
LOAN06780,CUST04110,BR039,Auto Loan,2020-04-22,1134852.21,15.34,240,187967.96,Active
LOAN06781,CUST03664,BR032,Education Loan,2022-04-24,1195183.23,9.93,60,1186136.94,Defaulted
LOAN06782,CUST03158,BR028,Education Loan,2020-01-03,795299.9,14.66,60,756189.81,Defaulted
LOAN06783,CUST03600,BR026,Education Loan,2024-08-08,284698.49,7.14,180,179851.05,Defaulted
LOAN06784,CUST00396,BR032,Personal Loan,2022-11-03,683612.83,15.31,24,319379.73,Closed
LOAN06785,CUST05399,BR012,Business Loan,2023-12-16,3158841.66,11.37,12,941432.66,Pending
LOAN06786,CUST03348,BR056,Auto Loan,2022-12-05,269364.24,12.89,24,21900.37,Defaulted
LOAN06787,CUST05659,BR044,Personal Loan,2020-12-26,418844.74,11.59,120,172612.01,Active
LOAN06788,CUST05706,BR017,Education Loan,2024-09-05,284281.44,10.18,36,244523.04,Pending
LOAN06789,CUST06987,BR028,Business Loan,2023-02-12,4543418.96,15.37,36,3187255.63,Pending
LOAN06790,CUST02045,BR019,Auto Loan,2023-06-20,537146.76,7.78,84,455812.25,Defaulted
LOAN06791,CUST07464,BR019,Personal Loan,2023-04-17,464276.56,8.37,240,101257.45,Active
LOAN06792,CUST07688,BR054,Education Loan,2022-01-19,876608.38,9.89,48,806466.66,Defaulted
LOAN06793,CUST07391,BR051,Education Loan,2024-02-14,326167.39,9.98,84,314345.49,Pending
LOAN06794,CUST02386,BR026,Home Loan,2025-01-02,6184895.17,12.91,180,5286330.58,Closed
LOAN06795,CUST02451,BR022,Home Loan,2023-12-30,4194770.13,15.16,60,234444.24,Closed
LOAN06796,CUST00451,BR028,Education Loan,2020-03-08,1302511.19,14.05,36,259223.34,Pending
LOAN06797,CUST03529,BR007,Home Loan,2024-03-28,4751665.28,14.79,240,4244682.51,Pending
LOAN06798,CUST02362,BR049,Education Loan,2020-02-11,1027221.0,14.29,180,417339.58,Defaulted
LOAN06799,CUST02488,BR001,Auto Loan,2022-04-03,1880935.22,14.2,240,1207737.65,Pending
LOAN06800,CUST00306,BR024,Business Loan,2022-09-02,4230294.19,11.73,120,258736.2,Defaulted
LOAN06801,CUST06634,BR020,Home Loan,2020-04-04,5831000.31,12.8,180,2847395.55,Defaulted
LOAN06802,CUST04834,BR023,Auto Loan,2020-05-12,1536995.66,11.71,36,735337.81,Active
LOAN06803,CUST00425,BR033,Home Loan,2024-05-30,7695251.46,11.48,12,2177393.35,Active
LOAN06804,CUST06099,BR027,Business Loan,2020-06-15,3730659.55,10.0,240,2127247.03,Pending
LOAN06805,CUST07579,BR034,Auto Loan,2022-10-31,907632.29,12.13,180,233959.33,Closed
LOAN06806,CUST03435,BR032,Personal Loan,2023-12-27,588316.47,11.9,60,289158.87,Defaulted
LOAN06807,CUST01378,BR003,Personal Loan,2025-09-09,783339.18,12.53,180,493925.34,Closed
LOAN06808,CUST03648,BR011,Personal Loan,2021-12-12,179495.44,13.21,240,29337.83,Pending
LOAN06809,CUST02101,BR028,Education Loan,2023-08-04,1449131.1,11.3,180,530008.22,Active
LOAN06810,CUST02919,BR015,Business Loan,2020-02-02,4115667.69,12.81,240,2312916.6,Active
LOAN06811,CUST06070,BR026,Business Loan,2021-05-11,1917157.84,12.35,24,1184128.81,Defaulted
LOAN06812,CUST05060,BR026,Business Loan,2022-05-02,1383435.09,13.75,48,70760.69,Active
LOAN06813,CUST06846,BR036,Personal Loan,2025-04-25,775198.45,14.81,12,292462.62,Closed
LOAN06814,CUST05822,BR007,Personal Loan,2022-12-11,430229.71,12.46,84,207337.27,Active
LOAN06815,CUST06532,BR056,Education Loan,2022-04-26,1141437.15,9.33,120,1114269.87,Active
LOAN06816,CUST00977,BR005,Business Loan,2023-11-21,3225915.33,7.49,48,1652741.58,Closed
LOAN06817,CUST05886,BR017,Business Loan,2021-05-09,1188544.12,14.0,120,463702.63,Active
LOAN06818,CUST00719,BR039,Home Loan,2024-12-02,1094971.35,7.86,120,492968.14,Active
LOAN06819,CUST02061,BR017,Auto Loan,2020-01-31,1899176.71,15.31,180,1140833.04,Active
LOAN06820,CUST00575,BR013,Home Loan,2023-03-09,1668818.78,15.49,36,490539.84,Defaulted
LOAN06821,CUST01962,BR027,Auto Loan,2025-04-30,1209451.13,11.29,60,365645.35,Defaulted
LOAN06822,CUST03331,BR041,Auto Loan,2020-10-09,1941379.85,13.97,12,761964.94,Pending
LOAN06823,CUST06916,BR011,Business Loan,2024-02-23,2277126.28,13.59,36,463866.2,Closed
LOAN06824,CUST01392,BR042,Auto Loan,2020-07-29,294892.11,9.11,240,142135.68,Active
LOAN06825,CUST07965,BR060,Home Loan,2023-10-17,4231149.09,11.41,48,2025615.31,Defaulted
LOAN06826,CUST07877,BR019,Personal Loan,2023-04-26,785489.55,11.81,24,732148.34,Pending
LOAN06827,CUST06885,BR038,Education Loan,2024-09-01,1459058.66,10.9,120,897690.2,Pending
LOAN06828,CUST01371,BR041,Education Loan,2025-03-09,785753.82,15.47,36,153876.58,Defaulted
LOAN06829,CUST04006,BR038,Home Loan,2020-04-24,1348889.0,14.14,12,95885.8,Active
LOAN06830,CUST00213,BR007,Business Loan,2022-03-30,2246517.41,12.66,48,1880975.5,Defaulted
LOAN06831,CUST06204,BR051,Home Loan,2022-05-23,6524283.66,13.24,60,773169.67,Pending
LOAN06832,CUST02121,BR040,Auto Loan,2021-09-19,1970130.09,15.45,120,490540.88,Defaulted
LOAN06833,CUST04882,BR019,Business Loan,2023-06-01,3390870.45,8.35,24,216374.21,Pending
LOAN06834,CUST07899,BR020,Personal Loan,2025-04-17,701871.54,12.87,240,218161.65,Defaulted
LOAN06835,CUST02281,BR004,Business Loan,2025-12-11,4833044.71,15.09,240,4144119.42,Pending
LOAN06836,CUST06614,BR058,Auto Loan,2025-10-23,348868.01,8.54,120,218008.28,Pending
LOAN06837,CUST04790,BR001,Education Loan,2023-06-14,537812.57,9.83,240,53382.63,Defaulted
LOAN06838,CUST05213,BR003,Personal Loan,2023-02-24,371287.76,9.5,60,318654.08,Defaulted
LOAN06839,CUST03253,BR044,Auto Loan,2025-07-14,524461.45,11.93,84,91116.74,Defaulted
LOAN06840,CUST04231,BR056,Business Loan,2023-09-01,460383.46,12.73,240,193074.53,Active
LOAN06841,CUST02421,BR006,Home Loan,2021-09-23,6579427.81,11.14,84,2995815.67,Pending
LOAN06842,CUST06928,BR023,Auto Loan,2021-11-20,635695.88,7.13,24,59217.71,Pending
LOAN06843,CUST07795,BR030,Education Loan,2024-08-22,131199.06,14.43,84,12210.75,Pending
LOAN06844,CUST03798,BR048,Auto Loan,2024-05-08,1645129.85,11.22,12,1129929.71,Closed
LOAN06845,CUST07791,BR044,Personal Loan,2024-11-23,271391.87,13.68,60,191044.8,Pending
LOAN06846,CUST07617,BR002,Education Loan,2020-05-10,553078.32,10.27,84,309266.29,Defaulted
LOAN06847,CUST05962,BR010,Auto Loan,2020-04-10,631927.9,11.07,84,318251.65,Pending
LOAN06848,CUST05218,BR043,Education Loan,2022-07-28,701458.07,13.29,120,436694.99,Closed
LOAN06849,CUST05708,BR051,Home Loan,2023-10-27,1980846.82,8.9,36,1963426.17,Active
LOAN06850,CUST00792,BR046,Home Loan,2020-02-13,5641433.37,15.48,12,2023992.51,Closed
LOAN06851,CUST02371,BR009,Auto Loan,2020-06-15,419524.93,11.15,60,106966.02,Pending
LOAN06852,CUST03601,BR002,Auto Loan,2020-12-07,290305.66,12.73,24,57341.72,Defaulted
LOAN06853,CUST00786,BR003,Education Loan,2025-06-27,187496.06,8.47,180,33643.05,Defaulted
LOAN06854,CUST05646,BR028,Business Loan,2023-10-10,4085553.0,8.53,240,2066991.1,Defaulted
LOAN06855,CUST01433,BR002,Personal Loan,2022-10-23,702569.83,7.56,12,304909.6,Pending
LOAN06856,CUST02391,BR016,Auto Loan,2022-12-14,525291.21,9.75,240,78329.38,Closed
LOAN06857,CUST02042,BR054,Home Loan,2022-04-26,5617359.44,11.83,84,4503955.56,Defaulted
LOAN06858,CUST07251,BR005,Personal Loan,2025-01-14,269249.43,11.93,12,180725.0,Defaulted
LOAN06859,CUST05824,BR060,Personal Loan,2023-12-15,602661.58,13.44,24,363752.37,Pending
LOAN06860,CUST06525,BR006,Business Loan,2023-03-04,2375026.53,7.34,240,1442428.28,Pending
LOAN06861,CUST06070,BR055,Auto Loan,2020-02-26,228405.81,13.96,120,108682.73,Closed
LOAN06862,CUST04033,BR045,Business Loan,2025-02-23,3570090.52,9.77,120,3191423.51,Defaulted
LOAN06863,CUST05133,BR043,Business Loan,2021-04-24,969150.26,10.74,12,934779.82,Closed
LOAN06864,CUST00153,BR015,Personal Loan,2025-02-10,718632.59,9.28,36,38186.28,Defaulted
LOAN06865,CUST07571,BR042,Auto Loan,2021-01-14,249295.2,13.95,180,25505.42,Active
LOAN06866,CUST01275,BR029,Auto Loan,2022-02-14,290616.16,12.61,60,28330.4,Pending
LOAN06867,CUST03671,BR012,Auto Loan,2020-08-04,289413.66,11.79,60,18930.91,Defaulted
LOAN06868,CUST02099,BR056,Personal Loan,2024-01-24,669497.17,13.12,240,177769.72,Active
LOAN06869,CUST05999,BR043,Business Loan,2025-09-30,1085700.01,14.42,36,1084332.97,Active
LOAN06870,CUST01506,BR015,Home Loan,2025-09-18,4732122.23,13.19,120,661433.45,Defaulted
LOAN06871,CUST07687,BR034,Education Loan,2021-07-05,835837.71,9.95,48,634378.5,Defaulted
LOAN06872,CUST02619,BR026,Business Loan,2024-04-12,2835170.47,15.45,60,1692034.84,Active
LOAN06873,CUST07819,BR016,Personal Loan,2023-01-24,445832.65,13.97,84,304273.03,Closed
LOAN06874,CUST01951,BR027,Home Loan,2024-07-31,3764261.0,9.3,180,1422223.87,Active
LOAN06875,CUST02943,BR023,Home Loan,2025-03-01,4201939.72,8.22,36,760640.06,Active
LOAN06876,CUST07640,BR017,Home Loan,2021-08-11,6448624.21,9.17,120,5986484.59,Active
LOAN06877,CUST02044,BR060,Business Loan,2022-09-09,1606592.41,13.93,120,1028183.1,Active
LOAN06878,CUST00603,BR012,Personal Loan,2025-12-28,560585.1,7.13,60,350792.19,Defaulted
LOAN06879,CUST03218,BR043,Education Loan,2021-12-14,1266910.14,8.02,36,986457.99,Closed
LOAN06880,CUST02003,BR046,Personal Loan,2025-09-03,60778.58,14.21,180,20750.93,Active
LOAN06881,CUST05160,BR055,Business Loan,2023-10-15,2923648.58,12.0,60,859727.36,Defaulted
LOAN06882,CUST05947,BR011,Auto Loan,2020-06-11,1138746.08,14.88,180,70457.03,Pending
LOAN06883,CUST03886,BR028,Education Loan,2024-10-21,1074221.34,12.44,84,177744.8,Defaulted
LOAN06884,CUST05448,BR050,Auto Loan,2023-06-04,1122707.64,8.58,48,121961.46,Pending
LOAN06885,CUST04036,BR042,Education Loan,2022-11-05,1041368.3,12.38,24,103905.1,Pending
LOAN06886,CUST00322,BR015,Home Loan,2022-01-26,2612719.07,9.79,60,192376.32,Defaulted
LOAN06887,CUST02527,BR002,Business Loan,2023-07-08,4819668.5,12.06,180,364091.67,Pending
LOAN06888,CUST03701,BR054,Personal Loan,2022-06-07,586042.16,7.01,240,53722.36,Active
LOAN06889,CUST02116,BR036,Auto Loan,2021-11-26,1747036.03,9.45,60,1279790.97,Defaulted
LOAN06890,CUST01168,BR018,Home Loan,2020-01-14,1100401.33,11.12,60,787353.76,Closed
LOAN06891,CUST06620,BR029,Education Loan,2022-09-21,485684.65,14.94,240,55550.84,Defaulted
LOAN06892,CUST05029,BR013,Home Loan,2025-08-27,5017195.31,9.92,36,1257634.76,Active
LOAN06893,CUST05543,BR032,Home Loan,2025-04-09,6771356.83,12.83,84,2974896.47,Pending
LOAN06894,CUST05181,BR048,Business Loan,2022-07-29,4690250.75,10.78,12,401702.64,Active
LOAN06895,CUST00206,BR011,Personal Loan,2023-04-13,352074.18,11.7,24,245072.74,Closed
LOAN06896,CUST07807,BR022,Auto Loan,2025-06-15,389577.41,7.87,240,224083.66,Defaulted
LOAN06897,CUST00792,BR025,Education Loan,2024-12-09,795028.24,12.17,240,755102.4,Defaulted
LOAN06898,CUST00833,BR056,Auto Loan,2021-07-15,1126311.54,7.98,120,430428.58,Active
LOAN06899,CUST05769,BR036,Personal Loan,2024-09-13,757061.75,14.66,12,304992.65,Pending
LOAN06900,CUST01606,BR043,Education Loan,2023-09-15,1404175.06,10.44,48,1086484.21,Active
LOAN06901,CUST03523,BR004,Home Loan,2021-02-11,1054530.88,9.75,48,237772.53,Closed
LOAN06902,CUST00250,BR004,Home Loan,2024-06-17,3445486.87,14.99,120,440382.06,Defaulted
LOAN06903,CUST04083,BR046,Education Loan,2023-03-03,905263.61,7.43,84,786362.59,Defaulted
LOAN06904,CUST02288,BR021,Business Loan,2022-04-08,2302181.17,14.57,36,532753.48,Pending
LOAN06905,CUST03097,BR018,Business Loan,2023-07-11,4267034.74,7.21,60,1582289.9,Defaulted
LOAN06906,CUST04940,BR023,Personal Loan,2022-08-05,755344.29,8.91,48,390980.35,Active
LOAN06907,CUST04035,BR013,Home Loan,2024-03-12,2040748.26,8.76,180,1102199.58,Closed
LOAN06908,CUST03474,BR002,Business Loan,2023-07-28,778327.65,15.32,240,237569.06,Pending
LOAN06909,CUST06779,BR037,Business Loan,2021-07-31,1048849.25,10.45,60,679529.42,Pending
LOAN06910,CUST04281,BR010,Home Loan,2021-11-16,3430705.68,14.28,84,3248297.9,Closed
LOAN06911,CUST02176,BR039,Education Loan,2025-09-12,436989.78,12.57,84,33719.99,Pending
LOAN06912,CUST01388,BR055,Home Loan,2022-08-27,2756597.38,11.41,84,805576.18,Active
LOAN06913,CUST07121,BR017,Business Loan,2023-09-18,2314163.06,12.46,48,2291436.65,Active
LOAN06914,CUST04569,BR027,Business Loan,2020-07-26,429034.43,12.6,240,354888.03,Pending
LOAN06915,CUST02498,BR008,Home Loan,2022-07-23,4965139.55,12.58,12,4322979.42,Defaulted
LOAN06916,CUST05486,BR045,Business Loan,2024-03-24,4705674.44,9.4,12,1233008.77,Defaulted
LOAN06917,CUST05257,BR010,Auto Loan,2024-02-16,1280482.97,10.83,120,1052162.25,Active
LOAN06918,CUST03654,BR058,Education Loan,2024-04-18,259757.83,9.0,84,92515.16,Defaulted
LOAN06919,CUST01179,BR050,Business Loan,2024-12-04,4544182.13,8.03,180,2427794.53,Active
LOAN06920,CUST03180,BR017,Personal Loan,2024-09-25,522894.93,8.51,84,337930.29,Defaulted
LOAN06921,CUST01011,BR029,Auto Loan,2022-08-14,200075.34,12.89,240,42714.03,Pending
LOAN06922,CUST03058,BR052,Personal Loan,2023-09-15,735239.54,9.42,120,692747.51,Closed
LOAN06923,CUST04228,BR017,Personal Loan,2021-10-08,596288.27,11.34,48,377622.81,Pending
LOAN06924,CUST05311,BR008,Education Loan,2022-07-05,1365713.59,12.56,36,568584.2,Defaulted
LOAN06925,CUST03517,BR029,Auto Loan,2025-03-16,856774.67,8.62,84,376857.09,Active
LOAN06926,CUST03236,BR033,Personal Loan,2023-11-30,255860.69,15.08,240,175565.5,Active
LOAN06927,CUST02709,BR036,Education Loan,2021-10-10,1382771.97,15.01,84,631392.37,Defaulted
LOAN06928,CUST05856,BR019,Education Loan,2025-11-20,649547.19,9.05,84,488595.77,Defaulted
LOAN06929,CUST02310,BR039,Home Loan,2022-02-04,1792102.74,9.65,12,100412.62,Active
LOAN06930,CUST07576,BR014,Home Loan,2023-03-09,6120640.22,14.67,60,754185.39,Pending
LOAN06931,CUST05491,BR045,Education Loan,2024-03-31,844886.65,8.35,48,588659.47,Active
LOAN06932,CUST00881,BR013,Auto Loan,2025-10-22,1123573.86,15.11,120,580090.56,Closed
LOAN06933,CUST05369,BR017,Auto Loan,2025-11-05,1595661.45,8.3,180,1202580.69,Active
LOAN06934,CUST03220,BR026,Auto Loan,2025-04-22,1097204.45,14.84,84,976798.76,Pending
LOAN06935,CUST03176,BR049,Home Loan,2025-08-28,6103795.71,10.2,180,1413452.77,Defaulted
LOAN06936,CUST07355,BR041,Home Loan,2023-05-23,1944635.87,11.76,48,1546705.6,Defaulted
LOAN06937,CUST00673,BR052,Personal Loan,2025-11-27,322521.66,15.36,84,234105.83,Closed
LOAN06938,CUST03708,BR055,Personal Loan,2022-09-29,176501.96,15.03,24,61213.3,Defaulted
LOAN06939,CUST00319,BR020,Home Loan,2020-10-30,3029863.13,13.61,36,1018677.24,Closed
LOAN06940,CUST05766,BR030,Auto Loan,2024-05-26,1428649.5,12.24,36,510336.19,Active
LOAN06941,CUST03434,BR042,Auto Loan,2020-05-04,792834.14,14.4,12,179350.07,Active
LOAN06942,CUST05873,BR052,Auto Loan,2023-02-25,444850.5,10.96,120,438834.62,Closed
LOAN06943,CUST04475,BR003,Auto Loan,2023-06-04,514097.52,12.48,48,481471.78,Active
LOAN06944,CUST01806,BR041,Education Loan,2020-06-03,1459458.78,12.85,24,1310647.46,Pending
LOAN06945,CUST02889,BR030,Home Loan,2020-10-07,3660428.12,9.96,36,1552204.41,Closed
LOAN06946,CUST02181,BR040,Education Loan,2021-10-18,1443916.09,14.43,120,1346711.07,Pending
LOAN06947,CUST05507,BR051,Personal Loan,2021-06-30,778152.96,13.01,48,483275.27,Closed
LOAN06948,CUST04017,BR048,Education Loan,2025-04-13,140243.38,15.16,60,56170.6,Closed
LOAN06949,CUST02604,BR060,Education Loan,2024-08-12,725608.23,10.59,84,404240.8,Closed
LOAN06950,CUST06087,BR051,Personal Loan,2023-03-08,275113.43,7.1,12,32581.74,Defaulted
LOAN06951,CUST06991,BR003,Auto Loan,2021-04-27,684403.77,8.75,120,642337.23,Closed
LOAN06952,CUST07540,BR016,Business Loan,2022-11-30,3859972.04,12.16,36,2630979.18,Closed
LOAN06953,CUST02864,BR007,Education Loan,2025-11-05,420023.04,13.19,36,26718.68,Defaulted
LOAN06954,CUST02508,BR056,Home Loan,2023-10-29,6836639.76,7.58,240,660719.76,Closed
LOAN06955,CUST03633,BR037,Home Loan,2022-09-30,936023.05,14.63,60,699919.93,Defaulted
LOAN06956,CUST00349,BR021,Home Loan,2020-06-22,4372475.15,8.08,24,2498143.23,Closed
LOAN06957,CUST05811,BR030,Auto Loan,2025-01-20,1756557.69,13.29,24,170793.03,Active
LOAN06958,CUST03978,BR011,Personal Loan,2022-08-30,261966.7,14.42,24,171182.82,Pending
LOAN06959,CUST01337,BR002,Personal Loan,2023-01-28,104070.99,14.79,84,36679.28,Active
LOAN06960,CUST01146,BR001,Personal Loan,2022-04-08,451371.53,13.88,120,159676.63,Active
LOAN06961,CUST06339,BR025,Business Loan,2025-02-22,2745786.04,12.33,60,2447998.61,Active
LOAN06962,CUST01483,BR042,Home Loan,2025-02-03,7151342.37,9.9,48,2620738.12,Pending
LOAN06963,CUST01477,BR042,Personal Loan,2020-02-28,626029.5,10.55,60,424224.55,Pending
LOAN06964,CUST00523,BR002,Education Loan,2021-04-22,1160102.81,14.32,120,197115.52,Closed
LOAN06965,CUST05278,BR019,Home Loan,2021-01-31,1824258.1,10.48,84,1746595.38,Closed
LOAN06966,CUST06222,BR010,Personal Loan,2025-03-05,115090.29,7.2,120,28202.18,Active
LOAN06967,CUST02268,BR052,Business Loan,2022-02-05,493705.68,8.81,24,333128.25,Pending
LOAN06968,CUST01139,BR019,Home Loan,2020-09-15,6994314.04,12.36,24,5443767.87,Active
LOAN06969,CUST02076,BR039,Home Loan,2025-06-22,5048637.08,8.2,180,3438507.1,Active
LOAN06970,CUST05734,BR013,Business Loan,2025-10-19,2653666.03,7.29,36,153554.41,Active
LOAN06971,CUST01788,BR018,Auto Loan,2023-12-03,1754386.42,7.06,240,306363.53,Defaulted
LOAN06972,CUST03803,BR037,Business Loan,2020-01-07,4748182.97,15.48,48,542931.02,Pending
LOAN06973,CUST07238,BR032,Education Loan,2020-09-14,175939.8,13.93,84,124829.62,Active
LOAN06974,CUST04804,BR018,Home Loan,2021-03-18,4236508.45,14.73,240,360001.75,Closed
LOAN06975,CUST07726,BR040,Auto Loan,2023-11-13,1136908.96,11.39,60,136683.09,Defaulted
LOAN06976,CUST00269,BR050,Auto Loan,2022-03-10,1650038.42,7.32,12,565260.97,Pending
LOAN06977,CUST02628,BR056,Education Loan,2022-11-26,901062.37,14.1,120,177274.48,Active
LOAN06978,CUST07892,BR019,Business Loan,2023-01-24,2491888.93,14.12,240,860849.66,Active
LOAN06979,CUST01299,BR012,Personal Loan,2023-11-01,467069.8,13.48,180,234698.48,Closed
LOAN06980,CUST07938,BR015,Home Loan,2025-01-11,5043260.51,12.19,84,3660555.67,Active
LOAN06981,CUST05604,BR057,Personal Loan,2025-05-02,76508.96,13.45,240,68259.29,Active
LOAN06982,CUST01182,BR054,Home Loan,2025-07-27,1490326.97,10.76,24,1422836.84,Pending
LOAN06983,CUST05845,BR007,Home Loan,2024-03-30,6905271.15,7.34,120,1754257.38,Pending
LOAN06984,CUST07480,BR032,Education Loan,2021-07-31,683817.32,14.56,180,407534.18,Defaulted
LOAN06985,CUST01709,BR056,Business Loan,2021-11-04,4695974.41,11.51,24,1586893.49,Active
LOAN06986,CUST07606,BR024,Home Loan,2021-06-29,3554618.7,14.96,84,960284.25,Defaulted
LOAN06987,CUST07924,BR032,Personal Loan,2025-01-12,506163.71,10.82,36,457561.71,Defaulted
LOAN06988,CUST04982,BR014,Auto Loan,2023-10-26,1216914.48,10.68,240,1088161.57,Closed
LOAN06989,CUST03955,BR014,Personal Loan,2021-12-19,367542.55,10.35,120,67542.79,Defaulted
LOAN06990,CUST04333,BR051,Home Loan,2020-05-28,3149952.47,9.74,180,1741130.39,Pending
LOAN06991,CUST02096,BR004,Home Loan,2023-08-25,3326364.05,11.43,180,2296603.79,Active
LOAN06992,CUST06049,BR006,Auto Loan,2021-11-16,1627825.99,15.41,24,1538904.88,Active
LOAN06993,CUST01423,BR057,Home Loan,2023-03-15,2096072.76,12.88,24,1859410.77,Active
LOAN06994,CUST03160,BR028,Auto Loan,2023-12-20,981991.26,7.19,12,921292.88,Defaulted
LOAN06995,CUST04930,BR051,Education Loan,2025-12-24,934803.01,9.57,36,757796.41,Defaulted
LOAN06996,CUST01754,BR002,Home Loan,2024-11-28,2043862.84,7.56,180,808420.39,Closed
LOAN06997,CUST01781,BR057,Business Loan,2022-08-17,782071.04,9.15,60,703069.01,Pending
LOAN06998,CUST00882,BR035,Auto Loan,2022-05-21,857697.3,12.79,180,310460.08,Active
LOAN06999,CUST04556,BR043,Business Loan,2022-12-04,3769645.22,7.92,24,2500398.87,Active
LOAN07000,CUST07925,BR002,Education Loan,2024-01-23,1033349.76,14.31,12,130891.31,Defaulted
